{"0": {"y:0": 0.01208540396240767, "y:1": 0.17334808146135822, "y:2": 0.3875527180940722, "y:3": 0.38806000557143866, "y:4": 0.3607025922952787, "y:5": 0.0427449559351836, "y:6": 0.0017918000957033197}}