{"0": {"y:0": 38.50695890190128, "y:1": 3.2229828221230736, "y:2": 2.176008285086068, "y:3": 1.8453971457879024, "y:4": 1.528018584818149, "y:5": 1.5010820328211376, "y:6": 1.4462263889398217, "y:7": 1.4081169408532155, "y:8": 1.3719861876355437, "y:9": 1.3545416658628144}, "1": {"y:0": 37.189304167889794, "y:1": 3.0669307576581897, "y:2": 2.141926129135949, "y:3": 1.8236170674020828, "y:4": 1.5193158917435454, "y:5": 1.4752046872768394, "y:6": 1.4217973690845673, "y:7": 1.384569830819518, "y:8": 1.3614332291710531, "y:9": 1.3133446983530928}, "2": {"y:0": 36.471631670650865, "y:1": 4.504876394200838, "y:2": 3.0447433376865374, "y:3": 2.597708820440218, "y:4": 2.1770380249627888, "y:5": 2.124667085831053, "y:6": 2.0665214779651526, "y:7": 2.0128191032960525, "y:8": 1.9899308348823674, "y:9": 1.8964089955510166}, "3": {"y:0": 37.25097059067574, "y:1": 4.642098258215975, "y:2": 3.4859083801546245, "y:3": 3.1561224471440266, "y:4": 2.7860072173964774, "y:5": 2.735844684573425, "y:6": 2.679481042713984, "y:7": 2.575534920994117, "y:8": 2.542638695948708, "y:9": 2.476777426356356}, "4": {"y:0": 36.630089154139206, "y:1": 4.958994065499084, "y:2": 5.072177858316313, "y:3": 5.151925560785952, "y:4": 4.5756840998613475, "y:5": 4.518593538971511, "y:6": 4.3781414470004325, "y:7": 4.17982545302053, "y:8": 4.035184908919411, "y:9": 3.774688166927872}, "5": {"y:0": 36.11610840055495, "y:1": 5.596473082310591, "y:2": 5.498468669753393, "y:3": 6.006623919887471, "y:4": 5.814381286811381, "y:5": 5.920423326832289, "y:6": 5.78948377669226, "y:7": 5.513651369719308, "y:8": 5.155374918598442, "y:9": 4.805265249843153}, "6": {"y:0": 35.39092738693682, "y:1": 7.611294558796944, "y:2": 6.693111081431288, "y:3": 7.288916301430931, "y:4": 7.09401812069154, "y:5": 7.538892025533224, "y:6": 7.229823339161672, "y:7": 6.814676510407325, "y:8": 6.45502608666864, "y:9": 5.92622284847458}, "7": {"y:0": 36.37178364463608, "y:1": 10.196164847496462, "y:2": 8.577632876552569, "y:3": 9.680377966269914, "y:4": 8.915642004312021, "y:5": 10.290899637482129, "y:6": 10.10054943985283, "y:7": 9.362001594524783, "y:8": 8.642679860526794, "y:9": 7.867410553296638}, "8": {"y:0": 37.66696470580538, "y:1": 13.192677280115923, "y:2": 11.72656072131608, "y:3": 13.309118268843521, "y:4": 13.09288705081807, "y:5": 16.84641843503855, "y:6": 16.23417400884109, "y:7": 15.33495121681435, "y:8": 13.516032073079117, "y:9": 12.027373883496326}, "9": {"y:0": 37.25018363542332, "y:1": 17.613672267585724, "y:2": 15.630248062417113, "y:3": 17.522251744671753, "y:4": 16.349408843070535, "y:5": 21.764534587471477, "y:6": 21.296107066598317, "y:7": 19.02003650874267, "y:8": 17.229980683666593, "y:9": 15.349454192075031}, "10": {"y:0": 36.80510179197021, "y:1": 20.73824959477968, "y:2": 18.67113269131834, "y:3": 19.731192032937795, "y:4": 18.461366767590295, "y:5": 25.16709551980699, "y:6": 24.36143688349049, "y:7": 22.678873901169023, "y:8": 21.091608824513287, "y:9": 18.16247027098385}, "11": {"y:0": 36.32677487241682, "y:1": 23.89384164267832, "y:2": 21.34364091725714, "y:3": 21.667390240170388, "y:4": 20.177711123060938, "y:5": 28.545664173765378, "y:6": 27.501894265985253, "y:7": 25.403045865793455, "y:8": 23.705380840804025, "y:9": 21.100493169408043}, "12": {"y:0": 36.40120862183772, "y:1": 25.50522069642712, "y:2": 24.519344138291327, "y:3": 23.232397229889752, "y:4": 21.33545374999646, "y:5": 29.935252463154285, "y:6": 29.25722111662724, "y:7": 29.12655689601059, "y:8": 26.933064807045774, "y:9": 23.49599048134143}, "13": {"y:0": 36.38159835222974, "y:1": 26.3357713278229, "y:2": 25.301425331201923, "y:3": 22.751328685546753, "y:4": 21.98866231471944, "y:5": 30.371204735519605, "y:6": 29.143960186387552, "y:7": 29.771671381458567, "y:8": 28.83259986737515, "y:9": 24.583508575327116}, "14": {"y:0": 35.99351605621677, "y:1": 28.254063833524516, "y:2": 26.909477931635838, "y:3": 24.35711480038855, "y:4": 22.214419027220533, "y:5": 32.02161380874838, "y:6": 29.420662501001086, "y:7": 30.43037285502281, "y:8": 27.96559748940058, "y:9": 24.82524475899726}, "15": {"y:0": 36.68078047285339, "y:1": 28.41257394455943, "y:2": 27.643927195217334, "y:3": 24.679178520613092, "y:4": 22.59438577865101, "y:5": 32.330897597926295, "y:6": 29.636244026592774, "y:7": 30.659120115328605, "y:8": 28.88933179651633, "y:9": 25.810714313802006}, "16": {"y:0": 36.33654306440307, "y:1": 28.616134385302995, "y:2": 28.167614264748988, "y:3": 24.91276430726922, "y:4": 22.743985936023094, "y:5": 33.1363800995029, "y:6": 30.69920419058064, "y:7": 31.24639323482986, "y:8": 29.24183220573271, "y:9": 25.617351639890448}}