{"0": {"y:0": 0.11557387628139269, "y:1": 0.02375896189025847, "y:2": 0.1364930753024354, "y:3": 0.01769559238673334, "y:4": 0.13650733092056222, "y:5": 0.01509350969837168, "y:6": 0.13977856821430518, "y:7": 0.016047604793825578, "y:8": 0.15240436089027173, "y:9": 0.01925809508367833, "y:10": 0.14962653971548293, "y:11": 0.023503950248835084, "y:12": 0.15633735002879062, "y:13": 0.027352070530326702, "y:14": 0.13503893163493255, "y:15": 0.02545404844294025, "y:16": 0.12923534488626617, "y:17": 0.03493085634751647, "y:18": 0.11916232010766672, "y:19": 0.036119411322691405, "y:20": 0.16570593987198842, "y:21": 0.03937288758229726, "y:22": 0.15047843599207483, "y:23": 0.0403817725206457, "y:24": 0.14182973432892645, "y:25": 0.043462420305376795, "y:26": 0.16408351889093692, "y:27": 0.05124994246055, "y:28": 0.15413053540884147, "y:29": 0.04196980468720215, "y:30": 0.14917112738128085, "y:31": 0.05581281466248877}}