{"0": {"y:0": 0.10575910693741422, "y:1": 0.02361658700216849, "y:2": 0.12560006027185325, "y:3": 0.016718639435044823, "y:4": 0.13102184627907484, "y:5": 0.015435351018886687, "y:6": 0.13246898818008865, "y:7": 0.015893010763349147, "y:8": 0.16200985614821362, "y:9": 0.016980907184668406, "y:10": 0.12918287751735327, "y:11": 0.01762677454872127, "y:12": 0.15376850839534092, "y:13": 0.020434564269400327, "y:14": 0.12304930662920498, "y:15": 0.02718554268469246, "y:16": 0.12411237628660968, "y:17": 0.03302523584741332, "y:18": 0.12550792467703556, "y:19": 0.03524492366431951, "y:20": 0.13212593671348435, "y:21": 0.034862663026393265, "y:22": 0.13479274240288472, "y:23": 0.0398466815264107, "y:24": 0.13140562998902458, "y:25": 0.0355230394168886, "y:26": 0.13117759061840342, "y:27": 0.03941373186508338, "y:28": 0.12973363727320356, "y:29": 0.04353062412950306, "y:30": 0.13081497636577863, "y:31": 0.0530604151937594}}