{"0": {"y:0": 0.005248716013417223, "y:1": 0.008884770258920425, "y:2": 0.00619191426687438, "y:3": 0.00339361466199673, "y:4": 0.011562440503044507, "y:5": 0.0035407970084248073, "y:6": 0.012397755923304018, "y:7": 0.003529573631531527, "y:8": 0.007971068509745056, "y:9": 0.005798321767821431, "y:10": 0.005316662512999088, "y:11": 0.004027191948527859, "y:12": 0.010202417054011476, "y:13": 0.004077309405219646, "y:14": 0.013699908252077751, "y:15": 0.006317099369817832, "y:16": 0.008180808762607527, "y:17": 0.006532027696911949, "y:18": 0.004889239467546915, "y:19": 0.003323200295973565, "y:20": 0.010452864226189339, "y:21": 0.003602768570473482, "y:22": 0.013787631031743445, "y:23": 0.007721336402102211, "y:24": 0.005992749133166982, "y:25": 0.006551820509752233, "y:26": 0.007702256912298261, "y:27": 0.003422353236624724, "y:28": 0.009903431440993734, "y:29": 0.004386343773244856, "y:30": 0.008687824403225642, "y:31": 0.006159877558315117}, "1": {"y:0": 0.00524218471230832, "y:1": 0.0095068211795071, "y:2": 0.0061593458509139306, "y:3": 0.0034600446150871217, "y:4": 0.012034177299464597, "y:5": 0.0037013273017441305, "y:6": 0.012417658484403333, "y:7": 0.0032709727141560876, "y:8": 0.007960184754511034, "y:9": 0.0062892234511088725, "y:10": 0.005285478051321077, "y:11": 0.0037579195845797624, "y:12": 0.010350279364014102, "y:13": 0.00404408968574923, "y:14": 0.013548440467746909, "y:15": 0.0061222973792388665, "y:16": 0.008115548792493415, "y:17": 0.0064038471786342305, "y:18": 0.0049003124546785, "y:19": 0.0032231646683705175, "y:20": 0.010332672253012012, "y:21": 0.003636894477263395, "y:22": 0.014079706657101744, "y:23": 0.007756565666979648, "y:24": 0.00590935311704699, "y:25": 0.006726904477952517, "y:26": 0.00782625313985017, "y:27": 0.0034037863398327615, "y:28": 0.009894304754213431, "y:29": 0.0043796266728626755, "y:30": 0.008757961685247869, "y:31": 0.005929852316960063}, "2": {"y:0": 0.005290814562097778, "y:1": 0.011458623066031666, "y:2": 0.006151495782909916, "y:3": 0.004950904001091246, "y:4": 0.01198500364890813, "y:5": 0.006101348901503652, "y:6": 0.012452591838180597, "y:7": 0.003176554702380177, "y:8": 0.008078017806413252, "y:9": 0.021552343268629745, "y:10": 0.005302411177331853, "y:11": 0.003263426963349297, "y:12": 0.010193313310072512, "y:13": 0.006846805328600093, "y:14": 0.013675554007177333, "y:15": 0.015404741018720181, "y:16": 0.008099958169049678, "y:17": 0.014965962129806297, "y:18": 0.004905076017152266, "y:19": 0.0026256254065462957, "y:20": 0.01036537148287128, "y:21": 0.004856138693098564, "y:22": 0.013947673381823145, "y:23": 0.01387664961155808, "y:24": 0.005891500524325082, "y:25": 0.010888639016875448, "y:26": 0.007734973206166416, "y:27": 0.004073855067029445, "y:28": 0.010046787555296718, "y:29": 0.005638376017309187, "y:30": 0.00871556925067671, "y:31": 0.00806560772419529}, "3": {"y:0": 0.00526614432705379, "y:1": 0.011222620847839803, "y:2": 0.006183288969986059, "y:3": 0.005272706082798253, "y:4": 0.012156675391074064, "y:5": 0.006728547329922492, "y:6": 0.012633337238727366, "y:7": 0.003169636790535215, "y:8": 0.008066522903053267, "y:9": 0.03912063813672477, "y:10": 0.005367874311540438, "y:11": 0.0032255295340284265, "y:12": 0.010246257491546428, "y:13": 0.009063922395520547, "y:14": 0.013497722606147528, "y:15": 0.03317114378483701, "y:16": 0.008094099931909612, "y:17": 0.032357469749520994, "y:18": 0.00494156233119862, "y:19": 0.002579600702592259, "y:20": 0.01019539605598559, "y:21": 0.006302980805890401, "y:22": 0.014143408940990232, "y:23": 0.024613257161129214, "y:24": 0.005925125676462319, "y:25": 0.024080638549728955, "y:26": 0.007838956036865378, "y:27": 0.005315489295657605, "y:28": 0.009965958745767077, "y:29": 0.00779962264287443, "y:30": 0.008662605042442553, "y:31": 0.015213260095170548}, "4": {"y:0": 0.005234795797315024, "y:1": 0.011175908958665135, "y:2": 0.006150103570863023, "y:3": 0.005419241269564972, "y:4": 0.011842702379341248, "y:5": 0.0071134272668361784, "y:6": 0.012831877075973086, "y:7": 0.003138942545065195, "y:8": 0.0079760175025999, "y:9": 0.06797900972411206, "y:10": 0.005372786057464212, "y:11": 0.0032145143087133395, "y:12": 0.010291245339983653, "y:13": 0.010321038700636135, "y:14": 0.013370162519847628, "y:15": 0.057291035333676146, "y:16": 0.008109634923973964, "y:17": 0.053399870304858356, "y:18": 0.004921586375767517, "y:19": 0.0025762916866045624, "y:20": 0.01018411634189585, "y:21": 0.007087194470422991, "y:22": 0.014218549728739724, "y:23": 0.03639503386289418, "y:24": 0.0059189861885728095, "y:25": 0.043360936102537606, "y:26": 0.007743513727209919, "y:27": 0.006072915132647732, "y:28": 0.009994056246057799, "y:29": 0.009878006528307287, "y:30": 0.008569242079854081, "y:31": 0.025043860661116378}, "5": {"y:0": 0.005242244314469677, "y:1": 0.011124230297079122, "y:2": 0.006126458120732853, "y:3": 0.005486409255495364, "y:4": 0.01189900437594722, "y:5": 0.007167481773305736, "y:6": 0.012722846205095124, "y:7": 0.0031370104938553104, "y:8": 0.008007242950984135, "y:9": 0.06684534676953852, "y:10": 0.005366053059763312, "y:11": 0.0031995070606157276, "y:12": 0.010226583577226979, "y:13": 0.010450219204885003, "y:14": 0.01364068620447186, "y:15": 0.06240394739552945, "y:16": 0.008152760016434264, "y:17": 0.05788347443119733, "y:18": 0.004944078434546232, "y:19": 0.0025614997364784282, "y:20": 0.01024480530569038, "y:21": 0.007267492741489675, "y:22": 0.014120963437531723, "y:23": 0.03619883363449638, "y:24": 0.005938549883472314, "y:25": 0.05380750510481838, "y:26": 0.007771017288683665, "y:27": 0.006231375084014321, "y:28": 0.009928172148102363, "y:29": 0.010297829484123344, "y:30": 0.008643711040483063, "y:31": 0.028467245827349}, "6": {"y:0": 0.005230493757732013, "y:1": 0.011236652420912168, "y:2": 0.006131030787735508, "y:3": 0.005460115709936166, "y:4": 0.01191174412373339, "y:5": 0.007217277417509032, "y:6": 0.012838987728364917, "y:7": 0.003130164100716822, "y:8": 0.008021668984058112, "y:9": 0.06821320366399959, "y:10": 0.0053622885735101836, "y:11": 0.0032014768625330896, "y:12": 0.010218075534877023, "y:13": 0.010401717122087307, "y:14": 0.013541870934938773, "y:15": 0.06308091607947212, "y:16": 0.008121014548855488, "y:17": 0.06059241608052085, "y:18": 0.004944090546486498, "y:19": 0.0025641312462421607, "y:20": 0.010214777430859136, "y:21": 0.00725560834503229, "y:22": 0.014061491020613359, "y:23": 0.036826410998479296, "y:24": 0.005929165532963537, "y:25": 0.051600995996799674, "y:26": 0.007773306687776154, "y:27": 0.0061955194274555675, "y:28": 0.009981504736066349, "y:29": 0.010259435704461096, "y:30": 0.008674231969027408, "y:31": 0.02799472362719759}, "7": {"y:0": 0.0052396567643522435, "y:1": 0.011235557224820244, "y:2": 0.006126315032331171, "y:3": 0.005465330718826703, "y:4": 0.011872011566393397, "y:5": 0.007206076148653669, "y:6": 0.012811899367372932, "y:7": 0.0031228525686611873, "y:8": 0.007988446386646952, "y:9": 0.06675965871867813, "y:10": 0.005373116302958637, "y:11": 0.0031948814851740026, "y:12": 0.01022442767101602, "y:13": 0.010554580879712379, "y:14": 0.013581727663849094, "y:15": 0.06355765529531829, "y:16": 0.00809178137411965, "y:17": 0.05917027740688803, "y:18": 0.004947448502009437, "y:19": 0.0025565798662649493, "y:20": 0.010251836791319429, "y:21": 0.007362534351365381, "y:22": 0.014073075679465688, "y:23": 0.035818719609427445, "y:24": 0.005954518058817473, "y:25": 0.057681619276212494, "y:26": 0.007782305563546047, "y:27": 0.006285716439690387, "y:28": 0.009929164404639777, "y:29": 0.010530657026484746, "y:30": 0.008670611582401285, "y:31": 0.03131651809756148}, "8": {"y:0": 0.00524817171405107, "y:1": 0.011221501139759008, "y:2": 0.006133816175877028, "y:3": 0.005459523741947142, "y:4": 0.011853423191420706, "y:5": 0.007228905895644977, "y:6": 0.01272329109587451, "y:7": 0.003122016031739602, "y:8": 0.007984144271414969, "y:9": 0.06375270582455814, "y:10": 0.005364115066955247, "y:11": 0.0031904905795464055,