{"0": {"y:0": 0.1486314958616934, "y:1": 0.02790315142476172, "y:2": 0.140839240848783, "y:3": 0.020384044573807, "y:4": 0.13420512232561482, "y:5": 0.01658436353880377, "y:6": 0.13625268920961173, "y:7": 0.015160491742521789, "y:8": 0.14887245651045797, "y:9": 0.015364309862262868, "y:10": 0.13813359589346125, "y:11": 0.016274415084657715, "y:12": 0.14901923307006318, "y:13": 0.018877395377911457, "y:14": 0.1492036408520411, "y:15": 0.019907472951192468, "y:16": 0.13850853082437695, "y:17": 0.024516028762961474, "y:18": 0.13857653423079833, "y:19": 0.023765143633849732, "y:20": 0.143090932931772, "y:21": 0.02834066791932964, "y:22": 0.14741458939290392, "y:23": 0.02821892009468127, "y:24": 0.1379718852876351, "y:25": 0.03103055831565036, "y:26": 0.12842672189315474, "y:27": 0.03186200850150217, "y:28": 0.13528409954741377, "y:29": 0.03630306072237035, "y:30": 0.16673933059269885, "y:31": 0.04063642165043365}, "1": {"y:0": 0.12709171696798047, "y:1": 0.03439684775925422, "y:2": 0.12785562633577244, "y:3": 0.024234597894342375, "y:4": 0.15380796205050562, "y:5": 0.019949739339035367, "y:6": 0.12058039313748309, "y:7": 0.0172354566448304, "y:8": 0.14331930733286743, "y:9": 0.015897479730201475, "y:10": 0.13183124075576166, "y:11": 0.015197744775510714, "y:12": 0.14354090209128786, "y:13": 0.01583469732922923, "y:14": 0.134017982460495, "y:15": 0.01781557759930267, "y:16": 0.13654736703790823, "y:17": 0.0194060981623419, "y:18": 0.15069184524995677, "y:19": 0.021044079571056473, "y:20": 0.13227915617872196, "y:21": 0.02179177072073309, "y:22": 0.12533090757310036, "y:23": 0.024297477745471006, "y:24": 0.13872339139501144, "y:25": 0.029551225158426613, "y:26": 0.15076147201129816, "y:27": 0.02997065796485478, "y:28": 0.15192846541707344, "y:29": 0.033279306918842975, "y:30": 0.14586990255924315, "y:31": 0.03665943374533137}, "2": {"y:0": 0.13265925903957754, "y:1": 0.08278621222551864, "y:2": 0.13575906900515583, "y:3": 0.07489592555667739, "y:4": 0.12035606579561592, "y:5": 0.06493157947699207, "y:6": 0.1255118730006891, "y:7": 0.05238291575618052, "y:8": 0.130731659071081, "y:9": 0.049963795073770946, "y:10": 0.13121724679734142, "y:11": 0.0436044076512045, "y:12": 0.1290178363089373, "y:13": 0.0406031140849251, "y:14": 0.13146156708585777, "y:15": 0.0400990348019372, "y:16": 0.14353483684976276, "y:17": 0.037546924966157066, "y:18": 0.15042819457858564, "y:19": 0.03431197307957346, "y:20": 0.14733003916314283, "y:21": 0.03389671917023077, "y:22": 0.13581629709047957, "y:23": 0.031641582131315335, "y:24": 0.13512794871000314, "y:25": 0.030105508322245775, "y:26": 0.13917070042241753, "y:27": 0.027935678296280214, "y:28": 0.14652468522460865, "y:29": 0.028261084084377722, "y:30": 0.15514647719357483, "y:31": 0.02569432881953214}, "3": {"y:0": 0.10978899566244642, "y:1": 0.07246164778739567, "y:2": 0.12491414974915856, "y:3": 0.06738915666498775, "y:4": 0.12583965650663267, "y:5": 0.056855862084763106, "y:6": 0.13235730976483845, "y:7": 0.05166149337163584, "y:8": 0.1296926995430541, "y:9": 0.04701599971388239, "y:10": 0.1325646462391316, "y:11": 0.04413368797327145, "y:12": 0.12304058118972147, "y:13": 0.04303048225965305, "y:14": 0.12094240360235228, "y:15": 0.03894383241576093, "y:16": 0.121114854047114, "y:17": 0.03507282362702434, "y:18": 0.12228763336613731, "y:19": 0.03468468032468313, "y:20": 0.13582836167646353, "y:21": 0.030889319829976825, "y:22": 0.13383814404280822, "y:23": 0.028913614926189362, "y:24": 0.12111197581140694, "y:25": 0.030058971876558607, "y:26": 0.1239038245655419, "y:27": 0.025857250676834413, "y:28": 0.12743898768583825, "y:29": 0.0249435070657154, "y:30": 0.1279304562065499, "y:31": 0.024386740297544316}, "4": {"y:0": 0.09507435618631045, "y:1": 0.07073696571905534, "y:2": 0.11515087431656627, "y:3": 0.06478771302930773, "y:4": 0.12208389078032825, "y:5": 0.05676431731921731, "y:6": 0.1256823762848109, "y:7": 0.05359157446152511, "y:8": 0.12386990368797896, "y:9": 0.04568284881105803, "y:10": 0.12932788904743378, "y:11": 0.04535427549472066, "y:12": 0.1215133889682806, "y:13": 0.04083595959888277, "y:14": 0.12457051572812705, "y:15": 0.03832695133944745, "y:16": 0.12185770581030869, "y:17": 0.03640481318893566, "y:18": 0.12267185394702378, "y:19": 0.034911127040664874, "y:20": 0.11921674541008034, "y:21": 0.03328020228635325, "y:22": 0.12696584635754832, "y:23": 0.031487918041779736, "y:24": 0.12571662315337495, "y:25": 0.03078771938091859, "y:26": 0.1274740035812904, "y:27": 0.028317652429974926, "y:28": 0.1209331028868481, "y:29": 0.028017934929358144, "y:30": 0.12504472191018642, "y:31": 0.026549308326969764}, "5": {"y:0": 0.06874266096312293, "y:1": 0.0350489589673876, "y:2": 0.09110765129309947, "y:3": 0.028872223802720257, "y:4": 0.10021527323846198, "y:5": 0.0242997890363041, "y:6": 0.10220973465712714, "y:7": 0.021855571825213773, "y:8": 0.09915579259131128, "y:9": 0.020584958423131784, "y:10": 0.10310961506362601, "y:11": 0.019844144703999665, "y:12": 0.09897458418466717, "y:13": 0.018234947716169073, "y:14": 0.1015670755685794, "y:15": 0.017796037536489964, "y:16": 0.10266972494159408, "y:17": 0.017249207206884488, "y:18": 0.10270873062723364, "y:19": 0.01721676711048855, "y:20": 0.09676051064761167, "y:21": 0.01692970302637484, "y:22": 0.09541754224405898, "y:23": 0.01678203255970161, "y:24": 0.10136078740906006, "y:25": 0.01624997395409325, "y:26": 0.09180613685468804, "y:27": 0.015829623010213636, "y:28": 0.09599275609753374, "y:29": 0.015726355094378534, "y:30": 0.09102027318541189, "y:31": 0.015563060654469761}, "6": {"y:0": 0.05471750055069921, "y:1": 0.016048508159894292, "y:2": 0.058380603698526316, "y:3": 0.01377422377457178, "y:4": 0.06365641741179301, "y:5": 0.015354806436774683, "y:6": 0.06335461575102525, "y:7": 0.01782676904134995, "y:8": 0.06583157148028804, "y:9": 0.01915681977055087, "y:10": 0.06077343177262884, "y:11": 0.02285367379407019, "y:12": 0.06439385964214589, "y:13": 0.02727882944090469, "y:14": 0.06473300386634984, "y:15": 0.03131503805374224, "y:16": 0.06404004840447321, "y:17": 0.03359620501283354, "y:18": 0.062357923504435635, "y:19": 0.034348263433135705, "y:20": 0.05948226048834892, "y:21": 0.03708008902119423, "y:22": 0.058250510122825616, "y:23": 0.04127203215073445, "y:24": 0.0642824601179098, "y:25": 0.041740276578325, "y:26": 0.05880828358942993, "y:27": 0.042976366647892755, "y:28": 0.05646738994959935, "y:29": 0.04629242351299051, "y:30": 0.05506582658717303, "y:31": 0.04710912163656306}, "7": {"y:0": 0.06816198877706843, "y:1": 0.035164764169442385, "y:2": 0.06148728133790915, "y:3": 0.04485457163120468, "y:4": 0.05786358988387753, "y:5": 0.053122178724085874, "y:6": 0.05115691349423437, "y:7": 0.05935494903308038, "y:8": 0.0458240316185218, "y:9": 0.05581869578155568, "y:10": 0.03907760687695617, "y:11": 0.060705860749519704, "y:12": 0.035502647342748085, "y:13": 0.06364749842499737, "y:14": 0.03533833125050081, "y:15": 0.06642414426185911, "y:16": 0.03151115784210283, "y:17": 0.07280679863124524, "y:18": 0.02779923810997462, "y:19": 0.07612459947403516, "y:20": 0.026608674486034267, "y:21": 0.07693927064036511, "y:22": 0.02339578113410944, "y:23": 0.07710984695844297, "y:24": 0.022436681979952886, "y:25": 0.07335329416153634, "y:26": 0.02038730809108133, "y:27": 0.08179744431961057, "y:28": 0.018850469057415033, "y:29": 0.08325317651956636, "y:30": 0.01784680327328731, "y:31": 0.08295588095042475}, "8": {"y:0": 0.0493430353518423, "y:1": 0.022151183465787573, "y:2": 0.03953086971296772, "y:3": 0.01571091409051116, "y:4": 0.03886360154827455, "y:5": 0.015489469654023013, "y:6": 0.03585975940691694, "y:7": 0.01565213354590597, "y:8": 0.03349853521324033, "y:9": 0.017148656733184296, "y:10": 0.029995858993022557, "y:11": 0.01739369128169555, "y:12": 0.027954319002188595, "y:13": 0.016961872246312026, "y:14": 0.026243373517407874, "y:15": 0.01977221512455803, "y:16": 0.02495292392344521, "y:17": 0.02240781547182285, "y:18": 0.02314337953483584, "y:19": 0.02143496749378968,