{"0": {"y:0": 0.20182360842978223, "y:1": 0.20142789671353012, "y:2": 0.20154735100595966, "y:3": 0.20157802944109757, "y:4": 0.19982890111294324, "y:5": 0.20243727176930357, "y:6": 0.20261763131644886, "y:7": 0.19972794201423905, "y:8": 0.19701511037674943, "y:9": 0.1975878144196598}, "1": {"y:0": 0.20656602387672737, "y:1": 0.20589210428088411, "y:2": 0.20557169003028966, "y:3": 0.2061856399875753, "y:4": 0.20689105956514525, "y:5": 0.20704861100641306, "y:6": 0.20596117352282736, "y:7": 0.20540029825361905, "y:8": 0.20677219667871838, "y:9": 0.2031176219455545}, "2": {"y:0": 0.42372372146327497, "y:1": 0.42647660856041797, "y:2": 0.416974094620136, "y:3": 0.42588698736815545, "y:4": 0.4228725953684804, "y:5": 0.4189745711488607, "y:6": 0.4239704125406647, "y:7": 0.42051187268630696, "y:8": 0.42833634067521875, "y:9": 0.42048763612427403}, "3": {"y:0": 0.8207679701447976, "y:1": 0.8072586253767956, "y:2": 0.7959719045782147, "y:3": 0.8368086688981276, "y:4": 0.8014789522127859, "y:5": 0.821697349447096, "y:6": 0.8084822209294792, "y:7": 0.8135733619786857, "y:8": 0.8205656230996201, "y:9": 0.7656759066663512}, "4": {"y:0": 1.5883339642097036, "y:1": 1.550097010571482, "y:2": 1.500864961072735, "y:3": 1.636359679754524, "y:4": 1.6004170769655301, "y:5": 1.4548459898220247, "y:6": 1.4963014494363773, "y:7": 1.6243155473746425, "y:8": 1.5650837094651342, "y:9": 1.3059392459476196}, "5": {"y:0": 2.4231291271330897, "y:1": 2.3222745193186842, "y:2": 2.022493240408902, "y:3": 2.617601458071757, "y:4": 2.5953956553719713, "y:5": 1.8226707311038892, "y:6": 1.9408883185576833, "y:7": 2.63971337868729, "y:8": 2.5082522748932656, "y:9": 1.6010453259109283}, "6": {"y:0": 2.6064033326122042, "y:1": 2.7452973805912304, "y:2": 2.2348295793930624, "y:3": 2.9587604708850828, "y:4": 3.009706052441289, "y:5": 1.9050143532056227, "y:6": 2.099598817040505, "y:7": 2.962556411036213, "y:8": 2.8885606531876196, "y:9": 1.6479279240416371}, "7": {"y:0": 2.697515909875854, "y:1": 2.636698761242238, "y:2": 2.1070171123992383, "y:3": 2.9628766923700134, "y:4": 2.883744879772676, "y:5": 1.9913446688067138, "y:6": 2.1300623650224226, "y:7": 2.86925589275926, "y:8": 2.81906562176549, "y:9": 1.6319440217247856}, "8": {"y:0": 2.767594941728867, "y:1": 2.848516429076213, "y:2": 2.290714595014182, "y:3": 3.2053014068018157, "y:4": 3.167364002700298, "y:5": 1.9900267474935402, "y:6": 2.136285899670015, "y:7": 3.1831035997674344, "y:8": 3.0774149554672596, "y:9": 1.7167464602599851}, "9": {"y:0": 2.8199827062048106, "y:1": 2.9533701813471263, "y:2": 2.346644255348735, "y:3": 3.271626950923099, "y:4": 3.254630939804597, "y:5": 1.9724212474068585, "y:6": 2.1211193393061762, "y:7": 3.2385808282974162, "y:8": 3.1713678045005596, "y:9": 1.7514058183748868}, "10": {"y:0": 2.871768235482282, "y:1": 3.0215060128601063, "y:2": 2.360272717650058, "y:3": 3.361410043437058, "y:4": 3.3104071770508576, "y:5": 1.9651225056310564, "y:6": 2.132368590065615, "y:7": 3.2606900618387837, "y:8": 3.2339718102390145, "y:9": 1.769816847267851}, "11": {"y:0": 2.90617195050655, "y:1": 3.0059656220933637, "y:2": 2.3479891036447973, "y:3": 3.3549864355184402, "y:4": 3.3410325423847618, "y:5": 2.0004757219841585, "y:6": 2.1582559173748903, "y:7": 3.355826314238688, "y:8": 3.2176823666696777, "y:9": 1.7603517773534394}}