{"0": {"y:0": 35.203080966900416, "y:1": 3.0533899548672667, "y:2": 2.040345441249426, "y:3": 1.5730037624630158, "y:4": 1.5252271234237589, "y:5": 1.394818744757776, "y:6": 1.301054426088612, "y:7": 1.325938392605022, "y:8": 1.2941977163687224, "y:9": 1.2718257515910636}, "1": {"y:0": 35.58897678728483, "y:1": 3.4143196334169605, "y:2": 2.335362974148367, "y:3": 1.7303542891512402, "y:4": 1.7021929287021027, "y:5": 1.513760002891946, "y:6": 1.394179353866821, "y:7": 1.4304536153509373, "y:8": 1.3664922450532695, "y:9": 1.3441368818010124}, "2": {"y:0": 73.3623864056041, "y:1": 18.6359187369019, "y:2": 13.85519475597746, "y:3": 11.77019036925359, "y:4": 10.555503507872123, "y:5": 9.630436515131548, "y:6": 9.186005922321403, "y:7": 8.594516551928203, "y:8": 8.37071170584887, "y:9": 8.128948193486591}, "3": {"y:0": 35.32081813972913, "y:1": 5.501366414927846, "y:2": 3.9046766473421397, "y:3": 2.98674134825545, "y:4": 2.98440289114195, "y:5": 2.676351242886412, "y:6": 2.4511696839497, "y:7": 2.568075888785747, "y:8": 2.4469784021230465, "y:9": 2.4226563255658284}, "4": {"y:0": 34.878926609884296, "y:1": 5.7387344530611575, "y:2": 5.426142857834129, "y:3": 4.554876502081784, "y:4": 4.603112740845298, "y:5": 4.130765148569869, "y:6": 3.7454912913319007, "y:7": 3.9119843443487574, "y:8": 3.621973373567378, "y:9": 3.503501462094183}, "5": {"y:0": 35.70604946282329, "y:1": 7.321754430226255, "y:2": 6.8594442892634575, "y:3": 5.75746545874528, "y:4": 5.970073836849222, "y:5": 5.349117356253363, "y:6": 4.673007135644798, "y:7": 4.77472106857471, "y:8": 4.392366459882039, "y:9": 4.169147235175802}, "6": {"y:0": 34.73111043755762, "y:1": 11.202763737380776, "y:2": 9.060436087436894, "y:3": 6.861232943992363, "y:4": 8.85154649022166, "y:5": 7.8487504707339575, "y:6": 7.13178231405007, "y:7": 6.643632893424971, "y:8": 6.068288061157853, "y:9": 5.405850095719553}, "7": {"y:0": 35.63697968985771, "y:1": 13.760148175665583, "y:2": 11.709870137191588, "y:3": 8.605581512032701, "y:4": 12.742515491066198, "y:5": 11.559435592800737, "y:6": 10.091772725914572, "y:7": 8.458158494757448, "y:8": 7.480642612769236, "y:9": 6.4714930964993}, "8": {"y:0": 34.79701477060587, "y:1": 15.3919790386316, "y:2": 13.154345959412163, "y:3": 10.320251281815029, "y:4": 15.97007810494286, "y:5": 14.891682808350877, "y:6": 13.487363668854783, "y:7": 11.141290801589436, "y:8": 10.019216247013805, "y:9": 8.777191975641385}, "9": {"y:0": 35.66625454565501, "y:1": 19.21721476202765, "y:2": 17.350025343606177, "y:3": 12.95708678994836, "y:4": 19.745830162702646, "y:5": 20.4423391180465, "y:6": 15.899590923335557, "y:7": 13.481639674047248, "y:8": 13.225273508524904, "y:9": 11.415575854892825}, "10": {"y:0": 35.86808314271078, "y:1": 22.92725625260128, "y:2": 19.407777357623466, "y:3": 13.901162429899456, "y:4": 23.024523321024347, "y:5": 24.515797827649347, "y:6": 18.58445299128218, "y:7": 17.850915259826905, "y:8": 17.674711716559493, "y:9": 16.17524485731898}, "11": {"y:0": 36.28520585873683, "y:1": 26.41370916436002, "y:2": 23.594274423121362, "y:3": 15.379348162589789, "y:4": 24.071589930825315, "y:5": 26.957354447758316, "y:6": 19.182345419020134, "y:7": 19.857243107917515, "y:8": 21.467842377210314, "y:9": 19.388577891391343}, "12": {"y:0": 35.326214362050216, "y:1": 26.238581984737003, "y:2": 23.02560679438938, "y:3": 15.33774335705497, "y:4": 24.00001048683113, "y:5": 27.85398425233828, "y:6": 18.975076478041082, "y:7": 22.97511398207198, "y:8": 24.012094553386767, "y:9": 21.79626718844827}, "13": {"y:0": 35.83035774040371, "y:1": 28.989349623221592, "y:2": 25.764088489156716, "y:3": 16.138037674043268, "y:4": 26.196070277704887, "y:5": 30.643043416429776, "y:6": 19.952047599384088, "y:7": 23.887704219708134, "y:8": 26.788993750466364, "y:9": 25.179894875827035}, "14": {"y:0": 35.01368703181332, "y:1": 28.34902174309574, "y:2": 25.199018100128747, "y:3": 16.19468257470346, "y:4": 25.37751145332493, "y:5": 31.942371289089014, "y:6": 20.03750963353459, "y:7": 26.040946751268745, "y:8": 28.965715141848207, "y:9": 27.207304468005866}, "15": {"y:0": 35.51600608522666, "y:1": 30.193957005343897, "y:2": 27.19451755510512, "y:3": 16.94777106284039, "y:4": 26.578480595427585, "y:5": 33.42382733298677, "y:6": 20.308886680183903, "y:7": 26.160461385560822, "y:8": 30.825327811051043, "y:9": 29.05874956178504}, "16": {"y:0": 35.45904616424356, "y:1": 31.34731946352212, "y:2": 27.552833552617976, "y:3": 16.554583759944347, "y:4": 27.046376688771506, "y:5": 32.17756706789827, "y:6": 19.820977121122926, "y:7": 26.274879026119184, "y:8": 30.065177200888886, "y:9": 29.261020061172673}}