{"0": {"s:0": 0.28941533541100256, "s:1": 0.002801429502133829, "s:2": 0.0028803509602028233, "s:3": 0.002866965264752687, "s:4": 0.002861604071475703, "s:5": 0.0028615437212065145, "s:6": 4.562358119126692, "s:7": 0.1465197958175013, "s:8": 0.14915527256349226, "s:9": 0.15418242689525405, "s:10": 0.15297256798079512, "s:11": 0.14891784948490502, "s:12": 0.14856515526607972, "s:13": 0.1472821143689504, "s:14": 0.14997030611679274, "s:15": 0.1441945352222494, "s:16": 0.14489609313076093}, "1": {"s:0": 0.28637054058713085, "s:1": 0.002840831121754917, "s:2": 0.002831447774433586, "s:3": 0.0027981007827384548, "s:4": 0.002892264727877625, "s:5": 0.0028004023319376276, "s:6": 4.55457840204632, "s:7": 0.14918399165157034, "s:8": 0.14992146321544636, "s:9": 0.14684105180353646, "s:10": 0.14789679377427978, "s:11": 0.14775654918189984, "s:12": 0.14685840967737074, "s:13": 0.15444942413761698, "s:14": 0.14756013928785797, "s:15": 0.15031502382377535, "s:16": 0.14883561500408832}, "2": {"s:0": 0.3403924789319306, "s:1": 0.0033528484518671646, "s:2": 0.003639428655307994, "s:3": 0.003659521739806348, "s:4": 0.0036883085432196385, "s:5": 0.0036766906449247324, "s:6": 5.0194746476858825, "s:7": 0.14899346848763606, "s:8": 0.14897493220069666, "s:9": 0.14727782396666173, "s:10": 0.14985676497056413, "s:11": 0.1483775077442142, "s:12": 0.14945513140278605, "s:13": 0.14816258141407287, "s:14": 0.1489489186682929, "s:15": 0.1469241867809385, "s:16": 0.14899288883453707}, "3": {"s:0": 0.35829719804769095, "s:1": 0.003523339422433518, "s:2": 0.004236041161235622, "s:3": 0.0041842510505799, "s:4": 0.004190657648447743, "s:5": 0.004234053093233671, "s:6": 4.99211692752592, "s:7": 0.14831101404934666, "s:8": 0.14762095255831773, "s:9": 0.14846826587409748, "s:10": 0.1497777875255346, "s:11": 0.14996211986996746, "s:12": 0.1490059559335356, "s:13": 0.14803478696890035, "s:14": 0.1460679059724336, "s:15": 0.15158225907235634, "s:16": 0.147582394156185}, "4": {"s:0": 0.38846375161370583, "s:1": 0.003695088941104972, "s:2": 0.004877998571614128, "s:3": 0.004803281323246069, "s:4": 0.004920199114783981, "s:5": 0.0048707889268744505, "s:6": 4.778568921645999, "s:7": 0.1507446250589697, "s:8": 0.14814145770298817, "s:9": 0.14874051903950858, "s:10": 0.14972037775502955, "s:11": 0.1463923521466788, "s:12": 0.14848513620277862, "s:13": 0.14925058457917165, "s:14": 0.14896155005714753, "s:15": 0.14724425687894394, "s:16": 0.14656818819161546}, "5": {"s:0": 0.42126980276876363, "s:1": 0.003819664886346098, "s:2": 0.005172391742828251, "s:3": 0.005137597490558379, "s:4": 0.0051957173720410125, "s:5": 0.005153132284041298, "s:6": 4.679635080024611, "s:7": 0.14904177128914614, "s:8": 0.14903490889581694, "s:9": 0.1490673718497808, "s:10": 0.14772639870482232, "s:11": 0.1490408538917897, "s:12": 0.14822798361124437, "s:13": 0.14878218032954746, "s:14": 0.14912033628424115, "s:15": 0.14898534799326296, "s:16": 0.14844969863300048}, "6": {"s:0": 0.4465470711908543, "s:1": 0.00414241385323436, "s:2": 0.005677426223996666, "s:3": 0.005639971631264646, "s:4": 0.005640622009892005, "s:5": 0.005638553600373652, "s:6": 4.5963707489612595, "s:7": 0.14875005222565268, "s:8": 0.14838189066980806, "s:9": 0.1505852192777411, "s:10": 0.14821335196491323, "s:11": 0.1485204695960257, "s:12": 0.14773547601217538, "s:13": 0.14826577792794904, "s:14": 0.14725864674073103, "s:15": 0.14810689944071154, "s:16": 0.14800588149334637}, "7": {"s:0": 0.4409902189450012, "s:1": 0.004134066240494413, "s:2": 0.0054646541122943095, "s:3": 0.005513649273989562, "s:4": 0.005470505787944394, "s:5": 0.005437476074973425, "s:6": 4.689663131433842, "s:7": 0.14826055295812657, "s:8": 0.14751210368612125, "s:9": 0.14789343085236642, "s:10": 0.14914551006097268, "s:11": 0.14932492058020433, "s:12": 0.14880945484177877, "s:13": 0.14812874551700916, "s:14": 0.14866081022925462, "s:15": 0.14839639218647813, "s:16": 0.14842870022470386}, "8": {"s_p1_0": 1.513720331293744, "s_p2_0": 1.542994481469602, "s_p3_0": 1.7828341238405097, "s_p4_0": 50.560897385382916, "s_p1_1": 15.219888387061014, "s_p2_1": 33.00364459325344, "s_p3_1": 13.621764599341844, "s_p4_1": 1.443180128776694, "s_p1_2": 1.7864731615649103, "s_p2_2": 1.8046033393950318, "s_p3_2": 2.210420230261951, "s_p4_2": 54.11535009790934, "s_p1_3": 14.712989305076977, "s_p2_3": 39.22866379551955, "s_p3_3": 15.658389343886224, "s_p4_3": 1.5123953504690013}, "9": {"s_p1_0": 1.688234876169284, "s_p2_0": 1.6646609784107211, "s_p3_0": 1.8645139370139772, "s_p4_0": 52.561303292421485, "s_p1_1": 16.600649647090997, "s_p2_1": 33.52780357018206, "s_p3_1": 14.278668319345835, "s_p4_1": 1.418748886138501, "s_p1_2": 1.995058678860094, "s_p2_2": 1.942038286753556, "s_p3_2": 2.304018101067095, "s_p4_2": 55.53235479536183, "s_p1_3": 16.285444940073123, "s_p2_3": 39.83729761019332, "s_p3_3": 16.289860548000046, "s_p4_3": 1.487723293858298}, "10": {"s_p1_0": 2.6128384157116016, "s_p2_0": 1.8541221889481434, "s_p3_0": 1.8116038749044159, "s_p4_0": 61.910923799047225, "s_p1_1": 22.946993258998187, "s_p2_1": 36.88729517932051, "s_p3_1": 13.956512866759521, "s_p4_1": 1.449603552761646, "s_p1_2": 3.0699606825786274, "s_p2_2": 2.163568044296866, "s_p3_2": 2.250212926176461, "s_p4_2": 64.48205533200557, "s_p1_3": 23.41854349952477, "s_p2_3": 43.92424979632121, "s_p3_3": 15.90548514009629, "s_p4_3": 1.5197675593822728}, "11": {"s_p1_0": 3.114728224454303, "s_p2_0": 2.0424290627712587, "s_p3_0": 1.9286952603528769, "s_p4_0": 66.48658756407104, "s_p1_1": 25.850700517940027, "s_p2_1": 38.54691150290062, "s_p3_1": 14.952367763216877, "s_p4_1": 1.4348910680411493, "s_p1_2": 3.6371252175759605, "s_p2_2": 2.3908527052691495, "s_p3_2": 2.388005043047478, "s_p4_2": 69.12819074744357, "s_p1_3": 26.809132434685413, "s_p2_3": 45.528298734000536, "s_p3_3": 16.92149704919131, "s_p4_3": 1.503467753375843}, "12": {"s_p1_0": 4.439044318173539, "s_p2_0": 2.116920039175668, "s_p3_0": 1.9366463632534805, "s_p4_0": 67.48139492389535, "s_p1_1": 29.300824771026466, "s_p2_1": 38.96225759571304, "s_p3_1": 14.929591715139312, "s_p4_1": 1.4514033293384418, "s_p1_2": 5.204738708564775, "s_p2_2": 2.4738717225769316, "s_p3_2": 2.3953078709969775, "s_p4_2": 69.95708316158134, "s_p1_3": 31.595874793703256, "s_p2_3": 45.83930108428759, "s_p3_3": 16.927118039053166, "s_p4_3": 1.5204306436958568}, "13": {"s_p1_0": 5.856867609260064, "s_p2_0": 2.2063701813234093, "s_p3_0": 1.9928706889559848, "s_p4_0": 68.75797306976794, "s_p1_1": 30.56172558965597, "s_p2_1": 39.930331774272545, "s_p3_1": 15.386654202972261, "s_p4_1": 1.444383287914716, "s_p1_2": 6.894001309510175, "s_p2_2": 2.5798246972575485, "s_p3_2": 2.469693546856697, "s_p4_2": 71.57600335882437, "s_p1_3": 33.339496846104836, "s_p2_3": 47.036467875283016, "s_p3_3": 17.439297083877076, "s_p4_3": 1.5133764543145312}, "14": {"s_p1_0": 7.571664416815689, "s_p2_0": 2.499331232373816, "s_p3_0": 2.034773539464173, "s_p4_0": 72.81064857213521, "s_p1_1": 32.43282820788336, "s_p2_1": 40.70113716159967, "s_p3_1": 15.635308504469286, "s_p4_1": 1.4655086771307213, "s_p1_2": 8.861700890481876, "s_p2_2": 2.9233218837512465, "s_p3_2": 2.5238765185947063, "s_p4_2": 76.65686102950967, "s_p1_3": 36.23271879999736, "s_p2_3": 48.127157604312984, "s_p3_3": 17.700291757228086, "s_p4_3": 1.5347452966431527}, "15": {"s_p1_0": 9.515903094221477, "s_p2_0": 2.6835096962656357, "s_p3_0": 2.047490387193902, "s_p4_0": 75.50576523077294, "s_p1_1": 32.85091329148216, "s_p2_1": 41.238880191525915, "s_p3_1": 15.772676007115074, "s_p4_1": 1.4713452004499004, "s_p1_2": 11.168779265105695, "s_p2_2": 3.1355482435931967, "s_p3_2": 2.5320878077668016, "s_p4_2": 79.85964127788422, "s_p1_3": 36.95073776543703, "s_p2_3": 48.83167046843072, "s_p3_3": 17.870940231150225, "s_p4_3": 1.541354649816609}, "16": {"s_p1_0": 12.092489147012625, "s_p2_0": 2.704835150121558, "s_p3_0": 2.104809476001789, "s_p4_0": 77.31272079489524, "s_p1_1": 32.60073505778746, "s_p2_1": 41.12121078354411, "s_p3_1": 16.185817711214362,