{"0": {"s:0": 0.2897393255423105, "s:1": 0.002838061181969794, "s:2": 0.002797963848868788, "s:3": 0.0027772755557924737, "s:4": 0.002728453726731436, "s:5": 0.0028151878931963075, "s:6": 4.660351761633494, "s:7": 0.1460033723996309, "s:8": 0.14721263240952007, "s:9": 0.15022517673344438, "s:10": 0.14793267136862345, "s:11": 0.15282829498629505, "s:12": 0.1487465844756163, "s:13": 0.14776966855996532, "s:14": 0.1488080431662612, "s:15": 0.15077037736743246, "s:16": 0.15331592094845595}, "1": {"s:0": 0.2837845731526325, "s:1": 0.0028624205408640697, "s:2": 0.002857136116389194, "s:3": 0.0028294504335476737, "s:4": 0.0028700221592536652, "s:5": 0.002824350661521921, "s:6": 4.503506761424073, "s:7": 0.1489854506878884, "s:8": 0.15272449740213398, "s:9": 0.15043999987191264, "s:10": 0.1500578478528393, "s:11": 0.15031365045932105, "s:12": 0.14977601433545792, "s:13": 0.14711294624333263, "s:14": 0.14874505803879468, "s:15": 0.1497549483907809, "s:16": 0.14956306829785374}, "2": {"s:0": 0.3317531721710492, "s:1": 0.0032829040306885113, "s:2": 0.0037177653402649716, "s:3": 0.0037058829095085884, "s:4": 0.0037809478217723912, "s:5": 0.0036715238005273123, "s:6": 4.98697703034236, "s:7": 0.14468737328947937, "s:8": 0.1479727087505853, "s:9": 0.14868534186679971, "s:10": 0.14813946686541907, "s:11": 0.15072860632229734, "s:12": 0.1499030076864325, "s:13": 0.14981767838573043, "s:14": 0.14942060560712112, "s:15": 0.1479972189475536, "s:16": 0.14692179813397138}, "3": {"s:0": 0.36619390039327604, "s:1": 0.0035202420622541517, "s:2": 0.004203727965835853, "s:3": 0.0042034695578312626, "s:4": 0.0042418887781043284, "s:5": 0.004229614196556834, "s:6": 4.831083377900871, "s:7": 0.14924137654425854, "s:8": 0.14752351084615506, "s:9": 0.14759541614470884, "s:10": 0.14954635497957508, "s:11": 0.14819945054051986, "s:12": 0.1459527378858831, "s:13": 0.14927644748131577, "s:14": 0.15068524424578145, "s:15": 0.14653017462405518, "s:16": 0.14677119802144234}, "4": {"s:0": 0.3861333459421658, "s:1": 0.0036573730324179704, "s:2": 0.004973994466768122, "s:3": 0.004994798860425029, "s:4": 0.004985702083403369, "s:5": 0.005001115860033905, "s:6": 4.755608191940499, "s:7": 0.14858882909046606, "s:8": 0.14836399334534106, "s:9": 0.1488252277243249, "s:10": 0.14774128909575404, "s:11": 0.1470032631200196, "s:12": 0.14867307104060543, "s:13": 0.14762312351214876, "s:14": 0.14779839097459085, "s:15": 0.14870604666736773, "s:16": 0.14900146363549394}, "5": {"s:0": 0.41318237207041303, "s:1": 0.00394145851526315, "s:2": 0.005321309701763115, "s:3": 0.005336739318454708, "s:4": 0.005292173616694107, "s:5": 0.005276686634389058, "s:6": 4.689994192201833, "s:7": 0.14667990620971658, "s:8": 0.1483510280593123, "s:9": 0.1482409944532026, "s:10": 0.14833973343767173, "s:11": 0.14967767262931148, "s:12": 0.14976379375553137, "s:13": 0.14879775754304053, "s:14": 0.14754154066812045, "s:15": 0.14845038258334792, "s:16": 0.1496540230042078}, "6": {"s:0": 0.4430293234590511, "s:1": 0.004140906091237309, "s:2": 0.005640692604999, "s:3": 0.005678140454682115, "s:4": 0.005651826584750015, "s:5": 0.005632113638836068, "s:6": 4.679629716379676, "s:7": 0.14859283650047356, "s:8": 0.14756821963306138, "s:9": 0.14819477928883876, "s:10": 0.14887840935359828, "s:11": 0.14834796394897093, "s:12": 0.14882384525936496, "s:13": 0.1491414179880306, "s:14": 0.1488146986214382, "s:15": 0.14714545093729828, "s:16": 0.1491129661113476}, "7": {"s:0": 0.4899672841647734, "s:1": 0.004427700533173417, "s:2": 0.005749788243511788, "s:3": 0.005767046809755891, "s:4": 0.0057279973920655375, "s:5": 0.005750119230579026, "s:6": 4.626991640453075, "s:7": 0.14898697955631277, "s:8": 0.1487032386693964, "s:9": 0.14685285469246845, "s:10": 0.14930890604200714, "s:11": 0.14748119182541486, "s:12": 0.14745924917906408, "s:13": 0.14833607017732442, "s:14": 0.1481804039509692, "s:15": 0.1478419952964614, "s:16": 0.14879179507012494}, "8": {"s_p1_0": 1.5396524259825317, "s_p2_0": 1.4677589545655085, "s_p3_0": 1.7624199653463908, "s_p4_0": 40.31838995208748, "s_p1_1": 3.3202750101785545, "s_p2_1": 2.7841131001986135, "s_p3_1": 7.467638740410737, "s_p4_1": 1.3544727373241967, "s_p1_2": 10.403034376553272, "s_p2_2": 4.97237509090827, "s_p3_2": 5.786753628457683, "s_p4_2": 46.93010070042475, "s_p1_3": 35.34379917335812, "s_p2_3": 11.403730509534757, "s_p3_3": 14.003894019769474, "s_p4_3": 2.3745261212398963}, "9": {"s_p1_0": 1.7771159218240817, "s_p2_0": 1.6487185102027713, "s_p3_0": 1.8615107603550323, "s_p4_0": 42.91582388942692, "s_p1_1": 4.00862514920519, "s_p2_1": 3.2279351826164047, "s_p3_1": 8.14223882802181, "s_p4_1": 1.308708255925609, "s_p1_2": 14.63069243598642, "s_p2_2": 5.599496285970268, "s_p3_2": 6.130622421643608, "s_p4_2": 49.815347920793634, "s_p1_3": 45.169971693887, "s_p2_3": 13.431428882024512, "s_p3_3": 15.585600980143795, "s_p4_3": 2.249941440966031}, "10": {"s_p1_0": 2.8494119595849416, "s_p2_0": 1.9742822456967377, "s_p3_0": 1.7054592684932135, "s_p4_0": 49.426028123851914, "s_p1_1": 7.629228279147254, "s_p2_1": 4.064668237798852, "s_p3_1": 7.513361968836214, "s_p4_1": 1.893409301185734, "s_p1_2": 26.678116638736494, "s_p2_2": 6.868018046771549, "s_p3_2": 5.678045989687989, "s_p4_2": 63.83599818062373, "s_p1_3": 104.98662348661776, "s_p2_3": 18.264052273285056, "s_p3_3": 14.944982045843313, "s_p4_3": 4.270124799860629}, "11": {"s_p1_0": 3.65835425745625, "s_p2_0": 2.400958505774122, "s_p3_0": 1.7566315787820983, "s_p4_0": 52.20150119898932, "s_p1_1": 9.40145314683739, "s_p2_1": 4.883129977083522, "s_p3_1": 7.962866239548571, "s_p4_1": 1.6666086088029255, "s_p1_2": 38.46319992816721, "s_p2_2": 8.44457059494127, "s_p3_2": 5.779352876655549, "s_p4_2": 70.89779062329957, "s_p1_3": 134.57608837610653, "s_p2_3": 23.183128508331727, "s_p3_3": 16.097358141089753, "s_p4_3": 3.4067722027821206}, "12": {"s_p1_0": 5.188125333874635, "s_p2_0": 2.3604968010602607, "s_p3_0": 1.5697582013549098, "s_p4_0": 46.92921995100028, "s_p1_1": 13.187166116684258, "s_p2_1": 4.763716112562675, "s_p3_1": 6.308264913573935, "s_p4_1": 1.6351723678853904, "s_p1_2": 55.817156624887815, "s_p2_2": 8.309100396949722, "s_p3_2": 5.149168939290644, "s_p4_2": 66.71071199612174, "s_p1_3": 179.22236486709608, "s_p2_3": 22.10739223395479, "s_p3_3": 12.925827530477857, "s_p4_3": 3.289917468298452}, "13": {"s_p1_0": 7.420216706150507, "s_p2_0": 2.6775095087079066, "s_p3_0": 1.8417480491973326, "s_p4_0": 56.04502406491599, "s_p1_1": 18.053839112771406, "s_p2_1": 5.534668007745087, "s_p3_1": 8.419901450458656, "s_p4_1": 1.5617812047330513, "s_p1_2": 85.0114592898731, "s_p2_2": 9.448032498353538, "s_p3_2": 6.0818608258420275, "s_p4_2": 83.41473281186748, "s_p1_3": 252.36108138729386, "s_p2_3": 26.057565579966532, "s_p3_3": 17.66448020284493, "s_p4_3": 3.0093713782366005}, "14": {"s_p1_0": 10.50980204340946, "s_p2_0": 2.6943411208988124, "s_p3_0": 1.8586528412060215, "s_p4_0": 55.69059551338803, "s_p1_1": 24.510134884505604, "s_p2_1": 5.543013696302602, "s_p3_1": 8.54054813472004, "s_p4_1": 1.4940623203873378, "s_p1_2": 124.92592776979725, "s_p2_2": 9.441117423784162, "s_p3_2": 6.144834076777585, "s_p4_2": 83.60797484242612, "s_p1_3": 318.6546670308498, "s_p2_3": 26.406551884277963, "s_p3_3": 17.92180153322188, "s_p4_3": 2.796272392943992}, "15": {"s_p1_0": 13.248172152526218, "s_p2_0": 2.9816910333354594, "s_p3_0": 1.97682945874967, "s_p4_0": 59.69589472200845, "s_p1_1": 29.082526898795802, "s_p2_1": 6.101484413971588, "s_p3_1": 9.326528671938405, "s_p4_1": 1.4832802428723701, "s_p1_2": 157.22934414462398, "s_p2_2": 10.398206896231196, "s_p3_2": 6.56250449255952, "s_p4_2": 90.87553892432943, "s_p1_3": 376.72131178525797, "s_p2_3": 28.780402767488617, "s_p3_3": 19.97625315126821, "s_p4_3": 2.712589195167753}, "16": {"s_p1_0": 17.178278575181125, "s_p2_0": 2.999450199797583, "s_p3_0": 2.0130056811018546, "s_p4_0": 60.39826278700203, "s_p1_1": 34.53576335370299, "s_p2_1": 6.163451455159144, "s_p3_1": 9.52460282542579, "s_p4_1": 1.4385575564383901,