{"15": {"y:0": 0.0, "y:1": 0.0, "y:2": 0.011761417732338972, "y:3": 0.008819964913150923, "y:4": 0.008639817321918552, "y:5": 0.018405039672623663, "y:6": 0.015705557041447972, "y:7": 0.006158081545637426, "y:8": 0.014962237175568447, "y:9": 0.014854902131091814, "y:10": 0.004388534303538086, "y:11": 0.010484335924859828, "y:12": 0.009852740227362796, "y:13": 0.012155436738175995, "y:14": 0.02060513952431546, "y:15": 0.0078054591633271424, "y:16": 0.014741997690561918, "y:17": 0.009413543871113263, "y:18": 0.015575381086794461, "y:19": 0.009388369855849852, "y:20": 0.011279444847207032, "y:21": 0.004966180201375888, "y:22": 0.014430302546413386, "y:23": 0.005892504882134376, "y:24": 0.01457439830064548, "y:25": 0.010239435127004306, "y:26": 0.01031966382196026, "y:27": 0.007368030997028129, "y:28": 0.00501164832020137, "y:29": 0.012488749216638851, "y:30": 0.01819746909747534, "y:31": 0.019242387436119484, "y:32": 0.023034928330273687, "y:33": 0.015576495694725178, "y:34": 0.01866689439075419, "y:35": 0.019776615535695156, "y:36": 0.011087078246315045, "y:37": 0.016498587055774408, "y:38": 0.018516037364705456, "y:39": 0.004475337897423235, "y:40": 0.016161073645529808, "y:41": 0.010905066481073209, "y:42": 0.02178314024680319, "y:43": 0.009886203745217146, "y:44": 0.004805993231429507, "y:45": 0.012189402303736586, "y:46": 0.00721521276737127, "y:47": 0.009625745502809325, "y:48": 0.013765131137008491, "y:49": 0.00762306730348319, "y:50": 0.01142840903071714, "y:51": 0.01439706409486827, "y:52": 0.016334353927210103, "y:53": 0.019584584866923757, "y:54": 0.02276982369857524, "y:55": 0.017347161044662145, "y:56": 0.012852902102848762, "y:57": 0.017813503678216186, "y:58": 0.010226583376199975, "y:59": 0.019755210270669416, "y:60": 0.020134282504711304, "y:61": 0.012305549234553657, "y:62": 0.010075173592997037, "y:63": 0.020511804758962804, "y:64": 0.010270822793886091, "y:65": 0.012530311735692265, "y:66": 0.013818193657348326, "y:67": 0.017181361508123705, "y:68": 0.014837328207046654, "y:69": 0.014185736802455455, "y:70": 0.015615531626251965, "y:71": 0.011095055437055723, "y:72": 0.018997604316684607, "y:73": 0.010933071027336122, "y:74": 0.017774489996215264, "y:75": 0.01623723639466268, "y:76": 0.010978211724968358, "y:77": 0.011706417223675127, "y:78": 0.0073552487228437475, "y:79": 0.016412109687016924, "y:80": 0.02241447541897169, "y:81": 0.01004841984068483, "y:82": 0.013110363199714082, "y:83": 0.02005643159629607, "y:84": 0.021553733864995477, "y:85": 0.017009753361435936, "y:86": 0.01929654246409576, "y:87": 0.010633570336427454, "y:88": 0.019793563089652664, "y:89": 0.012092706804702345, "y:90": 0.01626829937883038, "y:91": 0.013562218824858393, "y:92": 0.019784332004504447, "y:93": 0.021328884579053443, "y:94": 0.027641252685182263, "y:95": 0.016891505918768746, "y:96": 0.010814437104130721, "y:97": 0.02133467255678387, "y:98": 0.012100051556805356, "y:99": 0.005005460245989188, "y:100": 0.01175634509086874, "y:101": 0.016861231511767147, "y:102": 0.01144742648796532, "y:103": 0.005656209905645308, "y:104": 0.02205113077073348, "y:105": 0.012373909588232099, "y:106": 0.011298465355412707, "y:107": 0.01894349211132898, "y:108": 0.010063011923420686, "y:109": 0.009681207674079203, "y:110": 0.01606988168510284, "y:111": 0.014633173505094818, "y:112": 0.020307365297551123, "y:113": 0.019257806273878506, "y:114": 0.019230525498748006, "y:115": 0.015242117119289744, "y:116": 0.005229717850488754, "y:117": 0.013412417943534182, "y:118": 0.012151919760286886, "y:119": 0.014396134068185858, "y:120": 0.017192594614486006, "y:121": 0.009794887780436908, "y:122": 0.014811699135306331, "y:123": 0.017598856529241994, "y:124": 0.018558486734574393, "y:125": 0.010243357201837092, "y:126": 0.008377180508517169, "y:127": 0.018030244723457177, "y:128": 0.014192897093693375, "y:129": 0.01417670825478357, "y:130": 0.027272713278009852, "y:131": 0.010456140130110198, "y:132": 0.026151302582254697, "y:133": 0.012089427805102169, "y:134": 0.019916858284988914, "y:135": 0.007897959858522534, "y:136": 0.015993903652676014, "y:137": 0.013949489204893454, "y:138": 0.011781886097920335, "y:139": 0.016386525665418816, "y:140": 0.021445875813574683, "y:141": 0.02196899806942935, "y:142": 0.011899659176282499, "y:143": 0.022225993335837035, "y:144": 0.015174423067127867, "y:145": 0.01630387238815484, "y:146": 0.01675880979854705, "y:147": 0.016170647443987936, "y:148": 0.00964111698595407, "y:149": 0.017562827111313163, "y:150": 0.018241718216884823, "y:151": 0.016246148601497416, "y:152": 0.009779525496867596, "y:153": 0.015503788361206446, "y:154": 0.01225197335805761, "y:155": 0.015433542544181156, "y:156": 0.0229357004599423, "y:157": 0.018200715298138603, "y:158": 0.019896795164666553, "y:159": 0.016444456298262643, "y:160": 0.008661168018453416, "y:161": 0.015444268658686797, "y:162": 0.013985337904922873, "y:163": 0.013410273014155136, "y:164": 0.014752279805277418, "y:165": 0.02315598424243604, "y:166": 0.014725905418441383, "y:167": 0.017077610832993737, "y:168": 0.012649665715435191, "y:169": 0.019330989386475567, "y:170": 0.016457863261416683, "y:171": 0.018659772984687874, "y:172": 0.008541252365006923, "y:173": 0.017242260541247525, "y:174": 0.006656616336425361, "y:175": 0.014991037546167214, "y:176": 0.01586849338656313, "y:177": 0.012300571384324143, "y:178": 0.009325356265485023, "y:179": 0.016839019552296275, "y:180": 0.012481117574207794, "y:181": 0.009400718353660065, "y:182": 0.013032992793544132, "y:183": 0.015092181942445746, "y:184": 0.014508987862388717, "y:185": 0.014899878071303227, "y:186": 0.014786329925221282, "y:187": 0.007874253621224996, "y:188": 0.015881065424750596, "y:189": 0.010938084748879306, "y:190": 0.01228047778231047, "y:191": 0.01720339010074176, "y:192": 0.012646621484747229, "y:193": 0.015082240106227798, "y:194": 0.020412113743273456, "y:195": 0.020601150979861864, "y:196": 0.01836344684344018, "y:197": 0.0078630684136676, "y:198": 0.006919305056913273, "y:199": 0.01884180832100545, "y:200": 0.017288347988822943, "y:201": 0.013441476352004215, "y:202": 0.020214766680131058, "y:203": 0.022812847633792425, "y:204": 0.012699323513903777, "y:205": 0.023474957797202274, "y:206": 0.014751984026402213, "y:207": 0.017428021637827903, "y:208": 0.004328829726933181, "y:209": 0.016415201092780683, "y:210": 0.009009378059194183, "y:211": 0.012990003135017116, "y:212": 0.019660245596025614, "y:213": 0.022869228999803273, "y:214": 0.01301702794608901, "y:215": 0.02603059332529775, "y:216": 0.007859016459403347, "y:217": 0.016038871092893894, "y:218": 0.0071780684023148985, "y:219": 0.017739753098010173, "y:220": 0.01806215635464044, "y:221": 0.021980560786536162, "y:222": 0.009558522012659144, "y:223": 0.01175679578124532, "y:224": 0.01561985998594293, "y:225": 0.021278287399957317, "y:226": 0.010798250792436561, "y:227": 0.013496722787848478, "y:228": 0.00791976960544162, "y:229": 0.008119572843098074, "y:230": 0.014512006646838868, "y:231": 0.025226068046089196, "y:232": 0.01337198825904502, "y:233": 0.023420076178270785, "y:234": 0.011385977883543267, "y:235": 0.026223932292299214, "y:236": 0.014582873094259107, "y:237": 0.010630440153561684, "y:238": 0.016793719610661437, "y:239": 0.03089259902276237, "y:240": 0.02118046104301141, "y:241": 0.01874394813036312, "y:242": 0.017638972866750837, "y:243": 0.010246179455047924, "y:244": 0.021915971739644678, "y:245": 0.014749911781675736, "y:246": 0.00621632257821274, "y:247": 0.02185074614128655, "y:248": 0.008525329665490931, "y:249": 0.01333368033962515, "y:250": 0.01950340009210225, "y:251": 0.016642784021600413, "y:252": 0.014576090842761666, "y:253": 0.01908071544206377, "y:254": 0.018693829578472685, "y:255": 0.025560131627126406, "y:256": 0.016820443595074973, "y:257": 0.022457296246729062, "y:258": 0.014125209941785765, "y:259": 0.028295391507550845, "y:260": 0.02327906539281886, "y:261": 0.022764690344988986, "y:262": 0.022737009852414135, "y:263": 0.016873034288637245,