{"0": {"y:0": 0.14120364116921114, "y:1": 0.019965461906820522, "y:2": 0.13960173814064658, "y:3": 0.015339998639324393, "y:4": 0.12204782042566585, "y:5": 0.01742348938533396, "y:6": 0.11945535323910059, "y:7": 0.023034880604245196, "y:8": 0.12993576085217, "y:9": 0.027747375678072794, "y:10": 0.11956904307270358, "y:11": 0.034716489449411414, "y:12": 0.11272207212731711, "y:13": 0.03907010625895177, "y:14": 0.1364357826713238, "y:15": 0.03615998983498939, "y:16": 0.11073346508884499, "y:17": 0.04478359513525652, "y:18": 0.12062043733768876, "y:19": 0.04779586331030573, "y:20": 0.11384194195753383, "y:21": 0.0462294587485911, "y:22": 0.12570099104077329, "y:23": 0.047058876553939866, "y:24": 0.12579021858071404, "y:25": 0.05567445987880745, "y:26": 0.12912834789762007, "y:27": 0.05848838457467899, "y:28": 0.11997306332863661, "y:29": 0.07060498611351275, "y:30": 0.1066747555507807, "y:31": 0.05296855977491326}, "1": {"y:0": 0.1262757034776834, "y:1": 0.026269844844123178, "y:2": 0.1268829625939048, "y:3": 0.017113582653155657, "y:4": 0.13269635656172796, "y:5": 0.015385555005036435, "y:6": 0.13116708210718023, "y:7": 0.016850765350168394, "y:8": 0.1296521947061912, "y:9": 0.021078633185207443, "y:10": 0.14727692028336015, "y:11": 0.022845361837832565, "y:12": 0.1532957871349313, "y:13": 0.026991871189811497, "y:14": 0.14941678869085415, "y:15": 0.030959521896465968, "y:16": 0.13678823910730342, "y:17": 0.032558277771510886, "y:18": 0.13515073897051363, "y:19": 0.04239490167423658, "y:20": 0.12875879860753003, "y:21": 0.04770919169411275, "y:22": 0.12181835214536244, "y:23": 0.041115904453042786, "y:24": 0.1418597132303322, "y:25": 0.042426879180470334, "y:26": 0.12938725333106443, "y:27": 0.043069517233049255, "y:28": 0.11780446039981006, "y:29": 0.047099108669894856, "y:30": 0.13361416930358555, "y:31": 0.05359060387997891}, "2": {"y:0": 0.1317373695461298, "y:1": 0.022640162600729527, "y:2": 0.14494773373020947, "y:3": 0.021512661534574776, "y:4": 0.1367578829172775, "y:5": 0.0285752309280507, "y:6": 0.12518650214634328, "y:7": 0.04062333474094767, "y:8": 0.13737255104132817, "y:9": 0.04734658503549176, "y:10": 0.12696835063731113, "y:11": 0.05670304408677297, "y:12": 0.12538592181223424, "y:13": 0.0609054866712821, "y:14": 0.12979280425000353, "y:15": 0.07124918052197227, "y:16": 0.13524864086055366, "y:17": 0.08011904054790309, "y:18": 0.13231890206146185, "y:19": 0.08594139461420572, "y:20": 0.13757518006764313, "y:21": 0.09117547610589326, "y:22": 0.13449478992498148, "y:23": 0.08616896979171769, "y:24": 0.1263559183575503, "y:25": 0.10400479070780345, "y:26": 0.1239511278659959, "y:27": 0.10244770068099805, "y:28": 0.15357805032645633, "y:29": 0.11189424241214925, "y:30": 0.13792917716768352, "y:31": 0.10440758135469445}, "3": {"y:0": 0.13664935071438608, "y:1": 0.037854462442828765, "y:2": 0.13898245283254707, "y:3": 0.026099216630133072, "y:4": 0.13548699802092892, "y:5": 0.02337042331308517, "y:6": 0.14307532741450252, "y:7": 0.027981466122941924, "y:8": 0.13639729459415095, "y:9": 0.03550422437393094, "y:10": 0.13710945548634434, "y:11": 0.03933497186475883, "y:12": 0.139366329759703, "y:13": 0.04933185764525607, "y:14": 0.1354486015064456, "y:15": 0.05847028557668346, "y:16": 0.13365838111545783, "y:17": 0.060377098281384406, "y:18": 0.13030076055628312, "y:19": 0.07408967973830044, "y:20": 0.1425426778156371, "y:21": 0.07358465944865983, "y:22": 0.1373157716972696, "y:23": 0.08217708260157323, "y:24": 0.132726826860614, "y:25": 0.08842436688996684, "y:26": 0.13052381782889, "y:27": 0.09733750549482255, "y:28": 0.14512033810331565, "y:29": 0.10311829968855296, "y:30": 0.13929603320301748, "y:31": 0.09774732938800058}, "4": {"y:0": 0.1088525085206221, "y:1": 0.06015493202957978, "y:2": 0.13965401538676464, "y:3": 0.0428550021283832, "y:4": 0.12200013559427683, "y:5": 0.03879063456948851, "y:6": 0.13598353213327807, "y:7": 0.036951374382464645, "y:8": 0.1491183716918313, "y:9": 0.038766131932187704, "y:10": 0.14849456007712464, "y:11": 0.041250320613088906, "y:12": 0.1296465335008631, "y:13": 0.04445335801434049, "y:14": 0.13335656145236574, "y:15": 0.05431332694813584, "y:16": 0.14482457536337512, "y:17": 0.055334904915868635, "y:18": 0.1346294239508914, "y:19": 0.06202861976964754, "y:20": 0.14791442361681953, "y:21": 0.07469076118424464, "y:22": 0.1254448924123275, "y:23": 0.08160421236024905, "y:24": 0.12859533693691222, "y:25": 0.08930276374877494, "y:26": 0.13623674796880908, "y:27": 0.08978441428675052, "y:28": 0.1374930623893256, "y:29": 0.09468413464722628, "y:30": 0.13086757817859232, "y:31": 0.10398731736325072}, "5": {"y:0": 0.11903961174954465, "y:1": 0.07212952277882816, "y:2": 0.13684747783592563, "y:3": 0.05454458780443456, "y:4": 0.13849491139382006, "y:5": 0.049999329976133586, "y:6": 0.13335582344357447, "y:7": 0.04497361901656741, "y:8": 0.1393405357309786, "y:9": 0.047458959732922766, "y:10": 0.14106892356930958, "y:11": 0.04674230764860469, "y:12": 0.1491859064482253, "y:13": 0.05351271597680572, "y:14": 0.1425313163293472, "y:15": 0.05438603566638497, "y:16": 0.13983157989591566, "y:17": 0.061754983484272906, "y:18": 0.14200560908564047, "y:19": 0.06730313166224958, "y:20": 0.13708475818366836, "y:21": 0.0741208024142708, "y:22": 0.13667201916521918, "y:23": 0.08459887823220255, "y:24": 0.13560754536155795, "y:25": 0.08642131121810437, "y:26": 0.13922317396394215, "y:27": 0.09692614502316799, "y:28": 0.1512076714699726, "y:29": 0.10058706981943714, "y:30": 0.13754196214785963, "y:31": 0.109075684388066}, "6": {"y:0": 0.11504239113051286, "y:1": 0.07566102188061061, "y:2": 0.12820232499842277, "y:3": 0.06500974194474708, "y:4": 0.14014405497482105, "y:5": 0.05417258213689738, "y:6": 0.1433204259755108, "y:7": 0.05338402628047252, "y:8": 0.13532210145600668, "y:9": 0.054573475396865315, "y:10": 0.1427490998131048, "y:11": 0.052498422183785455, "y:12": 0.14260474510510412, "y:13": 0.057839675371776485, "y:14": 0.1425524875118478, "y:15": 0.060337878667192785, "y:16": 0.14315135077998623, "y:17": 0.06632611370983525, "y:18": 0.14016507902539774, "y:19": 0.0741948579418124, "y:20": 0.14576252178927113, "y:21": 0.07652050078737052, "y:22": 0.14143526565365971, "y:23": 0.0861844472353232, "y:24": 0.14492124396308442, "y:25": 0.09312688742091456, "y:26": 0.13792907144968558, "y:27": 0.0986182912215604, "y:28": 0.14396220857806197, "y:29": 0.10403729702840775, "y:30": 0.1427186724325304, "y:31": 0.10848435540313042}, "7": {"y:0": 0.10282272931116075, "y:1": 0.08068223181537723, "y:2": 0.1282106321908252, "y:3": 0.06667513031606818, "y:4": 0.13399188420309538, "y:5": 0.0574524731501184, "y:6": 0.13309387975434658, "y:7": 0.0548371358387491, "y:8": 0.14263627199860196, "y:9": 0.056311263021925344, "y:10": 0.1428706934607336, "y:11": 0.06069594156540139, "y:12": 0.1461260528723441, "y:13": 0.06254847483219207, "y:14": 0.14314116291848542, "y:15": 0.06901006204060274, "y:16": 0.14320373698811154, "y:17": 0.07307219382836332, "y:18": 0.1401562028980966, "y:19": 0.08198704544801677, "y:20": 0.1414014681421446, "y:21": 0.08675908424640254, "y:22": 0.14462547031358813, "y:23": 0.0901408433217189, "y:24": 0.13732758337061512, "y:25": 0.0996051699372242, "y:26": 0.13322150272086863, "y:27": 0.10483049449232981, "y:28": 0.1425951747159122, "y:29": 0.11499658250336747, "y:30": 0.14276396003038605, "y:31": 0.11255245536077074}, "8": {"y:0": 0.08970485438394957, "y:1": 0.08443824832300909, "y:2": 0.11773544033794174, "y:3": 0.07688760494830983, "y:4": 0.13531547000925842, "y:5": 0.0667446659645607, "y:6": 0.13166989827542047, "y:7": 0.06417838443948247, "y:8": 0.14190181796859874, "y:9": 0.0653354886892177, "y:10": 0.14389276870238615, "y:11": 0.06602964197704542, "y:12": 0.14178306607027508, "y:13": 0.06761792092542886, "y:14": 0.14673761961485746, "y:15": 0.07270475914748505, "y:16": 0.14097416542476934, "y:17": 0.0782319259638115, "y:18": 0.14440239059987942, "y:19": 0.08365054101813395, "y:20": 0.1422178450285744,