{"8": {"s:0": 1.0801596685773331, "s:1": 0.9280561001544356, "s:2": 0.3108591343794145, "s:3": 0.32701135769498924, "s:4": 0.3111198068294916, "s:5": 0.3223902166053413, "s:6": 0.030492721995037386, "s:7": 0.03145286776377948, "s:8": 0.015423328487426578, "s:9": 0.03532524987478234, "s:10": 0.013134213319140609, "s:11": 0.029815961814589585, "s:12": 0.04038991902928135, "s:13": 0.019803616216352325, "s:14": 0.024775196589274514, "s:15": 0.010322773831013205, "s:16": 0.02681345602199643}}