{"8": {"s:0": 1.0061138441042685, "s:1": 0.9402809217228827, "s:2": 0.3155248628712974, "s:3": 0.3439739793193891, "s:4": 0.27976416543754207, "s:5": 0.30736591231319976, "s:6": 0.04959686906673849, "s:7": 0.22003903300238326, "s:8": 0.025880345486337625, "s:9": 0.043098455867696346, "s:10": 0.0784799301855806, "s:11": 0.04824022738402716, "s:12": 0.07016750463980945, "s:13": 0.10982750854138627, "s:14": 0.05918604706439726, "s:15": 0.03384940308404073, "s:16": 0.06861098990902291}}