{"8": {"s:0": 2.7460177665541052, "s:1": 3.230368710897737, "s:2": 1.3363953792865753, "s:3": 1.1832383174674246, "s:4": 1.210689898818197, "s:5": 1.2641370621276415, "s:6": 2.233448011856674, "s:7": 0.2968825924096584, "s:8": 0.2673187705892149, "s:9": 0.19048687914867013, "s:10": 0.2924083873319854, "s:11": 0.22092318565935332, "s:12": 0.4279763882369052, "s:13": 0.280783276848286, "s:14": 0.2997398949984611, "s:15": 0.16805412323442537, "s:16": 0.35113135453468586}}