{"3": {"y:0": 0.003011609653610934, "y:1": 0.022211762360339702, "y:2": 0.002784570517972787, "y:3": 0.02039271518704301, "y:4": 0.005586195668386455, "y:5": 0.014129321009208579, "y:6": 0.018709174501121716, "y:7": 0.03602651790239805, "y:8": 0.03835096617102452, "y:9": 0.8387971670288943}}