{"3": {"y:0": 0.03355730306641686, "y:1": 0.053354583146101336, "y:2": 0.04705658845651026, "y:3": 0.05146747738765273, "y:4": 0.02948927094818106, "y:5": 0.028648602158040347, "y:6": 0.09469834412139407, "y:7": 0.06595783403026013, "y:8": 0.10205283583337274, "y:9": 1.4937171608520705}}