{"3": {"y:0": 0.028511990710496635, "y:1": 0.05400988611410848, "y:2": 0.04007008195043083, "y:3": 0.07153563777385463, "y:4": 0.013874682807344996, "y:5": 0.1631540541829117, "y:6": 0.02378100540037059, "y:7": 0.048145186777099565, "y:8": 0.0018226726443762494, "y:9": 0.5550948016390064}}