{"0": {"y:0": 74.62918602206707, "y:1": 5.733144954187674, "y:2": 4.410085027516625, "y:3": 3.8806448380262686, "y:4": 3.460027548169762, "y:5": 3.3850766703590285, "y:6": 3.2703375872019667, "y:7": 3.1921750387871826, "y:8": 3.0835925469739602, "y:9": 3.082358200665592}, "1": {"y:0": 74.36756039777445, "y:1": 8.878485816533107, "y:2": 6.72607930800639, "y:3": 5.700312426459146, "y:4": 5.236595434825455, "y:5": 4.823026823291473, "y:6": 4.568217839831033, "y:7": 4.423009115654885, "y:8": 4.167790378666408, "y:9": 4.051284078831519}, "2": {"y:0": 75.10199563650059, "y:1": 15.056826579759779, "y:2": 11.310949877405976, "y:3": 9.616725874204569, "y:4": 8.648441211282266, "y:5": 7.974313085132295, "y:6": 7.481409787213943, "y:7": 7.2612295016949835, "y:8": 6.8768124462944655, "y:9": 6.799714327354959}, "3": {"y:0": 78.01046896403881, "y:1": 10.283627666978143, "y:2": 8.421397573617691, "y:3": 7.645241493575413, "y:4": 7.064669104485556, "y:5": 6.800187069698086, "y:6": 6.622077623505482, "y:7": 6.402980753667035, "y:8": 6.366557220997955, "y:9": 6.1763953891706525}, "4": {"y:0": 75.20635832625707, "y:1": 9.65325327463459, "y:2": 10.351683456657474, "y:3": 10.573224563870038, "y:4": 10.475799209496778, "y:5": 9.764632766440489, "y:6": 9.261480983078835, "y:7": 9.059352271312024, "y:8": 8.533134650944616, "y:9": 8.091956576603216}, "5": {"y:0": 75.2605276750914, "y:1": 10.008047568261398, "y:2": 11.02013753333986, "y:3": 12.00530700535435, "y:4": 12.120761097817681, "y:5": 11.726367342736255, "y:6": 11.401775288394072, "y:7": 10.936523694520549, "y:8": 10.349642977418844, "y:9": 9.753256246766366}, "6": {"y:0": 77.12980036263704, "y:1": 11.237724995440832, "y:2": 11.703306297461557, "y:3": 13.296773933710572, "y:4": 14.698545028015749, "y:5": 14.724414367990544, "y:6": 14.343603484878782, "y:7": 13.933208292636722, "y:8": 13.442936035840942, "y:9": 12.360119463900991}, "7": {"y:0": 76.07733840541414, "y:1": 14.739845567125604, "y:2": 14.114113290689449, "y:3": 16.703086639731026, "y:4": 18.54701162092254, "y:5": 19.053871171953244, "y:6": 18.746389612731615, "y:7": 18.109216740459818, "y:8": 17.403448005678975, "y:9": 16.570556693200455}, "8": {"y:0": 74.86266021312477, "y:1": 23.481386789419805, "y:2": 21.106656966992574, "y:3": 25.172883414350128, "y:4": 27.55694154494367, "y:5": 29.65323206413467, "y:6": 28.87038237664258, "y:7": 26.885592164406685, "y:8": 24.370608570313802, "y:9": 22.196601221225233}, "9": {"y:0": 75.1652179510016, "y:1": 33.08181590118447, "y:2": 29.89931014249932, "y:3": 32.38727800621963, "y:4": 37.583158390277525, "y:5": 41.43632860282288, "y:6": 41.07302435721672, "y:7": 36.86624972245931, "y:8": 33.079241792518445, "y:9": 29.532985837778163}, "10": {"y:0": 77.42056283239926, "y:1": 41.12928866373202, "y:2": 35.310936913243154, "y:3": 39.76658990346864, "y:4": 47.780452001685696, "y:5": 52.6360423063052, "y:6": 48.531867856293964, "y:7": 43.38089392909884, "y:8": 42.11363773025524, "y:9": 38.323070824320084}, "11": {"y:0": 75.83527669750964, "y:1": 47.24619653793485, "y:2": 43.56426145196203, "y:3": 46.91451137610955, "y:4": 54.5688149458306, "y:5": 55.610470487551396, "y:6": 55.29698227607507, "y:7": 50.61769379223795, "y:8": 47.39014599688196, "y:9": 42.468801509459404}, "12": {"y:0": 73.48293109388462, "y:1": 53.003534711971945, "y:2": 48.22461890393338, "y:3": 55.14913312532246, "y:4": 60.238128700106635, "y:5": 60.30555249646447, "y:6": 56.93585157777779, "y:7": 56.124648546683346, "y:8": 50.97416360964263, "y:9": 49.764718913935376}, "13": {"y:0": 73.7953619441502, "y:1": 55.34469698249049, "y:2": 50.97631330242161, "y:3": 54.347177139112475, "y:4": 60.205604509716096, "y:5": 62.18599107418139, "y:6": 61.46834945540081, "y:7": 58.25480990320341, "y:8": 55.876303934422424, "y:9": 53.76412336105627}, "14": {"y:0": 73.67938862043188, "y:1": 58.478621370373844, "y:2": 54.90820554148278, "y:3": 57.68099037526697, "y:4": 61.08423580666809, "y:5": 64.86546759781749, "y:6": 62.65347740398553, "y:7": 59.32872945203428, "y:8": 57.18380587835898, "y:9": 54.56806914386132}, "15": {"y:0": 75.3405784006351, "y:1": 58.63224569984667, "y:2": 54.891726817441466, "y:3": 59.351859071562956, "y:4": 63.96788854684316, "y:5": 65.72530420636471, "y:6": 65.0198082917328, "y:7": 62.92997029888168, "y:8": 60.50867955255826, "y:9": 57.333979536414}, "16": {"y:0": 73.83774264967917, "y:1": 60.56354006075412, "y:2": 56.947459591367895, "y:3": 59.910357633327635, "y:4": 63.99476293382846, "y:5": 64.9228211630984, "y:6": 63.88747887926424, "y:7": 62.45836234771344, "y:8": 59.44019201001765, "y:9": 57.19396693990258}, "17": {"y:0": 73.57706213803061, "y:1": 63.455972945728924, "y:2": 59.93854789984172, "y:3": 62.746971283302315, "y:4": 64.82690041344864, "y:5": 65.43187454498744, "y:6": 63.446667395886394, "y:7": 60.21540670316605, "y:8": 58.25842813747861, "y:9": 56.11573898723226}, "18": {"y:0": 73.93756511875999, "y:1": 62.848024310117204, "y:2": 59.177797119886584, "y:3": 61.09667307038999, "y:4": 62.790684284142, "y:5": 63.101702374928244, "y:6": 62.47893740939741, "y:7": 60.138532862194985, "y:8": 57.834968941069334, "y:9": 56.135209892059095}}