{"0": {"y:0": 75.66629579570645, "y:1": 6.707504716990743, "y:2": 4.669335130421202, "y:3": 4.160842981895484, "y:4": 3.5506356468716884, "y:5": 3.251473252460534, "y:6": 3.0920647441950053, "y:7": 3.023580429146475, "y:8": 2.8697388297128237, "y:9": 2.834319954325134}, "1": {"y:0": 73.79909626619524, "y:1": 8.56025454104003, "y:2": 6.446758245079529, "y:3": 5.132261734270407, "y:4": 4.782910760782949, "y:5": 4.476822614258106, "y:6": 4.24230242074868, "y:7": 4.025539109371573, "y:8": 3.904321740538591, "y:9": 3.760704379356721}, "2": {"y:0": 74.89391387680747, "y:1": 16.730717569170377, "y:2": 12.031972718935526, "y:3": 9.901515254114674, "y:4": 8.561971386326912, "y:5": 8.071640127891238, "y:6": 7.401405716538761, "y:7": 7.014421920683697, "y:8": 6.661221382606105, "y:9": 6.45487286524065}, "3": {"y:0": 72.95492216769497, "y:1": 11.253800750988036, "y:2": 8.896092962459548, "y:3": 7.527871996503715, "y:4": 6.8294222255170745, "y:5": 6.503361264695125, "y:6": 6.214152786796476, "y:7": 6.001378001030266, "y:8": 5.777011186198187, "y:9": 5.510677235519284}, "4": {"y:0": 75.76876406829255, "y:1": 9.775055729421222, "y:2": 10.416700223336255, "y:3": 10.754416353192255, "y:4": 10.507787752657583, "y:5": 10.287147385832963, "y:6": 9.852712960635309, "y:7": 9.390140874406189, "y:8": 8.894464538706082, "y:9": 8.420089558428467}, "5": {"y:0": 74.99639926208722, "y:1": 10.82051517098629, "y:2": 11.449242391015629, "y:3": 12.53934488378612, "y:4": 12.662838653276362, "y:5": 12.406727643438437, "y:6": 11.657156403738922, "y:7": 11.137712017035819, "y:8": 10.496894003552045, "y:9": 9.806220058976619}, "6": {"y:0": 75.44107220368412, "y:1": 11.74909545505446, "y:2": 11.834177921570756, "y:3": 13.481354852942435, "y:4": 14.16855485185154, "y:5": 14.24665104034731, "y:6": 13.480308425953682, "y:7": 13.197954585659318, "y:8": 12.414267430875176, "y:9": 11.824471102660777}, "7": {"y:0": 75.18442501115206, "y:1": 17.214227883843545, "y:2": 15.503338791464301, "y:3": 17.596775429980095, "y:4": 19.61374648202481, "y:5": 19.689375620892527, "y:6": 18.929432382852482, "y:7": 17.242715025908115, "y:8": 16.64664595492791, "y:9": 15.511475589464304}, "8": {"y:0": 72.5684867770729, "y:1": 25.500158734279825, "y:2": 23.36967768535313, "y:3": 26.52074964603255, "y:4": 31.43723713659281, "y:5": 31.63090158759135, "y:6": 29.633674007104016, "y:7": 26.88923908194626, "y:8": 23.955032603129567, "y:9": 22.749003662433545}, "9": {"y:0": 73.01292750891514, "y:1": 33.89603232290662, "y:2": 30.82992982703388, "y:3": 36.10567142480961, "y:4": 43.161821389316174, "y:5": 44.86809586040547, "y:6": 41.4503591028457, "y:7": 37.41258235065665, "y:8": 33.991498099903176, "y:9": 31.265425503720106}, "10": {"y:0": 77.30067756587977, "y:1": 41.313498082405665, "y:2": 37.233845298485186, "y:3": 42.988551160013735, "y:4": 49.67450731499765, "y:5": 51.17679330067417, "y:6": 48.58202809623551, "y:7": 46.41494586655584, "y:8": 41.30783141269464, "y:9": 38.52109970866565}, "11": {"y:0": 75.25115591843712, "y:1": 47.12629243205337, "y:2": 43.396172092358405, "y:3": 47.92737220863887, "y:4": 55.33692265633138, "y:5": 57.565177611502456, "y:6": 56.356773090293046, "y:7": 51.48017497582612, "y:8": 48.62845309932082, "y:9": 46.96573346135417}, "12": {"y:0": 74.14801582176347, "y:1": 50.02435559654623, "y:2": 47.26155446367957, "y:3": 51.023617269589366, "y:4": 59.10064633701405, "y:5": 61.19133438113623, "y:6": 57.824856448593344, "y:7": 55.26486795587062, "y:8": 51.71616956511044, "y:9": 48.46069953135007}, "13": {"y:0": 75.27720349412537, "y:1": 52.64834325777786, "y:2": 49.47405785314427, "y:3": 54.3414797435765, "y:4": 60.22986356643793, "y:5": 62.22396580835837, "y:6": 58.879215151606815, "y:7": 58.86301743266876, "y:8": 54.03211062744112, "y:9": 50.685174668410596}, "14": {"y:0": 75.06762681461932, "y:1": 58.02161414761452, "y:2": 54.40129247867492, "y:3": 58.28900787682221, "y:4": 62.54567836999089, "y:5": 65.07151149155271, "y:6": 62.62362103423117, "y:7": 59.91888586499075, "y:8": 57.05754443153348, "y:9": 54.83713388537069}, "15": {"s_p0_0": 1.7439224452189128, "s_p1_0": 1.6720630368146665, "s_p0_1": 1.7457529596487038, "s_p1_1": 1.694333480325969}, "16": {"s_p0_0": 1.9082428772774833, "s_p1_0": 1.808135978810444, "s_p0_1": 1.919733090334713, "s_p1_1": 1.853250591101847}, "17": {"s_p0_0": 2.2290648788316103, "s_p1_0": 2.093971389510196, "s_p0_1": 2.2533822508847297, "s_p1_1": 2.1518697034080123}, "18": {"s_p0_0": 2.2576625800170174, "s_p1_0": 2.1692565644765547, "s_p0_1": 2.2645155349126247, "s_p1_1": 2.2130337162897438}, "19": {"s_p0_0": 2.1611097586896744, "s_p1_0": 2.0759162241119786, "s_p0_1": 2.1696495406536997, "s_p1_1": 2.113684582091114}, "20": {"s_p0_0": 2.1485771976763446, "s_p1_0": 2.103914670450705, "s_p0_1": 2.1562128801666733, "s_p1_1": 2.139838556892526}, "21": {"s_p0_0": 1.8906668287303139, "s_p1_0": 1.9033261210247454, "s_p0_1": 1.888862810743964, "s_p1_1": 1.9299888123913116}, "22": {"s_p0_0": 2.083056774155156, "s_p1_0": 1.924924592627612, "s_p0_1": 2.076682595629723, "s_p1_1": 1.948832125660699}}