{"0": {"y:0": 73.80047568911687, "y:1": 6.8689054727545305, "y:2": 5.405918596945437, "y:3": 4.802993908222628, "y:4": 4.089964736311727, "y:5": 3.8803036765296546, "y:6": 3.6479509427809322, "y:7": 3.374534033172187, "y:8": 3.366975792802555, "y:9": 3.2055586981690567}, "1": {"y:0": 76.02960371632122, "y:1": 9.388250115792642, "y:2": 6.35511168287926, "y:3": 5.399422952676801, "y:4": 4.951245312496403, "y:5": 4.622725254691392, "y:6": 4.363429158262399, "y:7": 4.245805721093131, "y:8": 4.0044440540889585, "y:9": 3.9273728201136393}, "2": {"y:0": 72.82916095644715, "y:1": 15.152712724424818, "y:2": 10.88780722314933, "y:3": 9.095202438113951, "y:4": 7.990256872115027, "y:5": 7.261925615861986, "y:6": 6.89723941781641, "y:7": 6.423849790876637, "y:8": 6.27378773382707, "y:9": 6.023644337471934}, "3": {"y:0": 73.47515559663726, "y:1": 10.610634179589855, "y:2": 8.117619361829114, "y:3": 7.317236434348238, "y:4": 6.877771313580714, "y:5": 6.463078412845543, "y:6": 6.252064614892603, "y:7": 6.070854820439502, "y:8": 6.0837869790971295, "y:9": 5.869512229993389}, "4": {"y:0": 74.15263882084128, "y:1": 10.332894827948275, "y:2": 10.568051300351181, "y:3": 10.885855044715651, "y:4": 10.566687371251813, "y:5": 10.102103746802069, "y:6": 9.552557034399216, "y:7": 9.036315590138123, "y:8": 8.778201162961157, "y:9": 8.150920776933026}, "5": {"y:0": 74.69456784062105, "y:1": 10.262634403922185, "y:2": 11.531055121210477, "y:3": 12.401598232050464, "y:4": 12.871564622735965, "y:5": 12.476980454962707, "y:6": 11.93061455225749, "y:7": 11.546901971594162, "y:8": 10.858918446974569, "y:9": 10.193427322952408}, "6": {"y:0": 75.79411821648354, "y:1": 13.355009027361776, "y:2": 12.630863186962888, "y:3": 13.984639528612684, "y:4": 14.620814208758393, "y:5": 15.177344451522048, "y:6": 14.684308755562968, "y:7": 13.945235783745945, "y:8": 13.2632408738761, "y:9": 12.402657909382581}, "7": {"y:0": 76.8742699299122, "y:1": 15.280892500561293, "y:2": 14.285572808105284, "y:3": 16.54332416961006, "y:4": 19.031939384817, "y:5": 18.667540348950453, "y:6": 18.07792978691554, "y:7": 17.5864422421931, "y:8": 16.729929765069894, "y:9": 15.608022147142789}, "8": {"y:0": 71.93732296971618, "y:1": 25.119009971429183, "y:2": 21.851722516203285, "y:3": 26.886155286127725, "y:4": 30.719834301005584, "y:5": 32.77216142632605, "y:6": 30.292323345215873, "y:7": 26.947886593960035, "y:8": 23.362623595331254, "y:9": 21.42368670610838}, "9": {"y:0": 74.2040789719325, "y:1": 30.357028999933373, "y:2": 27.623928257946297, "y:3": 32.77716548633598, "y:4": 39.6801638153579, "y:5": 40.68862008896247, "y:6": 40.026166996015206, "y:7": 37.601285016607676, "y:8": 30.845505939776004, "y:9": 28.585647812571118}, "10": {"y:0": 75.82906234099023, "y:1": 41.22105626367725, "y:2": 34.805516260884325, "y:3": 40.976065050670115, "y:4": 46.88973102308522, "y:5": 50.28536176053331, "y:6": 46.65769893476978, "y:7": 42.21373507005466, "y:8": 40.62595765169644, "y:9": 37.059543419166424}, "11": {"y:0": 77.76907820280671, "y:1": 47.42404062716086, "y:2": 42.436366249807115, "y:3": 48.567575095465095, "y:4": 54.34142575207629, "y:5": 56.52409033842672, "y:6": 54.436149009492595, "y:7": 49.94694386131249, "y:8": 46.13786757349676, "y:9": 43.18120027872843}, "12": {"y:0": 73.73488743541469, "y:1": 52.092666881730985, "y:2": 47.8362856271194, "y:3": 53.39409892626647, "y:4": 58.861167216091836, "y:5": 61.396450223226175, "y:6": 60.24839346962618, "y:7": 55.51863596792941, "y:8": 50.785919973643026, "y:9": 48.68152362723959}, "13": {"y:0": 75.00858352746779, "y:1": 55.35289535121121, "y:2": 52.59931673837974, "y:3": 55.84593093237258, "y:4": 62.194772135611856, "y:5": 64.27604372399715, "y:6": 61.26453813624303, "y:7": 58.36401082788952, "y:8": 53.64839136561586, "y:9": 50.29073667620524}, "14": {"y:0": 74.38616612362843, "y:1": 57.43924180228158, "y:2": 54.85213442033798, "y:3": 59.073537740502196, "y:4": 62.4843446932026, "y:5": 63.7197686391253, "y:6": 60.495336218803956, "y:7": 58.892673309395654, "y:8": 56.142881540461, "y:9": 54.26502704067091}, "15": {"s_p0_0": 1.7077930962936796, "s_p1_0": 1.704019641280096, "s_p0_1": 1.7069774787615388, "s_p1_1": 1.708377062910657}, "16": {"s_p0_0": 1.976200152435704, "s_p1_0": 1.9593657680022063, "s_p0_1": 1.9743792959122597, "s_p1_1": 1.967132817311902}, "17": {"s_p0_0": 2.2325088430866353, "s_p1_0": 2.2159655061153165, "s_p0_1": 2.2318133237287845, "s_p1_1": 2.2278192421279988}, "18": {"s_p0_0": 2.2059659476506783, "s_p1_0": 2.034061315104226, "s_p0_1": 2.2019056179976864, "s_p1_1": 2.041609542823699}, "19": {"s_p0_0": 2.1278736367269495, "s_p1_0": 2.1674859178172983, "s_p0_1": 2.1257067908421408, "s_p1_1": 2.167482763518553}, "20": {"s_p0_0": 2.284906050606465, "s_p1_0": 2.284939681219843, "s_p0_1": 2.286735971495797, "s_p1_1": 2.288829338727482}, "21": {"s_p0_0": 2.199655677212327, "s_p1_0": 2.1555281555257153, "s_p0_1": 2.1995798729832092, "s_p1_1": 2.1593405959065257}}