{"0": {"y:0": 2.0190365806112447, "y:1": 3.212782549863307, "y:2": 2.1124365093616713, "y:3": 1.7378934037160043, "y:4": 1.5991494053720228, "y:5": 1.5075778452881152, "y:6": 1.6336023187301996, "y:7": 1.3535598079436808, "y:8": 1.3860437291982823, "y:9": 1.3303755169570488}, "1": {"y:0": 2.0268955192399645, "y:1": 3.182090455348195, "y:2": 2.0491375706258643, "y:3": 1.7284773074887114, "y:4": 1.5840286439029623, "y:5": 1.4717826788506396, "y:6": 1.5974378359008252, "y:7": 1.3331839617722523, "y:8": 1.3611158820175562, "y:9": 1.3145183766269641}, "2": {"y:0": 2.0193762588502366, "y:1": 5.391216997947204, "y:2": 3.268142331925124, "y:3": 2.7342201605790066, "y:4": 2.5075394203100845, "y:5": 2.384877449869713, "y:6": 3.708702327884621, "y:7": 2.1873701465670896, "y:8": 2.2747496671622702, "y:9": 2.1416046628192187}, "3": {"y:0": 2.0206396938064324, "y:1": 5.065951195756618, "y:2": 3.780496773004733, "y:3": 3.4631557739733965, "y:4": 3.266997943099122, "y:5": 3.2130219204449233, "y:6": 2.0782220394135833, "y:7": 2.94018783358725, "y:8": 3.058449224034282, "y:9": 2.9117571404184948}, "4": {"y:0": 2.024579020686839, "y:1": 5.722000906077191, "y:2": 5.372119369437294, "y:3": 4.972127235927481, "y:4": 4.792704393190507, "y:5": 4.49977664859065, "y:6": 1.9739425328375197, "y:7": 4.033023383284029, "y:8": 4.061683271889304, "y:9": 3.8059532116771555}, "5": {"y:0": 2.016001022648668, "y:1": 5.051059482184633, "y:2": 5.6342628006228495, "y:3": 6.194798138671218, "y:4": 6.316379887353263, "y:5": 6.1569249764788925, "y:6": 1.916263783728796, "y:7": 5.651765044309525, "y:8": 5.807335869538267, "y:9": 5.2653804332509715}, "6": {"y:0": 2.021688011702269, "y:1": 5.9830604422790445, "y:2": 6.186486675316093, "y:3": 7.24809555371594, "y:4": 7.847318104410057, "y:5": 7.635769651194154, "y:6": 1.9543576908037856, "y:7": 6.968606680552524, "y:8": 7.044737813612136, "y:9": 6.496158083462619}, "7": {"y:0": 2.019529339921862, "y:1": 7.160720662054702, "y:2": 7.4003473677695695, "y:3": 10.201843234170536, "y:4": 11.781428944095442, "y:5": 11.929415753777024, "y:6": 2.0068222581200437, "y:7": 10.061948599429526, "y:8": 10.440440637152973, "y:9": 9.470283321223}, "8": {"y:0": 2.0198202824753424, "y:1": 12.142137945727395, "y:2": 11.045446200974139, "y:3": 14.375881784441727, "y:4": 17.087321655435144, "y:5": 17.30393132310614, "y:6": 1.9924194431747118, "y:7": 14.579282569034964, "y:8": 12.537593402443395, "y:9": 11.731485230334155}, "9": {"y:0": 2.0224168383380308, "y:1": 15.948630298842925, "y:2": 15.286445928897853, "y:3": 18.13225119863796, "y:4": 21.575280677098377, "y:5": 21.859942973129076, "y:6": 2.0126874820621237, "y:7": 17.93296374822277, "y:8": 16.268833401175286, "y:9": 15.457154548786443}, "10": {"y:0": 2.0149546074112097, "y:1": 21.31353918174375, "y:2": 19.780222206711212, "y:3": 22.5016036836756, "y:4": 26.319138881653735, "y:5": 25.7839002730882, "y:6": 2.0118484278463096, "y:7": 20.683713023787057, "y:8": 18.56781797931304, "y:9": 19.062708189173122}, "11": {"y:0": 2.0211680386168935, "y:1": 23.427197798603082, "y:2": 22.107160359738856, "y:3": 24.139928668808903, "y:4": 29.000854036395914, "y:5": 29.974228894917275, "y:6": 2.0218172396271656, "y:7": 22.95777287839583, "y:8": 21.85822127407948, "y:9": 22.130259632992633}, "12": {"y:0": 2.022811486181926, "y:1": 27.252058526078248, "y:2": 25.716447375227137, "y:3": 27.49162366488476, "y:4": 30.355037865084253, "y:5": 31.817261713099413, "y:6": 2.0169172769079062, "y:7": 26.042875390600532, "y:8": 22.920535523331658, "y:9": 25.41019256349077}, "13": {"y:0": 2.019866979002168, "y:1": 26.474107161395608, "y:2": 26.251080939651835, "y:3": 28.788222537665394, "y:4": 30.69843173659253, "y:5": 31.572854528415167, "y:6": 2.0196708247495896, "y:7": 26.603556624018292, "y:8": 23.273752499484736, "y:9": 27.199628305051377}, "14": {"y:0": 2.0219366053231886, "y:1": 28.41623939283761, "y:2": 27.699217303854834, "y:3": 29.724115939247465, "y:4": 32.195110632001786, "y:5": 32.41419937697813, "y:6": 2.0190452356241915, "y:7": 27.163680736567738, "y:8": 23.574463721116917, "y:9": 26.496072322517858}, "15": {"y:0": 2.021833885860301, "y:1": 28.65257800998515, "y:2": 27.960037034008003, "y:3": 30.113937139847753, "y:4": 33.00813533074024, "y:5": 32.77246103581529, "y:6": 2.0189226140275744, "y:7": 28.667530741708084, "y:8": 24.626440116971022, "y:9": 28.44306900889}, "16": {"y:0": 2.0202967014396775, "y:1": 29.557274166649965, "y:2": 29.56219124214359, "y:3": 31.373323973038133, "y:4": 33.00677894062916, "y:5": 33.27406356131213, "y:6": 2.023190325026482, "y:7": 28.0649243896711, "y:8": 24.860987856600154, "y:9": 28.655134081446064}}