{"0": {"y:0": 70.46634157947034, "y:1": 5.544285051047111, "y:2": 4.527531818441274, "y:3": 3.727849872546077, "y:4": 3.572047679116205, "y:5": 3.3331705754933205, "y:6": 3.1975416472848703, "y:7": 3.0371947961095356, "y:8": 2.88967421520426, "y:9": 2.7868489416080804}}