{"0": {"y:0": 0.01419626715395731, "y:1": 0.18213424305794906, "y:2": 0.3984722765538431, "y:3": 0.3843892515102345, "y:4": 0.33844897100354737, "y:5": 0.04368389659676673, "y:6": 0.0021841999502729306}, "1": {"y:0": 0.018276438751201694, "y:1": 0.19004177532566696, "y:2": 0.40526141643444935, "y:3": 0.4186318969245539, "y:4": 0.38115629619274854, "y:5": 0.053628067200558335, "y:6": 0.0028802797388545053}, "2": {"y:0": 0.08816092274075, "y:1": 0.3781861170690012, "y:2": 0.49397155711229984, "y:3": 0.519671876251891, "y:4": 0.4949655538851963, "y:5": 0.14147127505646429, "y:6": 0.01425981824993787}, "3": {"y:0": 0.1828442332163983, "y:1": 0.5791270789915037, "y:2": 0.7183495228151138, "y:3": 0.7412717854670403, "y:4": 0.6321789572930062, "y:5": 0.22490342404473118, "y:6": 0.032458443633931}, "4": {"y:0": 0.406495658636298, "y:1": 0.7979349127199936, "y:2": 0.8738984983941588, "y:3": 0.8942616363165539, "y:4": 0.7579827318997368, "y:5": 0.329360292783588, "y:6": 0.07376552269428646}, "5": {"y:0": 0.6457464724214922, "y:1": 0.9628037310585521, "y:2": 1.0687252620965924, "y:3": 1.124337481450072, "y:4": 0.9895620183800312, "y:5": 0.4822763440910291, "y:6": 0.1277270493436616}, "6": {"y:0": 0.9211838921742507, "y:1": 1.401485088710467, "y:2": 1.4926275563102973, "y:3": 1.496885805487907, "y:4": 1.2154462804333082, "y:5": 0.639629065695693, "y:6": 0.1736042967715871}, "7": {"y:0": 1.3532669680913751, "y:1": 1.9312510648844328, "y:2": 2.0698670370465506, "y:3": 2.0981816016254418, "y:4": 1.7039431086435581, "y:5": 0.931326687440753, "y:6": 0.28061596536824823}, "8": {"y:0": 1.9587913382581306, "y:1": 2.897031592809643, "y:2": 3.09702944099464, "y:3": 3.263319723100319, "y:4": 2.6195794958124377, "y:5": 1.2884185449071162, "y:6": 0.38110383608161763}, "9": {"y:0": 2.960693930036825, "y:1": 4.374409905352163, "y:2": 4.549295082991049, "y:3": 4.638352082467611, "y:4": 3.6980330434961757, "y:5": 1.6668621128292294, "y:6": 0.5334918407445617}, "10": {"y:0": 3.881514307613416, "y:1": 5.906641980089018, "y:2": 6.4181216702674355, "y:3": 6.37928333779727, "y:4": 4.603541914738211, "y:5": 2.1150214136220358, "y:6": 0.6931037974750531}, "11": {"y:0": 5.045858415224897, "y:1": 7.7787213452357875, "y:2": 7.769029896914314, "y:3": 7.891442704027353, "y:4": 6.260485291567858, "y:5": 2.8411665035617806, "y:6": 0.937181910090471}, "12": {"y:0": 6.681554219853143, "y:1": 9.498745198250823, "y:2": 10.593504158584926, "y:3": 10.238974916931223, "y:4": 7.867436036252257, "y:5": 3.7207480410065226, "y:6": 1.201851065303674}, "13": {"y:0": 7.652880375444548, "y:1": 11.06870837883807, "y:2": 12.783720455140166, "y:3": 11.260548375437565, "y:4": 11.005024033726347, "y:5": 4.945916891049775, "y:6": 1.548994252984789}, "14": {"y:0": 9.373176181011738, "y:1": 13.692943171839648, "y:2": 15.896179602179533, "y:3": 12.665674669270608, "y:4": 13.065815116011432, "y:5": 6.089019065177104, "y:6": 1.8105439786545259}, "15": {"y:0": 9.426819319330601, "y:1": 13.393123164357277, "y:2": 17.602402105676738, "y:3": 13.095205399021705, "y:4": 14.437853222024689, "y:5": 7.243335235817107, "y:6": 2.383992749968956}, "16": {"y:0": 7.419342111537775, "y:1": 12.647304879922425, "y:2": 19.56878610246577, "y:3": 15.644696368911857, "y:4": 15.990222747295086, "y:5": 7.603582916816919, "y:6": 2.449670944734345}, "17": {"y:0": 7.577714437281889, "y:1": 14.723837432856818, "y:2": 22.28074468034914, "y:3": 19.9606508536119, "y:4": 17.548103461384386, "y:5": 9.056017509069475, "y:6": 2.6501359017129764}, "18": {"y:0": 8.03186852607596, "y:1": 18.113808330483582, "y:2": 27.31335654885305, "y:3": 25.1687998348844, "y:4": 20.54293002368508, "y:5": 10.98526586633565, "y:6": 2.7771229777661612}, "19": {"y:0": 9.201944455611068, "y:1": 21.033038111426585, "y:2": 30.566524460722725, "y:3": 31.11078817136923, "y:4": 23.287462469474217, "y:5": 12.183091534613649, "y:6": 3.23466057014601}, "20": {"y:0": 12.223469040701735, "y:1": 27.961879000895966, "y:2": 36.37199844465862, "y:3": 35.17989181340433, "y:4": 25.472149934434036, "y:5": 14.555273616732812, "y:6": 3.621404456114843}, "21": {"y:0": 13.669581949822602, "y:1": 32.083111361948255, "y:2": 42.253042586227494, "y:3": 43.115010114164335, "y:4": 30.700772076057447, "y:5": 17.021967296975987, "y:6": 4.106922653278964}, "22": {"y:0": 16.53173283334329, "y:1": 40.00321305092598, "y:2": 49.080346770782015, "y:3": 47.99228691806151, "y:4": 31.886941328091044, "y:5": 17.548930011980705, "y:6": 4.7267276189306004}, "23": {"y:0": 19.385065673156227, "y:1": 47.23539715486469, "y:2": 59.90546438467732, "y:3": 56.187944959185785, "y:4": 36.323985773043084, "y:5": 20.49817664228277, "y:6": 5.372456681901096}, "24": {"y:0": 23.382037464692168, "y:1": 56.624478576140035, "y:2": 65.91492442343494, "y:3": 60.445019181268464, "y:4": 38.11079990565543, "y:5": 20.972408495107068, "y:6": 6.057194468182626}, "25": {"y:0": 31.5025671533464, "y:1": 68.64576524576108, "y:2": 68.34084775054463, "y:3": 58.12720897923719, "y:4": 31.615371922541954, "y:5": 16.519276725302014, "y:6": 6.905417353832107}, "26": {"y:0": 39.08417309099006, "y:1": 80.89854990539125, "y:2": 78.73868697431406, "y:3": 65.12136117381145, "y:4": 38.92688238384946, "y:5": 20.750118010830807, "y:6": 8.098082599298225}, "27": {"y:0": 50.461443034902544, "y:1": 92.30337450404272, "y:2": 85.18079085819161, "y:3": 67.89236419215706, "y:4": 37.625134708412254, "y:5": 20.350150549410323, "y:6": 9.062956335924312}, "28": {"y:0": 57.66544868843002, "y:1": 98.59992947001481, "y:2": 92.37216574188662, "y:3": 70.87621847735717, "y:4": 41.73632735863972, "y:5": 23.709847010596334, "y:6": 10.309546374475959}, "29": {"y:0": 71.98574856056436, "y:1": 106.30789629959376, "y:2": 102.02353795212072, "y:3": 76.0365865101587, "y:4": 44.49503912804199, "y:5": 26.09709585745653, "y:6": 10.77809015065128}, "30": {"y:0": 74.02995088859929, "y:1": 95.42396623681394, "y:2": 73.93186803675458, "y:3": 53.285302237504006, "y:4": 34.58091532284864, "y:5": 22.451246404181877, "y:6": 12.287081322406173}, "31": {"y:0": 86.39388081843975, "y:1": 112.16783551636092, "y:2": 98.21369503000292, "y:3": 72.31404684919332, "y:4": 43.88192547618735, "y:5": 26.422368107562228, "y:6": 12.505750716885437}, "32": {"y:0": 90.795304349709, "y:1": 116.91271432386361, "y:2": 93.23520656149405, "y:3": 71.170195216975, "y:4": 46.77196980386232, "y:5": 27.755145148358714, "y:6": 13.195116442663299}, "33": {"y:0": 105.50667274949905, "y:1": 120.41423980974662, "y:2": 104.98337295671318, "y:3": 77.48564383514898, "y:4": 47.124655869208446, "y:5": 27.539497576290056, "y:6": 13.382725145138886}, "34": {"y:0": 106.65335492599513, "y:1": 117.47991321780212, "y:2": 102.28381497758264, "y:3": 72.14480455536247, "y:4": 45.607776097983155, "y:5": 28.062407173229715, "y:6": 13.064038345823187}}