{"0": {"y:0": 0.007040421960098619, "y:1": 0.009979787865274422, "y:2": 0.003834474299169205, "y:3": 0.005754112211136896, "y:4": 0.01488451374185795, "y:5": 0.0033977799654777326, "y:6": 0.022859113884012575, "y:7": 0.0051538045383978685, "y:8": 0.012365333328040441, "y:9": 0.008152636190689396, "y:10": 0.003559364472230626, "y:11": 0.007558489645863155, "y:12": 0.006512432149904894, "y:13": 0.0022798506746505706, "y:14": 0.02513726533713936, "y:15": 0.0038570744369735314, "y:16": 0.03996166447505744, "y:17": 0.007873142232775028, "y:18": 0.006140322471477485, "y:19": 0.013047546249683543, "y:20": 0.0030091365893228014, "y:21": 0.002818222056899322, "y:22": 0.020070564901098834, "y:23": 0.0024684945579288484, "y:24": 0.06971814391172536, "y:25": 0.02172660968899217, "y:26": 0.013669480435403704, "y:27": 0.011219316333583772, "y:28": 0.004665129451795106, "y:29": 0.01121611909167444}, "1": {"y:0": 0.007082711805805305, "y:1": 0.010106734818554838, "y:2": 0.0038346906174178256, "y:3": 0.006270491608954217, "y:4": 0.014397614837810446, "y:5": 0.0035101981255094847, "y:6": 0.02230420056032039, "y:7": 0.005286378205385427, "y:8": 0.011996896691604086, "y:9": 0.007988019605757594, "y:10": 0.003562404607427514, "y:11": 0.007389599082890464, "y:12": 0.006486048999254851, "y:13": 0.0023034091120093577, "y:14": 0.025934982833496444, "y:15": 0.003797444415804902, "y:16": 0.04145083760144467, "y:17": 0.007970809054057589, "y:18": 0.00610383563383478, "y:19": 0.012786506130996467, "y:20": 0.003035076878946606, "y:21": 0.0028068672877537347, "y:22": 0.020443031586431338, "y:23": 0.002494316408429832, "y:24": 0.0700499451147882, "y:25": 0.02120659921743187, "y:26": 0.013922052702512792, "y:27": 0.010987618916754165, "y:28": 0.004721618504294758, "y:29": 0.011332417477963501}, "2": {"y:0": 0.0070411566078566945, "y:1": 0.012735004711287561, "y:2": 0.003841740414021511, "y:3": 0.007814252619209372, "y:4": 0.014309312757160728, "y:5": 0.004095879110911996, "y:6": 0.022568292722543046, "y:7": 0.006619155266415538, "y:8": 0.012168676783009938, "y:9": 0.01041807760779528, "y:10": 0.003563806667351189, "y:11": 0.00993847229837104, "y:12": 0.006469394597492602, "y:13": 0.0023752008241080423, "y:14": 0.026355003444124114, "y:15": 0.004078634211119465, "y:16": 0.042787814661954006, "y:17": 0.009186616288646976, "y:18": 0.00609541338221082, "y:19": 0.014273902736571534, "y:20": 0.0030127712375438904, "y:21": 0.002909090727761301, "y:22": 0.02057330950535457, "y:23": 0.002511077272406423, "y:24": 0.0735536477230204, "y:25": 0.020796705992488052, "y:26": 0.013877083533373823, "y:27": 0.012418624896331802, "y:28": 0.0047264444053574045, "y:29": 0.01242363679522727}, "3": {"y:0": 0.007040328293862848, "y:1": 0.013469979885496657, "y:2": 0.0038342426305059073, "y:3": 0.009810793625189284, "y:4": 0.01432434159535731, "y:5": 0.004808225773252781, "y:6": 0.02286951525718652, "y:7": 0.009268787246416586, "y:8": 0.01219778569416898, "y:9": 0.017732935851296778, "y:10": 0.003557396594672824, "y:11": 0.0171191955807053, "y:12": 0.006485701116362453, "y:13": 0.002646732197982194, "y:14": 0.02635624332186344, "y:15": 0.004782200351581279, "y:16": 0.04275344350241508, "y:17": 0.012403753946458403, "y:18": 0.006100915089287672, "y:19": 0.014665085819469839, "y:20": 0.0030183669998029433, "y:21": 0.0031074696794717127, "y:22": 0.020754734729450348, "y:23": 0.002680847767430346, "y:24": 0.07438347683973316, "y:25": 0.013532209637213988, "y:26": 0.013782309476535203, "y:27": 0.013938617068993546, "y:28": 0.004705692517457622, "y:29": 0.014410227832847877}, "4": {"y:0": 0.00702850012596625, "y:1": 0.0139730893123141, "y:2": 0.0038473704359809928, "y:3": 0.01061528329564228, "y:4": 0.014415517826062993, "y:5": 0.005000627291837155, "y:6": 0.022995914833307554, "y:7": 0.010460274269677702, "y:8": 0.012046519551440345, "y:9": 0.028213615827078032, "y:10": 0.0035601149608483224, "y:11": 0.026286096792691366, "y:12": 0.006515926621540285, "y:13": 0.002785490635868023, "y:14": 0.027170522875466768, "y:15": 0.0053342094560973365, "y:16": 0.04419629822361862, "y:17": 0.016782052256290637, "y:18": 0.006132883511227545, "y:19": 0.021762218467788447, "y:20": 0.0030220228141655888, "y:21": 0.0032794416098068623, "y:22": 0.0204200406346614, "y:23": 0.002788005970648395, "y:24": 0.07459088826591335, "y:25": 0.013971102104901696, "y:26": 0.01389526266752417, "y:27": 0.02034698318774633, "y:28": 0.004708297614665633, "y:29": 0.019559034629244878}, "5": {"y:0": 0.007012128721211713, "y:1": 0.013307392782322368, "y:2": 0.003847204435911248, "y:3": 0.011631186958956477, "y:4": 0.014515879807967752, "y:5": 0.0052956146835071586, "y:6": 0.022923152576668136, "y:7": 0.011921109610455952, "y:8": 0.012301589969304912, "y:9": 0.02206126373540742, "y:10": 0.0035665237206807107, "y:11": 0.030113932042757034, "y:12": 0.006403483701055535, "y:13": 0.002910747613176474, "y:14": 0.0265971635131745, "y:15": 0.0058359221074252956, "y:16": 0.04410564169577891, "y:17": 0.024257448765131254, "y:18": 0.006125288520545752, "y:19": 0.015499914219870913, "y:20": 0.0030143286663014586, "y:21": 0.0035160486278360023, "y:22": 0.0210073884475859, "y:23": 0.0029457962806723062, "y:24": 0.07451472176160184, "y:25": 0.010861114399037867, "y:26": 0.01399225620777094, "y:27": 0.023252257022298543, "y:28": 0.004720051415448646, "y:29": 0.023515831354440464}, "6": {"y:0": 0.007044795030075528, "y:1": 0.013581774828236616, "y:2": 0.003839191813079596, "y:3": 0.011697036927647907, "y:4": 0.014347304179480155, "y:5": 0.005287888427479178, "y:6": 0.023145334497883772, "y:7": 0.012124006217593361, "y:8": 0.012134234522188064, "y:9": 0.02621848347313813, "y:10": 0.0035563902475765474, "y:11": 0.03949121001118156, "y:12": 0.006474311721410332, "y:13": 0.002899542538243861, "y:14": 0.026504841111841555, "y:15": 0.005839418658176452, "y:16": 0.04193696096346945, "y:17": 0.023943583468223038, "y:18": 0.006090137934820771, "y:19": 0.018583540881498828, "y:20": 0.003017261724941497, "y:21": 0.003517235477164354, "y:22": 0.020973715721739433, "y:23": 0.002960018111581201, "y:24": 0.0770261497488773, "y:25": 0.012330594985937048, "y:26": 0.013807812594009062, "y:27": 0.029974286446564042, "y:28": 0.004695292216851782, "y:29": 0.028992253485093704}, "7": {"y:0": 0.007062022596671518, "y:1": 0.013363205220672244, "y:2": 0.0038432480541247737, "y:3": 0.012166817343260536, "y:4": 0.014473923100860715, "y:5": 0.005467986955307258, "y:6": 0.022891452125957574, "y:7": 0.013316577147556548, "y:8": 0.012094126462273293, "y:9": 0.022401759173393175, "y:10": 0.003558684768353939, "y:11": 0.043943925058883865, "y:12": 0.0064670576308639705, "y:13": 0.0030195442353884334, "y:14": 0.026987842191713046, "y:15": 0.006290209166485049, "y:16": 0.04246478689756739, "y:17": 0.03454807115567355, "y:18": 0.006092044173181306, "y:19": 0.01598062148293297, "y:20": 0.0030201853853244133, "y:21": 0.00369270659514527, "y:22": 0.02117782298411799, "y:23": 0.0030809357185758975, "y:24": 0.06932760996939305, "y:25": 0.01072739819871979, "y:26": 0.013836306029836543, "y:27": 0.03639391789114228, "y:28": 0.004709810712636209, "y:29": 0.03400003555443105}, "8": {"y:0": 0.007063726388468451, "y:1": 0.013358172848254224, "y:2": 0.003834646618556054, "y:3": 0.012121064112726763, "y:4": 0.014429815017974603, "y:5": 0.00544928918861712, "y:6": 0.02251549889933531, "y:7": 0.01319060060159782, "y:8": 0.012069865092583058, "y:9": 0.0232303473018967, "y:10": 0.0035645683388799733, "y:11": 0.047722222213005254, "y:12": 0.006452912052414292, "y:13": 0.0029960486129829733, "y:14": 0.026824112846608766, "y:15": 0.006240204769962944, "y:16": 0.04234136715886426, "y:17": 0.03396449227874521, "y:18": 0.006105980495165129, "y:19": 0.0166027243116165, "y:20": 0.0030187027572897126, "y:21": 0.003681856570484342, "y:22": 0.02094331143131623, "y:23": 0.0030802585640906147, "y:24": 0.07718716026125447, "y:25": 0.011095504098567441, "y:26": 0.013804150031577145, "y:27": 0.03734177364345,