{"0": {"y:0": 69.8071807396926, "y:1": 7.580419751494791, "y:2": 5.7076866714028105, "y:3": 4.798584430744731, "y:4": 4.49719860062871, "y:5": 4.145676391177069, "y:6": 4.04914353909114, "y:7": 3.7987419055185074, "y:8": 3.6820958776825212, "y:9": 3.6871887400127443}, "1": {"y:0": 71.72721706180343, "y:1": 6.975413641191122, "y:2": 5.039675229852273, "y:3": 4.305619037893909, "y:4": 4.049902976264276, "y:5": 3.657841405801633, "y:6": 3.468834078607692, "y:7": 3.3095869749043234, "y:8": 3.2887409552114755, "y:9": 3.1222182370705562}, "2": {"y:0": 70.64855624243656, "y:1": 12.748712613498666, "y:2": 9.182175814060157, "y:3": 8.037062743408542, "y:4": 7.19565617333025, "y:5": 6.596754634512749, "y:6": 6.216836891102975, "y:7": 5.862167912669956, "y:8": 5.6141197764169934, "y:9": 5.389848053366879}, "3": {"y:0": 73.27748323660263, "y:1": 8.115270797405161, "y:2": 7.047778792460172, "y:3": 6.668742069260316, "y:4": 6.229786268888681, "y:5": 6.2686672498010525, "y:6": 6.161497785064727, "y:7": 6.107302670621716, "y:8": 6.031141671149047, "y:9": 5.916253655020642}, "4": {"y:0": 74.14545721845444, "y:1": 9.113290935315378, "y:2": 9.963901397749254, "y:3": 10.113960427932588, "y:4": 10.136920731056518, "y:5": 9.767443251882625, "y:6": 9.594728449243997, "y:7": 9.337652903542592, "y:8": 8.992054302498016, "y:9": 8.664735222887836}, "5": {"y:0": 74.16709862482648, "y:1": 10.296942878429467, "y:2": 12.879162081681779, "y:3": 13.765625759595114, "y:4": 14.143480828261835, "y:5": 14.59331036485632, "y:6": 14.851722545737491, "y:7": 14.352920157778014, "y:8": 13.826677561541443, "y:9": 13.405095236054263}, "6": {"y:0": 73.03451470710384, "y:1": 16.140699380318367, "y:2": 20.204409772718574, "y:3": 22.116870148347832, "y:4": 23.744520255176948, "y:5": 23.351688283614426, "y:6": 23.091048262966428, "y:7": 23.231743818056476, "y:8": 22.871808104350183, "y:9": 22.508127929513833}, "7": {"y:0": 73.55291629379336, "y:1": 17.61394782916192, "y:2": 25.28395838983813, "y:3": 30.240197117993013, "y:4": 32.02942224457756, "y:5": 31.978010389546238, "y:6": 33.25598405439581, "y:7": 32.71942182426235, "y:8": 31.843986393774514, "y:9": 31.60414246824569}, "8": {"y:0": 73.66322936177183, "y:1": 19.286874735154907, "y:2": 28.451592569561647, "y:3": 33.39033419079659, "y:4": 35.794335836179414, "y:5": 36.324791400884564, "y:6": 36.831463654011976, "y:7": 37.34978986108078, "y:8": 36.33704768717309, "y:9": 35.96727577222364}, "9": {"y:0": 74.5539367495344, "y:1": 8.897708557719378, "y:2": 16.20617001873031, "y:3": 22.218435402195755, "y:4": 25.30720302723606, "y:5": 27.129968060241545, "y:6": 27.507110401699787, "y:7": 27.34258838604696, "y:8": 27.160434109670973, "y:9": 26.124828485991994}, "10": {"y:0": 74.15199928705361, "y:1": 8.534019206109662, "y:2": 14.692847240024015, "y:3": 21.75808781911959, "y:4": 26.24489276456309, "y:5": 28.38655854209232, "y:6": 29.27909052352725, "y:7": 29.04588356673442, "y:8": 28.28748739814667, "y:9": 27.662146672896124}, "11": {"y:0": 73.84840996415728, "y:1": 23.010469152376597, "y:2": 16.999998815134276, "y:3": 17.650626558695038, "y:4": 21.54801485870358, "y:5": 25.2679288861042, "y:6": 26.95733574652455, "y:7": 26.30068143992062, "y:8": 25.610987781763647, "y:9": 24.158062803643386}, "12": {"y:0": 72.32709988853503, "y:1": 26.446904607323567, "y:2": 18.797579214304257, "y:3": 17.994064800502354, "y:4": 20.789055218677305, "y:5": 23.529198885332544, "y:6": 25.036410604007617, "y:7": 25.117783657417377, "y:8": 24.364587218048786, "y:9": 22.885314196423042}, "13": {"y:0": 70.26818823973586, "y:1": 24.157509976014254, "y:2": 29.58172592383884, "y:3": 30.661849455524372, "y:4": 31.970138586509613, "y:5": 32.52234093021684, "y:6": 33.437474538875094, "y:7": 32.79551551959318, "y:8": 33.329272182808104, "y:9": 31.79442317647881}, "14": {"y:0": 73.40158329884576, "y:1": 34.51814946426654, "y:2": 40.580943291451334, "y:3": 40.53910183272329, "y:4": 41.13972214543139, "y:5": 41.80287672427674, "y:6": 41.28528221742992, "y:7": 41.91027396703633, "y:8": 41.24378236622623, "y:9": 42.30283372094616}, "15": {"y:0": 73.74133761615643, "y:1": 23.3408366875884, "y:2": 31.911649063674066, "y:3": 37.62016180747223, "y:4": 39.28671047866721, "y:5": 40.07397318945122, "y:6": 40.30558018357175, "y:7": 41.16407727151735, "y:8": 40.91363829850483, "y:9": 40.372394012837475}, "16": {"y:0": 73.64779445903866, "y:1": 31.69737407249407, "y:2": 42.053116169875814, "y:3": 45.05059998361199, "y:4": 46.91689017490157, "y:5": 46.67466091627751, "y:6": 46.61945740646803, "y:7": 46.88852411839143, "y:8": 46.95997473040775, "y:9": 46.616522981193306}}