{"0": {"y:0": 0.11802670421098907, "y:1": 0.022691855079853315, "y:2": 0.12922439911544545, "y:3": 0.014541698937200654, "y:4": 0.12551154854629626, "y:5": 0.017035142022989322, "y:6": 0.16111674188905348, "y:7": 0.02197031542116017, "y:8": 0.13175839268074832, "y:9": 0.0255444123031637, "y:10": 0.13212534669418588, "y:11": 0.03472668350981243, "y:12": 0.14058806716663025, "y:13": 0.034973825138394275, "y:14": 0.12660068984570652, "y:15": 0.04541158562275595, "y:16": 0.13512091890354017, "y:17": 0.04170079724414337, "y:18": 0.14749620874249858, "y:19": 0.04434420963808017, "y:20": 0.13844696441633902, "y:21": 0.04571247906176903, "y:22": 0.12081256306602571, "y:23": 0.04679082258845601, "y:24": 0.13358734035795053, "y:25": 0.04610849137791508, "y:26": 0.1527911173250803, "y:27": 0.05041650933295824, "y:28": 0.1563706339282735, "y:29": 0.04811896223464134}}