{"0": {"y:0": 0.39807779485035977, "y:1": 0.3987066419657872, "y:2": 0.4049226692503488, "y:3": 0.39954866867614963, "y:4": 0.4101090500270494, "y:5": 0.396910065395132, "y:6": 0.399532436803918, "y:7": 0.4108073409479831, "y:8": 0.4083740010226535, "y:9": 0.3924028832456783, "y:10": 15.422082616501323}, "1": {"y:0": 0.41393447682966494, "y:1": 0.40024828247879835, "y:2": 0.41089988469381106, "y:3": 0.38765323910422506, "y:4": 0.42604989038225466, "y:5": 0.4118849172214882, "y:6": 0.4011455236849468, "y:7": 0.4048704616537005, "y:8": 0.40661662600124876, "y:9": 0.40404315061225854, "y:10": 15.075974078336166}, "2": {"y:0": 0.7318047698690763, "y:1": 0.6977827916939662, "y:2": 0.743908723098768, "y:3": 0.7435459405318933, "y:4": 0.7446906461051812, "y:5": 0.7161518636784066, "y:6": 0.7266218641097283, "y:7": 0.7528563192688702, "y:8": 0.7301103375915721, "y:9": 0.7517686392797974, "y:10": 14.586493357799702}, "3": {"y:0": 1.0330795888180528, "y:1": 1.0086874060756312, "y:2": 1.0471940897014782, "y:3": 1.0532367161348628, "y:4": 1.0277690843812435, "y:5": 1.0215997500457004, "y:6": 1.0918344519786738, "y:7": 1.067643316106205, "y:8": 1.0055348515967544, "y:9": 1.0132103390243874, "y:10": 14.719363319345895}, "4": {"y:0": 1.255067967384378, "y:1": 1.1722553450257205, "y:2": 1.2287519922634575, "y:3": 1.2425075790622526, "y:4": 1.2516319141096923, "y:5": 1.1949137144625084, "y:6": 1.2024587335917976, "y:7": 1.193349482494827, "y:8": 1.2194026492664762, "y:9": 1.2164397369868107, "y:10": 15.042112426011052}, "5": {"y:0": 1.2873334789370954, "y:1": 1.2983661951147805, "y:2": 1.2888485953939266, "y:3": 1.2818891008256028, "y:4": 1.2742193284627588, "y:5": 1.3075353765992332, "y:6": 1.2766555736345437, "y:7": 1.272634306906301, "y:8": 1.2990679908943006, "y:9": 1.3248484327542491, "y:10": 14.915652407031669}, "6": {"y:0": 1.3142267669314918, "y:1": 1.3120509411113135, "y:2": 1.3130240841989655, "y:3": 1.3057728413522935, "y:4": 1.325388740153893, "y:5": 1.316164351322483, "y:6": 1.291337881682884, "y:7": 1.2977011190698127, "y:8": 1.3264960228812914, "y:9": 1.302846775651477, "y:10": 14.787126087412702}, "7": {"y:0": 1.3319440249687624, "y:1": 1.3499474986957527, "y:2": 1.3608246832967121, "y:3": 1.3648853837742874, "y:4": 1.3504582050324916, "y:5": 1.3298461685942427, "y:6": 1.3268723753338698, "y:7": 1.3470837994821836, "y:8": 1.345979823174705, "y:9": 1.3228788231059365, "y:10": 14.915331056754118}, "8": {"y:0": 1.3763107450472982, "y:1": 1.3599707373662187, "y:2": 1.3499575159427828, "y:3": 1.352835229674264, "y:4": 1.3597531130642728, "y:5": 1.3544537257481395, "y:6": 1.3610873412203301, "y:7": 1.3661604355881902, "y:8": 1.364633417428282, "y:9": 1.3574271446403998, "y:10": 14.784540647012069}, "9": {"y:0": 1.3774478868053328, "y:1": 1.3701149292548997, "y:2": 1.3675766535767657, "y:3": 1.3749014848154861, "y:4": 1.3770027992169662, "y:5": 1.3784331317440188, "y:6": 1.3878211072035764, "y:7": 1.3829332055357972, "y:8": 1.382444928329667, "y:9": 1.378678010638668, "y:10": 14.925196486200923}}