{"0": {"y:0": 0.19866065496834542, "y:1": 0.20014978564505945, "y:2": 0.1932235232015569, "y:3": 0.20228323180826266, "y:4": 0.20021274709063358, "y:5": 0.19701868973544284, "y:6": 0.1985078134565445, "y:7": 0.19443951408158824, "y:8": 0.20327724309657516, "y:9": 0.19790254397314883, "y:10": 0.4833409568770187}, "1": {"y:0": 0.19948910685244478, "y:1": 0.1961703085957721, "y:2": 0.19559325690284105, "y:3": 0.19615873803668624, "y:4": 0.1932163808063713, "y:5": 0.19673632447924094, "y:6": 0.20126626659882596, "y:7": 0.19625217890612962, "y:8": 0.19727176805661417, "y:9": 0.20437259806083627, "y:10": 0.4827837770507393}, "2": {"y:0": 0.3455332869789231, "y:1": 0.3392813677345328, "y:2": 0.3321674141294494, "y:3": 0.3412068505167208, "y:4": 0.33384016906062586, "y:5": 0.34687219864271496, "y:6": 0.3504371738629865, "y:7": 0.3401479865700021, "y:8": 0.3497419697107283, "y:9": 0.3554240549116376, "y:10": 0.482634585531036}, "3": {"y:0": 0.5208321515446649, "y:1": 0.514835543821642, "y:2": 0.4333257166244134, "y:3": 0.467771018169559, "y:4": 0.4790531932651293, "y:5": 0.5080949675410319, "y:6": 0.473659089879975, "y:7": 0.5215613702372079, "y:8": 0.5383164734081802, "y:9": 0.5249262850651863, "y:10": 0.4842623912794135}, "4": {"y:0": 0.5880015555465323, "y:1": 0.609046623219183, "y:2": 0.4741062495766087, "y:3": 0.5172008668878143, "y:4": 0.5539281939383003, "y:5": 0.5866274459844031, "y:6": 0.5378027116102416, "y:7": 0.5768493697625187, "y:8": 0.6142600223463667, "y:9": 0.6008375922127926, "y:10": 0.48353959612630726}, "5": {"y:0": 0.6244705332076981, "y:1": 0.6106588062263726, "y:2": 0.4774473955070707, "y:3": 0.5567866549505945, "y:4": 0.5685845668909412, "y:5": 0.5929719234674824, "y:6": 0.5504005193972913, "y:7": 0.5848787912706769, "y:8": 0.6345524089647956, "y:9": 0.6340662765657448, "y:10": 0.4830435230063644}, "6": {"y:0": 0.6545191639460954, "y:1": 0.6302737603193035, "y:2": 0.4967431149509077, "y:3": 0.5459760643917004, "y:4": 0.5679221125553953, "y:5": 0.6346489362128674, "y:6": 0.565004249767336, "y:7": 0.6241483468086317, "y:8": 0.6699279797493659, "y:9": 0.6407736512874341, "y:10": 0.4833824679306152}, "7": {"y:0": 0.6400350602802755, "y:1": 0.6195224990438493, "y:2": 0.48339611984171865, "y:3": 0.5483921261096931, "y:4": 0.5753068040159582, "y:5": 0.6327509526585386, "y:6": 0.5733233167304197, "y:7": 0.6193541920575336, "y:8": 0.6645870847354418, "y:9": 0.6498811282138399, "y:10": 0.48397835583064897}, "8": {"y:0": 0.6713568535849104, "y:1": 0.6435767836275302, "y:2": 0.5022479359034303, "y:3": 0.5638436255399152, "y:4": 0.5783124387877869, "y:5": 0.6458222044233668, "y:6": 0.5746107234724104, "y:7": 0.641417757674826, "y:8": 0.6741039579606993, "y:9": 0.6684218703439433, "y:10": 0.4836642572807084}, "9": {"y:0": 0.6635527949805273, "y:1": 0.6471147905440978, "y:2": 0.4967648656539395, "y:3": 0.5636711398838953, "y:4": 0.5779009363398131, "y:5": 0.6439131636522963, "y:6": 0.5773951009814933, "y:7": 0.6463165167354964, "y:8": 0.6742771959265281, "y:9": 0.658371990636586, "y:10": 0.48354841224417416}}