{"2": {"s1": 0.9999988851319219, "s2": 1.114868078032652e-06}}