{"0": {"s1": 0.01503440323648021, "s2": 1.4078026675286663}, "1": {"s1": 0.015872869577467558, "s2": 1.5228178745623424}, "2": {"s1": 0.025369113252190097, "s2": 1.519876417632795}, "3": {"s1": 0.04096200768238769, "s2": 1.4924821273065252}, "4": {"s1": 0.08052605427829818, "s2": 1.4749018006514794}, "5": {"s1": 0.15348672247040548, "s2": 1.5161608401582396}, "6": {"s1": 0.31508086925635675, "s2": 1.4939436804276935}}