{"0": {"y:0": 0.1346548867951301, "y:1": 0.1337228435845561, "y:2": 0.21875395579856993, "y:3": 0.21740784048093273, "y:4": 0.21923915507577443, "y:5": 0.22015635551547966, "y:6": 0.2177425988182489, "y:7": 0.2176027814458526, "y:8": 0.21983712925451712, "y:9": 0.21981455784373571}, "1": {"y:0": 0.13414521302524637, "y:1": 0.13503827961123985, "y:2": 0.20863027057887254, "y:3": 0.2078788437298136, "y:4": 0.208765647304949, "y:5": 0.2070694704950234, "y:6": 0.2080856611064444, "y:7": 0.20715852221059022, "y:8": 0.20988937701126384, "y:9": 0.2087171108586873}, "2": {"y:0": 0.14838040196343438, "y:1": 0.1498937508346998, "y:2": 0.42015020468204306, "y:3": 0.4304418397339088, "y:4": 0.417248126627707, "y:5": 0.4275504113331523, "y:6": 0.423969938377258, "y:7": 0.4271551744998309, "y:8": 0.42263391365368624, "y:9": 0.4238294629982564}, "3": {"y:0": 0.1667405757390438, "y:1": 0.16660625385001446, "y:2": 0.8171308159871682, "y:3": 0.8421179555484787, "y:4": 0.634416211331559, "y:5": 0.7438071073113242, "y:6": 0.7805814258007149, "y:7": 0.7906931552508792, "y:8": 0.8362522985321197, "y:9": 0.7911584189254712}, "4": {"y:0": 0.16378255103522515, "y:1": 0.16399537107553167, "y:2": 1.5207775070710712, "y:3": 1.5708520222417823, "y:4": 1.0624462722119405, "y:5": 1.3702153346206902, "y:6": 1.477910334468001, "y:7": 1.4811546695242863, "y:8": 1.521926297684794, "y:9": 1.4842541760148846}, "5": {"y:0": 0.16484603835822068, "y:1": 0.16411520464042503, "y:2": 2.5098391513757465, "y:3": 2.410824037415497, "y:4": 1.4116497775542678, "y:5": 2.030095476625187, "y:6": 2.3485443588904036, "y:7": 2.4076663755889385, "y:8": 2.3244486466127827, "y:9": 2.5191065987635604}, "6": {"y:0": 0.1636492459415412, "y:1": 0.16373024084961377, "y:2": 2.930866238263785, "y:3": 2.641949583995043, "y:4": 1.6416311624633106, "y:5": 2.469411156647541, "y:6": 2.892164477095298, "y:7": 2.904885313163246, "y:8": 2.4402296669117383, "y:9": 2.8945399683123822}, "7": {"y:0": 0.1637015887727021, "y:1": 0.16366152096188383, "y:2": 3.1828110788576542, "y:3": 2.6601179764849157, "y:4": 1.719099015602061, "y:5": 2.731896985854113, "y:6": 3.112833941755455, "y:7": 3.293784335331089, "y:8": 2.478835852129545, "y:9": 3.2216606490878097}, "8": {"y:0": 0.16351082762512348, "y:1": 0.16379271602980416, "y:2": 3.2926065010973167, "y:3": 2.714500935021191, "y:4": 1.7367299751904217, "y:5": 2.837324414782064, "y:6": 3.2249654065740216, "y:7": 3.19070250578209, "y:8": 2.5066555137618867, "y:9": 3.2862987125497827}, "9": {"y:0": 0.16336307144740633, "y:1": 0.1635105108674662, "y:2": 3.3114226529289423, "y:3": 2.694968989535601, "y:4": 1.7535160574561202, "y:5": 2.8510087133679467, "y:6": 3.2468239592360217, "y:7": 3.3426487270212077, "y:8": 2.49953833660565, "y:9": 3.3561946507975784}, "10": {"y:0": 0.1635004551140334, "y:1": 0.16359667048680074, "y:2": 3.3107742792461496, "y:3": 2.693839996798613, "y:4": 1.761080879774871, "y:5": 2.8640765641958397, "y:6": 3.272971855718892, "y:7": 3.3350607897030744, "y:8": 2.50204910832129, "y:9": 3.3853369402309506}, "11": {"y:0": 0.1634797148652176, "y:1": 0.16356212925375585, "y:2": 3.3541495495513196, "y:3": 2.710491498613492, "y:4": 1.7723646679942582, "y:5": 2.8839079861852115, "y:6": 3.3172400439217347, "y:7": 3.3563328178603546, "y:8": 2.520859206175087, "y:9": 3.397763500512553}}