{"0": {"y:0": 0.13199178710197726, "y:1": 0.13222125563507517, "y:2": 0.20240131839229064, "y:3": 0.1992940773043169, "y:4": 0.1985257354434049, "y:5": 0.20110890922915536, "y:6": 0.20035419564360948, "y:7": 0.2008598645390396, "y:8": 0.2018463979772492, "y:9": 0.20228241285235277}, "1": {"y:0": 0.13170879708865765, "y:1": 0.13155307992853132, "y:2": 0.20125646019358465, "y:3": 0.2010971806225089, "y:4": 0.20380045360553473, "y:5": 0.20159253363742236, "y:6": 0.20263171350737996, "y:7": 0.20043609613263713, "y:8": 0.20163927270006995, "y:9": 0.20155841353961929}, "2": {"y:0": 0.15259120351217786, "y:1": 0.15176260157343585, "y:2": 0.40492973917297415, "y:3": 0.406730909417624, "y:4": 0.3945216982516673, "y:5": 0.40110455376426024, "y:6": 0.4066112864987559, "y:7": 0.4067004838103782, "y:8": 0.4080316737499254, "y:9": 0.4025877164861617}, "3": {"y:0": 0.16654196281492475, "y:1": 0.16706807817517452, "y:2": 0.8134808284971632, "y:3": 0.8511988509301825, "y:4": 0.6320702096109122, "y:5": 0.7383920529006429, "y:6": 0.775794413294636, "y:7": 0.8027265651188533, "y:8": 0.84963448866293, "y:9": 0.8057706281182577}, "4": {"y:0": 0.1634962010087874, "y:1": 0.16335743350689103, "y:2": 1.5647092745339728, "y:3": 1.589827562750852, "y:4": 1.1011581273411795, "y:5": 1.4211442444601006, "y:6": 1.523611030144756, "y:7": 1.5152730673537718, "y:8": 1.5492110393930856, "y:9": 1.603429100075801}, "5": {"y:0": 0.16431871531642095, "y:1": 0.16370580910449536, "y:2": 2.5401618173593623, "y:3": 2.352785512259101, "y:4": 1.4659106833648463, "y:5": 2.142744193288604, "y:6": 2.389852906820919, "y:7": 2.5162448768873356, "y:8": 2.324943650140915, "y:9": 2.4906763630978705}, "6": {"y:0": 0.16363648202750725, "y:1": 0.16343523732213758, "y:2": 3.069778121572021, "y:3": 2.561601741388425, "y:4": 1.6597743904724795, "y:5": 2.6059961326949113, "y:6": 2.899108375087113, "y:7": 3.0358135971563676, "y:8": 2.4431434527299674, "y:9": 2.969874695065258}, "7": {"y:0": 0.1637385040885809, "y:1": 0.16367097659292526, "y:2": 3.129144235413594, "y:3": 2.684139798127994, "y:4": 1.69842272689077, "y:5": 2.6863696037155744, "y:6": 3.045333613940129, "y:7": 3.113853823739856, "y:8": 2.503934899129009, "y:9": 3.2265356550500437}, "8": {"y:0": 0.16308602568637434, "y:1": 0.16328665204114529, "y:2": 3.149588959427284, "y:3": 2.6153452982632803, "y:4": 1.7543614681645556, "y:5": 2.7744933918237544, "y:6": 3.2027203541142515, "y:7": 3.2223902248560976, "y:8": 2.438569260453183, "y:9": 3.2303334866707147}, "9": {"y:0": 0.1633214304102528, "y:1": 0.16334132110833277, "y:2": 3.2960840564103675, "y:3": 2.6929529864691686, "y:4": 1.7587919793125575, "y:5": 2.8280547197228603, "y:6": 3.296630792538578, "y:7": 3.3266118529676705, "y:8": 2.4745656850960156, "y:9": 3.362497157746167}, "10": {"y:0": 0.16345785705948818, "y:1": 0.1634291726366485, "y:2": 3.335391248041546, "y:3": 2.65911602169403, "y:4": 1.7788272020573141, "y:5": 2.8936549415288084, "y:6": 3.33187334580759, "y:7": 3.373874812507311, "y:8": 2.5002537060337326, "y:9": 3.399333512304178}, "11": {"y:0": 0.16352831720499467, "y:1": 0.16352921059257036, "y:2": 3.329904564641311, "y:3": 2.704071320975436, "y:4": 1.7611365452999646, "y:5": 2.855193861574303, "y:6": 3.2651677841624056, "y:7": 3.3337379817995796, "y:8": 2.504328679273122, "y:9": 3.3758983258477833}}