{"0": {"y:0": 0.11271914613582425, "y:1": 0.028209889819050767, "y:2": 0.14089034191848002, "y:3": 0.01885046614093982, "y:4": 0.10676298762772317, "y:5": 0.015623860258960993, "y:6": 0.12501386701573086, "y:7": 0.014848031286623656, "y:8": 0.1471611241718067, "y:9": 0.015717025860919963, "y:10": 0.14418738716253204, "y:11": 0.016665019380697046, "y:12": 0.15114051384932786, "y:13": 0.018358873560176566, "y:14": 0.11381481189010301, "y:15": 0.017415438332244026, "y:16": 0.12816144421628997, "y:17": 0.01973661831076468, "y:18": 0.1253556211499848, "y:19": 0.02484728935853509, "y:20": 0.13457420394263453, "y:21": 0.02299446814622471, "y:22": 0.13583110460945497, "y:23": 0.021913996463868334, "y:24": 0.13296867968102058, "y:25": 0.02764428943768481, "y:26": 0.11284574790279703, "y:27": 0.03152289022578865, "y:28": 0.15845094811103413, "y:29": 0.033975347249076186, "y:30": 0.12950197825517645, "y:31": 0.029006582319339242}}