{"0": {"y:0": 0.10811997987493252, "y:1": 0.024924765529212658, "y:2": 0.12784454769035597, "y:3": 0.019713986697508044, "y:4": 0.12365895994807863, "y:5": 0.01580730103331464, "y:6": 0.12894037342558562, "y:7": 0.016236426972324598, "y:8": 0.12931997854105068, "y:9": 0.01833465904276907, "y:10": 0.13386946448130727, "y:11": 0.020307918837674313, "y:12": 0.14208091871806047, "y:13": 0.025724876770257237, "y:14": 0.12517351764307447, "y:15": 0.030391120452385817, "y:16": 0.13373262492383406, "y:17": 0.031768792337150034, "y:18": 0.12752551297653975, "y:19": 0.034972951475642125, "y:20": 0.13169453041933393, "y:21": 0.039511464367389254, "y:22": 0.12536320629802875, "y:23": 0.03804060692299372, "y:24": 0.13547299384746475, "y:25": 0.04545968525942532, "y:26": 0.12834162515841122, "y:27": 0.04495037320041977, "y:28": 0.13913345207940905, "y:29": 0.043551729930235664, "y:30": 0.12309947704237127, "y:31": 0.047845766295121085}}