{"0": {"y:0": 0.00540714077023806, "y:1": 0.008579874396854903, "y:2": 0.004756056580922117, "y:3": 0.0032254554327926514, "y:4": 0.015038841947884313, "y:5": 0.0032241672724670845, "y:6": 0.0030385319601319155, "y:7": 0.009659507674998227, "y:8": 0.013039318682182763, "y:9": 0.009099130924365319, "y:10": 0.0035409875182129966, "y:11": 0.006798542755433722, "y:12": 0.0025666402363812495, "y:13": 0.005928483288713204, "y:14": 0.010666709323366816, "y:15": 0.0041899318466583554, "y:16": 0.012543977217198361, "y:17": 0.00633579889221763, "y:18": 0.006475654444311883, "y:19": 0.007645372948443696, "y:20": 0.0056123802962627835, "y:21": 0.0038349069811430625, "y:22": 0.013734537271713108, "y:23": 0.0040512853377098965, "y:24": 0.016594795259396895, "y:25": 0.008155380411282618, "y:26": 0.005784132941911688, "y:27": 0.009282870508977751, "y:28": 0.0038470210987603145, "y:29": 0.003081364418830646, "y:30": 0.006254926547040192, "y:31": 0.024351243329212742}, "1": {"y:0": 0.00541214301433087, "y:1": 0.010019091015709417, "y:2": 0.00468365924575954, "y:3": 0.00372495161046268, "y:4": 0.01525413898786548, "y:5": 0.003558854023917, "y:6": 0.0030611501227320367, "y:7": 0.008424379544705447, "y:8": 0.013003614649255257, "y:9": 0.008227309090687654, "y:10": 0.0035434428840194366, "y:11": 0.007339745367849173, "y:12": 0.0025669952771947666, "y:13": 0.006218585014757632, "y:14": 0.010863706444605783, "y:15": 0.004232127076998115, "y:16": 0.012037829737688617, "y:17": 0.006317865657138419, "y:18": 0.006507323360764016, "y:19": 0.007737673601916923, "y:20": 0.005600184079719696, "y:21": 0.003934196304923214, "y:22": 0.01328361340706711, "y:23": 0.004110881019274405, "y:24": 0.01649266988089519, "y:25": 0.008160543786987228, "y:26": 0.005735891581042816, "y:27": 0.009229716126080407, "y:28": 0.003818165293208738, "y:29": 0.003100818913796747, "y:30": 0.006268207672555566, "y:31": 0.021541393776321586}, "2": {"y:0": 0.005440582999890102, "y:1": 0.011538353172550503, "y:2": 0.0046931088238323085, "y:3": 0.004654652893415084, "y:4": 0.015082265226592057, "y:5": 0.004695173629934894, "y:6": 0.0030285906420100357, "y:7": 0.010350725277589668, "y:8": 0.013120834523430758, "y:9": 0.009896855191309733, "y:10": 0.0035475329185651033, "y:11": 0.010558525048030235, "y:12": 0.002567767429913211, "y:13": 0.007784658847463795, "y:14": 0.010896428009823279, "y:15": 0.00480021352389768, "y:16": 0.012228436572839183, "y:17": 0.007233451550819253, "y:18": 0.006477920866740892, "y:19": 0.008808238205820313, "y:20": 0.005609232025067729, "y:21": 0.004105067001390619, "y:22": 0.01344558735889552, "y:23": 0.004296498035848578, "y:24": 0.016658976166546647, "y:25": 0.008829077916577872, "y:26": 0.0056993667087631705, "y:27": 0.009852876768509324, "y:28": 0.0038224641898545767, "y:29": 0.003142071917343163, "y:30": 0.006283513164616423, "y:31": 0.015181702252698886}, "3": {"y:0": 0.005407160734953987, "y:1": 0.011809721842048175, "y:2": 0.004686084797405196, "y:3": 0.005012990262793479, "y:4": 0.014873891177429533, "y:5": 0.005476207933073586, "y:6": 0.0030348990827966708, "y:7": 0.010812143859604781, "y:8": 0.012981506004768228, "y:9": 0.013041053806850297, "y:10": 0.003547075348007524, "y:11": 0.01637501849640988, "y:12": 0.0025672202029790557, "y:13": 0.012194513507293775, "y:14": 0.01076105078111015, "y:15": 0.005877675356609863, "y:16": 0.012295003261649281, "y:17": 0.009792063396056459, "y:18": 0.006542707951314556, "y:19": 0.01306409857969941, "y:20": 0.005615253801716124, "y:21": 0.004661437080213372, "y:22": 0.013186587930342475, "y:23": 0.0047943130121220695, "y:24": 0.016912708214130052, "y:25": 0.01098368618651447, "y:26": 0.00571288491710415, "y:27": 0.011788503776409652, "y:28": 0.0038341918119240022, "y:29": 0.0033692940638197382, "y:30": 0.006291624795606875, "y:31": 0.013004757404015693}, "4": {"y:0": 0.005428938048074759, "y:1": 0.012020643333291937, "y:2": 0.0046957436477777035, "y:3": 0.005394920539612168, "y:4": 0.014872655668372025, "y:5": 0.005843645665475743, "y:6": 0.0030409470785275313, "y:7": 0.010885647605418143, "y:8": 0.013111281025735704, "y:9": 0.015922988977473157, "y:10": 0.0035406889234392246, "y:11": 0.030228465333069946, "y:12": 0.0025619478684039848, "y:13": 0.019161744356960966, "y:14": 0.01075670680444543, "y:15": 0.00743361705955295, "y:16": 0.01243561961643209, "y:17": 0.015802027259248928, "y:18": 0.006467798226731246, "y:19": 0.022274536333395732, "y:20": 0.00557124170723101, "y:21": 0.005748343732165319, "y:22": 0.013338235648477683, "y:23": 0.006010641174695949, "y:24": 0.0169641563488121, "y:25": 0.018993526213836136, "y:26": 0.005707075318926732, "y:27": 0.019334195808433638, "y:28": 0.003840559707073949, "y:29": 0.00386666679100036, "y:30": 0.006315242664690818, "y:31": 0.011475274364730394}, "5": {"y:0": 0.005389385489468507, "y:1": 0.011837478382209507, "y:2": 0.004683395027332142, "y:3": 0.0055710951550278125, "y:4": 0.01509701236326054, "y:5": 0.006165179558276114, "y:6": 0.0030325998027895804, "y:7": 0.010626797536188396, "y:8": 0.012976736580705367, "y:9": 0.015585048995526646, "y:10": 0.0035420918613000346, "y:11": 0.040775970405414426, "y:12": 0.0025611107628097864, "y:13": 0.024520040420753206, "y:14": 0.010848343902958853, "y:15": 0.008371756012465028, "y:16": 0.012289662211570644, "y:17": 0.019376185413181767, "y:18": 0.006476140074548711, "y:19": 0.03000513638685117, "y:20": 0.0055823186404248, "y:21": 0.006355767532968856, "y:22": 0.013253588834389061, "y:23": 0.006580753027272523, "y:24": 0.016789889028662935, "y:25": 0.026112788106086873, "y:26": 0.005698265312617627, "y:27": 0.024962243942718704, "y:28": 0.003837093514433064, "y:29": 0.004150214903563725, "y:30": 0.006281691620980633, "y:31": 0.010956446167503837}, "6": {"y:0": 0.005418662681390839, "y:1": 0.01161634219271777, "y:2": 0.0047005746536207165, "y:3": 0.005638939773260188, "y:4": 0.014915869235598556, "y:5": 0.006385858281133126, "y:6": 0.003039137839996729, "y:7": 0.010136723985097528, "y:8": 0.012975546003269986, "y:9": 0.014741249836100673, "y:10": 0.0035452991213062, "y:11": 0.04408017304613575, "y:12": 0.0025651328268498875, "y:13": 0.03295755029676763, "y:14": 0.010842921166600298, "y:15": 0.00936005034513752, "y:16": 0.012259932417041484, "y:17": 0.026501137247273182, "y:18": 0.006425769681796789, "y:19": 0.03838118047883249, "y:20": 0.005564064769512272, "y:21": 0.007024092229721942, "y:22": 0.01326670204652119, "y:23": 0.007458637897835255, "y:24": 0.016946555488085855, "y:25": 0.03475364209810602, "y:26": 0.0057185093372395055, "y:27": 0.031254520617232974, "y:28": 0.00384622259334751, "y:29": 0.004490903998919608, "y:30": 0.006275949180712423, "y:31": 0.010034654131155106}, "7": {"y:0": 0.00540552993928605, "y:1": 0.011718221356375557, "y:2": 0.004686709623763024, "y:3": 0.005663135883001588, "y:4": 0.014945963532785718, "y:5": 0.006352218512711588, "y:6": 0.003037592402843341, "y:7": 0.01027049888491241, "y:8": 0.012974675502888585, "y:9": 0.014861594076950386, "y:10": 0.0035445398512243607, "y:11": 0.04478472210956635, "y:12": 0.002560315942432845, "y:13": 0.034769846095592534, "y:14": 0.010852212158010105, "y:15": 0.009421731242549216, "y:16": 0.012269401416056895, "y:17": 0.026988711123555185, "y:18": 0.0064664049294585624, "y:19": 0.04544912117811996, "y:20": 0.005560937634818954, "y:21": 0.00707731587990064, "y:22": 0.01323898759898964, "y:23": 0.007486538988406222, "y:24": 0.016636214620379258, "y:25": 0.038621234584210386, "y:26": 0.0057132004674729136, "y:27": 0.03435527896880722, "y:28": 0.0038457090487174343, "y:29": 0.00451902481733499, "y:30": 0.00628565566786472, "y:31": 0.010103138430188046}, "8": {"y:0": 0.005406522431439405, "y:1": 0.01165547475098066, "y:2": 0.004693391302311439, "y:3": 0.005690814329066465, "y:4": 0.014864930279251691, "y:5": 0.006455196941031008, "y:6": 0.003032487789016733, "y:7": 0.010117347968014941, "y:8": 0.012943861492079945, "y:9": 0.014622653901661195, "y:10": 0.003538435025952962, "y:11": 0.04501365235994142,