{"23": {"y:0": 0.9929733047669378, "y:1": 0.5006484729584812, "y:2": 0.842706865422224, "y:3": 0.5405308615754826, "y:4": 0.3562239744167204, "y:5": 0.2232826315629441, "y:6": 0.54363388929721}}