{"0": {"y:0": 0.20545239757903108, "y:1": 0.21502170049645747, "y:2": 0.20825718491820472, "y:3": 0.20565664619147334, "y:4": 0.20662607272869538, "y:5": 0.21309386731290916, "y:6": 0.2039011311656389, "y:7": 0.1954918297160472, "y:8": 0.18953200069993154, "y:9": 0.20591079399195814, "y:10": 0.4832775896203894}, "1": {"y:0": 0.19141664290703125, "y:1": 0.18935293173456133, "y:2": 0.1941807798126158, "y:3": 0.1957362202103539, "y:4": 0.19651702294782664, "y:5": 0.19708221390053385, "y:6": 0.1964799653095761, "y:7": 0.1948713081358377, "y:8": 0.19129618753909555, "y:9": 0.1954586465225298, "y:10": 0.48387136477089365}, "2": {"y:0": 0.3035943409435059, "y:1": 0.38091212262156626, "y:2": 0.3499680292599743, "y:3": 0.3652977682384978, "y:4": 0.3944654393923413, "y:5": 0.37530723000660754, "y:6": 0.3785615592195447, "y:7": 0.3190254729873064, "y:8": 0.2822526414326432, "y:9": 0.35834899042043333, "y:10": 0.48323566485163605}, "3": {"y:0": 0.36358363265387184, "y:1": 0.5437008450491938, "y:2": 0.47490069130891704, "y:3": 0.5207751488365714, "y:4": 0.5514840038938985, "y:5": 0.5232197956782645, "y:6": 0.5030621079948573, "y:7": 0.36628939193226223, "y:8": 0.29711848473363905, "y:9": 0.4821089807735325, "y:10": 0.484121716067308}, "4": {"y:0": 0.3913815902336282, "y:1": 0.6018073238253793, "y:2": 0.5115639299535271, "y:3": 0.5763003381991453, "y:4": 0.6073910634719571, "y:5": 0.571072378489463, "y:6": 0.5314089832962149, "y:7": 0.3742287704635635, "y:8": 0.3018834474703999, "y:9": 0.532820238565251, "y:10": 0.4830052306209548}, "5": {"y:0": 0.3792694646013627, "y:1": 0.6311962293636124, "y:2": 0.5144547074065773, "y:3": 0.6006601793497414, "y:4": 0.6195384096822912, "y:5": 0.6020547306803893, "y:6": 0.53553853406539, "y:7": 0.3864955878129354, "y:8": 0.31195582682460854, "y:9": 0.5367807187422863, "y:10": 0.48379721988381175}, "6": {"y:0": 0.3956263977181432, "y:1": 0.6466124107233804, "y:2": 0.5389389897319565, "y:3": 0.6247565751195402, "y:4": 0.6556230510649016, "y:5": 0.6088856500542672, "y:6": 0.549424118443639, "y:7": 0.38081223998375185, "y:8": 0.3096663466268809, "y:9": 0.5563805990001838, "y:10": 0.4833776696777985}, "7": {"y:0": 0.39233108963434205, "y:1": 0.6632490088843987, "y:2": 0.5332254648017355, "y:3": 0.6380849349857433, "y:4": 0.6597943794748468, "y:5": 0.6266942198714192, "y:6": 0.5684423948709484, "y:7": 0.3841456133133213, "y:8": 0.3117825574581933, "y:9": 0.5590424226104008, "y:10": 0.4832669809025769}, "8": {"y:0": 0.39666078620086753, "y:1": 0.6675766481498927, "y:2": 0.544850573911564, "y:3": 0.6368446012261917, "y:4": 0.6609326408444991, "y:5": 0.6314159938790715, "y:6": 0.5632986870918693, "y:7": 0.37820293866030663, "y:8": 0.309652909737686, "y:9": 0.5681507861164472, "y:10": 0.48387699384792743}}