{"7": {"y:0": 0.11513124559863222, "y:1": 0.18965270567850812, "y:2": 0.10988813116083396, "y:3": 0.46490590760042794, "y:4": 0.12259235620640979, "y:5": 0.2947022745824184, "y:6": 0.041033452368866914, "y:7": 0.08809002400809311, "y:8": 0.09599191809760221, "y:9": 0.33031915607997786, "y:10": 0.07634963489085657, "y:11": 0.1497059999320092, "y:12": 0.033277883983844236, "y:13": 0.09443606632899308, "y:14": 0.028526604836120836, "y:15": 0.08886385358547153, "y:16": 0.010716171750098936, "y:17": 0.20372951674254228, "y:18": 0.006026511340337577, "y:19": 0.02540458446511387, "y:20": 0.046760315707934895, "y:21": 0.02745499210034713, "y:22": 0.007407959548566711, "y:23": 0.037963016996702605, "y:24": 0.04486784833363203, "y:25": 0.03392068704198076, "y:26": 0.027069448242155673, "y:27": 0.07303759803245885, "y:28": 0.014791764201700926, "y:29": 0.013678090303432575, "y:30": 0.058637687391774614, "y:31": 0.045066592862154406}}