{"0": {"y:0": 0.056686603811654836, "y:1": 0.017976965929679435, "y:2": 0.027582760498729778, "y:3": 0.11976023758991544, "y:4": 0.04599004066861126, "y:5": 0.289310344621227, "y:6": 0.034927635771964075, "y:7": 0.19362381211570198, "y:8": 0.023943073188681413, "y:9": 0.40927961166213356, "y:10": 0.0531372166347473, "y:11": 0.22738596356259905, "y:12": 0.03517217451094597, "y:13": 0.1535284371937714, "y:14": 0.04456006054233273, "y:15": 0.16012600132784796, "y:16": 0.06575415758726254, "y:17": 0.15057704128399113, "y:18": 0.036169870097842824, "y:19": 0.07692548738924623, "y:20": 0.05674745943783323, "y:21": 0.036788811169150525, "y:22": 0.025643165991269624, "y:23": 0.11674529919670482, "y:24": 0.03859847028199046, "y:25": 0.09777698499887147, "y:26": 0.07044842507920462, "y:27": 0.09479890666664458, "y:28": 0.03765122787213496, "y:29": 0.09896823646147378, "y:30": 0.028093198395673716, "y:31": 0.0753223184601623}}