{"0": {"y:0": 0.18666821197123995, "y:1": 0.05050114822885893, "y:2": 0.11948268241024959, "y:3": 0.18545981161940034, "y:4": 0.22111787927807783, "y:5": 0.1854397483872101, "y:6": 0.0869834291141704, "y:7": 0.1235520725606289, "y:8": 0.10700426715975736, "y:9": 0.08566688907209846, "y:10": 0.12859606318261738, "y:11": 0.19859796242559147, "y:12": 0.060408961922347, "y:13": 0.15849539381929587, "y:14": 0.016066744729230822, "y:15": 0.11861762236740912, "y:16": 0.027914946188847066, "y:17": 0.18975306832907135, "y:18": 0.02280125216607455, "y:19": 0.07022811992737221, "y:20": 0.010578223427298262, "y:21": 0.09552908751022071, "y:22": 0.009040247935836012, "y:23": 0.10224626634758474, "y:24": 0.005078282077202835, "y:25": 0.1266363712581321, "y:26": 0.0023933552214634815, "y:27": 0.09479182499617772, "y:28": 0.0007367081919701915, "y:29": 0.05958784893079542, "y:30": 0.0015181613482261667, "y:31": 0.14850734789554362}}