{"6": {"y:0": 0.4177788807357005, "y:1": 0.6884570390101575, "y:2": 0.18185465466017875, "y:3": 0.18393810666599344, "y:4": 0.05650317663940431, "y:5": 0.18063268290919388, "y:6": 0.26047952623848364, "y:7": 0.15639421837303197, "y:8": 0.164623737870993, "y:9": 0.453054427714277, "y:10": 0.18160942886779138, "y:11": 0.12368701098621904, "y:12": 0.35897949908540944, "y:13": 0.10430016109567111, "y:14": 0.2458298493931239, "y:15": 0.034384648156221644, "y:16": 0.17715683190496528, "y:17": 0.14504939464498628, "y:18": 0.10140871038143481, "y:19": 0.13606820474778708, "y:20": 0.12136440145829595, "y:21": 0.07369805888520849, "y:22": 0.23662860640194708, "y:23": 0.3150910113416593, "y:24": 0.09999293588139778, "y:25": 0.20573171490827474, "y:26": 0.09723398811058795, "y:27": 0.049851976608703025, "y:28": 0.1546147103022317, "y:29": 0.1330034813899099, "y:30": 0.1257042608528055, "y:31": 0.034894663777954735}}