{"0": {"y:0": 0.10918578218119702, "y:1": 0.02324459699779727, "y:2": 0.12736077844255606, "y:3": 0.018296305962369648, "y:4": 0.13728639864230707, "y:5": 0.0168564457459544, "y:6": 0.14210234966069932, "y:7": 0.015228584142179383, "y:8": 0.14139653496528748, "y:9": 0.015426299735070145, "y:10": 0.12333920875375463, "y:11": 0.016138564420784703, "y:12": 0.12775303005266292, "y:13": 0.01912669427211946, "y:14": 0.12991473933853775, "y:15": 0.02076582736711578, "y:16": 0.15001141656643321, "y:17": 0.021903999894273614, "y:18": 0.14258987972079085, "y:19": 0.028655142258395785, "y:20": 0.128726535886119, "y:21": 0.029892943588371076, "y:22": 0.1291194838239784, "y:23": 0.03233534202363396, "y:24": 0.13748224280045077, "y:25": 0.039752740995031684, "y:26": 0.14317480146635586, "y:27": 0.03820069628716134, "y:28": 0.1391218612808036, "y:29": 0.04204724939663585, "y:30": 0.12205000620905185, "y:31": 0.03743733327671615}, "1": {"y:0": 0.12747010533550812, "y:1": 0.036006965825128634, "y:2": 0.1378891790873686, "y:3": 0.023577258797870426, "y:4": 0.1315184402113458, "y:5": 0.019635657179548766, "y:6": 0.13916330994369625, "y:7": 0.016774807545743245, "y:8": 0.13031824717859622, "y:9": 0.015856305788600453, "y:10": 0.14925364508186725, "y:11": 0.016150336243957557, "y:12": 0.13828315557132953, "y:13": 0.016885987827518528, "y:14": 0.14060467332608476, "y:15": 0.019688449116743636, "y:16": 0.12466271899572183, "y:17": 0.022871286000761396, "y:18": 0.1327066675836779, "y:19": 0.02526900824629623, "y:20": 0.13747724333253256, "y:21": 0.029442188161646256, "y:22": 0.13292444803751052, "y:23": 0.03051015178468285, "y:24": 0.1449124443119869, "y:25": 0.03280531825765321, "y:26": 0.12607384729374, "y:27": 0.03460644066909921, "y:28": 0.1303474290499605, "y:29": 0.03852218092511813, "y:30": 0.1431697240845625, "y:31": 0.03837029721613169}, "2": {"y:0": 0.12214739485608482, "y:1": 0.08721794717257185, "y:2": 0.12402622963605943, "y:3": 0.08331531745067768, "y:4": 0.13325119327271995, "y:5": 0.06392599492273685, "y:6": 0.1373100813149493, "y:7": 0.0548266004931044, "y:8": 0.13343861688210118, "y:9": 0.04552598845658241, "y:10": 0.13769529529196559, "y:11": 0.03978297389612087, "y:12": 0.14744468816095005, "y:13": 0.0403380417757324, "y:14": 0.1254342325977148, "y:15": 0.03465927432788052, "y:16": 0.14207757966533635, "y:17": 0.0337392280452253, "y:18": 0.12792131642922397, "y:19": 0.02925691091970427, "y:20": 0.13510397568901408, "y:21": 0.029976155554437046, "y:22": 0.13427052891211633, "y:23": 0.027834660889446746, "y:24": 0.12786825974707033, "y:25": 0.026785342541404328, "y:26": 0.1479317396118533, "y:27": 0.02510872546722034, "y:28": 0.13049136680015927, "y:29": 0.024241307728562773, "y:30": 0.14183069204429205, "y:31": 0.02346944831102985}, "3": {"y:0": 0.09485913682888451, "y:1": 0.05240890781372526, "y:2": 0.10992887446912519, "y:3": 0.04926195172170385, "y:4": 0.11057980400259364, "y:5": 0.04042932474070633, "y:6": 0.10870024212131243, "y:7": 0.03854199794950911, "y:8": 0.11078094825871956, "y:9": 0.03140432775345337, "y:10": 0.1101972321814625, "y:11": 0.029674016668260583, "y:12": 0.11832286577882793, "y:13": 0.02616499014604515, "y:14": 0.1115395405277623, "y:15": 0.025124461202557558, "y:16": 0.10692703955910789, "y:17": 0.022349718669603235, "y:18": 0.10948810805498237, "y:19": 0.02097449697052373, "y:20": 0.10611984208011843, "y:21": 0.022439649558357304, "y:22": 0.11573426812741358, "y:23": 0.019981306930752115, "y:24": 0.10870058477776298, "y:25": 0.01880394074389694, "y:26": 0.11392968245801575, "y:27": 0.018603119824430487, "y:28": 0.10793012085637033, "y:29": 0.018935855019246297, "y:30": 0.1058880994401251, "y:31": 0.019008919947580968}, "4": {"y:0": 0.067173935016813, "y:1": 0.03720998924922405, "y:2": 0.0859196782209891, "y:3": 0.032863580279563126, "y:4": 0.0886091742125912, "y:5": 0.026316365116039152, "y:6": 0.09322125928336396, "y:7": 0.023710579171134626, "y:8": 0.09108200795084703, "y:9": 0.02156291519063538, "y:10": 0.09192422447431, "y:11": 0.019768038467547558, "y:12": 0.08935047801320628, "y:13": 0.01918087788270699, "y:14": 0.0912099206068748, "y:15": 0.017327690978310533, "y:16": 0.10036576508575248, "y:17": 0.016762409385987675, "y:18": 0.09252835054364542, "y:19": 0.01663656364106472, "y:20": 0.09798058834642809, "y:21": 0.016256104535006564, "y:22": 0.09548607174777671, "y:23": 0.016366405444741793, "y:24": 0.09909899208233061, "y:25": 0.0164384837207411, "y:26": 0.09064275176534602, "y:27": 0.017043970062316074, "y:28": 0.08586885774659052, "y:29": 0.018331305454361433, "y:30": 0.09275618015850405, "y:31": 0.019000910376395237}, "5": {"y:0": 0.057989069883422714, "y:1": 0.021256868166090088, "y:2": 0.053645027894753665, "y:3": 0.03206161910502724, "y:4": 0.05179267313165985, "y:5": 0.04063043556040657, "y:6": 0.048112892474636015, "y:7": 0.04572914846267349, "y:8": 0.04710224414505979, "y:9": 0.05324050439474203, "y:10": 0.04532927136947906, "y:11": 0.0551821821954839, "y:12": 0.04680985407164807, "y:13": 0.057253767985977366, "y:14": 0.04260031457760736, "y:15": 0.06651147950798876, "y:16": 0.04164281851178364, "y:17": 0.059662021114530374, "y:18": 0.03975714781557788, "y:19": 0.06526044811260241, "y:20": 0.039113213222149716, "y:21": 0.07176945014034661, "y:22": 0.039704826149399776, "y:23": 0.07689595508170978, "y:24": 0.03831904411540873, "y:25": 0.0676952123983315, "y:26": 0.03546055366070936, "y:27": 0.07212214729293115, "y:28": 0.034784690317822255, "y:29": 0.07465118970171607, "y:30": 0.033918317300374125, "y:31": 0.0793658733664272}, "6": {"y:0": 0.05990553438159311, "y:1": 0.022207652994058552, "y:2": 0.05420931726797445, "y:3": 0.031286194027813984, "y:4": 0.04930970029643351, "y:5": 0.03564075925505916, "y:6": 0.045367422215243314, "y:7": 0.03965725607263024, "y:8": 0.04179585438463689, "y:9": 0.04634239119932185, "y:10": 0.03597158380530915, "y:11": 0.041861414373669824, "y:12": 0.04043698716874523, "y:13": 0.044989863176732196, "y:14": 0.03422721412753683, "y:15": 0.04914365785943115, "y:16": 0.03312327627335589, "y:17": 0.05673728108969483, "y:18": 0.02581950131924523, "y:19": 0.050021567404022485, "y:20": 0.025443846443543125, "y:21": 0.05476294034159853, "y:22": 0.026637656970284786, "y:23": 0.053951334322494424, "y:24": 0.026229173213858068, "y:25": 0.07135061255244453, "y:26": 0.023022052121353276, "y:27": 0.06422412970035046, "y:28": 0.023683949257502748, "y:29": 0.07063923850329938, "y:30": 0.02138020817120185, "y:31": 0.07667036726989851}, "7": {"y:0": 0.03821627871810476, "y:1": 0.013240144248978314, "y:2": 0.04636245127056699, "y:3": 0.010257167121478384, "y:4": 0.05607863845991379, "y:5": 0.010662354376505794, "y:6": 0.06404806338509601, "y:7": 0.01145968312498272, "y:8": 0.06421749516954117, "y:9": 0.012828831793764789, "y:10": 0.06424094397369634, "y:11": 0.013659971792607238, "y:12": 0.06437137818618983, "y:13": 0.01641956297921918, "y:14": 0.06141319992787569, "y:15": 0.01763767315992722, "y:16": 0.06298326789850013, "y:17": 0.018793244114175062, "y:18": 0.06542421907237224, "y:19": 0.019869763176538355, "y:20": 0.0632639121291833, "y:21": 0.02177709506026177, "y:22": 0.07647282331890626, "y:23": 0.02377925915431994, "y:24": 0.06481164697304302, "y:25": 0.029455689733657583, "y:26": 0.07464091748139977, "y:27": 0.02869979260905902, "y:28": 0.07116212678338198, "y:29": 0.03415720224075046, "y:30": 0.07119710911357377, "y:31": 0.03663299821730776}, "8": {"y:0": 0.05196687642195317, "y:1": 0.03143783281368216, "y:2": 0.04270789363511403, "y:3": 0.01706779262945971, "y:4": 0.050151798848071846, "y:5": 0.015631143939273937, "y:6": 0.060724191014300585, "y:7": 0.01677139389220832, "y:8": 0.06307145249681526, "y:9": 0.016412800658195673, "y:10": 0.05742193884222862, "y:11": 0.01675536157790979, "y:12": 0.06715898390481209, "y:13": 0.01854168949119781, "y:14": 0.05658595652273458, "y:15": 0.018653462831824126, "y:16": 0.06432416822321081, "y:17": 0.019726512018684295, "y:18": 0.05732229871515078,