{"0": {"y:0": 0.1269688564260106, "y:1": 0.01967034223348737, "y:2": 0.15326362343892175, "y:3": 0.014511563677893203, "y:4": 0.14734206503935132, "y:5": 0.015159980217939753, "y:6": 0.14340462097140788, "y:7": 0.019430457320127634, "y:8": 0.13913131591234168, "y:9": 0.021691023297684398, "y:10": 0.11335148923380847, "y:11": 0.028151440033101972, "y:12": 0.12851109346579578, "y:13": 0.03267166056031332, "y:14": 0.1522925204145958, "y:15": 0.036247776420383036, "y:16": 0.12084656771413993, "y:17": 0.038624151671043994, "y:18": 0.1548497774376305, "y:19": 0.03730767785816652, "y:20": 0.12940224395336655, "y:21": 0.03986900467664027, "y:22": 0.1339394440681881, "y:23": 0.04790601253750465, "y:24": 0.12583798398006069, "y:25": 0.04821799306880373, "y:26": 0.14831803958434447, "y:27": 0.04472221599342624, "y:28": 0.1490984604795068, "y:29": 0.04952556873377328, "y:30": 0.13304949971677468, "y:31": 0.05484613266729581}, "1": {"y:0": 0.12021254677229615, "y:1": 0.03077935701344323, "y:2": 0.13453012361327638, "y:3": 0.020944328890338416, "y:4": 0.12926934682644675, "y:5": 0.016580255449725283, "y:6": 0.12458553224797402, "y:7": 0.015433236148721568, "y:8": 0.13674441356563896, "y:9": 0.0168704906892233, "y:10": 0.12204830883790385, "y:11": 0.018473144174135, "y:12": 0.12657626019844723, "y:13": 0.018686180318095456, "y:14": 0.12574186235714538, "y:15": 0.02184568104987375, "y:16": 0.13830751926755414, "y:17": 0.02537365753697965, "y:18": 0.13194064939496059, "y:19": 0.026143481458637152, "y:20": 0.13424191776635633, "y:21": 0.03009688552839155, "y:22": 0.1356582797478546, "y:23": 0.031011520251417176, "y:24": 0.13554693124902334, "y:25": 0.035874943693793133, "y:26": 0.1434167160277714, "y:27": 0.03654507596639422, "y:28": 0.13475786906996956, "y:29": 0.042591591468380235, "y:30": 0.13181360612208617, "y:31": 0.04219114542967687}, "2": {"y:0": 0.12034666703912676, "y:1": 0.04783447947498894, "y:2": 0.13359146034370267, "y:3": 0.03471652216610625, "y:4": 0.13362333147269215, "y:5": 0.027687262860366827, "y:6": 0.14265555793864834, "y:7": 0.025231755650058064, "y:8": 0.12384735791949973, "y:9": 0.02264286911742398, "y:10": 0.1374483659556141, "y:11": 0.019706737683495693, "y:12": 0.13650457196229582, "y:13": 0.018829660528372195, "y:14": 0.13158043756524068, "y:15": 0.017738026401458568, "y:16": 0.11860824538463649, "y:17": 0.017741857384749322, "y:18": 0.13740858401321882, "y:19": 0.018318706036712134, "y:20": 0.13675103121370724, "y:21": 0.018722501502657758, "y:22": 0.1329765703359111, "y:23": 0.020286864037147065, "y:24": 0.1364574227552491, "y:25": 0.021052059801911324, "y:26": 0.12460550852345255, "y:27": 0.022172710517881184, "y:28": 0.14381031400975827, "y:29": 0.02373374633700518, "y:30": 0.12556208044113354, "y:31": 0.025830233807214168}, "3": {"y:0": 0.10797747510774686, "y:1": 0.027641621894139618, "y:2": 0.12674903546814223, "y:3": 0.018236743469600903, "y:4": 0.12537262575319535, "y:5": 0.015914354470139634, "y:6": 0.12720606444854865, "y:7": 0.017026246229187487, "y:8": 0.126666870603412, "y:9": 0.019212566130534108, "y:10": 0.12259422891736803, "y:11": 0.022828170817386844, "y:12": 0.11882438899109274, "y:13": 0.025543395565104935, "y:14": 0.12698856694926092, "y:15": 0.030609923245578586, "y:16": 0.12100152939186724, "y:17": 0.03222937072612352, "y:18": 0.11981624846520716, "y:19": 0.03798699360402999, "y:20": 0.12494544073210816, "y:21": 0.040009419595599435, "y:22": 0.12500268317512125, "y:23": 0.040918694040422775, "y:24": 0.12803848718348285, "y:25": 0.046643735611516315, "y:26": 0.11512529570819416, "y:27": 0.047599817403457124, "y:28": 0.12184495707353132, "y:29": 0.04821584819252418, "y:30": 0.12145028164896343, "y:31": 0.050319183612499555}, "4": {"y:0": 0.0826039206273662, "y:1": 0.019363522572502033, "y:2": 0.09678090994298054, "y:3": 0.03385989974983194, "y:4": 0.09215467434686486, "y:5": 0.04867748878428805, "y:6": 0.09190010510359929, "y:7": 0.06435709856533779, "y:8": 0.10209623176822306, "y:9": 0.06592628190534068, "y:10": 0.09541089695358054, "y:11": 0.07320562890932343, "y:12": 0.09057588793262464, "y:13": 0.07963827650446763, "y:14": 0.09668676394646351, "y:15": 0.0814259861807148, "y:16": 0.08987685743878239, "y:17": 0.08288016847893072, "y:18": 0.08164729865365583, "y:19": 0.08766032687898055, "y:20": 0.08773478261706034, "y:21": 0.0937063251726485, "y:22": 0.08931911801925348, "y:23": 0.08932930983428947, "y:24": 0.0918226422084382, "y:25": 0.08431222464777541, "y:26": 0.08699051134769942, "y:27": 0.10377567133425257, "y:28": 0.0831758724569755, "y:29": 0.09429143538721836, "y:30": 0.08585055362802826, "y:31": 0.10179404796674937}, "5": {"y:0": 0.09170487036176371, "y:1": 0.02355921254934372, "y:2": 0.10055227922344234, "y:3": 0.01642580493410162, "y:4": 0.1047236531791929, "y:5": 0.015556446679569803, "y:6": 0.1029898936045268, "y:7": 0.0174884857615014, "y:8": 0.10393041025600261, "y:9": 0.021025527517148212, "y:10": 0.10457813949639753, "y:11": 0.025409534128062922, "y:12": 0.10120179245848936, "y:13": 0.02854092480656578, "y:14": 0.10103242474478918, "y:15": 0.030877723480472945, "y:16": 0.09960018289740727, "y:17": 0.032921206878939555, "y:18": 0.09961799046024275, "y:19": 0.035398756725862, "y:20": 0.1016848064521839, "y:21": 0.037780673466172913, "y:22": 0.0995832537722146, "y:23": 0.03961745328660754, "y:24": 0.0997109659873502, "y:25": 0.04285595089688929, "y:26": 0.10000566283077454, "y:27": 0.044275436900142705, "y:28": 0.09604085540103738, "y:29": 0.04715265835736338, "y:30": 0.10032370645593146, "y:31": 0.04798449164318616}, "6": {"y:0": 0.08575310803281787, "y:1": 0.04439028020327071, "y:2": 0.10309452923427861, "y:3": 0.03439494062979032, "y:4": 0.10148377966856409, "y:5": 0.02818229232475827, "y:6": 0.10410890831837505, "y:7": 0.024514411678383138, "y:8": 0.10703473820535316, "y:9": 0.021777909248369982, "y:10": 0.11255904533066266, "y:11": 0.020633801729664107, "y:12": 0.10245080742399226, "y:13": 0.01876360102520578, "y:14": 0.1095401247471599, "y:15": 0.018055066319730226, "y:16": 0.10470402666517306, "y:17": 0.018108089594213683, "y:18": 0.10523736051139386, "y:19": 0.018162659853787056, "y:20": 0.10330869138862266, "y:21": 0.018954229152519684, "y:22": 0.11044997073982639, "y:23": 0.020271084970194673, "y:24": 0.10357811355820912, "y:25": 0.02079652605104883, "y:26": 0.11086758795470744, "y:27": 0.022236766050710465, "y:28": 0.10538937885637205, "y:29": 0.023577672962956275, "y:30": 0.10380353452366882, "y:31": 0.025082204407165007}, "7": {"y:0": 0.052874504034040815, "y:1": 0.018906760601172887, "y:2": 0.04638251250881718, "y:3": 0.02262903718293789, "y:4": 0.043255402403057516, "y:5": 0.029854503120808177, "y:6": 0.04067467336276215, "y:7": 0.03536973644950386, "y:8": 0.03837290588217625, "y:9": 0.040963089705725146, "y:10": 0.03532258442203985, "y:11": 0.0435155715695131, "y:12": 0.03264374941159516, "y:13": 0.0471009415601079, "y:14": 0.032779615752399134, "y:15": 0.04862378869919153, "y:16": 0.031097552819193845, "y:17": 0.05339040769547101, "y:18": 0.029410521471873924, "y:19": 0.05769483521540225, "y:20": 0.029132763221836933, "y:21": 0.058534561072396456, "y:22": 0.02893109330816048, "y:23": 0.0590593727621262, "y:24": 0.031197885843425224, "y:25": 0.0654827994226771, "y:26": 0.030089932314996595, "y:27": 0.0727486805907062, "y:28": 0.02989975953750667, "y:29": 0.07534017412240701, "y:30": 0.02902665607339727, "y:31": 0.07805941555796327}, "8": {"y:0": 0.0858609447591978, "y:1": 0.03968915447875652, "y:2": 0.07953424755749708, "y:3": 0.06266204652019082, "y:4": 0.07352484391503329, "y:5": 0.07522796351171868, "y:6": 0.06379323498184934, "y:7": 0.0796125625506156, "y:8": 0.0534697712879637, "y:9": 0.08627904962065085, "y:10": 0.04560115747245321, "y:11": 0.0899231229563147, "y:12": 0.04359805546083262, "y:13": 0.08550586379928382, "y:14": 0.03827876727948389, "y:15": 0.08747280451099546, "y:16": 0.03611337041235813, "y:17": 0.08736980113437584, "y:18": 0.03338801555640991,