{"0": {"y:0": 0.11744730851844024, "y:1": 0.028027296993307672, "y:2": 0.11832518939079159, "y:3": 0.022309137824838957, "y:4": 0.13077580367418348, "y:5": 0.018226983087722425, "y:6": 0.13294101679940576, "y:7": 0.017222672527099893, "y:8": 0.14472223735429102, "y:9": 0.015525103936548181, "y:10": 0.1586592463617415, "y:11": 0.016178923092079116, "y:12": 0.15785234496205536, "y:13": 0.016699784975459625, "y:14": 0.11848805306301066, "y:15": 0.019202494201022713, "y:16": 0.12204770433491652, "y:17": 0.02212996899015467, "y:18": 0.13951422972587632, "y:19": 0.025098753485494014, "y:20": 0.14345786187566603, "y:21": 0.026119296070463812, "y:22": 0.12876437026353296, "y:23": 0.030858537541367772, "y:24": 0.13792981589326953, "y:25": 0.0340296363128312, "y:26": 0.11923983127652794, "y:27": 0.03272509078694486, "y:28": 0.13598406902202076, "y:29": 0.03823447238783012, "y:30": 0.13725576406776485, "y:31": 0.03708993073964735}, "1": {"y:0": 0.12494371433639756, "y:1": 0.03056325575091245, "y:2": 0.14791154046706653, "y:3": 0.02279329793659167, "y:4": 0.1388320469931544, "y:5": 0.01758356772624329, "y:6": 0.1381243192784462, "y:7": 0.015217775956078124, "y:8": 0.13909267535348038, "y:9": 0.01596221279104798, "y:10": 0.12589023437835736, "y:11": 0.016271902724525084, "y:12": 0.13622336161339418, "y:13": 0.01858445699795782, "y:14": 0.14041230199977806, "y:15": 0.019657923200702067, "y:16": 0.1405402811666515, "y:17": 0.023381189282365943, "y:18": 0.13079649961513512, "y:19": 0.027546740800948568, "y:20": 0.1243844136939262, "y:21": 0.02813181788583153, "y:22": 0.1420243454634536, "y:23": 0.03079803191230066, "y:24": 0.1273757667322627, "y:25": 0.033699575866194785, "y:26": 0.13436497733876457, "y:27": 0.03564890618337096, "y:28": 0.12850803523320722, "y:29": 0.04119022951504245, "y:30": 0.12707580801608034, "y:31": 0.03740679687799349}, "2": {"y:0": 0.12089696553315477, "y:1": 0.08561360616866451, "y:2": 0.11809196995957208, "y:3": 0.06773349112391851, "y:4": 0.14465197019569118, "y:5": 0.06389461318738078, "y:6": 0.14752530741638706, "y:7": 0.05066763380909685, "y:8": 0.138250234936777, "y:9": 0.04715455904090256, "y:10": 0.13560972778703007, "y:11": 0.040071720624506556, "y:12": 0.1500049448202308, "y:13": 0.037579784000471295, "y:14": 0.13438327248834836, "y:15": 0.03747088149959727, "y:16": 0.13885854225405245, "y:17": 0.03508987970415957, "y:18": 0.14670487457847867, "y:19": 0.03292927050106626, "y:20": 0.12248690667056632, "y:21": 0.03076683426190309, "y:22": 0.13963096936857416, "y:23": 0.027645014636320134, "y:24": 0.14324409386671555, "y:25": 0.02729269357403273, "y:26": 0.13783948047252603, "y:27": 0.025713547550398726, "y:28": 0.13941824330813934, "y:29": 0.025380161324575073, "y:30": 0.12226162242870703, "y:31": 0.024448786284498758}, "3": {"y:0": 0.107430174857937, "y:1": 0.08227670010989041, "y:2": 0.12322139111637026, "y:3": 0.07388766656679849, "y:4": 0.1218749902030603, "y:5": 0.06575032299970462, "y:6": 0.14228800781119555, "y:7": 0.05540955941640893, "y:8": 0.1300332035924809, "y:9": 0.05456834222785593, "y:10": 0.1303449275195286, "y:11": 0.04959421594135064, "y:12": 0.14186589094967073, "y:13": 0.0430076010395713, "y:14": 0.13606878384412693, "y:15": 0.04005629144213899, "y:16": 0.1267246041937847, "y:17": 0.037165363785930584, "y:18": 0.1255216868848347, "y:19": 0.036859312823131804, "y:20": 0.11900007743379151, "y:21": 0.033389841196772574, "y:22": 0.12514009339130291, "y:23": 0.03275461551423286, "y:24": 0.12554370924099856, "y:25": 0.03147389265946618, "y:26": 0.12898047562025072, "y:27": 0.031199418204467245, "y:28": 0.12461860458311386, "y:29": 0.029086542906869767, "y:30": 0.1252744478436054, "y:31": 0.029575748503925126}, "4": {"y:0": 0.10476109627590838, "y:1": 0.045358039311449605, "y:2": 0.09909354277281221, "y:3": 0.03854654313487372, "y:4": 0.10450326933235032, "y:5": 0.036442336790607995, "y:6": 0.108123720384106, "y:7": 0.029343552629864617, "y:8": 0.11563720440313723, "y:9": 0.025924447400407107, "y:10": 0.11202866465380314, "y:11": 0.023585473619261357, "y:12": 0.11503045088876268, "y:13": 0.02198171158947434, "y:14": 0.11848842493110001, "y:15": 0.019530980408842366, "y:16": 0.11278730511818291, "y:17": 0.018609573766932938, "y:18": 0.10975694618728712, "y:19": 0.01717324263638809, "y:20": 0.1118978990344317, "y:21": 0.017176856094638517, "y:22": 0.10733827859289789, "y:23": 0.016884845731719174, "y:24": 0.106245802236034, "y:25": 0.017044773975441647, "y:26": 0.10828355987024339, "y:27": 0.017735689810712496, "y:28": 0.10895307912563293, "y:29": 0.0183621442443852, "y:30": 0.10843395458653382, "y:31": 0.01862032656389485}, "5": {"y:0": 0.06745687855901812, "y:1": 0.015868390178558067, "y:2": 0.07135406567697677, "y:3": 0.016630952500385255, "y:4": 0.0799177231547313, "y:5": 0.021421073770389494, "y:6": 0.07678611973636089, "y:7": 0.027136938360302995, "y:8": 0.0746442693381961, "y:9": 0.033103170415596746, "y:10": 0.07082185617309834, "y:11": 0.035915331656478214, "y:12": 0.07383971984824549, "y:13": 0.038087416190603116, "y:14": 0.07421183666621467, "y:15": 0.040616392926698094, "y:16": 0.07528918346508529, "y:17": 0.04388127837412653, "y:18": 0.07692502987870417, "y:19": 0.04778322357161677, "y:20": 0.06618404086013223, "y:21": 0.05044689745688642, "y:22": 0.07056314940204415, "y:23": 0.05354814112919734, "y:24": 0.07105576591663322, "y:25": 0.05501531148499018, "y:26": 0.07065461627293104, "y:27": 0.05571709421869856, "y:28": 0.0656805403300629, "y:29": 0.05923846607648027, "y:30": 0.07100690158805617, "y:31": 0.05694556493317723}, "6": {"y:0": 0.08846944795186541, "y:1": 0.06998487611771559, "y:2": 0.08048661675228395, "y:3": 0.08412980004243265, "y:4": 0.07740481537811089, "y:5": 0.10182478861347434, "y:6": 0.07337889617997764, "y:7": 0.1060087278497714, "y:8": 0.06806379596649213, "y:9": 0.11838112596212222, "y:10": 0.06121820799535929, "y:11": 0.10940313720503086, "y:12": 0.05648303629008842, "y:13": 0.10619070089740185, "y:14": 0.054604765920680295, "y:15": 0.1121037274738845, "y:16": 0.04860504355450036, "y:17": 0.12073728262876411, "y:18": 0.04931073561675434, "y:19": 0.11606301814414147, "y:20": 0.04198421244709576, "y:21": 0.12363380746067647, "y:22": 0.03934194552478878, "y:23": 0.10948011951449975, "y:24": 0.03597969644595929, "y:25": 0.12893667258275204, "y:26": 0.0336326479846058, "y:27": 0.12176847227395485, "y:28": 0.03153053911689463, "y:29": 0.11843474186850782, "y:30": 0.0303161834326317, "y:31": 0.11452261959891356}, "7": {"y:0": 0.07507903173643293, "y:1": 0.03457296108995024, "y:2": 0.06614457357192104, "y:3": 0.05041789856277093, "y:4": 0.0586563986251491, "y:5": 0.06195561577096469, "y:6": 0.05398674748964212, "y:7": 0.062243159283398554, "y:8": 0.047450329096411246, "y:9": 0.07258540237211752, "y:10": 0.040802786507547886, "y:11": 0.06388849890770593, "y:12": 0.04179416202929874, "y:13": 0.07076450775597136, "y:14": 0.036452170300927324, "y:15": 0.07236806274053065, "y:16": 0.03155099235114815, "y:17": 0.06844062572016084, "y:18": 0.02892182650005207, "y:19": 0.07778281779513706, "y:20": 0.027493609161252746, "y:21": 0.07336643393867791, "y:22": 0.02447683794675112, "y:23": 0.07493694877303259, "y:24": 0.022446936441662756, "y:25": 0.0781610930465775, "y:26": 0.01926229283208178, "y:27": 0.07509391753760149, "y:28": 0.01697015178456828, "y:29": 0.08450875606186832, "y:30": 0.017089570808568988, "y:31": 0.0825792878106796}, "8": {"y:0": 0.061140501622395795, "y:1": 0.02719609357986744, "y:2": 0.05176048617531443, "y:3": 0.023873046040815055, "y:4": 0.043678640474268636, "y:5": 0.02590511658858795, "y:6": 0.03830312857084815, "y:7": 0.027273973999825767, "y:8": 0.03384820295726047, "y:9": 0.026664346662853316, "y:10": 0.031554610230277634, "y:11": 0.027251434168744586, "y:12": 0.02872076522014041, "y:13": 0.02706854974405498, "y:14": 0.027628251709499264, "y:15": 0.027900023874455636, "y:16": 0.027174144212325432, "y:17": 0.027636089665013592, "y:18": 0.02279389637413455,