{"0": {"y:0": 0.009030784497044187, "y:1": 0.00884864391823298, "y:2": 0.002563245772325008, "y:3": 0.0065074549102334045, "y:4": 0.0021265698571486607, "y:5": 0.00808578913473289, "y:6": 0.061077244800064025, "y:7": 0.004593596524026532, "y:8": 0.03138072047865786, "y:9": 0.01063333909424624, "y:10": 0.021342094959468344, "y:11": 0.018558736352959442, "y:12": 0.0023117583213259473, "y:13": 0.016672324428806812, "y:14": 0.019885785464909454, "y:15": 0.0008551684933136891, "y:16": 0.06993853644509956, "y:17": 0.01909196966721978, "y:18": 0.05631592728837711, "y:19": 0.0072945009429529846, "y:20": 0.05766505666756622, "y:21": 0.017150325338413153, "y:22": 0.05511971674658742, "y:23": 0.017273038366553313, "y:24": 0.04949052751789995, "y:25": 0.02636818075307817, "y:26": 0.002650255795119884, "y:27": 0.03178544810167398, "y:28": 0.05108537889123473, "y:29": 0.030800767998985075, "y:30": 0.04888598543211442, "y:31": 0.025837858124556877}, "1": {"y:0": 0.00888563634477346, "y:1": 0.01089517440576848, "y:2": 0.002560950507567138, "y:3": 0.009589003258625658, "y:4": 0.002125124668249035, "y:5": 0.00826927695910935, "y:6": 0.06275695243276039, "y:7": 0.005072249667467767, "y:8": 0.03141370845200891, "y:9": 0.00803868754081356, "y:10": 0.021452608499553237, "y:11": 0.009609921502011096, "y:12": 0.0022981805173474725, "y:13": 0.011561143180236388, "y:14": 0.019799276608731136, "y:15": 0.0008570238295959911, "y:16": 0.06844499699543745, "y:17": 0.011081857536859543, "y:18": 0.07056731444511267, "y:19": 0.006854633357770345, "y:20": 0.0741484161753764, "y:21": 0.013719010747791423, "y:22": 0.053490457771237204, "y:23": 0.013650473050862911, "y:24": 0.047954520450132786, "y:25": 0.01600768268601657, "y:26": 0.00265345093824834, "y:27": 0.018650078951836752, "y:28": 0.04920845956551428, "y:29": 0.02103138762379644, "y:30": 0.04641476486727569, "y:31": 0.018612500009939373}, "2": {"y:0": 0.008847116771006172, "y:1": 0.010073198983887257, "y:2": 0.002558151780703337, "y:3": 0.006891153796539793, "y:4": 0.0021312465280335694, "y:5": 0.013994769875597234, "y:6": 0.06514600369887742, "y:7": 0.005056702575387137, "y:8": 0.03163094549746454, "y:9": 0.015071736260003564, "y:10": 0.02132661064173208, "y:11": 0.04032029613840118, "y:12": 0.002293504976074191, "y:13": 0.03271901861444979, "y:14": 0.019256779068869512, "y:15": 0.0008596101575610748, "y:16": 0.0693155059178107, "y:17": 0.04385876941932345, "y:18": 0.0673383096193346, "y:19": 0.007589550631931786, "y:20": 0.07635981570825329, "y:21": 0.028483955265993833, "y:22": 0.0565034671408497, "y:23": 0.03412167625260456, "y:24": 0.052706133182488915, "y:25": 0.06640002480399496, "y:26": 0.002645048075806711, "y:27": 0.05762445790491243, "y:28": 0.05104853559630732, "y:29": 0.06345475829468403, "y:30": 0.047244400411036676, "y:31": 0.04591239940414626}, "3": {"y:0": 0.008810843836079274, "y:1": 0.012530133602377872, "y:2": 0.0025601205451287494, "y:3": 0.007703946429162434, "y:4": 0.002126199099661965, "y:5": 0.013319423660229349, "y:6": 0.06901903097195068, "y:7": 0.005146641976235214, "y:8": 0.03277634391906314, "y:9": 0.015067074638073174, "y:10": 0.021205486429989557, "y:11": 0.03735715924803452, "y:12": 0.0023044766485647208, "y:13": 0.02943681401158114, "y:14": 0.01917089101709854, "y:15": 0.0008594289118516425, "y:16": 0.0709332105125186, "y:17": 0.03578428082775898, "y:18": 0.07181631461916636, "y:19": 0.007603569282848914, "y:20": 0.0759034796774035, "y:21": 0.026824227537649403, "y:22": 0.053247327236730105, "y:23": 0.0317925223109123, "y:24": 0.05002413078285154, "y:25": 0.054703198109807144, "y:26": 0.002644867184581724, "y:27": 0.05835635365648578, "y:28": 0.04887147284659567, "y:29": 0.056570557130670024, "y:30": 0.049442632459713906, "y:31": 0.046797998689431825}, "4": {"y:0": 0.008939373048115446, "y:1": 0.013770652316693464, "y:2": 0.0025591109253969174, "y:3": 0.0075565358839672575, "y:4": 0.002125809241961411, "y:5": 0.015673042973793416, "y:6": 0.07529269762217695, "y:7": 0.005136416869149411, "y:8": 0.03129848193352816, "y:9": 0.01581540664175642, "y:10": 0.02049263624639996, "y:11": 0.04947320886534767, "y:12": 0.002296203906351669, "y:13": 0.037933228376242425, "y:14": 0.019292965798998876, "y:15": 0.0008595360467667248, "y:16": 0.06635774037783815, "y:17": 0.04423025359209295, "y:18": 0.0657336120155228, "y:19": 0.007566951155949136, "y:20": 0.06971573131320313, "y:21": 0.029588782308983624, "y:22": 0.054440035167510156, "y:23": 0.038637159003494286, "y:24": 0.04903643695503139, "y:25": 0.0677438064027717, "y:26": 0.002650128178796359, "y:27": 0.06507439159609324, "y:28": 0.05138448592091679, "y:29": 0.06893147344829456, "y:30": 0.046748540556980404, "y:31": 0.05180000450063304}, "5": {"y:0": 0.008924455579757035, "y:1": 0.021507122491294505, "y:2": 0.0025627727035295437, "y:3": 0.009180230347757246, "y:4": 0.002125279828633328, "y:5": 0.018052734478475378, "y:6": 0.06923627395667581, "y:7": 0.005316935142941566, "y:8": 0.03215373963450167, "y:9": 0.01688369110932947, "y:10": 0.021138101579132883, "y:11": 0.04187004924909254, "y:12": 0.002301321006200876, "y:13": 0.037939919681519226, "y:14": 0.019165222596958353, "y:15": 0.0008609332165549444, "y:16": 0.06933535985598396, "y:17": 0.040900057971035644, "y:18": 0.06763474204868797, "y:19": 0.007622643135829799, "y:20": 0.07090894316396255, "y:21": 0.030527421442015576, "y:22": 0.05423494445401511, "y:23": 0.03597418533376768, "y:24": 0.05229852879721871, "y:25": 0.06390628969656316, "y:26": 0.002652321980394901, "y:27": 0.06602236897509134, "y:28": 0.05177320493085894, "y:29": 0.07575982299000754, "y:30": 0.04714277591452194, "y:31": 0.052849444383582474}, "6": {"y:0": 0.008861907456625705, "y:1": 0.02784774371595735, "y:2": 0.002562214588939639, "y:3": 0.00999298383465492, "y:4": 0.002127074555878639, "y:5": 0.021668047986697213, "y:6": 0.06882499121779126, "y:7": 0.005462695487577545, "y:8": 0.03281157217553164, "y:9": 0.017442284949732902, "y:10": 0.021198462127685575, "y:11": 0.0436221990977783, "y:12": 0.0022993621888243282, "y:13": 0.04159265363253025, "y:14": 0.019315280194978912, "y:15": 0.0008613575874541439, "y:16": 0.06936797503161074, "y:17": 0.04373880559146166, "y:18": 0.06856485142437435, "y:19": 0.007628120335051329, "y:20": 0.07250401013984045, "y:21": 0.029428532685324763, "y:22": 0.05493319466604732, "y:23": 0.03905459246796568, "y:24": 0.04962741533046037, "y:25": 0.06721273013949014, "y:26": 0.0026478297317570213, "y:27": 0.06476422669700856, "y:28": 0.052047357873519724, "y:29": 0.07229112664848297, "y:30": 0.04621409040263819, "y:31": 0.054305925585504775}, "7": {"y:0": 0.008876871839532733, "y:1": 0.03590834639409633, "y:2": 0.0025604874074749, "y:3": 0.01263398591028339, "y:4": 0.002125423396653859, "y:5": 0.03391622208300865, "y:6": 0.07102452684840027, "y:7": 0.0059213373926371, "y:8": 0.03252979028773592, "y:9": 0.02144074877439976, "y:10": 0.021622856199850517, "y:11": 0.04474446371950918, "y:12": 0.0022994815691332548, "y:13": 0.04964669593365297, "y:14": 0.01948390404571841, "y:15": 0.0008637630919327404, "y:16": 0.06997310618925998, "y:17": 0.041219563472625655, "y:18": 0.07131790212087276, "y:19": 0.007727863129096372, "y:20": 0.0742415070998098, "y:21": 0.030912454981433926, "y:22": 0.055010459663626055, "y:23": 0.03664289657948321, "y:24": 0.05355332295788134, "y:25": 0.06848140092259311, "y:26": 0.0026502885618146796, "y:27": 0.06783123798363153, "y:28": 0.05173035576382787, "y:29": 0.07611931323335741, "y:30": 0.04721089732195405, "y:31": 0.0534487191140563}, "8": {"y:0": 0.008890279095045854, "y:1": 0.03870500215026938, "y:2": 0.002556980145944463, "y:3": 0.012867631614922692, "y:4": 0.002125385915305145, "y:5": 0.035732155576984906, "y:6": 0.0702968683167974, "y:7": 0.0059801203858344185, "y:8": 0.03252991550529364, "y:9": 0.02224357684856171, "y:10": 0.021369370344586962, "y:11": 0.04590991888967805, "y:12": 0.00229844447437971, "y:13": 0.049721957040174576, "y:14": 0.019347778622668375,