{"0": {"y:0": 0.11762306109660506, "y:1": 0.025022602493606404, "y:2": 0.14357415317195796, "y:3": 0.016339996628463953, "y:4": 0.11622315494489077, "y:5": 0.01511418521484653, "y:6": 0.12375228401397384, "y:7": 0.01644204637765273, "y:8": 0.13333111481862703, "y:9": 0.018100422590494686, "y:10": 0.1449922715461948, "y:11": 0.02213608649422525, "y:12": 0.13932635087662168, "y:13": 0.025426255487553215, "y:14": 0.13514084191896258, "y:15": 0.03420424819356944, "y:16": 0.1565346623955395, "y:17": 0.03278070624167171, "y:18": 0.12750374100748216, "y:19": 0.03746750711361938, "y:20": 0.14951996319089234, "y:21": 0.03795408056541186, "y:22": 0.13191807761448357, "y:23": 0.04173125390432811, "y:24": 0.13718880292191915, "y:25": 0.046163620984807835, "y:26": 0.13705151505762844, "y:27": 0.04561677458060166, "y:28": 0.14057149475615469, "y:29": 0.043849960777771944, "y:30": 0.1307465736962715, "y:31": 0.048712597698568214}}