{"0": {"y:0": 0.124184026222466, "y:1": 0.025589073117289866, "y:2": 0.1231171980509307, "y:3": 0.017300121467411556, "y:4": 0.131219411811249, "y:5": 0.01574166631231284, "y:6": 0.12874282805658385, "y:7": 0.018049850470821326, "y:8": 0.12051134111424237, "y:9": 0.019023973412915392, "y:10": 0.12803636234355537, "y:11": 0.022685796852366432, "y:12": 0.1525099838158238, "y:13": 0.026132816430796672, "y:14": 0.12022216731555571, "y:15": 0.026064940524849145, "y:16": 0.13043963742044737, "y:17": 0.03601136756148891, "y:18": 0.14586961716073862, "y:19": 0.034993437445550044, "y:20": 0.12539769443583182, "y:21": 0.03943487558911628, "y:22": 0.12158979783251977, "y:23": 0.03995073921457197, "y:24": 0.12965326352931636, "y:25": 0.041305507027784336, "y:26": 0.12684278631066612, "y:27": 0.04330663071106809, "y:28": 0.12643212840193616, "y:29": 0.046448610438744896, "y:30": 0.12989522827499203, "y:31": 0.05073390484531664}}