{"0": {"y:0": 0.20074110366981762, "y:1": 0.19905150889594417, "y:2": 0.19896058857321555, "y:3": 0.19876275794790746, "y:4": 0.20078079990178527, "y:5": 0.20113041778534277, "y:6": 0.20002165316594028, "y:7": 0.2000024246109319, "y:8": 0.19897232557808797, "y:9": 0.20007093740572962}, "1": {"y:0": 0.20524916592217893, "y:1": 0.20464140712499204, "y:2": 0.20528861921180613, "y:3": 0.20864463751935788, "y:4": 0.20658398008385986, "y:5": 0.2070234102406782, "y:6": 0.2072355101994311, "y:7": 0.20768539356146776, "y:8": 0.2069904152768415, "y:9": 0.20795236318871482}, "2": {"y:0": 0.40276643878539703, "y:1": 0.3986142282568182, "y:2": 0.40360261990193896, "y:3": 0.41316738975184214, "y:4": 0.4199280527824925, "y:5": 0.41206899421356774, "y:6": 0.41357709778239177, "y:7": 0.40725847428019646, "y:8": 0.4146617963431006, "y:9": 0.41019756998360335}, "3": {"y:0": 0.7939979362092133, "y:1": 0.7946759455104564, "y:2": 0.8200983774907368, "y:3": 0.8406698258790799, "y:4": 0.8107105834391656, "y:5": 0.8258509168406968, "y:6": 0.8204158685147599, "y:7": 0.796495301780267, "y:8": 0.8255660912245871, "y:9": 0.828651662485642}, "4": {"y:0": 1.4580675241767245, "y:1": 1.3644867578250923, "y:2": 1.4732269065070172, "y:3": 1.5112282985292174, "y:4": 1.3145248836480912, "y:5": 1.516428959617495, "y:6": 1.4771045145014754, "y:7": 1.4785926791359576, "y:8": 1.4619495910285074, "y:9": 1.5919378191330364}, "5": {"y:0": 2.037454849084281, "y:1": 1.6944456296989465, "y:2": 2.524699265452193, "y:3": 2.3330455294480186, "y:4": 1.614145688260571, "y:5": 2.327401602464671, "y:6": 2.3461359281209533, "y:7": 1.8899379275802572, "y:8": 2.0524896116837628, "y:9": 2.421088371417699}, "6": {"y:0": 2.2997392144107387, "y:1": 1.7853130195647593, "y:2": 2.9694559016500257, "y:3": 2.60526224629525, "y:4": 1.6699152296357598, "y:5": 2.6937879047233073, "y:6": 2.582062914318487, "y:7": 2.140299585715235, "y:8": 2.2928540376562823, "y:9": 2.78284995247714}, "7": {"y:0": 2.363346161156744, "y:1": 1.8248502452883382, "y:2": 3.1584809048185463, "y:3": 2.77550489237601, "y:4": 1.7146445615187358, "y:5": 2.802365288290794, "y:6": 2.9045687949702517, "y:7": 2.1200824884273746, "y:8": 2.4413631950380026, "y:9": 2.9286738760377697}, "8": {"y:0": 2.3310470419158404, "y:1": 1.856263548842529, "y:2": 3.3341572529853583, "y:3": 2.852409291672539, "y:4": 1.7614652666777744, "y:5": 2.9118416006479877, "y:6": 2.9195566010143623, "y:7": 2.14083278115403, "y:8": 2.4891329101677, "y:9": 3.0592612950791014}, "9": {"y:0": 2.317768000772543, "y:1": 1.8103045480672617, "y:2": 3.2806004590574496, "y:3": 2.934624603804964, "y:4": 1.8053149012626883, "y:5": 2.9986533348446343, "y:6": 3.0253845906964054, "y:7": 2.1009673480103044, "y:8": 2.5469106652002944, "y:9": 3.02488158833113}, "10": {"y:0": 2.314007876045966, "y:1": 1.8112004140875069, "y:2": 3.326501670012067, "y:3": 2.955050239137099, "y:4": 1.795884864032382, "y:5": 2.9974315200121215, "y:6": 3.0179903657940095, "y:7": 2.1164384733641923, "y:8": 2.546377321673425, "y:9": 3.0524561237176613}, "11": {"y:0": 2.3130726024688553, "y:1": 1.7964380898635701, "y:2": 3.3418184485515554, "y:3": 2.973729129620178, "y:4": 1.8112400369387252, "y:5": 3.0361322468016185, "y:6": 3.039951613634594, "y:7": 2.1088252300848813, "y:8": 2.5653246466909914, "y:9": 3.0368093573771935}}