{"0": {"y:0": 0.119530490184324, "y:1": 0.019960781603836124, "y:2": 0.10333577296042283, "y:3": 0.014306051076089277, "y:4": 0.11869124936854333, "y:5": 0.015703819576606774, "y:6": 0.12048909725612043, "y:7": 0.019155927218312326, "y:8": 0.1409607814968802, "y:9": 0.022840982756132347, "y:10": 0.12957984340299034, "y:11": 0.03021082893172367, "y:12": 0.12276581165989174, "y:13": 0.03453284198236491, "y:14": 0.15633485498756353, "y:15": 0.03314758441973794, "y:16": 0.12652833264169355, "y:17": 0.033531621210647004, "y:18": 0.13203859292064787, "y:19": 0.04304615579076605, "y:20": 0.12553003997123843, "y:21": 0.04371018877253177, "y:22": 0.1470217707786104, "y:23": 0.041150558840495566, "y:24": 0.12975760067256878, "y:25": 0.043947896119498536, "y:26": 0.13464453688806907, "y:27": 0.041108278056478556, "y:28": 0.1350673970681548, "y:29": 0.05067533040591116, "y:30": 0.13734224373830956, "y:31": 0.04888108387375871}, "1": {"y:0": 0.10637904884096061, "y:1": 0.0298281346018607, "y:2": 0.1238446336498514, "y:3": 0.02047650148307875, "y:4": 0.11806182938271094, "y:5": 0.01689765233497827, "y:6": 0.1401527215715122, "y:7": 0.015300430714019394, "y:8": 0.1387412053862129, "y:9": 0.01514507171436865, "y:10": 0.12355785882024352, "y:11": 0.015984490602415902, "y:12": 0.1312265540454667, "y:13": 0.017834623552893128, "y:14": 0.13994550468446484, "y:15": 0.019593029295491244, "y:16": 0.12532084602417984, "y:17": 0.02040038235090303, "y:18": 0.13236465928501176, "y:19": 0.02560705665410503, "y:20": 0.13499204010242968, "y:21": 0.027470449523172447, "y:22": 0.13161201242183312, "y:23": 0.026837506887983652, "y:24": 0.1396867645648072, "y:25": 0.033291713721642, "y:26": 0.1473746452087634, "y:27": 0.033437816952340764, "y:28": 0.12508869267146008, "y:29": 0.03811206447616395, "y:30": 0.13482899400499054, "y:31": 0.03736830059015866}, "2": {"y:0": 0.11314141726952166, "y:1": 0.09061318012601957, "y:2": 0.12900241928552073, "y:3": 0.0802589966664431, "y:4": 0.13262197346417678, "y:5": 0.06681984669435645, "y:6": 0.13191602071617747, "y:7": 0.05089571115874024, "y:8": 0.13186665281992288, "y:9": 0.04390208591272175, "y:10": 0.1349230794735053, "y:11": 0.0408188841704203, "y:12": 0.1295698948523173, "y:13": 0.03755620843282776, "y:14": 0.13587249687572145, "y:15": 0.03410752799127496, "y:16": 0.13227903826658366, "y:17": 0.030754997716128066, "y:18": 0.13103101611746024, "y:19": 0.030631026671979023, "y:20": 0.13367309316776665, "y:21": 0.026783278466460968, "y:22": 0.13845503452696364, "y:23": 0.026540529652601348, "y:24": 0.13791926019326842, "y:25": 0.02496599369887627, "y:26": 0.14101191869396643, "y:27": 0.02427307500836975, "y:28": 0.13695192976004572, "y:29": 0.023704425443869637, "y:30": 0.13542297562647992, "y:31": 0.022311647980068752}, "3": {"y:0": 0.11336390400647835, "y:1": 0.08064043772751424, "y:2": 0.13117392778828302, "y:3": 0.08034997814492466, "y:4": 0.13630755080980048, "y:5": 0.06811375275370012, "y:6": 0.1481749749882564, "y:7": 0.06173379589962712, "y:8": 0.13994134193677216, "y:9": 0.05537951959592323, "y:10": 0.13197744845988296, "y:11": 0.05119229844617385, "y:12": 0.1386679161668023, "y:13": 0.04882893314998459, "y:14": 0.12728032696251232, "y:15": 0.04965023866392657, "y:16": 0.14843671411583167, "y:17": 0.04011461094256537, "y:18": 0.13810689728954953, "y:19": 0.03990127353183351, "y:20": 0.14692566843250648, "y:21": 0.03828688694936058, "y:22": 0.1322304106736129, "y:23": 0.03737705996659466, "y:24": 0.137782631569346, "y:25": 0.03661388711274493, "y:26": 0.13365706136043098, "y:27": 0.03416075843143991, "y:28": 0.12658690137196, "y:29": 0.03271562233105666, "y:30": 0.14501174871719694, "y:31": 0.03222266113664895}, "4": {"y:0": 0.09392036868531127, "y:1": 0.05795036797759554, "y:2": 0.1128524832000395, "y:3": 0.05483280786224509, "y:4": 0.11947012910180457, "y:5": 0.0455946449439602, "y:6": 0.1256847467394057, "y:7": 0.04256858016753195, "y:8": 0.12147277814756915, "y:9": 0.039658014128440486, "y:10": 0.11799703603061433, "y:11": 0.03554323432576368, "y:12": 0.12185481547247562, "y:13": 0.03249363406039578, "y:14": 0.12718107994697805, "y:15": 0.029027308044907798, "y:16": 0.12358634362739018, "y:17": 0.02980915983247355, "y:18": 0.12996477211929322, "y:19": 0.026628316933639897, "y:20": 0.12165451128480095, "y:21": 0.026810136576717884, "y:22": 0.12256245149986646, "y:23": 0.02537121620379802, "y:24": 0.13050931929805848, "y:25": 0.024193526807786102, "y:26": 0.12942612826233607, "y:27": 0.022954202357714913, "y:28": 0.12738720571866238, "y:29": 0.022593398764653473, "y:30": 0.11465597492012372, "y:31": 0.022054489692479737}, "5": {"y:0": 0.07879279938806576, "y:1": 0.0476247965264253, "y:2": 0.09973829904196505, "y:3": 0.04095295702703764, "y:4": 0.1055598916616084, "y:5": 0.0352236972359047, "y:6": 0.10075351136522245, "y:7": 0.03163203188328901, "y:8": 0.11075054146251348, "y:9": 0.02881058782592332, "y:10": 0.10000624792076047, "y:11": 0.02779248409984337, "y:12": 0.10324771435235297, "y:13": 0.026607713661488515, "y:14": 0.09950863738987317, "y:15": 0.023480149178108922, "y:16": 0.10227708243923629, "y:17": 0.023475034913995402, "y:18": 0.10797214061859606, "y:19": 0.022395763080642374, "y:20": 0.10312387062510382, "y:21": 0.022292400603691538, "y:22": 0.09936131170120109, "y:23": 0.021218048996196465, "y:24": 0.1077210701947202, "y:25": 0.020947752936097255, "y:26": 0.10230055747728897, "y:27": 0.020033709489143056, "y:28": 0.09743920447397308, "y:29": 0.01920052591575287, "y:30": 0.10099398634873641, "y:31": 0.018555585510572955}, "6": {"y:0": 0.05087936228060971, "y:1": 0.01572837029896325, "y:2": 0.058728197154222936, "y:3": 0.020403048583771257, "y:4": 0.05756990341487664, "y:5": 0.027730636690774003, "y:6": 0.05536839933691515, "y:7": 0.032473103664719234, "y:8": 0.054929186402695895, "y:9": 0.039468325019917046, "y:10": 0.05201504750287491, "y:11": 0.042008223597267566, "y:12": 0.05306221307553974, "y:13": 0.04541803623164212, "y:14": 0.05543196942658615, "y:15": 0.05049768059383047, "y:16": 0.051906979474405895, "y:17": 0.052626515611940795, "y:18": 0.05162748752713327, "y:19": 0.054681372781030725, "y:20": 0.052997312779725185, "y:21": 0.05452191739995633, "y:22": 0.048004498462385733, "y:23": 0.05650345024076108, "y:24": 0.05115065372697733, "y:25": 0.059410630696574845, "y:26": 0.04838585643246229, "y:27": 0.0633750420355893, "y:28": 0.050384717334208996, "y:29": 0.0639510511782113, "y:30": 0.04824010209472217, "y:31": 0.07482699501120726}, "7": {"y:0": 0.08390550050597749, "y:1": 0.03751383244041041, "y:2": 0.07130424283242871, "y:3": 0.05245812431969555, "y:4": 0.054977949353719795, "y:5": 0.060083633434935654, "y:6": 0.05114393014309529, "y:7": 0.06552992417114711, "y:8": 0.051711643131165684, "y:9": 0.07082746949051348, "y:10": 0.04098973163031659, "y:11": 0.07016127700666176, "y:12": 0.04091569666494157, "y:13": 0.06904222259208438, "y:14": 0.0354647309999474, "y:15": 0.06740093088604482, "y:16": 0.03678448672177371, "y:17": 0.06494265285617555, "y:18": 0.03186022573532674, "y:19": 0.06803354907930748, "y:20": 0.030620890618619258, "y:21": 0.08117540138233717, "y:22": 0.026807645923723474, "y:23": 0.07644529671359951, "y:24": 0.024327716717909578, "y:25": 0.07546762006556931, "y:26": 0.022709566749693447, "y:27": 0.08068580369817631, "y:28": 0.020689493499521584, "y:29": 0.0847374632858121, "y:30": 0.01981929406545771, "y:31": 0.0828456211216884}, "8": {"y:0": 0.04239183966738849, "y:1": 0.01946275784550707, "y:2": 0.04054603453418489, "y:3": 0.015518808782362, "y:4": 0.03582073831456328, "y:5": 0.015381242116003318, "y:6": 0.033223722767947106, "y:7": 0.01650479909021104, "y:8": 0.03162417372365722, "y:9": 0.01618202563100102, "y:10": 0.029049299719402615, "y:11": 0.019595352143149385, "y:12": 0.030030466373039372, "y:13": 0.019985607778854206, "y:14": 0.026023521973112525, "y:15": 0.022054627110778772, "y:16": 0.025843416431976338, "y:17": 0.02275145747516081, "y:18": 0.02597289978394583,