{"0": {"y:0": 0.00588051057516416, "y:1": 0.0094975712829132, "y:2": 0.003313759657314119, "y:3": 0.003882037650494943, "y:4": 0.018086864460485335, "y:5": 0.0035557332535878943, "y:6": 0.016930045383950282, "y:7": 0.005632527492758229, "y:8": 0.0006538745625472886, "y:9": 0.0011900979337680004, "y:10": 0.004568241440070821, "y:11": 0.0038952143452489207, "y:12": 0.009550726133793397, "y:13": 0.0028800991768624033, "y:14": 0.0015340118632958457, "y:15": 0.0005686568936966238, "y:16": 0.006261726329449289, "y:17": 0.007209950056811398, "y:18": 0.004847792137529054, "y:19": 0.0035953345108582007, "y:20": 0.016221329630359334, "y:21": 0.0031799991265079007, "y:22": 0.014576392583190729, "y:23": 0.006481320842510363, "y:24": 0.007584667560343432, "y:25": 0.00972553513409662, "y:26": 0.003736379859634855, "y:27": 0.004724186242934212, "y:28": 0.008125022793894548, "y:29": 0.0029908079993079175, "y:30": 0.0012235797219495115, "y:31": 0.0004918487053744446}, "1": {"y:0": 0.005922719433393306, "y:1": 0.009308309327914155, "y:2": 0.0033174404139354363, "y:3": 0.0038726364453221308, "y:4": 0.018172067791551554, "y:5": 0.0036100629647180674, "y:6": 0.017160993844533134, "y:7": 0.0057450839009361414, "y:8": 0.000654191856735345, "y:9": 0.00119216126623952, "y:10": 0.004620204903603995, "y:11": 0.0038493329288358897, "y:12": 0.009488631562559182, "y:13": 0.0028575105612980885, "y:14": 0.0015341313104240528, "y:15": 0.0005690977616159129, "y:16": 0.006319449770815507, "y:17": 0.007169029150046841, "y:18": 0.00480727964261266, "y:19": 0.0035384127966932434, "y:20": 0.015999898176792815, "y:21": 0.0031654556613893332, "y:22": 0.014626155617794546, "y:23": 0.006322990564983265, "y:24": 0.007544796654370469, "y:25": 0.009548368569458492, "y:26": 0.0037508562783595315, "y:27": 0.004713770888954512, "y:28": 0.008124759280314, "y:29": 0.002973782121367629, "y:30": 0.0012280266953399535, "y:31": 0.0004927731715836154}, "2": {"y:0": 0.005837565747836504, "y:1": 0.01236344913432301, "y:2": 0.003314110235326202, "y:3": 0.006372339856145138, "y:4": 0.018515283963240287, "y:5": 0.006221148426166957, "y:6": 0.017228732254844947, "y:7": 0.01660220564030263, "y:8": 0.0006537449853989746, "y:9": 0.0013675019549265718, "y:10": 0.004587713370234644, "y:11": 0.006290862039092524, "y:12": 0.009621292440112263, "y:13": 0.00391605009485006, "y:14": 0.0015310640564052203, "y:15": 0.0005971551601544042, "y:16": 0.006205055735297925, "y:17": 0.014761563019320405, "y:18": 0.004793648215668737, "y:19": 0.004664447790040507, "y:20": 0.016313932617860134, "y:21": 0.0039249642366950025, "y:22": 0.014614247425279562, "y:23": 0.009345029904534027, "y:24": 0.007619989999332578, "y:25": 0.011459901146540368, "y:26": 0.003733397809188002, "y:27": 0.005639593498903358, "y:28": 0.008245722492730735, "y:29": 0.0033146386619828327, "y:30": 0.0012258757014488347, "y:31": 0.000499895773556388}, "3": {"y:0": 0.0058546767094234805, "y:1": 0.01205578782039567, "y:2": 0.003302853644697053, "y:3": 0.007006758033477479, "y:4": 0.01861911019873003, "y:5": 0.007053567406179679, "y:6": 0.01701830360494536, "y:7": 0.02711305879532247, "y:8": 0.0006545151453819802, "y:9": 0.0014241835125718017, "y:10": 0.004578120106097275, "y:11": 0.00813238947083486, "y:12": 0.00953746730063765, "y:13": 0.004534604194324285, "y:14": 0.001538148995885441, "y:15": 0.0006105226994338078, "y:16": 0.006279966531485966, "y:17": 0.027931159964268346, "y:18": 0.004797684466467711, "y:19": 0.006176606162423308, "y:20": 0.016279993860674042, "y:21": 0.004929341696975367, "y:22": 0.014735727064535091, "y:23": 0.020074421713439202, "y:24": 0.00762706519952702, "y:25": 0.017142717009839423, "y:26": 0.0037387862104158467, "y:27": 0.009118453683793597, "y:28": 0.008220431554769045, "y:29": 0.00419164628235225, "y:30": 0.0012249324177215173, "y:31": 0.0005162303797091096}, "4": {"y:0": 0.005871091749952236, "y:1": 0.011830701552880438, "y:2": 0.003294827965290175, "y:3": 0.007230123711859138, "y:4": 0.018441979242880803, "y:5": 0.007443972546650974, "y:6": 0.017146638158377175, "y:7": 0.03618451719656759, "y:8": 0.0006540903477648337, "y:9": 0.0014384534089854474, "y:10": 0.004583676675203637, "y:11": 0.00879782499486972, "y:12": 0.009449001054558067, "y:13": 0.004762015777555803, "y:14": 0.0015330648448828729, "y:15": 0.0006156583303019836, "y:16": 0.006251493147104722, "y:17": 0.041600530401366936, "y:18": 0.004815626888004919, "y:19": 0.00671427686931244, "y:20": 0.016219634952863098, "y:21": 0.005402834398131758, "y:22": 0.01452583630991084, "y:23": 0.031626186161648646, "y:24": 0.007593998913217379, "y:25": 0.019772466510114713, "y:26": 0.003744753711068632, "y:27": 0.01086727356149781, "y:28": 0.00827004744894231, "y:29": 0.00456955342255464, "y:30": 0.0012239437326190656, "y:31": 0.0005216641354967677}, "5": {"y:0": 0.005856181082805177, "y:1": 0.011784030930682832, "y:2": 0.0033112069784445647, "y:3": 0.007278749396091716, "y:4": 0.01823298169937049, "y:5": 0.0075623643140654, "y:6": 0.01722554308205103, "y:7": 0.03932837218624339, "y:8": 0.0006537589972984649, "y:9": 0.0014453956984708796, "y:10": 0.004562467982961669, "y:11": 0.009171874535129758, "y:12": 0.009477338328416617, "y:13": 0.004895763965380127, "y:14": 0.0015354768403965985, "y:15": 0.0006177676263572784, "y:16": 0.0062752674113933276, "y:17": 0.04004335712047612, "y:18": 0.004802993661066047, "y:19": 0.006891794002872398, "y:20": 0.016402346175128257, "y:21": 0.005532363233101211, "y:22": 0.014549177199731277, "y:23": 0.040193947622336385, "y:24": 0.007555764199795455, "y:25": 0.01862572559041629, "y:26": 0.0037480844312316026, "y:27": 0.011957708711863425, "y:28": 0.008237064649107296, "y:29": 0.004780726390991374, "y:30": 0.001224432886217927, "y:31": 0.0005242296682751716}, "6": {"y:0": 0.005857618991670931, "y:1": 0.011700336949426527, "y:2": 0.003300627581942166, "y:3": 0.007407520877759005, "y:4": 0.01842157843373757, "y:5": 0.007679566107505911, "y:6": 0.017012324877455243, "y:7": 0.04124769925786905, "y:8": 0.0006537751198062322, "y:9": 0.0014509189835024538, "y:10": 0.004580498187728337, "y:11": 0.009468811848850105, "y:12": 0.009461725788891408, "y:13": 0.004958247936157683, "y:14": 0.0015305281651477583, "y:15": 0.0006195456014466192, "y:16": 0.006225285290874166, "y:17": 0.043053849301198314, "y:18": 0.004808881108068447, "y:19": 0.007075749126799698, "y:20": 0.016278306289244596, "y:21": 0.005701998384750452, "y:22": 0.014715140734254482, "y:23": 0.04503408245741439, "y:24": 0.007591128858054384, "y:25": 0.01819564421046796, "y:26": 0.0037431272894524015, "y:27": 0.012681487272527072, "y:28": 0.008227031574987938, "y:29": 0.004877997575259925, "y:30": 0.0012249446874759797, "y:31": 0.0005256492362320792}, "7": {"y:0": 0.005879669083181088, "y:1": 0.01154022914705435, "y:2": 0.0033045975924610206, "y:3": 0.007224230615334382, "y:4": 0.018540690970517002, "y:5": 0.00747905553100101, "y:6": 0.0169780425609137, "y:7": 0.03450093371104729, "y:8": 0.0006540000971982161, "y:9": 0.0014420768444379933, "y:10": 0.004580628508812682, "y:11": 0.008939472791699613, "y:12": 0.009445950542099082, "y:13": 0.004834537041155994, "y:14": 0.0015333516552896976, "y:15": 0.0006168463267224931, "y:16": 0.006233635519290571, "y:17": 0.033728695786278726, "y:18": 0.004813930724850234, "y:19": 0.006773122148368684, "y:20": 0.016305826631089548, "y:21": 0.005445938864936931, "y:22": 0.014647668258773812, "y:23": 0.031173271853403288, "y:24": 0.007602491744703463, "y:25": 0.017590832502616217, "y:26": 0.0037408856659190554, "y:27": 0.011196973303990079, "y:28": 0.00824571872993407, "y:29": 0.004681827576281309, "y:30": 0.0012249712212111545, "y:31": 0.0005229907381827934}, "8": {"y:0": 0.005884847565703732, "y:1": 0.01178345500589063, "y:2": 0.0033061688453721845, "y:3": 0.0073740362989153626, "y:4": 0.01850569884545974, "y:5": 0.007698088849223277, "y:6": 0.016809868755003333, "y:7": 0.04397027531875648, "y:8": 0.0006540770364590462, "y:9": 0.0014533103920224266,