{"0": {"y:0": 0.005864511769103618, "y:1": 0.010064489528445218, "y:2": 0.003307888162408545, "y:3": 0.004693378965149568, "y:4": 0.018792279629236092, "y:5": 0.0040877308546976325, "y:6": 0.016847650150254054, "y:7": 0.00602726992640083, "y:8": 0.0006544582991383778, "y:9": 0.0012151646061080033, "y:10": 0.004543165418487836, "y:11": 0.004055906430077596, "y:12": 0.00963282372276832, "y:13": 0.0029382645118277086, "y:14": 0.001536727076269808, "y:15": 0.0005707898596446183, "y:16": 0.00616816422524674, "y:17": 0.007283262592638017, "y:18": 0.004789863254642017, "y:19": 0.0035720840962293102, "y:20": 0.015896814079538066, "y:21": 0.003193979706933045, "y:22": 0.014649725342637523, "y:23": 0.006379002796429764, "y:24": 0.007541692590555298, "y:25": 0.009936792689695962, "y:26": 0.003730923777441117, "y:27": 0.004735627489254834, "y:28": 0.008174567757609594, "y:29": 0.0030106232215830696, "y:30": 0.0012268934822774024, "y:31": 0.0004923716600596914}, "1": {"y:0": 0.005860656128477333, "y:1": 0.009401362463197307, "y:2": 0.003314360659719258, "y:3": 0.004056891713401449, "y:4": 0.018422772106455074, "y:5": 0.003675075145196433, "y:6": 0.017603768612800285, "y:7": 0.005736274327857698, "y:8": 0.0006536535784722865, "y:9": 0.0012013378749995242, "y:10": 0.0045850958920048285, "y:11": 0.003870516898311383, "y:12": 0.009360030251149145, "y:13": 0.0028766780450581145, "y:14": 0.0015354604700597752, "y:15": 0.0005700529403620052, "y:16": 0.006223271109140141, "y:17": 0.007363462532077438, "y:18": 0.00482354626081372, "y:19": 0.003616323469316626, "y:20": 0.016007610460771142, "y:21": 0.0032050761379641356, "y:22": 0.01473255562239978, "y:23": 0.006518167059822126, "y:24": 0.007565930689654746, "y:25": 0.00981712782908514, "y:26": 0.003731102190914366, "y:27": 0.004754157685284587, "y:28": 0.008320128296763462, "y:29": 0.0030084203970393232, "y:30": 0.0012249903646137873, "y:31": 0.0004926006412338582}, "2": {"y:0": 0.005830014227605614, "y:1": 0.012071669472820096, "y:2": 0.0033011954318046947, "y:3": 0.006452594229935103, "y:4": 0.018283651440289657, "y:5": 0.006390681354428559, "y:6": 0.016820893644292293, "y:7": 0.017414268441954803, "y:8": 0.0006538549582455305, "y:9": 0.0013765269282189953, "y:10": 0.004571626640008734, "y:11": 0.006582233918086981, "y:12": 0.009503074740635052, "y:13": 0.004033198132000202, "y:14": 0.0015329936752820504, "y:15": 0.0005989765835453375, "y:16": 0.0062133754775877004, "y:17": 0.015604712671409284, "y:18": 0.00480695374724675, "y:19": 0.004829052457860446, "y:20": 0.01584974784688052, "y:21": 0.0041612108841404555, "y:22": 0.01465603998431114, "y:23": 0.010498508214755772, "y:24": 0.007553156574713069, "y:25": 0.012166895658772641, "y:26": 0.003745353592232714, "y:27": 0.006398315825268826, "y:28": 0.008252650816841933, "y:29": 0.0035647673045878865, "y:30": 0.001224528433565004, "y:31": 0.0005033525190995362}, "3": {"y:0": 0.005875972397576787, "y:1": 0.011773391116759152, "y:2": 0.003305171894704171, "y:3": 0.007172384324500822, "y:4": 0.018492166439674853, "y:5": 0.007329938215747034, "y:6": 0.016995912569435632, "y:7": 0.03182566365276055, "y:8": 0.000654013134504436, "y:9": 0.0014312001122648783, "y:10": 0.0045561687170859785, "y:11": 0.008569885025348856, "y:12": 0.009524346768293288, "y:13": 0.004696536072856869, "y:14": 0.0015331510800131076, "y:15": 0.000613667053186228, "y:16": 0.006227115836254048, "y:17": 0.03450831396966818, "y:18": 0.004806863192774672, "y:19": 0.006356146521897168, "y:20": 0.016295867953422638, "y:21": 0.00519618290897598, "y:22": 0.014598958442840535, "y:23": 0.025198508791775282, "y:24": 0.007514047910260274, "y:25": 0.018417268743624142, "y:26": 0.0037431809610807784, "y:27": 0.010159796604182609, "y:28": 0.008269036252224688, "y:29": 0.00441232147576417, "y:30": 0.001223660935541632, "y:31": 0.0005201116953962699}, "4": {"y:0": 0.005888096096392144, "y:1": 0.011623060593002402, "y:2": 0.0032928824182026114, "y:3": 0.007309456567339411, "y:4": 0.018326342821641372, "y:5": 0.007489990548735972, "y:6": 0.017175492629942484, "y:7": 0.03883767015730807, "y:8": 0.0006545170704722404, "y:9": 0.001446933446882711, "y:10": 0.004561371050065104, "y:11": 0.00911769791700384, "y:12": 0.009396113817184207, "y:13": 0.004879911183993325, "y:14": 0.0015345516846050928, "y:15": 0.0006174985340616947, "y:16": 0.006190973993533693, "y:17": 0.04208371617026644, "y:18": 0.004816905616435306, "y:19": 0.006921742834205889, "y:20": 0.01619268366396989, "y:21": 0.00547058397139219, "y:22": 0.014545492647277284, "y:23": 0.03535745149999191, "y:24": 0.0076082098056564065, "y:25": 0.01838454418052786, "y:26": 0.003731408599909938, "y:27": 0.011657008282714671, "y:28": 0.008241250643373749, "y:29": 0.004782297371722477, "y:30": 0.0012256394225797248, "y:31": 0.0005230912763352465}, "5": {"y:0": 0.005889944796151005, "y:1": 0.011528908024307888, "y:2": 0.0032976570960221345, "y:3": 0.007364057479533399, "y:4": 0.018261019685217678, "y:5": 0.0076216966806128515, "y:6": 0.017256915280422225, "y:7": 0.040024587326528895, "y:8": 0.0006542937417089047, "y:9": 0.0014483732784315857, "y:10": 0.0045888219792519155, "y:11": 0.00936685784572973, "y:12": 0.009506253732230338, "y:13": 0.004933733679903782, "y:14": 0.0015332583995218343, "y:15": 0.0006180508030569155, "y:16": 0.006228164460577935, "y:17": 0.04131818097133949, "y:18": 0.004817901499992479, "y:19": 0.006990201882383101, "y:20": 0.016224243072055347, "y:21": 0.005618913104400469, "y:22": 0.014623162112923051, "y:23": 0.04113891255483274, "y:24": 0.007599171030770592, "y:25": 0.018788127281157276, "y:26": 0.003756052635067544, "y:27": 0.012149478210800277, "y:28": 0.00824766588265304, "y:29": 0.004841296271134048, "y:30": 0.0012253456099655467, "y:31": 0.0005246250691679028}, "6": {"y:0": 0.005854592899595079, "y:1": 0.011699369520169752, "y:2": 0.0032950417897797415, "y:3": 0.007397816352812147, "y:4": 0.01830104136169622, "y:5": 0.007713594305346067, "y:6": 0.017045344374830834, "y:7": 0.042414560217351543, "y:8": 0.0006537920089642858, "y:9": 0.0014525944075944185, "y:10": 0.0045885718569775085, "y:11": 0.00947315434375535, "y:12": 0.009501424747218427, "y:13": 0.004974600907634274, "y:14": 0.0015332350929120246, "y:15": 0.0006194461843117949, "y:16": 0.0062045715690223725, "y:17": 0.04167465201701333, "y:18": 0.004804005647471419, "y:19": 0.007123407601002217, "y:20": 0.016273514353241154, "y:21": 0.005719411036556556, "y:22": 0.014580932254964317, "y:23": 0.04778976688616608, "y:24": 0.007611343497961268, "y:25": 0.0180933365977915, "y:26": 0.003732658675409648, "y:27": 0.012772439482662082, "y:28": 0.008234997467599373, "y:29": 0.004897753000124127, "y:30": 0.001224608017383027, "y:31": 0.0005258606135137283}, "7": {"y:0": 0.005890208141749055, "y:1": 0.011718096072830447, "y:2": 0.003306623784986044, "y:3": 0.007428412472678195, "y:4": 0.018389882373526095, "y:5": 0.007708087745461116, "y:6": 0.016898300014847236, "y:7": 0.043543091192058216, "y:8": 0.0006540936708046179, "y:9": 0.001454412017769785, "y:10": 0.0045902132863314795, "y:11": 0.009599478319707037, "y:12": 0.009483758568005563, "y:13": 0.0049982151757471775, "y:14": 0.001533624019153155, "y:15": 0.0006197653320046601, "y:16": 0.006226258618385126, "y:17": 0.04030150289611343, "y:18": 0.004815864559599826, "y:19": 0.0072312594116550255, "y:20": 0.01629318733785799, "y:21": 0.00574674778948363, "y:22": 0.014568207865176933, "y:23": 0.05004056780334153, "y:24": 0.007597674100380235, "y:25": 0.017686541308828532, "y:26": 0.0037440738368692407, "y:27": 0.013245980817388644, "y:28": 0.008216367340238475, "y:29": 0.004963059462301917, "y:30": 0.0012246324578314876, "y:31": 0.0005264055153964233}, "8": {"y:0": 0.00588330175615758, "y:1": 0.01160992797341912, "y:2": 0.003306457590902895, "y:3": 0.007423880199435946, "y:4": 0.01840005433811143, "y:5": 0.007742031917466422, "y:6": 0.017001177044171454, "y:7": 0.04485797435247217, "y:8": 0.0006539984094937214, "y:9": 0.0014541427650068954,