{"0": {"y:0": 0.011069166819133553, "y:1": 0.011707203297057673, "y:2": 0.003957703184865844, "y:3": 0.01001485296845163, "y:4": 0.008640435811567143, "y:5": 0.0032986278495167718, "y:6": 0.018022222112480703, "y:7": 0.00592532016231385, "y:8": 0.011867090671651315, "y:9": 0.008224141318306274, "y:10": 0.003358627540883624, "y:11": 0.007270023604984805, "y:12": 0.011955903733071916, "y:13": 0.0022297814253867507, "y:14": 0.061275478770254015, "y:15": 0.00478024892789963, "y:16": 0.0029564082384725653, "y:17": 0.0017061301094499959, "y:18": 0.0050914466195955835, "y:19": 0.011109112741384073, "y:20": 0.002620581135774864, "y:21": 0.00288947201299491, "y:22": 0.040987072850628775, "y:23": 0.002542156124332555, "y:24": 0.003134105622935489, "y:25": 0.0007679071758640431, "y:26": 0.012372821050580811, "y:27": 0.010324511760524393, "y:28": 0.00481136866223019, "y:29": 0.008990940306596536, "y:30": 0.000638793279871712, "y:31": 0.00030740060939346976}, "1": {"y:0": 0.011080527307762017, "y:1": 0.01124070905140311, "y:2": 0.00396845040751116, "y:3": 0.009040386172472666, "y:4": 0.008638077200058023, "y:5": 0.0031051781062989064, "y:6": 0.017698349281303715, "y:7": 0.005529559889152408, "y:8": 0.011829935223686536, "y:9": 0.007708498221569935, "y:10": 0.0033564528410807777, "y:11": 0.007003636053116079, "y:12": 0.012142269772934887, "y:13": 0.002207663745048981, "y:14": 0.055438750248204806, "y:15": 0.0049561168377498825, "y:16": 0.002941498578932638, "y:17": 0.0017162760408091743, "y:18": 0.005070325104009719, "y:19": 0.013651938037316444, "y:20": 0.0026012531511401924, "y:21": 0.002922753184866842, "y:22": 0.03932713420677337, "y:23": 0.002593595308232029, "y:24": 0.0031467201962961985, "y:25": 0.0007684772946624789, "y:26": 0.012446066756015076, "y:27": 0.011090428858094406, "y:28": 0.004806141799916205, "y:29": 0.009500505284056953, "y:30": 0.0006388887702202941, "y:31": 0.0003077381910726133}, "2": {"y:0": 0.010976391076854549, "y:1": 0.015008458577702017, "y:2": 0.003971044592368746, "y:3": 0.03470057003719967, "y:4": 0.00856105262158089, "y:5": 0.00459799786347185, "y:6": 0.017726097822997614, "y:7": 0.017146195620335272, "y:8": 0.011789840760625987, "y:9": 0.02203902387307813, "y:10": 0.003361208218286882, "y:11": 0.02883058608520147, "y:12": 0.012423050938079704, "y:13": 0.002934827909403116, "y:14": 0.058216300635749105, "y:15": 0.011368418691516256, "y:16": 0.002929996437081962, "y:17": 0.0020906565317312586, "y:18": 0.005041652371913368, "y:19": 0.009448629040500459, "y:20": 0.0026025054018790654, "y:21": 0.004084128444654203, "y:22": 0.04492974860617874, "y:23": 0.0033410288971100596, "y:24": 0.0031516670130067163, "y:25": 0.0008214290109020371, "y:26": 0.012556875030885206, "y:27": 0.013073038762831198, "y:28": 0.004816464422982713, "y:29": 0.015588096588775274, "y:30": 0.0006384883355756986, "y:31": 0.0003142388583393953}, "3": {"y:0": 0.011220384353189108, "y:1": 0.015162229888989303, "y:2": 0.003969305170796604, "y:3": 0.03884046770307572, "y:4": 0.00859750786338781, "y:5": 0.004672387373723027, "y:6": 0.017606025022626277, "y:7": 0.01795985374802852, "y:8": 0.011923123299469339, "y:9": 0.024604111043416595, "y:10": 0.003368520726630826, "y:11": 0.03297714059820111, "y:12": 0.012101889848839564, "y:13": 0.00300812161410067, "y:14": 0.05738734853375966, "y:15": 0.011828153392757139, "y:16": 0.00294946661082849, "y:17": 0.00210851063347515, "y:18": 0.005111466130374123, "y:19": 0.009653140697262445, "y:20": 0.002600446694688004, "y:21": 0.004180627631473014, "y:22": 0.042696558520000184, "y:23": 0.0034301163167565793, "y:24": 0.0031322405799959784, "y:25": 0.0008232530109432377, "y:26": 0.012563166341854524, "y:27": 0.016011866626470053, "y:28": 0.004820097721848308, "y:29": 0.018097718673325863, "y:30": 0.0006390871857576845, "y:31": 0.00031493798045019786}, "4": {"y:0": 0.011117574806019246, "y:1": 0.015186078505894117, "y:2": 0.003953615664532488, "y:3": 0.044206665668353726, "y:4": 0.008615796855349403, "y:5": 0.0048018870313245, "y:6": 0.01775141046357709, "y:7": 0.02107483882503387, "y:8": 0.011726078657685832, "y:9": 0.026118664685992308, "y:10": 0.003366063247349902, "y:11": 0.0436225599261981, "y:12": 0.01211369805874137, "y:13": 0.0031001828400822763, "y:14": 0.062031694697870274, "y:15": 0.013653191857516131, "y:16": 0.0029369846585894925, "y:17": 0.0021707440639604065, "y:18": 0.0050848033899360085, "y:19": 0.009806986890230903, "y:20": 0.0025991061039811513, "y:21": 0.0044245892046578476, "y:22": 0.042289902784749846, "y:23": 0.003650642119371647, "y:24": 0.0031540467936190665, "y:25": 0.0008374223421106319, "y:26": 0.012701782544775444, "y:27": 0.017361133121900567, "y:28": 0.004807118812651186, "y:29": 0.024551468128897653, "y:30": 0.0006392708161512285, "y:31": 0.00031698926789954857}, "5": {"y:0": 0.011155797466581428, "y:1": 0.015110427016818289, "y:2": 0.0039731464055259656, "y:3": 0.04290484103003644, "y:4": 0.008631478509964468, "y:5": 0.004745225723966461, "y:6": 0.01760779132945705, "y:7": 0.020193889506411256, "y:8": 0.011666039757026923, "y:9": 0.02790615400109175, "y:10": 0.0033711409544128477, "y:11": 0.04451268377505591, "y:12": 0.012170292612010183, "y:13": 0.0030606958198516835, "y:14": 0.06147102567900773, "y:15": 0.013075007194950363, "y:16": 0.002942707595338165, "y:17": 0.0021524853527740786, "y:18": 0.005071386087832973, "y:19": 0.010046074951968489, "y:20": 0.002602935654879356, "y:21": 0.004332158067637606, "y:22": 0.042502020410530916, "y:23": 0.003581243655940559, "y:24": 0.003144549602924297, "y:25": 0.0008331777698138984, "y:26": 0.012498103696202363, "y:27": 0.019121214153538582, "y:28": 0.004800044002355985, "y:29": 0.026794755747807073, "y:30": 0.0006392519079127216, "y:31": 0.00031640285443925304}, "6": {"y:0": 0.011067094314545585, "y:1": 0.015213012350284874, "y:2": 0.003962479041527577, "y:3": 0.04514085671319555, "y:4": 0.008658514923141212, "y:5": 0.00478213824946647, "y:6": 0.017458923364425935, "y:7": 0.02035865394858032, "y:8": 0.011742773100353748, "y:9": 0.027657297495733577, "y:10": 0.0033677717554790347, "y:11": 0.046018203557321655, "y:12": 0.012089514309516828, "y:13": 0.0030816264350491027, "y:14": 0.0619519351410528, "y:15": 0.01350005208014358, "y:16": 0.00294291062928748, "y:17": 0.0021578458451850372, "y:18": 0.005071431209814626, "y:19": 0.010103102665362889, "y:20": 0.00260101633938698, "y:21": 0.004392385304293478, "y:22": 0.04207998801403, "y:23": 0.0036170937019639276, "y:24": 0.003151655752128976, "y:25": 0.0008353335835927699, "y:26": 0.012568018630429155, "y:27": 0.019827923430127396, "y:28": 0.004804809330710456, "y:29": 0.028740000330923273, "y:30": 0.0006390832771876095, "y:31": 0.00031668673755438437}, "7": {"y:0": 0.011107945810217039, "y:1": 0.015406991115820562, "y:2": 0.003958863185198559, "y:3": 0.043972697360440176, "y:4": 0.008660071200805784, "y:5": 0.004740175866711391, "y:6": 0.017689839452559596, "y:7": 0.019747018226311086, "y:8": 0.01176215506256943, "y:9": 0.03028555816439694, "y:10": 0.0033664612349908456, "y:11": 0.04782378575109897, "y:12": 0.012153279131834739, "y:13": 0.0030539913952041826, "y:14": 0.06146884517698741, "y:15": 0.012642502289288548, "y:16": 0.002940167295983227, "y:17": 0.0021348183185949405, "y:18": 0.005064165668429375, "y:19": 0.010716319232128005, "y:20": 0.0026040329094955453, "y:21": 0.004282826685835275, "y:22": 0.041988844473384794, "y:23": 0.0035485911267700574, "y:24": 0.0031472098837176145, "y:25": 0.0008316098570706944, "y:26": 0.012580050489530698, "y:27": 0.02279934020965346, "y:28": 0.004814544157963731, "y:29": 0.03244192260338394, "y:30": 0.0006390241438569563, "y:31": 0.0003159601263576062}, "8": {"y:0": 0.011157404207312564, "y:1": 0.015302833512704658, "y:2": 0.00396312239283785, "y:3": 0.04279039613423168, "y:4": 0.008643607076389875, "y:5": 0.004747888748769978, "y:6": 0.017839427186000262, "y:7": 0.01989373499390381, "y:8": 0.011690267432681853, "y:9": 0.03041429330691821, "y:10": 0.003366095115390906,