{"0": {"y:0": 1.930899448442326, "y:1": 0.744091549994174, "y:2": 0.4673515012940043, "y:3": 0.3404325344645223, "y:4": 0.2670462263124356, "y:5": 0.21459193977901275, "y:6": 0.18503728166857297, "y:7": 0.15813400105394568, "y:8": 0.140678594083225, "y:9": 0.12605410262145564}, "1": {"y:0": 2.172348856320059, "y:1": 0.8953633759285025, "y:2": 0.5517014439487925, "y:3": 0.40221086393357813, "y:4": 0.32242255911585993, "y:5": 0.2610962772348953, "y:6": 0.2246872105505177, "y:7": 0.19323240322219815, "y:8": 0.17300573181485848, "y:9": 0.15410704462729305}, "2": {"y:0": 4.05075487850286, "y:1": 2.060776966131314, "y:2": 1.4194616222457923, "y:3": 1.0820757772775615, "y:4": 0.8511043163415343, "y:5": 0.7191976040205572, "y:6": 0.6148461298042721, "y:7": 0.5410785348077229, "y:8": 0.4771634080761934, "y:9": 0.43060353444308275}, "3": {"s_theta": 1.3583776140679318}, "4": {"s_theta": 2.290350830512555}, "5": {"s_theta": 4.265647408096328}, "6": {"s_theta": 5.729807769972727}}