{"0": {"y:0": 71.31824205350784, "y:1": 5.867483035095763, "y:2": 4.326273207610693, "y:3": 3.9211373341957425, "y:4": 3.5222592926252756, "y:5": 3.3328836587566957, "y:6": 3.214635266219648, "y:7": 3.071973446440403, "y:8": 2.910700169450128, "y:9": 2.8881626200838424}}