{"0": {"y:0": 0.005353473493965459, "y:1": 0.009240267095881867, "y:2": 0.0034668719473298915, "y:3": 0.0028786801014952226, "y:4": 0.03242936287812264, "y:5": 0.0030486209544029756, "y:6": 0.01892036410132236, "y:7": 0.006824488637497582, "y:8": 0.006573917101815159, "y:9": 0.009521702355108323, "y:10": 0.0023673973302459727, "y:11": 0.0026980562877796407, "y:12": 0.03206039192623582, "y:13": 0.0023336000677573157, "y:14": 0.050198630026848975, "y:15": 0.00532840206683001, "y:16": 0.009350960063588376, "y:17": 0.010983774764095544, "y:18": 0.003148221287282147, "y:19": 0.00529206133143216, "y:20": 0.009395997719245748, "y:21": 0.002494821654752506, "y:22": 0.024637617278682303, "y:23": 0.004572207184511706, "y:24": 0.01320036920683314, "y:25": 0.008758123583276019, "y:26": 0.0045744136554377555, "y:27": 0.008837675651465432, "y:28": 0.005836908238462804, "y:29": 0.003164205171815234, "y:30": 0.01240028432788091, "y:31": 0.0030623677134330963}, "1": {"y:0": 0.005370222623446843, "y:1": 0.010108302326845344, "y:2": 0.003451314782263735, "y:3": 0.0031456535038331492, "y:4": 0.032713947292014725, "y:5": 0.003462645316301644, "y:6": 0.018924839420194586, "y:7": 0.0077422402096587965, "y:8": 0.006588020408388778, "y:9": 0.008420606310821048, "y:10": 0.002364680359874785, "y:11": 0.002772733308898205, "y:12": 0.03136560814303728, "y:13": 0.00239788803882944, "y:14": 0.046340151691071196, "y:15": 0.0048238805136702765, "y:16": 0.009622766025721449, "y:17": 0.010075982572426822, "y:18": 0.003152553039827209, "y:19": 0.004660297525484071, "y:20": 0.009233418604893899, "y:21": 0.0024619203669478565, "y:22": 0.025043124372004084, "y:23": 0.004609403472897912, "y:24": 0.013106096496049538, "y:25": 0.00926061348853042, "y:26": 0.004559390495896765, "y:27": 0.008819398078533052, "y:28": 0.005859020775935644, "y:29": 0.0031571828344692295, "y:30": 0.012200278785913458, "y:31": 0.0029758146257574136}, "2": {"y:0": 0.00535809287199992, "y:1": 0.01242496732262483, "y:2": 0.003457868664616128, "y:3": 0.0036959794106853233, "y:4": 0.03493301339916275, "y:5": 0.004313160920628835, "y:6": 0.018945204960336796, "y:7": 0.013706250191310701, "y:8": 0.006588084634661315, "y:9": 0.010295779196063639, "y:10": 0.0023759329169464796, "y:11": 0.0032983730742913372, "y:12": 0.03188865707332915, "y:13": 0.002730173899219736, "y:14": 0.048442699553958725, "y:15": 0.004062688109444815, "y:16": 0.009557874164272616, "y:17": 0.009984836825094715, "y:18": 0.0031632781368575434, "y:19": 0.003931879504371396, "y:20": 0.00910715606785051, "y:21": 0.0026082371425660195, "y:22": 0.024755280673284034, "y:23": 0.0050286780397589565, "y:24": 0.013248992312811583, "y:25": 0.010070963140269888, "y:26": 0.004566167698135682, "y:27": 0.009882088730669744, "y:28": 0.005863313141177797, "y:29": 0.0032623595517736756, "y:30": 0.012392991417127115, "y:31": 0.0027711310392248157}, "3": {"y:0": 0.005338967488718928, "y:1": 0.012587141239939838, "y:2": 0.0034662575934901853, "y:3": 0.003981550645425822, "y:4": 0.034169999743875766, "y:5": 0.004935591089737943, "y:6": 0.018815669330040495, "y:7": 0.023639816770504245, "y:8": 0.006537333945156881, "y:9": 0.011027671110875322, "y:10": 0.0023694904711715793, "y:11": 0.0037565726631850903, "y:12": 0.03245818133832134, "y:13": 0.0030558380541771857, "y:14": 0.04518203445298183, "y:15": 0.003955066957545929, "y:16": 0.009532767929076097, "y:17": 0.013786925188269843, "y:18": 0.0031564982164559103, "y:19": 0.0037828807133034777, "y:20": 0.009267122351236634, "y:21": 0.002891498780149206, "y:22": 0.025572731447017456, "y:23": 0.0060794101327104385, "y:24": 0.013238107480704637, "y:25": 0.013652470128570383, "y:26": 0.004520568842138244, "y:27": 0.01325425149439754, "y:28": 0.005845117900150309, "y:29": 0.003599698093117034, "y:30": 0.012547702401187499, "y:31": 0.0025159473178797075}, "4": {"y:0": 0.005360780715139765, "y:1": 0.012383684576854782, "y:2": 0.0034544568095328243, "y:3": 0.004086465483725839, "y:4": 0.034844324252298046, "y:5": 0.005155732204852876, "y:6": 0.01840269405938217, "y:7": 0.028061930178865952, "y:8": 0.0065773359670247096, "y:9": 0.010751113160658863, "y:10": 0.0023703006615324418, "y:11": 0.0039996428926398, "y:12": 0.031853615982539184, "y:13": 0.003202711118750725, "y:14": 0.04842192734633499, "y:15": 0.00391476109485672, "y:16": 0.009634654412805563, "y:17": 0.015039392702731528, "y:18": 0.003154216812541284, "y:19": 0.0037442530524206684, "y:20": 0.009220407952242734, "y:21": 0.0031181675406504617, "y:22": 0.02531516843218754, "y:23": 0.007049567577415983, "y:24": 0.012928604119359349, "y:25": 0.01804506974325008, "y:26": 0.004532380297184359, "y:27": 0.017296241618074987, "y:28": 0.0058485675651253986, "y:29": 0.003954443093687536, "y:30": 0.012786662808793828, "y:31": 0.0024706225123584794}, "5": {"y:0": 0.005370500278505538, "y:1": 0.01257734648820269, "y:2": 0.0034552645298499044, "y:3": 0.004107052120734828, "y:4": 0.03314662424736261, "y:5": 0.005190080221762609, "y:6": 0.018815910118960628, "y:7": 0.0338152990383551, "y:8": 0.006569425482061711, "y:9": 0.011595634494620668, "y:10": 0.002373229758854438, "y:11": 0.004027387757559396, "y:12": 0.032078697916018285, "y:13": 0.0032582056806887845, "y:14": 0.04742548533868229, "y:15": 0.003984233091926387, "y:16": 0.009542953937197974, "y:17": 0.016648251656962692, "y:18": 0.0031640938080305624, "y:19": 0.0038371260493762385, "y:20": 0.009190288788459082, "y:21": 0.0031776115940310217, "y:22": 0.0259196122889482, "y:23": 0.007440445895579544, "y:24": 0.013144320445622904, "y:25": 0.023428943959885578, "y:26": 0.004533811343043335, "y:27": 0.022300160187013036, "y:28": 0.005840464698261749, "y:29": 0.00403273941237388, "y:30": 0.012632378128204275, "y:31": 0.002521648290364005}, "6": {"y:0": 0.005355035824990864, "y:1": 0.012496417531075958, "y:2": 0.0034558101310629085, "y:3": 0.004152986126078441, "y:4": 0.03409655309537029, "y:5": 0.005289889563416364, "y:6": 0.018846103880794794, "y:7": 0.033709245129972566, "y:8": 0.006577170931071374, "y:9": 0.01129483214858535, "y:10": 0.00237098239196014, "y:11": 0.004152853223459316, "y:12": 0.03276536746481177, "y:13": 0.0033457405973695395, "y:14": 0.048459071630920066, "y:15": 0.003985003572330164, "y:16": 0.009476784865837792, "y:17": 0.0160319124563316, "y:18": 0.003161831289357585, "y:19": 0.003797632198536206, "y:20": 0.009215656171062611, "y:21": 0.0032691476070054585, "y:22": 0.02545635462084914, "y:23": 0.008012537131816886, "y:24": 0.013154521730072373, "y:25": 0.028737513442583698, "y:26": 0.00454830351676005, "y:27": 0.02723093999207836, "y:28": 0.005863551406498058, "y:29": 0.004217939463043849, "y:30": 0.012569654803059499, "y:31": 0.0025015901578669254}, "7": {"y:0": 0.005361831555407848, "y:1": 0.0124250533879528, "y:2": 0.003458046089549382, "y:3": 0.004158317763486709, "y:4": 0.03409686580356732, "y:5": 0.0053012635663035376, "y:6": 0.018979656925610433, "y:7": 0.03354542838392221, "y:8": 0.006558806549524281, "y:9": 0.01129799676930146, "y:10": 0.0023723974551244156, "y:11": 0.004158687592900434, "y:12": 0.03186226282431576, "y:13": 0.003335196942906028, "y:14": 0.04676844962130667, "y:15": 0.003976662497514014, "y:16": 0.009535540756489925, "y:17": 0.016197629693551555, "y:18": 0.003163349445806122, "y:19": 0.003802005432591391, "y:20": 0.009235105536743922, "y:21": 0.003267490522910541, "y:22": 0.02537066138160917, "y:23": 0.008059274775464798, "y:24": 0.012994098716797757, "y:25": 0.028689210785154583, "y:26": 0.0045336747368549335, "y:27": 0.027970143140810776, "y:28": 0.005854954019204409, "y:29": 0.0042203809425161755, "y:30": 0.012648045569606291, "y:31": 0.002505563634626145}, "8": {"y:0": 0.0053570713938964985, "y:1": 0.012450560221624917, "y:2": 0.0034581751888807617, "y:3": 0.004175203182157984, "y:4": 0.03423226232679182, "y:5": 0.005333789214221693, "y:6": 0.018949221169840096, "y:7": 0.03538577002693629, "y:8": 0.006574746100872064, "y:9": 0.011339344133171196, "y:10": 0.0023722338827511106,