{"0": {"y:0": 0.11153387812595827, "y:1": 0.025577185546800767, "y:2": 0.13432089802316313, "y:3": 0.01837248682067042, "y:4": 0.16144380614593107, "y:5": 0.01549259955301826, "y:6": 0.13536713854955387, "y:7": 0.015230446456304449, "y:8": 0.14168477118784087, "y:9": 0.017117868162186627, "y:10": 0.1613033337907785, "y:11": 0.019600868718939072, "y:12": 0.14302661842044356, "y:13": 0.02396460647916304, "y:14": 0.13908177580839448, "y:15": 0.027841128744049155, "y:16": 0.15278695367747716, "y:17": 0.03288200596414846, "y:18": 0.1399498509772879, "y:19": 0.030500424917907464, "y:20": 0.14774716012327138, "y:21": 0.03956505655798022, "y:22": 0.11599693622465077, "y:23": 0.039642764104445276, "y:24": 0.1416738921907139, "y:25": 0.03740482617624454, "y:26": 0.15082000987757682, "y:27": 0.048420133800909565, "y:28": 0.13824108721856063, "y:29": 0.04993292724454286, "y:30": 0.13730629912021344, "y:31": 0.04445158951765025}, "1": {"y:0": 0.11786458441884935, "y:1": 0.02660158676113145, "y:2": 0.13298061898802574, "y:3": 0.019804711484199156, "y:4": 0.13237106873761947, "y:5": 0.015415803226304535, "y:6": 0.1344096665414297, "y:7": 0.01647191294088077, "y:8": 0.1351112210964128, "y:9": 0.019199623677651576, "y:10": 0.12858341609120838, "y:11": 0.022107366553010044, "y:12": 0.1434919961881569, "y:13": 0.030016675534156493, "y:14": 0.1403656623889838, "y:15": 0.029021034753964798, "y:16": 0.1377599895363036, "y:17": 0.030956918366532468, "y:18": 0.13884504541583886, "y:19": 0.038995408935762046, "y:20": 0.1289649559005397, "y:21": 0.035737303235046494, "y:22": 0.13936361668253394, "y:23": 0.0362809691432235, "y:24": 0.13881341792294236, "y:25": 0.041954500760463004, "y:26": 0.12949211377394104, "y:27": 0.0429641390570531, "y:28": 0.1493967524674153, "y:29": 0.04526077034558722, "y:30": 0.1343611940628126, "y:31": 0.04707294452606789}, "2": {"y:0": 0.11874568085779644, "y:1": 0.04011357812567244, "y:2": 0.13029530961188637, "y:3": 0.0312584297617482, "y:4": 0.12256868213555724, "y:5": 0.025098373104851024, "y:6": 0.14189634871018675, "y:7": 0.020846166226756172, "y:8": 0.13460162992395378, "y:9": 0.01905971084197169, "y:10": 0.13679738165961106, "y:11": 0.017195997208302692, "y:12": 0.13140762736696446, "y:13": 0.015946647362890143, "y:14": 0.12388986133106258, "y:15": 0.016264687977910006, "y:16": 0.1270323972111193, "y:17": 0.016938444832408098, "y:18": 0.13041422886466927, "y:19": 0.017580818284880693, "y:20": 0.12400199008009247, "y:21": 0.018021163375717467, "y:22": 0.12258626567706457, "y:23": 0.019758956217543075, "y:24": 0.13313697846850453, "y:25": 0.02127212132852366, "y:26": 0.13384568586386755, "y:27": 0.022826740897063012, "y:28": 0.13214894117235604, "y:29": 0.0267476221818198, "y:30": 0.12290861643110014, "y:31": 0.027131910902765163}, "3": {"y:0": 0.10268407019655296, "y:1": 0.04409241937797667, "y:2": 0.12200142226003913, "y:3": 0.03341666799393207, "y:4": 0.12536629633207552, "y:5": 0.027404885648256765, "y:6": 0.12930450442253946, "y:7": 0.023074938565719773, "y:8": 0.12149151467537471, "y:9": 0.01984781766993657, "y:10": 0.12387603733047048, "y:11": 0.017577943530611515, "y:12": 0.12457181095823913, "y:13": 0.017224748653259566, "y:14": 0.1207670901544616, "y:15": 0.017407689629197035, "y:16": 0.11379228697503783, "y:17": 0.018070606676920772, "y:18": 0.12857396507249164, "y:19": 0.019193038669963358, "y:20": 0.12444619292772258, "y:21": 0.019626757625354197, "y:22": 0.12354279532619465, "y:23": 0.020576424842963664, "y:24": 0.12959792041527696, "y:25": 0.02212701158259477, "y:26": 0.13261578797534274, "y:27": 0.02475273519271859, "y:28": 0.1278405925620756, "y:29": 0.025685321549143797, "y:30": 0.11863174305626818, "y:31": 0.026720052164504658}, "4": {"y:0": 0.08294348821910598, "y:1": 0.027894721675942775, "y:2": 0.10487500004807784, "y:3": 0.01968175765926177, "y:4": 0.10592809222159244, "y:5": 0.015973121442643286, "y:6": 0.10534773107341326, "y:7": 0.015575624348253346, "y:8": 0.10325937987809351, "y:9": 0.017143395253058375, "y:10": 0.10309113612729846, "y:11": 0.020329697272534288, "y:12": 0.10499555858219675, "y:13": 0.021616685115518598, "y:14": 0.10683158964254275, "y:15": 0.026316085044111162, "y:16": 0.10157329965111803, "y:17": 0.029451255452153127, "y:18": 0.10846011473294097, "y:19": 0.03234449324378616, "y:20": 0.10474071892428799, "y:21": 0.03504781767329893, "y:22": 0.11181388195328147, "y:23": 0.03853233410153285, "y:24": 0.10001575262438867, "y:25": 0.042048826125470104, "y:26": 0.10402141880525255, "y:27": 0.04400076582443134, "y:28": 0.10428963437833431, "y:29": 0.0456580331092127, "y:30": 0.10145591349325313, "y:31": 0.04577870877368872}, "5": {"y:0": 0.06240467316835771, "y:1": 0.018310775226647855, "y:2": 0.06117955687865954, "y:3": 0.026758972406962615, "y:4": 0.0675954605749724, "y:5": 0.03794173856069922, "y:6": 0.06244879599385851, "y:7": 0.04839358086200031, "y:8": 0.06158716519543553, "y:9": 0.051046870221091216, "y:10": 0.06036187796374123, "y:11": 0.054873518726014495, "y:12": 0.06304296709303324, "y:13": 0.05812595738911613, "y:14": 0.05669616380069134, "y:15": 0.06099445841593441, "y:16": 0.058779223370549326, "y:17": 0.0657387122632816, "y:18": 0.059185509594224965, "y:19": 0.06820521856994091, "y:20": 0.056773149856729405, "y:21": 0.07160932984103316, "y:22": 0.06106358958648786, "y:23": 0.07229964198902768, "y:24": 0.054933290441820305, "y:25": 0.08110311412713851, "y:26": 0.05547155510120175, "y:27": 0.08165164308615715, "y:28": 0.056755744975729154, "y:29": 0.08588141182460109, "y:30": 0.054772537826223544, "y:31": 0.08958002358100144}, "6": {"y:0": 0.07024723486582554, "y:1": 0.038927526135495966, "y:2": 0.061782724577587496, "y:3": 0.054144783433175726, "y:4": 0.056311497422982554, "y:5": 0.06680047980073893, "y:6": 0.050461210747370214, "y:7": 0.07180893422592997, "y:8": 0.05034446872667387, "y:9": 0.07869636011432765, "y:10": 0.0459378544087226, "y:11": 0.09389927038158627, "y:12": 0.04424473339116549, "y:13": 0.08957192111668658, "y:14": 0.04170479772696159, "y:15": 0.09224460224518563, "y:16": 0.04096448628108775, "y:17": 0.09479011200716558, "y:18": 0.03784771304685336, "y:19": 0.09859603001012483, "y:20": 0.034592327073394685, "y:21": 0.1019532066120564, "y:22": 0.03421276095805158, "y:23": 0.10597561231803161, "y:24": 0.0322728182799545, "y:25": 0.0983035342209012, "y:26": 0.0332958308126847, "y:27": 0.10975609848515894, "y:28": 0.030769865622068408, "y:29": 0.11434046781973198, "y:30": 0.028668165891866236, "y:31": 0.10386107211609355}, "7": {"y:0": 0.06053527588730931, "y:1": 0.01923782165341918, "y:2": 0.05766316894147074, "y:3": 0.02539485830537698, "y:4": 0.04966084129584554, "y:5": 0.033196944865166014, "y:6": 0.045516264613156124, "y:7": 0.03707975483172954, "y:8": 0.04466036143516389, "y:9": 0.04417686044125388, "y:10": 0.037680163482532385, "y:11": 0.04873148301269654, "y:12": 0.03915681202283447, "y:13": 0.05024400796400508, "y:14": 0.038013569666781585, "y:15": 0.05752037153398371, "y:16": 0.03543264489621767, "y:17": 0.06007191646852928, "y:18": 0.03382522986318743, "y:19": 0.06568652792421673, "y:20": 0.03285837776921319, "y:21": 0.06902941559084241, "y:22": 0.03169008140314751, "y:23": 0.06475288329955838, "y:24": 0.030522792884534772, "y:25": 0.07446432884553927, "y:26": 0.028504676954395285, "y:27": 0.07705686810624453, "y:28": 0.02889433795024405, "y:29": 0.07068643992651172, "y:30": 0.029120343098846178, "y:31": 0.07421807274168164}, "8": {"y:0": 0.043092443233636896, "y:1": 0.03280629723822954, "y:2": 0.040382463791391744, "y:3": 0.02006779227591317, "y:4": 0.042501536097114906, "y:5": 0.01639245440577409, "y:6": 0.045743992626891945, "y:7": 0.01613402448062527, "y:8": 0.047652499110042844, "y:9": 0.01790813862465377, "y:10": 0.04815253526427119, "y:11": 0.017873771261509065, "y:12": 0.05195182042874139, "y:13": 0.01845478628217979, "y:14": 0.04653952749909122, "y:15": 0.017514079648139926, "y:16": 0.04387804029396055, "y:17": 0.018755787844592586,