{"0": {"y:0": 0.1183697876676253, "y:1": 0.034247208286220784, "y:2": 0.11833513984997876, "y:3": 0.021226001865076, "y:4": 0.12504160734501862, "y:5": 0.01777353266595885, "y:6": 0.13014016714699675, "y:7": 0.015238208872388742, "y:8": 0.12261843086643177, "y:9": 0.015809382912188145, "y:10": 0.14015464629560132, "y:11": 0.016756655268219067, "y:12": 0.12825011972020298, "y:13": 0.01902397984878664, "y:14": 0.1374548695017076, "y:15": 0.01874610238586339, "y:16": 0.14400927188692933, "y:17": 0.021668843895499786, "y:18": 0.13156906351540726, "y:19": 0.029276014728584872, "y:20": 0.12317420578627053, "y:21": 0.02867477947202243, "y:22": 0.11769295746680172, "y:23": 0.032469720979947284, "y:24": 0.12390622252592623, "y:25": 0.041569461950593335, "y:26": 0.13097935449396422, "y:27": 0.037674191463244196, "y:28": 0.14146873532407842, "y:29": 0.03577888098024976, "y:30": 0.12887202705840795, "y:31": 0.0427496007244332}, "1": {"y:0": 0.12240578647398424, "y:1": 0.02486787126905952, "y:2": 0.13061197298782093, "y:3": 0.017189075643057255, "y:4": 0.1449667792892769, "y:5": 0.014901048703394378, "y:6": 0.1356219746554302, "y:7": 0.0163359646549646, "y:8": 0.12438620459533631, "y:9": 0.01884817520503286, "y:10": 0.1334603608576834, "y:11": 0.022547884696257053, "y:12": 0.1299728412729652, "y:13": 0.026827269914600882, "y:14": 0.13351479394332832, "y:15": 0.03207181763414408, "y:16": 0.13594636152911638, "y:17": 0.03277996501966954, "y:18": 0.13681082767960362, "y:19": 0.033847911329526914, "y:20": 0.12987524589828325, "y:21": 0.035564146959905875, "y:22": 0.13549062019398808, "y:23": 0.04043866625252692, "y:24": 0.1398894547630807, "y:25": 0.04212527615649736, "y:26": 0.12742669594490602, "y:27": 0.042815470016543504, "y:28": 0.13715921019850275, "y:29": 0.043639651522411324, "y:30": 0.13385299278597923, "y:31": 0.04531097885497345}, "2": {"y:0": 0.12266954798273143, "y:1": 0.07279064793494404, "y:2": 0.1257245753852755, "y:3": 0.07423256047017529, "y:4": 0.13319807889184856, "y:5": 0.05232145843009773, "y:6": 0.1323674250256155, "y:7": 0.04837417352756613, "y:8": 0.13711321334137597, "y:9": 0.040355719787516994, "y:10": 0.12685713000305968, "y:11": 0.0401786300657211, "y:12": 0.13319008798049123, "y:13": 0.03893950596373077, "y:14": 0.14085205131568496, "y:15": 0.036176798759503234, "y:16": 0.13748031097118746, "y:17": 0.03078357541513655, "y:18": 0.13071511397895202, "y:19": 0.02901174642645918, "y:20": 0.12915134129373673, "y:21": 0.027895832250961452, "y:22": 0.125464392949138, "y:23": 0.026694028807156978, "y:24": 0.13893067390136463, "y:25": 0.025454283277353367, "y:26": 0.1306330338579023, "y:27": 0.02359699104794612, "y:28": 0.15295144079388667, "y:29": 0.023282017061908265, "y:30": 0.13411986664518274, "y:31": 0.02464033948867773}, "3": {"y:0": 0.10294653946293622, "y:1": 0.07204900567889257, "y:2": 0.11441388691848045, "y:3": 0.0783961174558614, "y:4": 0.1146195617559044, "y:5": 0.06364140362818092, "y:6": 0.11708996269127406, "y:7": 0.061154879529612655, "y:8": 0.1278168493420084, "y:9": 0.055697514651937126, "y:10": 0.11989696631064067, "y:11": 0.05137328494816114, "y:12": 0.1304486822394938, "y:13": 0.04852753089426576, "y:14": 0.12425032414906069, "y:15": 0.044009593437391366, "y:16": 0.13734714274387486, "y:17": 0.040816839607750115, "y:18": 0.12196704184898025, "y:19": 0.03808175565684316, "y:20": 0.12666505936707162, "y:21": 0.03644976780740512, "y:22": 0.11454157546497788, "y:23": 0.03706816260199182, "y:24": 0.12298752388654469, "y:25": 0.0318120875971071, "y:26": 0.12273090843886808, "y:27": 0.03307099188886849, "y:28": 0.1170797825600088, "y:29": 0.029993361775982497, "y:30": 0.11562901108969219, "y:31": 0.028871700104195746}, "4": {"y:0": 0.08947433536317571, "y:1": 0.04431041384612042, "y:2": 0.1070059906083635, "y:3": 0.041136667033870165, "y:4": 0.1012448909746749, "y:5": 0.03669331704195148, "y:6": 0.10577929264436567, "y:7": 0.030728067326252034, "y:8": 0.11199916521225255, "y:9": 0.027919463656986086, "y:10": 0.10458703700417495, "y:11": 0.02589087303658149, "y:12": 0.11278841013777308, "y:13": 0.02446441168357336, "y:14": 0.09934325269488664, "y:15": 0.02210949377360655, "y:16": 0.10789207314906707, "y:17": 0.020083893422062342, "y:18": 0.1045661252802962, "y:19": 0.019374945225280278, "y:20": 0.10793752971286068, "y:21": 0.018002159339972273, "y:22": 0.1036351354476768, "y:23": 0.01801401614734293, "y:24": 0.1072555665474583, "y:25": 0.01720733474349265, "y:26": 0.09485165707244676, "y:27": 0.017011178143396245, "y:28": 0.10554319862926763, "y:29": 0.016861826427025887, "y:30": 0.09915158387368228, "y:31": 0.016626974039690025}, "5": {"y:0": 0.07794626660737376, "y:1": 0.037706313501546684, "y:2": 0.085133738469465, "y:3": 0.03380864450415613, "y:4": 0.09389470903033703, "y:5": 0.02903012861100891, "y:6": 0.09618563690357246, "y:7": 0.02654126486924763, "y:8": 0.09572720069457942, "y:9": 0.023359185015894814, "y:10": 0.09917575873266081, "y:11": 0.02272621883455773, "y:12": 0.10112827657518779, "y:13": 0.019496747605239444, "y:14": 0.09480929455764713, "y:15": 0.017816959477683244, "y:16": 0.09292567226836539, "y:17": 0.016661143711654277, "y:18": 0.09199449183517454, "y:19": 0.016151161957419384, "y:20": 0.09072638718525683, "y:21": 0.015977288333031494, "y:22": 0.08989500889736828, "y:23": 0.015873994841403734, "y:24": 0.09228577516393266, "y:25": 0.016012632789256888, "y:26": 0.08938423239083707, "y:27": 0.016063857573116503, "y:28": 0.09418178704061303, "y:29": 0.016834525475257763, "y:30": 0.09674984108165191, "y:31": 0.01739849923151723}, "6": {"y:0": 0.060536390745311745, "y:1": 0.03526558984941032, "y:2": 0.05685136239710631, "y:3": 0.05427069712155291, "y:4": 0.05417347618584365, "y:5": 0.07035698552155198, "y:6": 0.04980531270920388, "y:7": 0.07765993071187918, "y:8": 0.04879222885412631, "y:9": 0.08357132827097076, "y:10": 0.046831767695866874, "y:11": 0.07934325523960496, "y:12": 0.044090784480665446, "y:13": 0.09527761690339999, "y:14": 0.04573520827497526, "y:15": 0.08373495150748231, "y:16": 0.04022597454449212, "y:17": 0.0917574821221195, "y:18": 0.03871616838433036, "y:19": 0.10107440576261273, "y:20": 0.03839556555337926, "y:21": 0.09547567315401387, "y:22": 0.03646573211077817, "y:23": 0.10361025872516086, "y:24": 0.036505568995622406, "y:25": 0.10411417972120382, "y:26": 0.03476248782002063, "y:27": 0.09881008197594127, "y:28": 0.03297232454587973, "y:29": 0.0982109017739164, "y:30": 0.031771544684490345, "y:31": 0.10598930504541353}, "7": {"y:0": 0.09568283158526243, "y:1": 0.05186892462989578, "y:2": 0.0766658535921944, "y:3": 0.08314042016808411, "y:4": 0.07072929615668423, "y:5": 0.07734191283194194, "y:6": 0.06293314640360628, "y:7": 0.08332528599098697, "y:8": 0.06418717403185235, "y:9": 0.08596311280907712, "y:10": 0.05961181331866073, "y:11": 0.09273524432169467, "y:12": 0.054515751408343895, "y:13": 0.09143715437219428, "y:14": 0.046261635555165805, "y:15": 0.0922527019795151, "y:16": 0.04334356374317101, "y:17": 0.09459713656406837, "y:18": 0.04010633617647642, "y:19": 0.0925779271160004, "y:20": 0.040120805032077954, "y:21": 0.0949856069184858, "y:22": 0.0344077520748113, "y:23": 0.08859459401416353, "y:24": 0.03288217583986467, "y:25": 0.10115474922666193, "y:26": 0.031709549757805544, "y:27": 0.09665460091149276, "y:28": 0.029478974722616694, "y:29": 0.09428010015478652, "y:30": 0.027614682428147255, "y:31": 0.08940818003092021}, "8": {"y:0": 0.06033671161463521, "y:1": 0.021063225082520336, "y:2": 0.050114868265152906, "y:3": 0.014895816316321244, "y:4": 0.04936785094286065, "y:5": 0.015149357873619599, "y:6": 0.04374393972810756, "y:7": 0.016023270681701594, "y:8": 0.03974221299914612, "y:9": 0.01735117132856039, "y:10": 0.03585024697081632, "y:11": 0.017825994771980783, "y:12": 0.03525079406054319, "y:13": 0.019785694574231773, "y:14": 0.03177504977061905, "y:15": 0.022408824213471037, "y:16": 0.029350878429360464, "y:17": 0.021895154619972504, "y:18": 0.030613773068753562,