{"0": {"y:0": 0.12880943325925845, "y:1": 0.1283233044765589, "y:2": 0.2063496352637338, "y:3": 0.20475604418031662, "y:4": 0.20517072449990736, "y:5": 0.20569941035044093, "y:6": 0.2057973435221141, "y:7": 0.20634056634933118, "y:8": 0.20486355927799932, "y:9": 0.20567060938810788}, "1": {"y:0": 0.132875261127138, "y:1": 0.13311926422743897, "y:2": 0.2014624334361911, "y:3": 0.20230224599067909, "y:4": 0.2027032588134217, "y:5": 0.2022702561330678, "y:6": 0.2025620275842973, "y:7": 0.20296717204103198, "y:8": 0.20226462227623956, "y:9": 0.20180386513679838}, "2": {"y:0": 0.14423715339544174, "y:1": 0.1441989229490669, "y:2": 0.41994309643187433, "y:3": 0.4159796793124537, "y:4": 0.4128431505893519, "y:5": 0.4041916930124908, "y:6": 0.41644290669900963, "y:7": 0.41128683708659736, "y:8": 0.41425129059953, "y:9": 0.4133683719504097}, "3": {"y:0": 0.15664674474863632, "y:1": 0.15694207453259346, "y:2": 0.8765734343004667, "y:3": 0.8752358629063373, "y:4": 0.8982529050269232, "y:5": 0.8762708373872655, "y:6": 0.8686216663527143, "y:7": 0.9063791731047051, "y:8": 0.8849834853420825, "y:9": 0.9077971453384723}, "4": {"y:0": 0.16045664942628804, "y:1": 0.15999720550529223, "y:2": 1.5895768990051753, "y:3": 1.602102288072453, "y:4": 1.6317953235577465, "y:5": 1.6469286458123273, "y:6": 1.6380684570171316, "y:7": 1.6700732824047377, "y:8": 1.6540043797790867, "y:9": 1.707684382996502}, "5": {"y:0": 0.16214921048697267, "y:1": 0.16188872315934105, "y:2": 2.147179834507679, "y:3": 2.1410793311208973, "y:4": 2.299334107775314, "y:5": 2.5573324071921046, "y:6": 2.571688045435661, "y:7": 2.5332125189836896, "y:8": 2.5217765426941208, "y:9": 2.501207858308995}, "6": {"y:0": 0.16247434070440317, "y:1": 0.16219694761824244, "y:2": 2.4623800958353796, "y:3": 2.520480061763748, "y:4": 2.515629468177075, "y:5": 2.8410402028494266, "y:6": 3.0113052839504766, "y:7": 2.976254712898247, "y:8": 2.830290163225249, "y:9": 3.046030869316134}, "7": {"y:0": 0.1626435588270244, "y:1": 0.16274675177800865, "y:2": 2.509729337512114, "y:3": 2.494452085536718, "y:4": 2.561885166019098, "y:5": 2.970646404106625, "y:6": 3.141780136752754, "y:7": 3.1254353367199545, "y:8": 2.93549503645727, "y:9": 3.2481193828876704}, "8": {"y:0": 0.16275828217578492, "y:1": 0.16272917302172668, "y:2": 2.5903895988982284, "y:3": 2.594137490295858, "y:4": 2.645141140280473, "y:5": 2.9623370768751585, "y:6": 3.223787094675481, "y:7": 3.283244258592616, "y:8": 3.0409451511371404, "y:9": 3.3404515705814215}, "9": {"y:0": 0.16284228370103865, "y:1": 0.16281037882477428, "y:2": 2.5924728378831463, "y:3": 2.602975613247753, "y:4": 2.6271927317133033, "y:5": 2.9839942363365317, "y:6": 3.2977981139379895, "y:7": 3.2729352669138696, "y:8": 3.0686881613652903, "y:9": 3.3745349385302186}, "10": {"y:0": 0.1629485244519175, "y:1": 0.1630462526609812, "y:2": 2.538117298167958, "y:3": 2.5416453488620556, "y:4": 2.6678745198814733, "y:5": 3.016266301144163, "y:6": 3.272333244107413, "y:7": 3.3022731149752675, "y:8": 3.0168983750895424, "y:9": 3.352302741193628}, "11": {"y:0": 0.16289954626376335, "y:1": 0.16291702266060276, "y:2": 2.585659431911332, "y:3": 2.61459136577959, "y:4": 2.6688332717450023, "y:5": 3.03614359375803, "y:6": 3.3072847898418365, "y:7": 3.3603567340612135, "y:8": 3.077830947581625, "y:9": 3.4189174331000345}}