{"0": {"y:0": 0.42848984957586633, "y:1": 0.42860263186813474, "y:2": 0.42482860184891225, "y:3": 0.4228386305016896, "y:4": 0.4318882217062767, "y:5": 0.42056116232078455, "y:6": 0.4283858694089492, "y:7": 0.420810900147604, "y:8": 0.41693895204629144, "y:9": 0.42043575164750363}}