{"0": {"y:0": 0.4003888403298794, "y:1": 0.40373878716950046, "y:2": 0.3839395965632426, "y:3": 0.392836732325816, "y:4": 0.3995199363269925, "y:5": 0.3838317472630039, "y:6": 0.37423538178448473, "y:7": 0.4035794210754931, "y:8": 0.40380332379389605, "y:9": 0.392308722172359, "y:10": 14.898553016963334}, "1": {"y:0": 0.40116696118960304, "y:1": 0.4041772024345355, "y:2": 0.41260967574419916, "y:3": 0.40398572849276443, "y:4": 0.4124522375847511, "y:5": 0.40869295107828774, "y:6": 0.41154308104124343, "y:7": 0.3994962528503502, "y:8": 0.4048955521066291, "y:9": 0.4024083986006791, "y:10": 15.744230155172582}, "2": {"y:0": 0.6969309866401254, "y:1": 0.723631518173674, "y:2": 0.7042683537830433, "y:3": 0.7115647881834753, "y:4": 0.7199989383960608, "y:5": 0.7066763328796032, "y:6": 0.6949744706720119, "y:7": 0.6761118202074803, "y:8": 0.7209400895987357, "y:9": 0.7529690504821998, "y:10": 14.552542710545666}, "3": {"y:0": 0.9914876993879966, "y:1": 0.9958463968183731, "y:2": 0.9561144242046267, "y:3": 0.9693271593198156, "y:4": 0.9591799963260049, "y:5": 0.9600427999774891, "y:6": 0.9792260968021824, "y:7": 0.965554535396429, "y:8": 0.9534754895991057, "y:9": 0.9636866390381712, "y:10": 14.799898490943669}, "4": {"y:0": 1.1239864364448873, "y:1": 1.1420015187969073, "y:2": 1.157946270763366, "y:3": 1.129059907379394, "y:4": 1.1549510104731182, "y:5": 1.1402577712513537, "y:6": 1.1307480240320336, "y:7": 1.135140612915858, "y:8": 1.14966574660441, "y:9": 1.1228094601485747, "y:10": 14.446270883323026}, "5": {"y:0": 1.1668721517496303, "y:1": 1.2156927405706146, "y:2": 1.2183655970375822, "y:3": 1.2037510278345493, "y:4": 1.202129460647642, "y:5": 1.2130241342701342, "y:6": 1.198891983990745, "y:7": 1.186903625930885, "y:8": 1.1612301499131654, "y:9": 1.1955637869201403, "y:10": 14.91264085429276}, "6": {"y:0": 1.2785821259662613, "y:1": 1.292946526136356, "y:2": 1.2823252498309168, "y:3": 1.2655181120267844, "y:4": 1.270386191310115, "y:5": 1.2500244292109755, "y:6": 1.2820403652096086, "y:7": 1.2990558972187105, "y:8": 1.2609294819034287, "y:9": 1.2788151467403992, "y:10": 14.66906372735893}, "7": {"y:0": 1.2943143802851895, "y:1": 1.2855187610089323, "y:2": 1.2952014991143468, "y:3": 1.2838476680171529, "y:4": 1.2862099889128353, "y:5": 1.2966726666489983, "y:6": 1.275874811595734, "y:7": 1.2834085617678535, "y:8": 1.2792233154144645, "y:9": 1.2971542490838228, "y:10": 14.8278290145948}, "8": {"y:0": 1.3046596967629995, "y:1": 1.3030240171177445, "y:2": 1.3010896785366561, "y:3": 1.2966522449628302, "y:4": 1.312319852059798, "y:5": 1.3040153505202592, "y:6": 1.3088821888575393, "y:7": 1.300834565001398, "y:8": 1.3155903778316764, "y:9": 1.296188249863661, "y:10": 14.827300619517295}}