{"0": {"y:0": 0.1261299941736301, "y:1": 0.024215020477924662, "y:2": 0.14238359809278933, "y:3": 0.017659292249145333, "y:4": 0.1249232835657471, "y:5": 0.01448357372201355, "y:6": 0.14736357138414533, "y:7": 0.01749027849093795, "y:8": 0.1267119430229005, "y:9": 0.017500798692158294, "y:10": 0.13518964372024506, "y:11": 0.022384319253649473, "y:12": 0.1338186902236154, "y:13": 0.024136003132881622, "y:14": 0.15895493631201724, "y:15": 0.027540886318309886, "y:16": 0.1199266079312955, "y:17": 0.033486273183029415, "y:18": 0.14203160721453043, "y:19": 0.03527543049969847, "y:20": 0.13201992969043985, "y:21": 0.042730940596556195, "y:22": 0.1337608634853132, "y:23": 0.03885604320017983, "y:24": 0.11942429580784143, "y:25": 0.04442811141182667, "y:26": 0.13131665366079628, "y:27": 0.045506550892563113, "y:28": 0.14576902684925175, "y:29": 0.0490994162545656}, "1": {"y:0": 0.11487609285128994, "y:1": 0.027965216818197396, "y:2": 0.1324151157974992, "y:3": 0.021375478034105066, "y:4": 0.12059726788475333, "y:5": 0.0196707638431885, "y:6": 0.1324674307286405, "y:7": 0.016023994518448093, "y:8": 0.12166810566443302, "y:9": 0.015228124118317357, "y:10": 0.13483588167950827, "y:11": 0.015664933604359714, "y:12": 0.1275853425378246, "y:13": 0.017440051576438364, "y:14": 0.12102358796812485, "y:15": 0.01980070658084671, "y:16": 0.13091025086233682, "y:17": 0.022208549705718075, "y:18": 0.13887753419978754, "y:19": 0.025572730504705987, "y:20": 0.13282553185036025, "y:21": 0.026002302249844865, "y:22": 0.13042940138760376, "y:23": 0.029498486119842883, "y:24": 0.13200025642913718, "y:25": 0.02806626404856631, "y:26": 0.13442113000807956, "y:27": 0.03363920386701398, "y:28": 0.13558592325122346, "y:29": 0.039476183256909894}, "2": {"y:0": 0.12066394969658649, "y:1": 0.06499363135325147, "y:2": 0.12614886343933113, "y:3": 0.04830805806575901, "y:4": 0.12762684661175258, "y:5": 0.040642488150736546, "y:6": 0.15072155191354084, "y:7": 0.03418941606565412, "y:8": 0.13759498418190566, "y:9": 0.029485125836771025, "y:10": 0.127949382268907, "y:11": 0.02768656898358303, "y:12": 0.13330098251687802, "y:13": 0.02454775847905733, "y:14": 0.12787578998392596, "y:15": 0.024349533664342372, "y:16": 0.12576238500979753, "y:17": 0.021791692487324158, "y:18": 0.12558550197192678, "y:19": 0.02052843613028618, "y:20": 0.14568405453659458, "y:21": 0.019671140170111436, "y:22": 0.132995120885088, "y:23": 0.019204651454741904, "y:24": 0.11459403031362785, "y:25": 0.018640443102917487, "y:26": 0.13760457109394464, "y:27": 0.018212911737152653, "y:28": 0.12873974119806247, "y:29": 0.019626514040767307}, "3": {"y:0": 0.1009730344733088, "y:1": 0.05049055964045927, "y:2": 0.11059735955426761, "y:3": 0.03975722163833122, "y:4": 0.11502202523387094, "y:5": 0.03203385595660668, "y:6": 0.11561652551325542, "y:7": 0.029064491457826223, "y:8": 0.11735501669550252, "y:9": 0.026491137864775915, "y:10": 0.11759871439423963, "y:11": 0.025516792096909727, "y:12": 0.12442543298450737, "y:13": 0.02388062597774269, "y:14": 0.11659987108029889, "y:15": 0.021566305749535386, "y:16": 0.12033982436068608, "y:17": 0.020553521938361307, "y:18": 0.11914992630386814, "y:19": 0.019242067666486517, "y:20": 0.11666177587112767, "y:21": 0.019225558624131764, "y:22": 0.12099350910860653, "y:23": 0.017911658003426298, "y:24": 0.1107890041406116, "y:25": 0.018045584582303938, "y:26": 0.11573226983123863, "y:27": 0.017917100010524892, "y:28": 0.1190881309137556, "y:29": 0.01796158127935744}, "4": {"y:0": 0.07684081214170792, "y:1": 0.01952874489177847, "y:2": 0.08258667754062654, "y:3": 0.01521034294872145, "y:4": 0.0872155447970533, "y:5": 0.015346506837969467, "y:6": 0.09149840882859034, "y:7": 0.017375988043670326, "y:8": 0.09022775668456709, "y:9": 0.020403098646394058, "y:10": 0.0951165759722072, "y:11": 0.022875350612738092, "y:12": 0.08937517112108828, "y:13": 0.02488008298066905, "y:14": 0.0905535970680218, "y:15": 0.03262223230802689, "y:16": 0.08803230290189443, "y:17": 0.03407919179462283, "y:18": 0.08686555216960161, "y:19": 0.03657614535935025, "y:20": 0.08714569424223029, "y:21": 0.03745128629910953, "y:22": 0.08062218642186296, "y:23": 0.0419682062908535, "y:24": 0.09454456765097038, "y:25": 0.04445841209201757, "y:26": 0.08697864536241053, "y:27": 0.04973311218172404, "y:28": 0.0883860610849867, "y:29": 0.054501865374830344}, "5": {"y:0": 0.0755724396502932, "y:1": 0.061795914199501194, "y:2": 0.062016696043294656, "y:3": 0.08493340870115902, "y:4": 0.06294016781949392, "y:5": 0.09743532888118896, "y:6": 0.0632244540580857, "y:7": 0.11029860365083555, "y:8": 0.055187722020059955, "y:9": 0.10813250225044335, "y:10": 0.0488491585057936, "y:11": 0.10961414131095565, "y:12": 0.045984132704236104, "y:13": 0.10615169161079975, "y:14": 0.03982922646164354, "y:15": 0.11112264100071545, "y:16": 0.036982377986289054, "y:17": 0.1158320620132903, "y:18": 0.0335617355168862, "y:19": 0.11838459506015578, "y:20": 0.0347739320940922, "y:21": 0.11238308740238458, "y:22": 0.032790686086241326, "y:23": 0.12329828314226239, "y:24": 0.03178465879562815, "y:25": 0.1178030509568357, "y:26": 0.02734231771735055, "y:27": 0.11321499963093987, "y:28": 0.026685898308302078, "y:29": 0.1221300076407915}, "6": {"y:0": 0.06922012545984373, "y:1": 0.027220612348889173, "y:2": 0.060590671254162405, "y:3": 0.04084628119822835, "y:4": 0.053910172438710574, "y:5": 0.05198866212631713, "y:6": 0.049538512002553346, "y:7": 0.05713184653812248, "y:8": 0.04523470581962989, "y:9": 0.06499825542140922, "y:10": 0.04058639847217036, "y:11": 0.06427098931396893, "y:12": 0.03429322467682857, "y:13": 0.06465346994350618, "y:14": 0.03017536341400576, "y:15": 0.06411266300232935, "y:16": 0.027441162211319196, "y:17": 0.06922463507566644, "y:18": 0.026077749165726426, "y:19": 0.07252338534877785, "y:20": 0.02441655863981577, "y:21": 0.07783389774535146, "y:22": 0.023499019518077004, "y:23": 0.07148135769898635, "y:24": 0.021845772555606845, "y:25": 0.07900980530719641, "y:26": 0.020333413421480068, "y:27": 0.0847351938779428, "y:28": 0.020273847722633662, "y:29": 0.08359579497033205}, "7": {"y:0": 0.05432503329181303, "y:1": 0.035695940902638335, "y:2": 0.059561052285513366, "y:3": 0.022494382289606634, "y:4": 0.07410094200081292, "y:5": 0.020550130844325006, "y:6": 0.0806806055865935, "y:7": 0.022679129796170264, "y:8": 0.07066891864568572, "y:9": 0.023073059150288875, "y:10": 0.07759853586629652, "y:11": 0.028558995318442887, "y:12": 0.07422469709985494, "y:13": 0.03279767820861935, "y:14": 0.07239487474959239, "y:15": 0.03979870293676971, "y:16": 0.07551203405787041, "y:17": 0.04668641630092804, "y:18": 0.07003699205607422, "y:19": 0.046379304466477075, "y:20": 0.0711812693410876, "y:21": 0.04736886257453803, "y:22": 0.06298984088551064, "y:23": 0.054438678193314695, "y:24": 0.06885609943052454, "y:25": 0.0575746207537329, "y:26": 0.06983892174873085, "y:27": 0.06313054516471164, "y:28": 0.06679645101456798, "y:29": 0.05987862219737292}, "8": {"y:0": 0.04777913342173109, "y:1": 0.039551539065630054, "y:2": 0.04562663458223907, "y:3": 0.021716921685521622, "y:4": 0.04931510701633835, "y:5": 0.018292583555271396, "y:6": 0.05903246340694054, "y:7": 0.018513282864669352, "y:8": 0.06353412556464387, "y:9": 0.017341243397624637, "y:10": 0.07911883541037201, "y:11": 0.018852115563708294, "y:12": 0.07133503195010177, "y:13": 0.01912522598406704, "y:14": 0.0730626708821906, "y:15": 0.01832893826213995, "y:16": 0.07218091912388154, "y:17": 0.01948123702241329, "y:18": 0.06776335988903058, "y:19": 0.019752689257856906, "y:20": 0.07023331026908125, "y:21": 0.020347450569038368, "y:22": 0.08102226298517655, "y:23": 0.021608767097762674, "y:24": 0.07142837455181565, "y:25": 0.024616508946752564, "y:26": 0.07185210040363546, "y:27": 0.025497602642728125, "y:28": 0.06960777855534861, "y:29": 0.0245722730657131}, "9": {"y:0": 0.055190700679337845, "y:1": 0.04900892483143227, "y:2": 0.0550621416742064, "y:3": 0.03136386630066589, "y:4": 0.07557618880351383,