{"3": {"y:0": 0.003236430991469736, "y:1": 0.003268754152190831, "y:2": 0.00893299121729682, "y:3": 0.00566229053063939, "y:4": 0.02195771784450511, "y:5": 0.0063297102221056495, "y:6": 0.008044649014087517, "y:7": 0.002126876361354847, "y:8": 0.018319547278967632, "y:9": 0.9221210323873825}}