{"0": {"y:0": 0.14293691611406198, "y:1": 0.032255185666250456, "y:2": 0.12695985843425645, "y:3": 0.02654477373307426, "y:4": 0.1306908918532295, "y:5": 0.01984316702084246, "y:6": 0.15521939410989857, "y:7": 0.018281048432792157, "y:8": 0.12902057924120316, "y:9": 0.01592632477494848, "y:10": 0.13833210272138793, "y:11": 0.015534379929481049, "y:12": 0.15689216632698647, "y:13": 0.016118896717689842, "y:14": 0.13925543398360446, "y:15": 0.016115039827605804, "y:16": 0.14024771676516043, "y:17": 0.01777367711529069, "y:18": 0.12039257861946316, "y:19": 0.01792142123845577, "y:20": 0.14705440262566968, "y:21": 0.019060785203852144, "y:22": 0.13307456879425317, "y:23": 0.023664917251307403, "y:24": 0.1392771880449804, "y:25": 0.02325281959268257, "y:26": 0.13295235611942777, "y:27": 0.025522952094492093, "y:28": 0.1374332869585639, "y:29": 0.026984620763809534}, "1": {"y:0": 0.13238515436380177, "y:1": 0.028301656401582827, "y:2": 0.13530691814516047, "y:3": 0.01781138242460431, "y:4": 0.1467949418426439, "y:5": 0.015421193765854081, "y:6": 0.13464441218865883, "y:7": 0.016291720414266443, "y:8": 0.1250283701767669, "y:9": 0.018201719591706206, "y:10": 0.1363424664088345, "y:11": 0.02054092752637343, "y:12": 0.1345034865957233, "y:13": 0.024738614054473446, "y:14": 0.13445570741741208, "y:15": 0.0321299262357253, "y:16": 0.1406070992596065, "y:17": 0.0308722743587372, "y:18": 0.14812006890661603, "y:19": 0.036296027448406244, "y:20": 0.15910321608527436, "y:21": 0.0364891176267314, "y:22": 0.13537453596574928, "y:23": 0.0390352192501814, "y:24": 0.14034887213556946, "y:25": 0.041367434123613704, "y:26": 0.14025535470928777, "y:27": 0.03777008732767956, "y:28": 0.12547504918113106, "y:29": 0.04338969359046694}, "2": {"y:0": 0.11678501449586402, "y:1": 0.026782734451140173, "y:2": 0.12879175316106506, "y:3": 0.018538949976092498, "y:4": 0.14303513533361126, "y:5": 0.01640771506188726, "y:6": 0.13970650783851382, "y:7": 0.017898811740774262, "y:8": 0.12853265868284897, "y:9": 0.01963702706062809, "y:10": 0.1394975489575387, "y:11": 0.026200287937899306, "y:12": 0.12582724843561902, "y:13": 0.027449201267313844, "y:14": 0.13013491503198296, "y:15": 0.032428358773931035, "y:16": 0.12761891196690667, "y:17": 0.03427338140819839, "y:18": 0.13621887297634377, "y:19": 0.03984578821776212, "y:20": 0.12501839552542157, "y:21": 0.0388268867422458, "y:22": 0.13099601134240685, "y:23": 0.04372981155215699, "y:24": 0.13159344419922026, "y:25": 0.04572263598441775, "y:26": 0.1281580027674736, "y:27": 0.05191889963811502, "y:28": 0.12258163312623076, "y:29": 0.051834484657050206}, "3": {"y:0": 0.1055785537640648, "y:1": 0.03702391314222611, "y:2": 0.11224465437928567, "y:3": 0.02584206638655079, "y:4": 0.10560648727868101, "y:5": 0.020815851090150286, "y:6": 0.11323850531388582, "y:7": 0.01828179485500119, "y:8": 0.11443726859394905, "y:9": 0.0163215357433451, "y:10": 0.11083396262504831, "y:11": 0.016151426174236178, "y:12": 0.11895012317946857, "y:13": 0.016706671453139213, "y:14": 0.11169805862173633, "y:15": 0.01774381089325928, "y:16": 0.12104696246938844, "y:17": 0.01933825229449507, "y:18": 0.11913418632224397, "y:19": 0.02092369421698031, "y:20": 0.11413625226480917, "y:21": 0.021211541734049755, "y:22": 0.113045205703232, "y:23": 0.02373976007683961, "y:24": 0.11853205115450696, "y:25": 0.02604212433800868, "y:26": 0.12168411169329088, "y:27": 0.027378696349886083, "y:28": 0.11305125930163439, "y:29": 0.030578823024785234}, "4": {"y:0": 0.07210195926118285, "y:1": 0.017219271627272523, "y:2": 0.08096454667418994, "y:3": 0.015923746241297682, "y:4": 0.09034273988321564, "y:5": 0.020677613306924195, "y:6": 0.0840478362783501, "y:7": 0.025045604113032156, "y:8": 0.08082179484673868, "y:9": 0.03307530723795743, "y:10": 0.08360658341994244, "y:11": 0.03565776464351976, "y:12": 0.08040868772676682, "y:13": 0.03725146018018976, "y:14": 0.08481543396625851, "y:15": 0.04320216838908403, "y:16": 0.08329596538672697, "y:17": 0.04629591756888067, "y:18": 0.08395762423959995, "y:19": 0.050119029547198754, "y:20": 0.0698011960823628, "y:21": 0.048895423260334255, "y:22": 0.08232374098204472, "y:23": 0.05197675116538246, "y:24": 0.07625683600931268, "y:25": 0.05489174651026355, "y:26": 0.07533115504768277, "y:27": 0.05752727537953795, "y:28": 0.07329923801104031, "y:29": 0.05851620295901738}, "5": {"y:0": 0.07070431251381257, "y:1": 0.05299241033672543, "y:2": 0.059251071161793414, "y:3": 0.08060085300891519, "y:4": 0.05906175115540828, "y:5": 0.1077712327748144, "y:6": 0.05624723488964151, "y:7": 0.10416680039722157, "y:8": 0.04975211035585313, "y:9": 0.10922619106999226, "y:10": 0.05046879165358302, "y:11": 0.11985366760132411, "y:12": 0.04627312305717176, "y:13": 0.11425611307216656, "y:14": 0.04111881924647015, "y:15": 0.10928799271997175, "y:16": 0.03759778985124023, "y:17": 0.1089284915312421, "y:18": 0.03500132359362031, "y:19": 0.11986792018562337, "y:20": 0.03478845838318227, "y:21": 0.11926637214121656, "y:22": 0.03183991558889927, "y:23": 0.13470007724437613, "y:24": 0.030099307568879553, "y:25": 0.11175302120813235, "y:26": 0.0276668587556852, "y:27": 0.11483726189664667, "y:28": 0.026031814218925753, "y:29": 0.1290927235475089}, "6": {"y:0": 0.04775359657089296, "y:1": 0.06777203537416668, "y:2": 0.044983151750033326, "y:3": 0.08075563858306119, "y:4": 0.04033903880284036, "y:5": 0.086218891717319, "y:6": 0.03877339948946839, "y:7": 0.10137611351701856, "y:8": 0.036549824107985754, "y:9": 0.09927630150183626, "y:10": 0.0360373903651929, "y:11": 0.10770566148600672, "y:12": 0.03715894389402239, "y:13": 0.10995304531268053, "y:14": 0.036629345328938814, "y:15": 0.10862880219523277, "y:16": 0.03719150029439466, "y:17": 0.11375696853754919, "y:18": 0.03772938257361173, "y:19": 0.1143971555103711, "y:20": 0.035706928781367386, "y:21": 0.11686647338348322, "y:22": 0.04015234033367261, "y:23": 0.11897428382331324, "y:24": 0.03677768389359274, "y:25": 0.1223070759397515, "y:26": 0.039693904544530326, "y:27": 0.12178916695155294, "y:28": 0.03958566760556496, "y:29": 0.1294296764920673}, "7": {"y:0": 0.045217714634351376, "y:1": 0.01939171180030398, "y:2": 0.04173274068285168, "y:3": 0.013602298440019589, "y:4": 0.05284158358082628, "y:5": 0.013295520248449107, "y:6": 0.056911520475478566, "y:7": 0.014510724536661336, "y:8": 0.06584185493921221, "y:9": 0.014369706992849497, "y:10": 0.06497817597453741, "y:11": 0.016410482417649266, "y:12": 0.07028164583878786, "y:13": 0.016676202792046475, "y:14": 0.075792004560425, "y:15": 0.017704834715668374, "y:16": 0.07627094855262091, "y:17": 0.01864479279762339, "y:18": 0.07895023700768652, "y:19": 0.01882543562662575, "y:20": 0.07239680608172865, "y:21": 0.018332773657905563, "y:22": 0.07667130013745248, "y:23": 0.01996406269564858, "y:24": 0.0850691404290399, "y:25": 0.021351721250983606, "y:26": 0.08899018174264031, "y:27": 0.021408161293411443, "y:28": 0.0907023798852921, "y:29": 0.023878929056106227}, "8": {"y:0": 0.04474103105478448, "y:1": 0.025373414353416276, "y:2": 0.057250775556479984, "y:3": 0.024104780057188288, "y:4": 0.07031530091507791, "y:5": 0.02100493071669783, "y:6": 0.08243664453457983, "y:7": 0.018702416259633644, "y:8": 0.0873066966566983, "y:9": 0.019227487372491033, "y:10": 0.09019948038595423, "y:11": 0.019144081651654158, "y:12": 0.10281254499880274, "y:13": 0.01867507359704091, "y:14": 0.09936799687441873, "y:15": 0.019691441565592237, "y:16": 0.09111551297308312, "y:17": 0.018682404740407048, "y:18": 0.09375469411996916, "y:19": 0.01923014740625503, "y:20": 0.09391807861018465, "y:21": 0.019304131089498352, "y:22": 0.1009543947306255, "y:23": 0.018575353974823273, "y:24": 0.09849444894892484, "y:25": 0.018397616271126564, "y:26": 0.09883542572989865, "y:27": 0.018454644234510334, "y:28": 0.10815293729939685, "y:29": 0.017356607867952963}, "9": {"y:0": 0.03885954723783, "y:1": 0.022280954568174065, "y:2": 0.04690719774186212, "y:3": 0.01486960747713167, "y:4": 0.05151490762393825,