{"0": {"y:0": 0.13389531128695414, "y:1": 0.13398337004410157, "y:2": 0.20124035906496238, "y:3": 0.20018024804041123, "y:4": 0.19755791730893948, "y:5": 0.19932360247388473, "y:6": 0.20080318250308185, "y:7": 0.1986176393798152, "y:8": 0.20182946611530778, "y:9": 0.2030144039890171}, "1": {"y:0": 0.13355625189842626, "y:1": 0.1340691028578486, "y:2": 0.19770273614352948, "y:3": 0.198561937595545, "y:4": 0.1990658231577269, "y:5": 0.19811148145428886, "y:6": 0.19812199514398882, "y:7": 0.19726137850250283, "y:8": 0.19742128431746583, "y:9": 0.19980748796695072}, "2": {"y:0": 0.15093302533994532, "y:1": 0.15076596968628067, "y:2": 0.37888858554710664, "y:3": 0.38144432641275816, "y:4": 0.3725010860623676, "y:5": 0.37884757351772713, "y:6": 0.38117871469965914, "y:7": 0.38328149598980127, "y:8": 0.3803891641868882, "y:9": 0.38257306132668256}, "3": {"y:0": 0.16570402694571842, "y:1": 0.16623138432183146, "y:2": 0.7650020677392863, "y:3": 0.7816432216659381, "y:4": 0.602207734456569, "y:5": 0.7020624671637938, "y:6": 0.7307625183754153, "y:7": 0.7480873389396878, "y:8": 0.7750436620662167, "y:9": 0.7544820467350618}, "4": {"y:0": 0.16393506834592303, "y:1": 0.16409664419475276, "y:2": 1.5098011876088435, "y:3": 1.5283101924394258, "y:4": 1.0608963119194328, "y:5": 1.3549625740318283, "y:6": 1.4833268286116668, "y:7": 1.4551254302075953, "y:8": 1.5347998754057948, "y:9": 1.4769059999619996}, "5": {"y:0": 0.1638796177145871, "y:1": 0.1641526902753907, "y:2": 2.4111561177350582, "y:3": 2.4576062430934544, "y:4": 1.4585690867932386, "y:5": 2.140617747335349, "y:6": 2.328340009028338, "y:7": 2.308002131125924, "y:8": 2.287846739851868, "y:9": 2.410929755611021}, "6": {"y:0": 0.1637691373284753, "y:1": 0.16356351431722907, "y:2": 2.9724586916549938, "y:3": 2.567931765156127, "y:4": 1.6356151333856654, "y:5": 2.4875299633262893, "y:6": 2.8004344468731337, "y:7": 2.9604719905378083, "y:8": 2.4073251954776436, "y:9": 2.9218110945255575}, "7": {"y:0": 0.16331538092921252, "y:1": 0.16333885449105778, "y:2": 3.157038752297228, "y:3": 2.641284939359961, "y:4": 1.7075608161056932, "y:5": 2.7289635700899315, "y:6": 3.060454534676729, "y:7": 3.163431749665336, "y:8": 2.487950478897564, "y:9": 3.2319486271860973}, "8": {"y:0": 0.1633450751918063, "y:1": 0.16321723246192898, "y:2": 3.187450568489734, "y:3": 2.641748034209045, "y:4": 1.7368038094680287, "y:5": 2.8037089308137135, "y:6": 3.1772929245604025, "y:7": 3.2241750816665986, "y:8": 2.4554130230098363, "y:9": 3.219749485032874}, "9": {"y:0": 0.16337571762763722, "y:1": 0.16314729499333572, "y:2": 3.25614217705957, "y:3": 2.6465824476443816, "y:4": 1.7909780661458028, "y:5": 2.9035707759605343, "y:6": 3.261248689374327, "y:7": 3.268001761057256, "y:8": 2.44167689556626, "y:9": 3.276281003509453}, "10": {"y:0": 0.16364949031542655, "y:1": 0.16358702252735113, "y:2": 3.2693920643533256, "y:3": 2.710546794738556, "y:4": 1.7099626546461433, "y:5": 2.7652932105840318, "y:6": 3.1306017114036955, "y:7": 3.235274306569869, "y:8": 2.5093306131422946, "y:9": 3.2655669839019055}, "11": {"y:0": 0.1632820267923577, "y:1": 0.16333242147373717, "y:2": 3.3238685044980665, "y:3": 2.6647260011817844, "y:4": 1.7972594175471464, "y:5": 2.912713209315996, "y:6": 3.296020831177526, "y:7": 3.368124841115404, "y:8": 2.4649393523902297, "y:9": 3.4220955022018003}}