{"0": {"y:0": 0.12466307230158784, "y:1": 0.02352713908253285, "y:2": 0.13980387456555027, "y:3": 0.0167654590706366, "y:4": 0.1444706639278847, "y:5": 0.015227168011509676, "y:6": 0.13329612811735542, "y:7": 0.016705017176571652, "y:8": 0.1354049211264837, "y:9": 0.020023733052505342, "y:10": 0.13757867675002353, "y:11": 0.02105264562127767, "y:12": 0.14221776248749585, "y:13": 0.025597976014916583, "y:14": 0.13387573724889282, "y:15": 0.02890325399066754, "y:16": 0.14374051017487033, "y:17": 0.03209381755051684, "y:18": 0.1191605888135179, "y:19": 0.0344154590160751, "y:20": 0.13556005546316, "y:21": 0.03811423732328341, "y:22": 0.13566956901538418, "y:23": 0.04163170048713091, "y:24": 0.1280004202713582, "y:25": 0.042346907256536816, "y:26": 0.1270275924203901, "y:27": 0.0442141025174998, "y:28": 0.13902542161561274, "y:29": 0.04871958998059914, "y:30": 0.12756876427971361, "y:31": 0.04721048806818405}, "1": {"y:0": 0.11141142505534116, "y:1": 0.0285049989022819, "y:2": 0.1275798022709856, "y:3": 0.02066364508896976, "y:4": 0.1280740912286476, "y:5": 0.017107472177791277, "y:6": 0.13400546899043853, "y:7": 0.01548632931993954, "y:8": 0.13150508303062353, "y:9": 0.015168880556047351, "y:10": 0.13262851784573607, "y:11": 0.016025326437474195, "y:12": 0.13618718750305667, "y:13": 0.01741584953540203, "y:14": 0.1324176580722004, "y:15": 0.019448732436905602, "y:16": 0.1284050916093747, "y:17": 0.02195070452440253, "y:18": 0.13628057352962633, "y:19": 0.024201012918449477, "y:20": 0.1390111972809102, "y:21": 0.025883378678431504, "y:22": 0.12582214074003364, "y:23": 0.028431331989544444, "y:24": 0.1301920895961536, "y:25": 0.03177413930524299, "y:26": 0.12664317482348897, "y:27": 0.03259754413352379, "y:28": 0.1336585282249615, "y:29": 0.0337030039510625, "y:30": 0.13481011647464095, "y:31": 0.035801897092500694}, "2": {"y:0": 0.11347709766283086, "y:1": 0.08643183061307579, "y:2": 0.13165348534523785, "y:3": 0.06905690011977586, "y:4": 0.1381501909877744, "y:5": 0.05802677520496172, "y:6": 0.130874353633815, "y:7": 0.05430863206230386, "y:8": 0.13795293532757166, "y:9": 0.046897429541394246, "y:10": 0.13725640972968303, "y:11": 0.041453716815564694, "y:12": 0.13879428511683733, "y:13": 0.03837605759286172, "y:14": 0.1321732971951895, "y:15": 0.03687466647639524, "y:16": 0.13500555687304674, "y:17": 0.03508435613472081, "y:18": 0.13044981235013237, "y:19": 0.03289349164743304, "y:20": 0.11992359935618851, "y:21": 0.029985602637094454, "y:22": 0.13406215855680076, "y:23": 0.0302496543042402, "y:24": 0.1437358963669092, "y:25": 0.028276844804112, "y:26": 0.12540029458832622, "y:27": 0.02582787885676426, "y:28": 0.12658706864296995, "y:29": 0.025635577373743265, "y:30": 0.1397096856827856, "y:31": 0.025132621286463985}, "3": {"y:0": 0.10367685650634101, "y:1": 0.08220865789912292, "y:2": 0.11973733481884259, "y:3": 0.07812268445449887, "y:4": 0.1204033236841019, "y:5": 0.06801723376481052, "y:6": 0.11875181311585234, "y:7": 0.06397320606641595, "y:8": 0.1254990572173323, "y:9": 0.058769141229841663, "y:10": 0.12778085648030452, "y:11": 0.04993458248527615, "y:12": 0.11917440987056085, "y:13": 0.05097772060436751, "y:14": 0.1279435199330651, "y:15": 0.048652172572544845, "y:16": 0.11922179990448387, "y:17": 0.04375605377541882, "y:18": 0.12700807049703158, "y:19": 0.041186785399251254, "y:20": 0.1236551787375443, "y:21": 0.039454845452054674, "y:22": 0.12352559774823682, "y:23": 0.037287124022036044, "y:24": 0.13129672547830165, "y:25": 0.03790848658643815, "y:26": 0.12418446518169461, "y:27": 0.03553306453973596, "y:28": 0.12240173932779579, "y:29": 0.033452432057105005, "y:30": 0.12496976062543752, "y:31": 0.031871646830370415}, "4": {"y:0": 0.08860096070049882, "y:1": 0.06374937484409486, "y:2": 0.11045078864632221, "y:3": 0.060164462913364795, "y:4": 0.11100493809420742, "y:5": 0.055547733538972154, "y:6": 0.11672767536663864, "y:7": 0.04964765818235738, "y:8": 0.11601174162020718, "y:9": 0.0449450160519943, "y:10": 0.11756011095993074, "y:11": 0.042984594762963776, "y:12": 0.11505820388035777, "y:13": 0.03838517483076004, "y:14": 0.11508882065493077, "y:15": 0.03734735281186368, "y:16": 0.11213113950530537, "y:17": 0.033451731233334045, "y:18": 0.11602046601196743, "y:19": 0.03370163038171357, "y:20": 0.1162569666120785, "y:21": 0.031510406309348454, "y:22": 0.1175815487956388, "y:23": 0.029656131138347162, "y:24": 0.11554921237161486, "y:25": 0.027790661313693548, "y:26": 0.11213460532339901, "y:27": 0.027050092835452528, "y:28": 0.11600419505753924, "y:29": 0.026646001462046005, "y:30": 0.12152899843893289, "y:31": 0.02502661559956787}, "5": {"y:0": 0.0788990601739868, "y:1": 0.06293359169213125, "y:2": 0.10213675640716562, "y:3": 0.06248185921683266, "y:4": 0.11395683626778, "y:5": 0.05708626818442524, "y:6": 0.1179379683997264, "y:7": 0.05078753108923538, "y:8": 0.11978977270076185, "y:9": 0.047813187628198583, "y:10": 0.12155343417131098, "y:11": 0.045108784424874634, "y:12": 0.1226974091806843, "y:13": 0.04079680937143546, "y:14": 0.12021651492490924, "y:15": 0.03811109358921562, "y:16": 0.12119204371761857, "y:17": 0.038381251774070854, "y:18": 0.11793089462446935, "y:19": 0.036212768001619655, "y:20": 0.12217013080925845, "y:21": 0.03512764074835075, "y:22": 0.1252768870331998, "y:23": 0.034256490231775065, "y:24": 0.12406007741654583, "y:25": 0.03375052459478008, "y:26": 0.12274529240874632, "y:27": 0.03191720235665442, "y:28": 0.13013729874684268, "y:29": 0.0314685436977, "y:30": 0.11873348381294045, "y:31": 0.03081463310156933}, "6": {"y:0": 0.05304028416719336, "y:1": 0.020984228645494096, "y:2": 0.06350720431737525, "y:3": 0.013938608391309408, "y:4": 0.06989963724470405, "y:5": 0.012466067250701072, "y:6": 0.0710017338563227, "y:7": 0.012794591020068889, "y:8": 0.0743623511359463, "y:9": 0.013254386621910114, "y:10": 0.0715102244813157, "y:11": 0.014028641981508523, "y:12": 0.07480741060335865, "y:13": 0.014702760218269476, "y:14": 0.07162839868052345, "y:15": 0.015829102047332188, "y:16": 0.07456503234740307, "y:17": 0.017104327292531602, "y:18": 0.07056636205492933, "y:19": 0.01852614553125283, "y:20": 0.07371543430583971, "y:21": 0.01997224246871219, "y:22": 0.07296903102244144, "y:23": 0.02148950978421795, "y:24": 0.07298933052431009, "y:25": 0.022865966829343935, "y:26": 0.06948916821788809, "y:27": 0.024945652007305655, "y:28": 0.07071721397631671, "y:29": 0.027109041722807453, "y:30": 0.07298899937436085, "y:31": 0.029255718738666864}, "7": {"y:0": 0.05479886392462857, "y:1": 0.016214448160466834, "y:2": 0.0456735974115935, "y:3": 0.013281050536777856, "y:4": 0.043385556301083025, "y:5": 0.013470856825619331, "y:6": 0.03922654509066391, "y:7": 0.014188847917157375, "y:8": 0.03895953348833013, "y:9": 0.015340553267265288, "y:10": 0.036104030023068286, "y:11": 0.01687266578065895, "y:12": 0.03538244733633202, "y:13": 0.01830854258753184, "y:14": 0.03520773498519673, "y:15": 0.01978444710035826, "y:16": 0.03352511585012987, "y:17": 0.022090089136763375, "y:18": 0.033021757837081826, "y:19": 0.02333023516612178, "y:20": 0.03159931419893536, "y:21": 0.025622493663913497, "y:22": 0.03268876717512381, "y:23": 0.02805439369215369, "y:24": 0.03296896905029908, "y:25": 0.029183399325860792, "y:26": 0.032293621712251995, "y:27": 0.03184212308769553, "y:28": 0.03331314298630268, "y:29": 0.033957915611627365, "y:30": 0.03333754919959626, "y:31": 0.035648217890036325}, "8": {"y:0": 0.04940262983968713, "y:1": 0.01930695246280877, "y:2": 0.044310606268963805, "y:3": 0.016329485094762824, "y:4": 0.03726930470214746, "y:5": 0.017551360980939325, "y:6": 0.037412941019258024, "y:7": 0.017563033044231322, "y:8": 0.034006137640177736, "y:9": 0.018914668732307672, "y:10": 0.03102337625485389, "y:11": 0.020070200048446406, "y:12": 0.029783769954116964, "y:13": 0.02159004621164256, "y:14": 0.028910145116451926, "y:15": 0.022331064184986763, "y:16": 0.02658969371271457, "y:17": 0.024181485284619185, "y:18": 0.02545479359333823,