{"12": {"y:0": 0.20402862759096024, "y:1": 0.2418367669224848, "y:2": 0.09506347974432758, "y:3": 0.13775113787772914, "y:4": 0.10893397016979973, "y:5": 0.21638728556827402, "y:6": 0.07928587194288783, "y:7": 0.0911222854537801, "y:8": 0.03857072290600949, "y:9": 0.18059582926900597, "y:10": 0.06274237057584778, "y:11": 0.13127731771300505, "y:12": 0.09847342783985281, "y:13": 0.03767730550888021, "y:14": 0.10433307853061036, "y:15": 0.1236517615826607, "y:16": 0.11801107079335849, "y:17": 0.02658182155357707, "y:18": 0.1061324969421085, "y:19": 0.136677664974654, "y:20": 0.11931752033404489, "y:21": 0.01535729395690999, "y:22": 0.024468090491641017, "y:23": 0.1567846252430027, "y:24": 0.03861635909110542, "y:25": 0.023868338793199717, "y:26": 0.023913183225682953, "y:27": 0.11439240968011469, "y:28": 0.010896694825995864, "y:29": 0.05371612186495442, "y:30": 0.0039846895761459335, "y:31": 0.07555037945738904}}