{"0": {"y:0": 0.007284838765888238, "y:1": 0.0940075792711953, "y:2": 0.19341478455480404, "y:3": 0.19740229535401746, "y:4": 0.12098181088777805, "y:5": 0.017787800954342924, "y:6": 0.0011922162588327762}, "1": {"y:0": 0.008662424494242918, "y:1": 0.10423616676013947, "y:2": 0.20044617646043666, "y:3": 0.20351748744978287, "y:4": 0.12000444576323942, "y:5": 0.020318195008051328, "y:6": 0.001248511302423228}, "2": {"y:0": 0.055221442328730275, "y:1": 0.20107972413802175, "y:2": 0.24315517794192112, "y:3": 0.24105796903734003, "y:4": 0.1593246563096438, "y:5": 0.04190416791286262, "y:6": 0.007808844861365726}, "3": {"y:0": 0.09165671383196096, "y:1": 0.2915071817658678, "y:2": 0.3655482297926325, "y:3": 0.3676162469889834, "y:4": 0.26126613809478383, "y:5": 0.0569415440354512, "y:6": 0.013662674271358656}, "4": {"y:0": 0.19912472570091605, "y:1": 0.39865339041674813, "y:2": 0.44785628265901173, "y:3": 0.4337213554973652, "y:4": 0.30332813120166796, "y:5": 0.07625886448213184, "y:6": 0.029170908995355564}, "5": {"y:0": 0.30830488145371504, "y:1": 0.5650810104362229, "y:2": 0.6293119693238499, "y:3": 0.6238379107867522, "y:4": 0.43487788451477566, "y:5": 0.10092907400688145, "y:6": 0.04490531466758039}, "6": {"y:0": 0.49881471525774146, "y:1": 0.7707186024247488, "y:2": 0.8155708874597621, "y:3": 0.8124769335922662, "y:4": 0.5593760951098746, "y:5": 0.1262542872181348, "y:6": 0.07725292377407378}, "7": {"y:0": 0.7405549945178757, "y:1": 1.1168552360390887, "y:2": 1.1719607601044335, "y:3": 1.152320092902126, "y:4": 0.8747338479192868, "y:5": 0.158859477671875, "y:6": 0.12441486651434974}, "8": {"y:0": 1.1089494641017326, "y:1": 1.7057083008370115, "y:2": 1.8797940124542811, "y:3": 1.8373773174831278, "y:4": 1.2373538631583, "y:5": 0.1802621693366392, "y:6": 0.17631867862383763}, "9": {"y:0": 1.6252094800612327, "y:1": 2.452020420569551, "y:2": 2.6109219518623044, "y:3": 2.539754712766557, "y:4": 1.6987953503446007, "y:5": 0.20738089000251678, "y:6": 0.2604142133256792}, "10": {"y:0": 2.0640064517246848, "y:1": 3.201779056244883, "y:2": 3.8402819808248343, "y:3": 3.398222415932199, "y:4": 2.012391332922787, "y:5": 0.21370383609883725, "y:6": 0.32511473592560364}, "11": {"y:0": 2.5953884748417857, "y:1": 3.750231540875699, "y:2": 4.782544116581017, "y:3": 4.021698238015805, "y:4": 2.283660195973188, "y:5": 0.21447376406202376, "y:6": 0.4162248915407062}, "12": {"y:0": 3.0084018401370316, "y:1": 4.4867057308444895, "y:2": 6.550548026427098, "y:3": 4.477209485439987, "y:4": 2.7368000233823357, "y:5": 0.21511857092225936, "y:6": 0.5180347508290467}, "13": {"y:0": 3.3313108773973417, "y:1": 5.110258727049516, "y:2": 8.097763058092463, "y:3": 5.007696818809916, "y:4": 3.7960457492391906, "y:5": 0.2172520520304744, "y:6": 0.6560826670988285}, "14": {"y:0": 3.1832997175767597, "y:1": 5.525881275647466, "y:2": 9.861138129478041, "y:3": 5.5749569673779416, "y:4": 4.390969873192492, "y:5": 0.2197091321488085, "y:6": 0.7341433068097147}, "15": {"y:0": 3.0474111284440344, "y:1": 5.831689158982359, "y:2": 11.09850946101894, "y:3": 7.126682376568463, "y:4": 5.494923319884164, "y:5": 0.2239774096217699, "y:6": 0.8889015948732224}, "16": {"y:0": 3.306470209548391, "y:1": 7.498431195264096, "y:2": 12.618170413498966, "y:3": 9.148576235964464, "y:4": 5.89358558923137, "y:5": 0.22789842373422434, "y:6": 0.9180991993408955}, "17": {"y:0": 3.900975405404456, "y:1": 9.412464676074636, "y:2": 15.377188273343315, "y:3": 12.5350885132547, "y:4": 7.314225944025338, "y:5": 0.2313578203274061, "y:6": 1.0475794514816028}, "18": {"y:0": 4.923820386937803, "y:1": 11.846465600089314, "y:2": 17.86002453115698, "y:3": 15.231538699874, "y:4": 7.872791980170376, "y:5": 0.2316488873470384, "y:6": 1.1295344708160124}, "19": {"y:0": 5.8732487679188505, "y:1": 14.895217864525865, "y:2": 20.027997677330852, "y:3": 18.1861183772279, "y:4": 8.900114905022368, "y:5": 0.23337714307423854, "y:6": 1.2907698796662792}, "20": {"y:0": 6.994029359741352, "y:1": 18.381555727559817, "y:2": 23.13934239320788, "y:3": 21.20056162715523, "y:4": 10.269728255557187, "y:5": 0.2350234359359089, "y:6": 1.3398757123417733}, "21": {"y:0": 8.540592298888065, "y:1": 23.63875225051533, "y:2": 27.065773053088567, "y:3": 25.227159281247438, "y:4": 12.02754459127569, "y:5": 0.23564849423103676, "y:6": 1.5553601836194795}, "22": {"y:0": 10.611296524411133, "y:1": 27.309714063091683, "y:2": 31.466847308262864, "y:3": 25.664412158599703, "y:4": 13.121974740830593, "y:5": 0.23616523193083427, "y:6": 1.6224230326943905}, "23": {"y:0": 12.27932370915609, "y:1": 31.779675874929335, "y:2": 36.47134751474009, "y:3": 30.828076946013315, "y:4": 14.71870355016406, "y:5": 0.23633660859920666, "y:6": 1.7405918022719749}, "24": {"y:0": 14.545900727556868, "y:1": 37.8717413505474, "y:2": 37.1446850259691, "y:3": 30.13532761098373, "y:4": 15.91854101607569, "y:5": 0.23602498560225701, "y:6": 1.7723835249885969}, "25": {"y:0": 18.302377257330416, "y:1": 44.18482163998033, "y:2": 42.497433363495354, "y:3": 34.21814679894455, "y:4": 17.69119523587623, "y:5": 0.236694480005472, "y:6": 2.1435337664619554}, "26": {"y:0": 21.576280164284885, "y:1": 48.76696173049863, "y:2": 47.43292550139323, "y:3": 36.75596408384957, "y:4": 19.42167966562655, "y:5": 0.2369948956776997, "y:6": 2.636192839649868}, "27": {"y:0": 23.736815602585946, "y:1": 47.62438187176353, "y:2": 44.174548305093445, "y:3": 32.519306261032156, "y:4": 18.20346576955802, "y:5": 0.2367599909162049, "y:6": 2.9447530409472753}, "28": {"y:0": 32.216907956278746, "y:1": 55.37851069547269, "y:2": 49.19996207701936, "y:3": 36.60879756385904, "y:4": 21.61549346380897, "y:5": 0.23786523285017663, "y:6": 3.6251401694880783}, "29": {"y:0": 37.8373115612453, "y:1": 57.13254063881405, "y:2": 50.74900242970641, "y:3": 37.143801235229326, "y:4": 22.114322451036944, "y:5": 0.23803058426119772, "y:6": 4.324413941877478}, "30": {"y:0": 41.894912450197396, "y:1": 55.94040758262585, "y:2": 51.421660532327905, "y:3": 40.126063953109416, "y:4": 24.08950812019692, "y:5": 0.2383880787751105, "y:6": 4.573367978151488}}