{"0": {"y:0": 0.10366410593161714, "y:1": 0.026773171839841754, "y:2": 0.1187986756387796, "y:3": 0.016957285937599362, "y:4": 0.1371425751191369, "y:5": 0.01537969653441596, "y:6": 0.1425494724569434, "y:7": 0.015030838685000924, "y:8": 0.12237668073654819, "y:9": 0.017426976403781293, "y:10": 0.12582747874100675, "y:11": 0.02007180209827954, "y:12": 0.12371984766269054, "y:13": 0.024434531525229976, "y:14": 0.13258634445104772, "y:15": 0.025665547078910878, "y:16": 0.12112202340763317, "y:17": 0.0339992099446578, "y:18": 0.13143350635450946, "y:19": 0.03325055594178489, "y:20": 0.1218791359843864, "y:21": 0.031481984408894555, "y:22": 0.1329215938621827, "y:23": 0.0362607786592985, "y:24": 0.14313995271016078, "y:25": 0.042717937528123244, "y:26": 0.13513644678210307, "y:27": 0.04383141711749282, "y:28": 0.14170344769854498, "y:29": 0.04536835307786831, "y:30": 0.12822327184000462, "y:31": 0.0505185447789331}}