{"13": {"y:0": 0.4329896809424473, "y:1": 0.5742504312637086, "y:2": 0.1676299018924951, "y:3": 0.16247754595444097, "y:4": 0.17746582407723002, "y:5": 0.3780241945394695, "y:6": 0.17445143503802987, "y:7": 0.2953855269461072, "y:8": 0.14223875222759053, "y:9": 0.368828301032073, "y:10": 0.09818174225624325, "y:11": 0.41815103725597474, "y:12": 0.07405682978886918, "y:13": 0.19286625887603528, "y:14": 0.12039841559304892, "y:15": 0.18472175752896436, "y:16": 0.21952228529684248, "y:17": 0.11544775687567374, "y:18": 0.19023349638003373, "y:19": 0.13836615763139515, "y:20": 0.18244159991556858, "y:21": 0.1415173405236918, "y:22": 0.12418493227293723, "y:23": 0.12153780671367752, "y:24": 0.11271868503438029, "y:25": 0.14090043492519777, "y:26": 0.09074649034118716, "y:27": 0.22212268061888898, "y:28": 0.04153808091871283, "y:29": 0.061021963383178036, "y:30": 0.006686029441171273, "y:31": 0.12889662451473555}}