{"14": {"y:0": 0.1600922869835666, "y:1": 0.09177957981705925, "y:2": 0.06205359846951154, "y:3": 0.0681713311018523, "y:4": 0.1625323197500929, "y:5": 0.0976976939425881, "y:6": 0.03318429296029871, "y:7": 0.14025177568906197, "y:8": 0.04028486161623379, "y:9": 0.09304897957316015, "y:10": 0.08451393665562815, "y:11": 0.14455688045803955, "y:12": 0.04814983967522904, "y:13": 0.30754341324824896, "y:14": 0.0757746131151251, "y:15": 0.33055089638911905, "y:16": 0.03367301536816092, "y:17": 0.06601325391587372, "y:18": 0.04105202659023952, "y:19": 0.03623088808974639, "y:20": 0.028247060903229818, "y:21": 0.1501708180369162, "y:22": 0.020633291245826267, "y:23": 0.16102810226987277, "y:24": 0.05390187382503317, "y:25": 0.16750909069282904, "y:26": 0.027832384427726578, "y:27": 0.12315153164528228, "y:28": 0.021919496113852736, "y:29": 0.06190043830192084, "y:30": 0.007514332066398243, "y:31": 0.05903609706227628}}