{"0": {"s1": 0.9999882887577659, "s2": 1.1711242234117058e-05}}