{"0": {"y:0": 38.21602239757976, "y:1": 3.371672001130415, "y:2": 2.2252378080294286, "y:3": 1.8331806685650665, "y:4": 1.544178321000765, "y:5": 1.4986638812976905, "y:6": 1.4501418111303248, "y:7": 1.417246269718478, "y:8": 1.3944116774036293, "y:9": 1.4077326352999824}, "1": {"y:0": 35.43356617459881, "y:1": 3.247263841549263, "y:2": 2.113030775159217, "y:3": 1.7765150340038438, "y:4": 1.5324837947430063, "y:5": 1.4895070203831586, "y:6": 1.4157823232785367, "y:7": 1.4236370804100944, "y:8": 1.391143867613633, "y:9": 1.375971058287363}, "2": {"y:0": 73.3386198768766, "y:1": 13.442240425847354, "y:2": 9.67992525410134, "y:3": 8.225141893339583, "y:4": 7.55314914698407, "y:5": 7.273168218223126, "y:6": 6.477578860336694, "y:7": 6.241361363821364, "y:8": 6.004235097323718, "y:9": 5.928525822506254}, "3": {"y:0": 37.190639888535145, "y:1": 5.0715675904041335, "y:2": 3.8131021142339874, "y:3": 3.4424429603090485, "y:4": 3.0611725239490344, "y:5": 3.0561076146596924, "y:6": 2.9225344345659514, "y:7": 2.9193692903445814, "y:8": 2.8668396514232004, "y:9": 2.876922901138865}, "4": {"y:0": 36.17084569439431, "y:1": 4.864219079817997, "y:2": 4.88005172876241, "y:3": 4.915141479033139, "y:4": 4.597230666769077, "y:5": 4.58076567391741, "y:6": 4.413578141958426, "y:7": 4.369792701248612, "y:8": 4.169337765207493, "y:9": 4.097750629074697}, "5": {"y:0": 36.31060795751596, "y:1": 5.155545119810738, "y:2": 5.267441269763486, "y:3": 5.919074067305172, "y:4": 5.68214896230606, "y:5": 5.701580725502284, "y:6": 5.438903090285845, "y:7": 5.3957146771479625, "y:8": 5.0370315781725, "y:9": 4.870609351284112}, "6": {"y:0": 37.528595494696475, "y:1": 5.242071431233245, "y:2": 5.4838464770474875, "y:3": 6.766533180939619, "y:4": 6.796338832823219, "y:5": 7.150632030550055, "y:6": 6.658158507610331, "y:7": 6.862874825321127, "y:8": 6.599437362103431, "y:9": 6.251257486165648}, "7": {"y:0": 36.916518621111535, "y:1": 6.579273197060543, "y:2": 6.47163856775208, "y:3": 8.130952439059678, "y:4": 9.18334124092108, "y:5": 10.013114188134262, "y:6": 9.175675547456155, "y:7": 9.940025697371594, "y:8": 9.656101361912098, "y:9": 9.192998925315443}, "8": {"y:0": 35.761472708504414, "y:1": 9.659056109185702, "y:2": 8.554833153140983, "y:3": 10.598043511015444, "y:4": 13.04231332624431, "y:5": 14.907419125351668, "y:6": 13.200895775199642, "y:7": 14.386195809655742, "y:8": 13.796402457013052, "y:9": 12.59657284995946}, "9": {"y:0": 36.43086669383413, "y:1": 14.213869793197317, "y:2": 12.478653168695384, "y:3": 15.16185275173607, "y:4": 17.417166673621125, "y:5": 21.71281143478234, "y:6": 18.305102362942574, "y:7": 20.383053175200853, "y:8": 18.149471609011965, "y:9": 16.030639039365127}, "10": {"y:0": 35.482152683863646, "y:1": 17.822188125031946, "y:2": 16.87762844760334, "y:3": 18.95804620466325, "y:4": 19.29074457624682, "y:5": 24.57637135973165, "y:6": 20.48100662538408, "y:7": 23.1422440897592, "y:8": 21.379807691288757, "y:9": 18.70961163930521}, "11": {"y:0": 37.8706504745011, "y:1": 21.26431261615323, "y:2": 21.13025633237048, "y:3": 22.82060562022406, "y:4": 21.512847889698353, "y:5": 28.277505042364, "y:6": 21.89842222973223, "y:7": 25.674028578169562, "y:8": 25.001289272726478, "y:9": 21.34110617476725}, "12": {"y:0": 37.01022811784427, "y:1": 23.739983076716502, "y:2": 24.911867139537414, "y:3": 25.710697090387974, "y:4": 22.35540898965182, "y:5": 29.59036761724971, "y:6": 22.7866917237017, "y:7": 28.164056098782066, "y:8": 26.3536432240216, "y:9": 23.35443764491005}, "13": {"y:0": 36.435077443554576, "y:1": 25.58561800078757, "y:2": 27.412511576973284, "y:3": 28.49056100813209, "y:4": 22.845657829466344, "y:5": 31.039936614179425, "y:6": 23.452120350669702, "y:7": 27.68120705367401, "y:8": 26.911576021277725, "y:9": 23.310384471926813}, "14": {"y:0": 37.0358141381329, "y:1": 25.440813210981318, "y:2": 27.177393289031773, "y:3": 28.34995515151214, "y:4": 22.204228885779774, "y:5": 30.687420980385927, "y:6": 22.585359392789698, "y:7": 30.075553829954007, "y:8": 29.51562217567424, "y:9": 24.690383319981688}, "15": {"y:0": 37.067614632101986, "y:1": 27.404828878800195, "y:2": 28.654069070244613, "y:3": 29.535804177920046, "y:4": 22.41373584755925, "y:5": 30.793641710143838, "y:6": 22.965510108576606, "y:7": 29.579569607875396, "y:8": 28.77591172346327, "y:9": 24.45797971869995}, "16": {"y:0": 36.77870288601595, "y:1": 27.932381677520983, "y:2": 30.357781979760958, "y:3": 31.39467483933544, "y:4": 23.102897615918366, "y:5": 31.29196403139151, "y:6": 22.99016082394279, "y:7": 30.63554144686905, "y:8": 29.827642572194982, "y:9": 25.646808895325805}}