{"0": {"y:0": 33.085123724684976, "y:1": 3.085407195612103, "y:2": 2.3034465830954125, "y:3": 1.9016397790094812, "y:4": 1.6202180963859536, "y:5": 1.4931600516866568, "y:6": 1.5147978211728415, "y:7": 1.4168717572787204, "y:8": 1.41212706088951, "y:9": 1.3890012450102815}, "1": {"y:0": 33.8732118605072, "y:1": 2.7688170522912308, "y:2": 2.0672533016250925, "y:3": 1.770641803330037, "y:4": 1.5134861991917903, "y:5": 1.3989304732410721, "y:6": 1.402196436181978, "y:7": 1.3202853234662435, "y:8": 1.3410263495525256, "y:9": 1.2950240334931198}, "2": {"y:0": 78.50923322037953, "y:1": 16.104243737547346, "y:2": 11.956366959319853, "y:3": 10.380046211324023, "y:4": 9.09903071592045, "y:5": 8.256628322530199, "y:6": 8.089260298752192, "y:7": 7.56385549556394, "y:8": 7.276289399745317, "y:9": 6.916207101604867}, "3": {"y:0": 32.87192279672697, "y:1": 4.91457640199714, "y:2": 3.8269167436939653, "y:3": 3.3554977159252832, "y:4": 2.93505552047781, "y:5": 2.7533043975713976, "y:6": 2.824075558001712, "y:7": 2.6027079407411096, "y:8": 2.649678874263977, "y:9": 2.5517481387306806}, "4": {"y:0": 33.280941573775394, "y:1": 5.777918103936494, "y:2": 5.418687633661484, "y:3": 4.974593674423066, "y:4": 4.444130078389798, "y:5": 4.045178392462031, "y:6": 4.166926215889068, "y:7": 3.8193076544541817, "y:8": 3.797057711340865, "y:9": 3.556201134657304}, "5": {"y:0": 33.99097432567482, "y:1": 6.215167280311956, "y:2": 6.3583991939738445, "y:3": 6.334603589299562, "y:4": 5.520668109155167, "y:5": 5.088249183580504, "y:6": 5.097486234622952, "y:7": 4.652454826631319, "y:8": 4.566635998106968, "y:9": 4.231941265181244}, "6": {"y:0": 31.907156034883855, "y:1": 7.9810561431561355, "y:2": 7.590766014729488, "y:3": 7.429057363799358, "y:4": 6.788846593990018, "y:5": 6.439951244205589, "y:6": 6.583760650660706, "y:7": 5.958100905366357, "y:8": 5.548080059616433, "y:9": 5.122937103552203}, "7": {"y:0": 33.93246087753058, "y:1": 10.743415031819836, "y:2": 10.520785223140798, "y:3": 11.205482099550494, "y:4": 10.041111229756385, "y:5": 10.219011157092117, "y:6": 9.85472611397641, "y:7": 9.139451184395252, "y:8": 7.439003443955344, "y:9": 6.647178518040048}, "8": {"y:0": 33.741860978106395, "y:1": 11.98354436165565, "y:2": 11.681400325391449, "y:3": 12.93880413127819, "y:4": 12.732071238977326, "y:5": 12.698157580769138, "y:6": 13.07801494011853, "y:7": 11.668821429319307, "y:8": 9.5339200865523, "y:9": 8.715669710584292}, "9": {"y:0": 33.7938977520363, "y:1": 15.718087315339071, "y:2": 15.358582963023958, "y:3": 17.00247842904374, "y:4": 17.612541035755715, "y:5": 17.51805291372053, "y:6": 17.390631234949634, "y:7": 16.413148338718113, "y:8": 13.059105121446287, "y:9": 12.668396842525787}, "10": {"y:0": 33.06276831487131, "y:1": 19.0534095875697, "y:2": 19.495293133023868, "y:3": 19.79872844347101, "y:4": 21.500929161176195, "y:5": 20.13928042685051, "y:6": 20.599548744388507, "y:7": 19.356060407222266, "y:8": 17.069368037065164, "y:9": 16.402648862073598}, "11": {"y:0": 34.19814677144187, "y:1": 21.630127606314524, "y:2": 22.063696756542907, "y:3": 21.84045689896209, "y:4": 24.635980489208873, "y:5": 22.688896757421258, "y:6": 23.437219211120937, "y:7": 23.012861031747395, "y:8": 19.82824280129644, "y:9": 19.560450714788487}, "12": {"y:0": 33.04645788450957, "y:1": 23.871763167448105, "y:2": 23.932573082986842, "y:3": 23.10645861418516, "y:4": 26.972736643776745, "y:5": 24.376640354200454, "y:6": 25.63072434398792, "y:7": 25.606499210117928, "y:8": 22.55769581404246, "y:9": 23.198047678213552}, "13": {"y:0": 32.962748724022994, "y:1": 25.61077670266998, "y:2": 25.18337877557655, "y:3": 22.89733644711784, "y:4": 27.609884943659956, "y:5": 25.32970853260515, "y:6": 27.35646375819054, "y:7": 26.986719718839993, "y:8": 24.713032909620175, "y:9": 26.13779742980749}, "14": {"y:0": 33.158465509048106, "y:1": 26.39160264888202, "y:2": 27.138061933552155, "y:3": 24.317313903428865, "y:4": 29.15738020729915, "y:5": 25.96509139131315, "y:6": 26.828625661052275, "y:7": 27.80649085774634, "y:8": 24.436190205560415, "y:9": 26.009758874845033}, "15": {"y:0": 33.56104084076211, "y:1": 26.18663347166245, "y:2": 26.89354104401901, "y:3": 24.285509058099688, "y:4": 28.961323965854675, "y:5": 25.64429592109867, "y:6": 28.4310141362406, "y:7": 28.06358341907016, "y:8": 26.091793086722518, "y:9": 28.25345501083567}, "16": {"y:0": 33.12157445504859, "y:1": 26.726517145745667, "y:2": 27.829848276639428, "y:3": 24.711974552186632, "y:4": 29.26850745929053, "y:5": 25.851057980139387, "y:6": 29.356601373681855, "y:7": 28.802421870972555, "y:8": 27.643009779587977, "y:9": 29.576564778938828}}