{"0": {"y:0": 75.58328791831268, "y:1": 6.446840593664719, "y:2": 4.775308512322268, "y:3": 4.289480339217453, "y:4": 3.7999624572675343, "y:5": 3.7288801549200072, "y:6": 3.6019501060669845, "y:7": 3.368298432344872, "y:8": 3.236391473118495, "y:9": 3.2107407039432725}}