{"0": {"y:0": 70.85649004630604, "y:1": 7.5686717845043505, "y:2": 5.156178829235031, "y:3": 4.5557385037267535, "y:4": 4.211899364516181, "y:5": 3.9031841189030785, "y:6": 3.7698315198370747, "y:7": 3.629304976622637, "y:8": 3.546351485798561, "y:9": 3.397792488840528}}