{"0": {"y:0": 77.63786181658398, "y:1": 5.897369100564465, "y:2": 4.415741618934754, "y:3": 4.135728577793854, "y:4": 3.7733953044907143, "y:5": 3.394250623003837, "y:6": 3.1673253247421096, "y:7": 2.9807160415502367, "y:8": 2.8014741063093895, "y:9": 2.780346449483022}, "1": {"y:0": 76.3805531607119, "y:1": 6.506389044434468, "y:2": 4.796435553748598, "y:3": 4.147476140470136, "y:4": 3.6775172108817076, "y:5": 3.4585821811714923, "y:6": 3.2345832450341665, "y:7": 3.1488291935098283, "y:8": 2.9929116138426757, "y:9": 2.956400657249014}, "2": {"y:0": 72.32728255928708, "y:1": 12.777260305728253, "y:2": 8.938030823047942, "y:3": 7.511784058674736, "y:4": 6.677088544573017, "y:5": 6.200364571489559, "y:6": 5.776011646016949, "y:7": 5.493174715634795, "y:8": 5.3014489528150985, "y:9": 5.1153249087312656}, "3": {"y:0": 73.64942615049365, "y:1": 9.740783257066541, "y:2": 8.040410541443004, "y:3": 7.503288842958834, "y:4": 6.8491371381235915, "y:5": 6.538184109367182, "y:6": 6.3595635293473, "y:7": 6.2837315119669075, "y:8": 6.148575113290686, "y:9": 5.918175314505144}, "4": {"y:0": 75.86531434430674, "y:1": 9.430626405501172, "y:2": 10.455791531740358, "y:3": 10.565615564071326, "y:4": 10.241663632680762, "y:5": 10.252510166122724, "y:6": 9.490193836132741, "y:7": 9.309904824799412, "y:8": 8.851169555793623, "y:9": 8.60186636544905}, "5": {"y:0": 72.74082484804086, "y:1": 10.060311329960438, "y:2": 10.478582436361371, "y:3": 11.677232576169587, "y:4": 12.046548837019488, "y:5": 11.693370547093846, "y:6": 11.192271503820523, "y:7": 11.047826017320421, "y:8": 10.271472866723569, "y:9": 9.898247425313091}, "6": {"y:0": 76.03529077635224, "y:1": 14.103274884339614, "y:2": 12.993890725409631, "y:3": 14.154564334496364, "y:4": 14.576323501135398, "y:5": 14.575410208796088, "y:6": 14.229558835656215, "y:7": 13.268229615002804, "y:8": 12.148285663965062, "y:9": 11.5531414875813}, "7": {"y:0": 74.06636367933137, "y:1": 21.064324665987346, "y:2": 17.574149496440352, "y:3": 19.148299253462074, "y:4": 19.81974994721297, "y:5": 19.70568422639615, "y:6": 18.95566147176156, "y:7": 17.649026111479568, "y:8": 16.321443429752367, "y:9": 15.066180187597704}, "8": {"y:0": 73.4267732267431, "y:1": 27.736993428137787, "y:2": 23.374127975385225, "y:3": 26.152100383859636, "y:4": 29.929902230678916, "y:5": 31.238413046008308, "y:6": 29.845590247952025, "y:7": 27.0106475097926, "y:8": 23.59382574096304, "y:9": 20.912062316238675}, "9": {"y:0": 76.27143043227744, "y:1": 34.65271972170887, "y:2": 29.685311518869085, "y:3": 33.604135182818986, "y:4": 39.91533039941809, "y:5": 41.88386310609338, "y:6": 40.997141566803585, "y:7": 37.51806781105397, "y:8": 33.226021240889196, "y:9": 28.903087504050227}, "10": {"y:0": 73.4466334690297, "y:1": 41.313887911374195, "y:2": 37.468554595971476, "y:3": 41.50433036886539, "y:4": 47.82028229954239, "y:5": 50.04149816106157, "y:6": 49.02010285523059, "y:7": 45.73960777651749, "y:8": 39.849402947867674, "y:9": 37.06366119710683}, "11": {"y:0": 74.72749066574085, "y:1": 47.116008307926364, "y:2": 44.131807965788845, "y:3": 48.31336230246696, "y:4": 55.05176233436271, "y:5": 57.145298100666494, "y:6": 54.23698501442275, "y:7": 51.63730056371496, "y:8": 46.1560548665972, "y:9": 43.857094261617064}, "12": {"y:0": 75.69540403322478, "y:1": 52.751331304567096, "y:2": 49.09610973125793, "y:3": 54.246990967907855, "y:4": 58.99757115907814, "y:5": 59.36225114796754, "y:6": 61.90173748002751, "y:7": 55.460303238438144, "y:8": 51.703399211670906, "y:9": 49.86688590816438}, "13": {"y:0": 73.9290143217077, "y:1": 56.50255050173465, "y:2": 51.88236937323014, "y:3": 55.139425307469736, "y:4": 61.03349791891533, "y:5": 60.56755644793225, "y:6": 60.89407445151624, "y:7": 59.68730825400681, "y:8": 55.130039394734816, "y:9": 51.599009575791804}, "14": {"y:0": 75.54548948154691, "y:1": 59.902811816298104, "y:2": 55.08965789879527, "y:3": 58.10862826581984, "y:4": 62.24820462911072, "y:5": 62.96617321080072, "y:6": 62.513324042809124, "y:7": 58.93111973276347, "y:8": 56.65311239158983, "y:9": 53.49190184088192}, "15": {"y:0": 75.13060507591743, "y:1": 61.48430058743988, "y:2": 57.545244184078456, "y:3": 58.867980470055905, "y:4": 63.126230938686575, "y:5": 64.85652905310903, "y:6": 64.46423501416973, "y:7": 61.94185274625217, "y:8": 60.30041268652537, "y:9": 57.46851539491435}, "16": {"y:0": 74.67490891416469, "y:1": 63.149752504947614, "y:2": 59.002102324082685, "y:3": 60.29136355559149, "y:4": 64.73650920031106, "y:5": 65.22257681226489, "y:6": 65.29895349650394, "y:7": 63.60299376522749, "y:8": 61.47553276801231, "y:9": 59.17850874499225}, "17": {"y:0": 74.01672519381908, "y:1": 61.06356622768873, "y:2": 57.1741435916306, "y:3": 60.12875369064086, "y:4": 64.20976022908096, "y:5": 66.59421884532775, "y:6": 66.17068039442894, "y:7": 64.1925391080974, "y:8": 61.62527673981837, "y:9": 59.02025046517009}, "18": {"y:0": 73.97739623821671, "y:1": 63.22462604266219, "y:2": 59.97809072971265, "y:3": 62.32163892315785, "y:4": 65.71096964814024, "y:5": 67.44458001149398, "y:6": 66.42630992111741, "y:7": 64.23242719188559, "y:8": 61.462901555572806, "y:9": 59.57922092408702}}