{"0": {"y:0": 73.37527038605215, "y:1": 8.037243238339851, "y:2": 6.396262096536051, "y:3": 5.306838538101321, "y:4": 4.802565828003571, "y:5": 4.519896513995993, "y:6": 4.328937031331286, "y:7": 3.979563342479389, "y:8": 3.8165203755476957, "y:9": 3.7549408044005044}, "1": {"y:0": 73.91749812096478, "y:1": 7.567383755028344, "y:2": 5.386864373598151, "y:3": 4.560317954366445, "y:4": 3.9876134863886485, "y:5": 3.7414903615165236, "y:6": 3.49191690006849, "y:7": 3.247781461331358, "y:8": 3.090737660853056, "y:9": 2.976447259613552}, "2": {"y:0": 75.23530923075742, "y:1": 13.648823004966706, "y:2": 10.278107196626856, "y:3": 8.462022967610562, "y:4": 7.48655865525825, "y:5": 6.660462079904663, "y:6": 6.369007580352705, "y:7": 6.014041478927537, "y:8": 5.645904943462375, "y:9": 5.516595837039474}, "3": {"y:0": 73.08087252892051, "y:1": 9.349624727575401, "y:2": 8.1492043347568, "y:3": 7.538517971670128, "y:4": 7.160802179283614, "y:5": 6.964171718653719, "y:6": 6.745128106300267, "y:7": 6.553354444278099, "y:8": 6.429100691315891, "y:9": 6.2763261761306985}, "4": {"y:0": 76.14843457757159, "y:1": 9.791045828068814, "y:2": 10.610377953702773, "y:3": 10.734689892752264, "y:4": 10.234453706949434, "y:5": 9.773800324762362, "y:6": 9.495502440346348, "y:7": 9.020133248113684, "y:8": 8.360809089616424, "y:9": 8.178468130830886}, "5": {"y:0": 73.90741227182012, "y:1": 10.232301442867973, "y:2": 10.957934255858083, "y:3": 11.964574983367982, "y:4": 12.504140152305425, "y:5": 12.263430393010877, "y:6": 11.931628128473571, "y:7": 11.29163757627186, "y:8": 10.75530125695611, "y:9": 9.89535368508571}, "6": {"y:0": 74.51112266264215, "y:1": 15.306121744321228, "y:2": 13.446679797883368, "y:3": 14.666495519507027, "y:4": 15.268666804655917, "y:5": 14.719387102586179, "y:6": 13.791694321542197, "y:7": 12.925165688968553, "y:8": 11.73239894890516, "y:9": 11.00121281864293}, "7": {"y:0": 78.89326038810874, "y:1": 21.441843285933242, "y:2": 18.420424100867628, "y:3": 19.540934199542644, "y:4": 21.182147920214383, "y:5": 20.866191105177, "y:6": 20.36793210228337, "y:7": 18.64877716923924, "y:8": 16.809229234586155, "y:9": 14.927617472444904}, "8": {"y:0": 75.16300814780585, "y:1": 28.713615951256084, "y:2": 24.443162592021853, "y:3": 28.09337865529995, "y:4": 32.526247705633935, "y:5": 32.90770151361592, "y:6": 30.718856195705094, "y:7": 26.601479904865773, "y:8": 23.688453833164385, "y:9": 20.837652067738905}, "9": {"y:0": 77.37717154107222, "y:1": 36.52911799540321, "y:2": 32.35411162457578, "y:3": 33.46338227167182, "y:4": 39.86507608419312, "y:5": 43.60218391524103, "y:6": 39.88244108998658, "y:7": 36.354425104767564, "y:8": 31.901938691032786, "y:9": 28.879612384365327}, "10": {"y:0": 78.61351207214896, "y:1": 42.640523358609336, "y:2": 38.91865122994211, "y:3": 41.972693757031514, "y:4": 48.7078235002445, "y:5": 50.36139602649193, "y:6": 50.30431674543013, "y:7": 44.59600360131534, "y:8": 39.7687904488173, "y:9": 37.773047050246745}, "11": {"y:0": 74.17869601883542, "y:1": 48.14496726056795, "y:2": 44.27440700724573, "y:3": 47.437434858395996, "y:4": 53.575245718045686, "y:5": 55.90980524711522, "y:6": 54.033885960500086, "y:7": 51.80728558144832, "y:8": 46.2189346138124, "y:9": 44.40673471872786}, "12": {"y:0": 76.78165491194439, "y:1": 53.03131831831132, "y:2": 48.96998074390802, "y:3": 53.1686060666292, "y:4": 58.707655686539155, "y:5": 61.38636773098904, "y:6": 60.21019420332401, "y:7": 57.10709202887001, "y:8": 53.58857845607167, "y:9": 51.75057782161593}, "13": {"y:0": 75.81735222918988, "y:1": 58.08393864145644, "y:2": 54.532057871845744, "y:3": 57.10958338177999, "y:4": 60.55972822335999, "y:5": 63.793793433481504, "y:6": 62.83352643532395, "y:7": 60.50397084483959, "y:8": 56.47403792344253, "y:9": 54.106540472608245}, "14": {"y:0": 76.17830072649683, "y:1": 60.749987168532925, "y:2": 55.61029000759919, "y:3": 59.3972503617654, "y:4": 61.68052048056346, "y:5": 64.70536593632953, "y:6": 64.50211040425516, "y:7": 60.33824854619735, "y:8": 57.63233880711044, "y:9": 54.55998936581558}, "15": {"s_p0": 1.268179176840223, "s_p1": 1.3372063885143286}, "16": {"s_p0": 1.380745346148873, "s_p1": 1.4106115741695828}, "17": {"s_p0": 1.6014749575182026, "s_p1": 1.4824887274060554}, "18": {"s_p0": 1.4624782203676245, "s_p1": 1.6898769473807602}, "19": {"s_p0": 1.4068581842506112, "s_p1": 1.6878840064119338}, "20": {"s_p0": 1.331094268882226, "s_p1": 1.8509613068552495}, "21": {"s_p0": 1.350600247347362, "s_p1": 1.8434022617570363}}