{"0": {"s1": 0.014945921946616444, "s2": 1.483625334014506}, "1": {"s1": 0.015097654307778206, "s2": 1.5348935097649543}, "2": {"s1": 0.020657754166815315, "s2": 1.4657275019833949}, "3": {"s1": 0.028020940563323625, "s2": 1.517077662115476}, "4": {"s1": 0.044177183898220056, "s2": 1.4461813433073334}}