{"0": {"s1": 0.014808238091020637, "s2": 1.4151583277434823}, "1": {"s1": 0.015298244809814633, "s2": 1.4088716734691324}, "2": {"s1": 0.03351034548264113, "s2": 1.4275194020848987}, "3": {"s1": 0.06621201346582391, "s2": 1.4181422511274189}, "4": {"s1": 0.13118121369981856, "s2": 1.480303616258639}, "5": {"s1": 0.2623524036157445, "s2": 1.4744292943695831}, "6": {"s1": 0.5541797858351472, "s2": 1.496748723386518}, "7": {"s1": 1.1622634296285272, "s2": 1.6320084360190295}}