{"2": {"s1": 0.9999615930684821, "s2": 3.840693151791391e-05}}