{"0": {"y:0": 0.1982691503468582, "y:1": 0.20474987451795085, "y:2": 0.2033747629227109, "y:3": 0.19860633687985838, "y:4": 0.19864640194318012, "y:5": 0.20385823175607595, "y:6": 0.203437731832998, "y:7": 0.19528941095543453, "y:8": 0.20268570624377708, "y:9": 0.20264429138297146, "y:10": 5.810012950465583}, "1": {"y:0": 0.19931684101040728, "y:1": 0.19745034404733422, "y:2": 0.19651249378060345, "y:3": 0.20094695403950816, "y:4": 0.19769052711463073, "y:5": 0.20245287985021168, "y:6": 0.2005247872054133, "y:7": 0.20427691021925107, "y:8": 0.20236914277350768, "y:9": 0.193794987064983, "y:10": 5.6776089998125965}, "2": {"y:0": 0.37236169406429, "y:1": 0.35562782904222623, "y:2": 0.34332943819107814, "y:3": 0.36081717103760474, "y:4": 0.35657198531907236, "y:5": 0.3778804076341802, "y:6": 0.3526290250333071, "y:7": 0.37045261317158307, "y:8": 0.3606989433056228, "y:9": 0.3747111043599492, "y:10": 5.650300623567758}, "3": {"y:0": 0.5002748159793567, "y:1": 0.48428925781335364, "y:2": 0.4365590670431825, "y:3": 0.4498982925217794, "y:4": 0.4996820010500085, "y:5": 0.49959700170498483, "y:6": 0.4525572399468702, "y:7": 0.4959264029726364, "y:8": 0.46712037095440645, "y:9": 0.5052337399651382, "y:10": 5.892173378237072}, "4": {"y:0": 0.5856422253572399, "y:1": 0.5471940108564406, "y:2": 0.46787167707682437, "y:3": 0.519906045537873, "y:4": 0.5856955000424744, "y:5": 0.5855456834963637, "y:6": 0.5175168697399921, "y:7": 0.6119929619859653, "y:8": 0.518524278254607, "y:9": 0.5858480302482592, "y:10": 5.807020559666572}, "5": {"y:0": 0.6293614407595375, "y:1": 0.5644303906527502, "y:2": 0.49470546425048173, "y:3": 0.5479163304638034, "y:4": 0.6218994015404342, "y:5": 0.6215041058418161, "y:6": 0.5319772391801134, "y:7": 0.6493967494194866, "y:8": 0.544782258747625, "y:9": 0.6314953528781908, "y:10": 5.787997762781823}, "6": {"y:0": 0.6122999789243723, "y:1": 0.5619492588434553, "y:2": 0.48108065645792614, "y:3": 0.5560861177506016, "y:4": 0.6040940584180593, "y:5": 0.6335829241134998, "y:6": 0.5354535500113357, "y:7": 0.6532766057239062, "y:8": 0.5480072947422643, "y:9": 0.6142837213981958, "y:10": 5.81024585990299}, "7": {"y:0": 0.6211672110204125, "y:1": 0.5828647462205838, "y:2": 0.4992019177420577, "y:3": 0.5422621247768423, "y:4": 0.6237917231426557, "y:5": 0.6258888924801096, "y:6": 0.5249744491330818, "y:7": 0.6595478506255386, "y:8": 0.5709878054619545, "y:9": 0.6261046964508205, "y:10": 5.773117356457398}, "8": {"y:0": 0.644710540252923, "y:1": 0.5858969918954665, "y:2": 0.4934747848627732, "y:3": 0.565290888573655, "y:4": 0.6389236044362341, "y:5": 0.6486492417398284, "y:6": 0.5444573220781143, "y:7": 0.681100787940003, "y:8": 0.5655427699817456, "y:9": 0.6437920629375634, "y:10": 5.785267214153608}, "9": {"y:0": 0.6489130305901922, "y:1": 0.5874567072544078, "y:2": 0.4974044930376702, "y:3": 0.5736321364032066, "y:4": 0.643515222614636, "y:5": 0.6642740448274638, "y:6": 0.5547442146399958, "y:7": 0.6827307492297604, "y:8": 0.5698618875055105, "y:9": 0.6508897414321495, "y:10": 5.748486008380658}}