{"0": {"y:0": 0.4041907715391142, "y:1": 0.39096052245155793, "y:2": 0.40008473871653083, "y:3": 0.3952215651452711, "y:4": 0.3999027892986472, "y:5": 0.4001132411505219, "y:6": 0.3898144767620827, "y:7": 0.4044768715415904, "y:8": 0.4036084605487833, "y:9": 0.3884456497842483, "y:10": 15.386374588502033}}