{"0": {"y:0": 0.12060814605845561, "y:1": 0.027204566970361388, "y:2": 0.1400371179765119, "y:3": 0.01991098705202407, "y:4": 0.1256369895396275, "y:5": 0.015247101674311273, "y:6": 0.12235747560601773, "y:7": 0.01589201408583646, "y:8": 0.12475890096102375, "y:9": 0.01689947670334417, "y:10": 0.14013970344813473, "y:11": 0.017640308214652223, "y:12": 0.1266387911640479, "y:13": 0.02192768917898613, "y:14": 0.13860616873476, "y:15": 0.025326489634001526, "y:16": 0.12925119426293624, "y:17": 0.028383061423132096, "y:18": 0.12536709863916684, "y:19": 0.028802664545970323, "y:20": 0.12086943881942305, "y:21": 0.030577379657832277, "y:22": 0.11624577819010723, "y:23": 0.033531627547823455, "y:24": 0.11687543538879681, "y:25": 0.03674153074379574, "y:26": 0.12734633322394634, "y:27": 0.039439610915820995, "y:28": 0.13749763276351437, "y:29": 0.04114451464374871, "y:30": 0.13878586506416726, "y:31": 0.04071653511042208}}