{"0": {"y:0": 0.005397711778954288, "y:1": 0.01021177364586531, "y:2": 0.004716258278922965, "y:3": 0.0037496521160260555, "y:4": 0.01460312453439552, "y:5": 0.003579630372017802, "y:6": 0.06738740756773785, "y:7": 0.007479438672453012, "y:8": 0.013232007205014228, "y:9": 0.007927499433418618, "y:10": 0.003539502337335739, "y:11": 0.006941765039849639, "y:12": 0.0065334519534963114, "y:13": 0.0025232327141385797, "y:14": 0.010948149996295373, "y:15": 0.004210299554065812, "y:16": 0.012386454736634316, "y:17": 0.005996607915454503, "y:18": 0.006458440188075017, "y:19": 0.007558604864080772, "y:20": 0.005522408043865299, "y:21": 0.0038308620418439137, "y:22": 0.013276204035611472, "y:23": 0.004043861395621348, "y:24": 0.01623813195496876, "y:25": 0.008142550833092524, "y:26": 0.0664920796154971, "y:27": 0.021666371068471094, "y:28": 0.06747804934775514, "y:29": 0.024355537980654894, "y:30": 0.017660281922359862, "y:31": 0.0030040674703976093}, "1": {"y:0": 0.00542721953371441, "y:1": 0.009608684001030803, "y:2": 0.004691652122933889, "y:3": 0.003246679600358522, "y:4": 0.015094446995815494, "y:5": 0.0033623415677170427, "y:6": 0.06489859844072861, "y:7": 0.01218022657963656, "y:8": 0.012855749447455536, "y:9": 0.00953490392174514, "y:10": 0.00354439677160718, "y:11": 0.007521254797722414, "y:12": 0.006524651936204896, "y:13": 0.0025354567386735773, "y:14": 0.010883987235901952, "y:15": 0.00431680809301555, "y:16": 0.012124788532017969, "y:17": 0.006438226013532486, "y:18": 0.0064449870114784025, "y:19": 0.007768720657482209, "y:20": 0.005545417262840865, "y:21": 0.0038919060774037424, "y:22": 0.013262513852859436, "y:23": 0.004114339853835926, "y:24": 0.016903992631145243, "y:25": 0.008241568600278967, "y:26": 0.06213425593654017, "y:27": 0.03318527919045209, "y:28": 0.06749054973249587, "y:29": 0.0329429127955863, "y:30": 0.01750658574219163, "y:31": 0.003032463314135043}, "2": {"y:0": 0.005422582240978352, "y:1": 0.009751971097150975, "y:2": 0.004695106304929112, "y:3": 0.0033023107602334935, "y:4": 0.015148660295749272, "y:5": 0.0034478340268706857, "y:6": 0.06843530215252114, "y:7": 0.015449035644493136, "y:8": 0.01301029333944755, "y:9": 0.01101475153734255, "y:10": 0.0035530057103378026, "y:11": 0.007853091725692086, "y:12": 0.006501056888504377, "y:13": 0.002564241580483003, "y:14": 0.010685799990722706, "y:15": 0.004378611683604089, "y:16": 0.01222861166743181, "y:17": 0.00653468912553715, "y:18": 0.006463127055143725, "y:19": 0.008212317704702354, "y:20": 0.005584010819271964, "y:21": 0.00398631112766833, "y:22": 0.01317048511575948, "y:23": 0.004169145909237306, "y:24": 0.01642082234569497, "y:25": 0.008541177519887859, "y:26": 0.07669914371195062, "y:27": 0.03808301072425495, "y:28": 0.072223732905307, "y:29": 0.04219869003014255, "y:30": 0.017527340261713195, "y:31": 0.0030558752917180555}, "3": {"y:0": 0.005386032795652117, "y:1": 0.011608557243093153, "y:2": 0.004695665416575909, "y:3": 0.0035667278173427625, "y:4": 0.015000327066700136, "y:5": 0.0035742101849146994, "y:6": 0.07246835520915382, "y:7": 0.013050098441889575, "y:8": 0.012958224501708259, "y:9": 0.011737332088161119, "y:10": 0.00355946448693483, "y:11": 0.007943774570077156, "y:12": 0.006547531430184896, "y:13": 0.002584307147967737, "y:14": 0.010805304914926666, "y:15": 0.004450059776827277, "y:16": 0.01225302077734577, "y:17": 0.006585348469901844, "y:18": 0.006462210446196536, "y:19": 0.008295364752575543, "y:20": 0.005575444378781269, "y:21": 0.004012377630550669, "y:22": 0.01312025184455319, "y:23": 0.004187313846472221, "y:24": 0.016611471314262362, "y:25": 0.008720980046757988, "y:26": 0.0701119822761079, "y:27": 0.04198930903949948, "y:28": 0.07175661644990879, "y:29": 0.046635983750692965, "y:30": 0.017572958694439977, "y:31": 0.0030599304571653566}, "4": {"y:0": 0.005403342742914073, "y:1": 0.014688528637282549, "y:2": 0.0046978708045211, "y:3": 0.004019802661736241, "y:4": 0.015254847601634914, "y:5": 0.003972401872760742, "y:6": 0.07023548341193787, "y:7": 0.01211572336039234, "y:8": 0.013028534196002466, "y:9": 0.015092591607129401, "y:10": 0.0035407236778409383, "y:11": 0.00883931424664557, "y:12": 0.0065364795403380655, "y:13": 0.002627237677209338, "y:14": 0.01084692004421965, "y:15": 0.004518683251896341, "y:16": 0.012325248373162356, "y:17": 0.006761650735980374, "y:18": 0.006517869027456498, "y:19": 0.008538615551258805, "y:20": 0.005607615017937762, "y:21": 0.00404106827843293, "y:22": 0.013350646655095593, "y:23": 0.0042251835080761024, "y:24": 0.016746999350061974, "y:25": 0.008689102290651887, "y:26": 0.0735275145103515, "y:27": 0.04830474622499885, "y:28": 0.07177940496255851, "y:29": 0.05165998888037781, "y:30": 0.017769095426011572, "y:31": 0.0030687837935747387}, "5": {"y:0": 0.00539061561626711, "y:1": 0.014799979311353871, "y:2": 0.004672509272609941, "y:3": 0.004416905115504041, "y:4": 0.015227857808712265, "y:5": 0.004449986190999586, "y:6": 0.07481977093987795, "y:7": 0.011245157206310938, "y:8": 0.01302712655990817, "y:9": 0.022229469250493107, "y:10": 0.0035510218585952736, "y:11": 0.010543543984581275, "y:12": 0.006522589072381229, "y:13": 0.002746622277057524, "y:14": 0.01086440551534362, "y:15": 0.004820406344157427, "y:16": 0.01227651777015121, "y:17": 0.007226795855525969, "y:18": 0.006482278613240214, "y:19": 0.009031310188453058, "y:20": 0.005566470012730634, "y:21": 0.004136677475983653, "y:22": 0.013343950007549723, "y:23": 0.004318693456311206, "y:24": 0.016808197560921286, "y:25": 0.009135994580936554, "y:26": 0.07135254720278933, "y:27": 0.04555569386696606, "y:28": 0.07401958871989642, "y:29": 0.048012524572647666, "y:30": 0.017877830456224406, "y:31": 0.0030829893731205656}, "6": {"y:0": 0.0054222471296227915, "y:1": 0.015083797298459165, "y:2": 0.0046966759733274, "y:3": 0.004557284814437601, "y:4": 0.014997217475250398, "y:5": 0.004641390675615584, "y:6": 0.07314933065651344, "y:7": 0.011286501612208701, "y:8": 0.013014438488452486, "y:9": 0.029155153500944896, "y:10": 0.0035458079365919696, "y:11": 0.011740699048957779, "y:12": 0.006521922656168546, "y:13": 0.0028088157206458512, "y:14": 0.01084405978514075, "y:15": 0.005022507992974598, "y:16": 0.012428856492437704, "y:17": 0.007652768178105393, "y:18": 0.006499277853368338, "y:19": 0.009569708534959436, "y:20": 0.005597058545546576, "y:21": 0.004221168985061157, "y:22": 0.013258235839598575, "y:23": 0.004373695890512806, "y:24": 0.01688564099788345, "y:25": 0.009403718159760223, "y:26": 0.07079287059632416, "y:27": 0.04238753911211033, "y:28": 0.07545238664832496, "y:29": 0.04677039501489252, "y:30": 0.018000250822025745, "y:31": 0.003106888798068287}, "7": {"y:0": 0.005408197426615644, "y:1": 0.014646372641509335, "y:2": 0.004683651026762616, "y:3": 0.004713359788509129, "y:4": 0.014943643500770092, "y:5": 0.004844425255104429, "y:6": 0.07337834903091214, "y:7": 0.010818558221846611, "y:8": 0.01294611236038044, "y:9": 0.03830047321318932, "y:10": 0.003539171345808562, "y:11": 0.013399297844278955, "y:12": 0.0065060858974411995, "y:13": 0.0028908432715555824, "y:14": 0.010814091478789962, "y:15": 0.005233403140529998, "y:16": 0.01234605913819397, "y:17": 0.008130135665725367, "y:18": 0.006466671589857063, "y:19": 0.010301454255000227, "y:20": 0.00556881116975837, "y:21": 0.004344593243337067, "y:22": 0.013337394466060434, "y:23": 0.0045052666408652835, "y:24": 0.016792025931731597, "y:25": 0.009842342214833816, "y:26": 0.07225288765345217, "y:27": 0.03771613184773189, "y:28": 0.07417982538086126, "y:29": 0.042708491135213675, "y:30": 0.017771393516037615, "y:31": 0.0031409016135005726}, "8": {"y:0": 0.005424410143124867, "y:1": 0.014606879099932735, "y:2": 0.00469192225291085, "y:3": 0.0047606797034580135, "y:4": 0.015001860267920277, "y:5": 0.004931496953374601, "y:6": 0.07383414150446502, "y:7": 0.010545140422607346, "y:8": 0.012998841825618744, "y:9": 0.04232646458204884, "y:10": 0.003540706054386564, "y:11": 0.013973190882418218, "y:12": 0.006525930290492192,