{"0": {"y:0": 0.10636995476253551, "y:1": 0.031675315309979565, "y:2": 0.1460509555148795, "y:3": 0.021637292375607017, "y:4": 0.13748444551955488, "y:5": 0.018621658357938192, "y:6": 0.15914056830987475, "y:7": 0.01523404035230035, "y:8": 0.16916528012221257, "y:9": 0.015402283691714005, "y:10": 0.14740383175660815, "y:11": 0.016125494028888316, "y:12": 0.16398126755397405, "y:13": 0.01730772703498906, "y:14": 0.13311453158952874, "y:15": 0.01997946122775605, "y:16": 0.13342396777195506, "y:17": 0.022015668378407124, "y:18": 0.14481377028034162, "y:19": 0.021668466610543675, "y:20": 0.12890700639108132, "y:21": 0.02493217272404463, "y:22": 0.14727551138538666, "y:23": 0.024456509182208614, "y:24": 0.11962253469772896, "y:25": 0.02894564180994728, "y:26": 0.142333914093432, "y:27": 0.03044454239106591, "y:28": 0.1260333444822416, "y:29": 0.03307078759582898}, "1": {"y:0": 0.11331036812846727, "y:1": 0.028271766038792518, "y:2": 0.11947851033318845, "y:3": 0.01926577302635975, "y:4": 0.13676486516630063, "y:5": 0.015695204146404688, "y:6": 0.12725320864186263, "y:7": 0.015555706873060956, "y:8": 0.13364397906683756, "y:9": 0.017996178628818853, "y:10": 0.12881763628531548, "y:11": 0.02048015254905932, "y:12": 0.1359908605353909, "y:13": 0.022762511858939984, "y:14": 0.1346278804968564, "y:15": 0.02436427055822726, "y:16": 0.12706379929632036, "y:17": 0.027634451342187793, "y:18": 0.12918022423648487, "y:19": 0.028654958393671437, "y:20": 0.11562868461135015, "y:21": 0.035289510074729635, "y:22": 0.12382253098135025, "y:23": 0.03685174213049174, "y:24": 0.11735087628883391, "y:25": 0.034864556482547486, "y:26": 0.1216082884770016, "y:27": 0.037459265011264405, "y:28": 0.11289298598629852, "y:29": 0.04197693756431328}, "2": {"y:0": 0.11304633997516657, "y:1": 0.06964166414852883, "y:2": 0.12528242092379535, "y:3": 0.07648373060959493, "y:4": 0.12424296448065084, "y:5": 0.049587584425191844, "y:6": 0.1333149097719981, "y:7": 0.044853230443526286, "y:8": 0.1278237433500104, "y:9": 0.04259706030226735, "y:10": 0.13299076521114805, "y:11": 0.03686397339416491, "y:12": 0.13525355479433035, "y:13": 0.033757808730706065, "y:14": 0.1331375563534475, "y:15": 0.03172167619603244, "y:16": 0.12695558382460817, "y:17": 0.028291515891413124, "y:18": 0.12300538169908166, "y:19": 0.02652112791379743, "y:20": 0.1225796144793038, "y:21": 0.027660045585635375, "y:22": 0.12522616190086217, "y:23": 0.02541484614322736, "y:24": 0.13014661571168393, "y:25": 0.024346692230778438, "y:26": 0.12820963357022092, "y:27": 0.02232644245582994, "y:28": 0.11832596376226154, "y:29": 0.021962788436722683}, "3": {"y:0": 0.09809937946132079, "y:1": 0.056005040069810316, "y:2": 0.1085064292279698, "y:3": 0.04639203626784844, "y:4": 0.11263257439087927, "y:5": 0.04257476901054913, "y:6": 0.11461710882617308, "y:7": 0.03742935325497322, "y:8": 0.11456811109479804, "y:9": 0.032757422321591505, "y:10": 0.11998653322690275, "y:11": 0.029549878328928296, "y:12": 0.11668534319391688, "y:13": 0.027810616615359288, "y:14": 0.10850267528407646, "y:15": 0.02510915680504457, "y:16": 0.11266931314097692, "y:17": 0.023503917363056678, "y:18": 0.10814038039796962, "y:19": 0.022299593295807482, "y:20": 0.11485402375212353, "y:21": 0.021569664054254388, "y:22": 0.11562256612861481, "y:23": 0.021428810745202278, "y:24": 0.11479530767859038, "y:25": 0.019427328870595617, "y:26": 0.10890196866743002, "y:27": 0.01881691467581378, "y:28": 0.1087350042468145, "y:29": 0.018120755692179406}, "4": {"y:0": 0.06654207830779593, "y:1": 0.03222616890236778, "y:2": 0.0838143260704728, "y:3": 0.025858604926867153, "y:4": 0.08796024891593016, "y:5": 0.02092797831426877, "y:6": 0.09500480968161161, "y:7": 0.019563171346141498, "y:8": 0.08784994787018774, "y:9": 0.017821133399710407, "y:10": 0.09064239532517084, "y:11": 0.017140712401429826, "y:12": 0.08796543744936855, "y:13": 0.016726986742368936, "y:14": 0.08419438432472558, "y:15": 0.01579265060886866, "y:16": 0.08957667636961215, "y:17": 0.01594644425860314, "y:18": 0.0845830848319125, "y:19": 0.015462553250389055, "y:20": 0.08575710769146971, "y:21": 0.015947089443229513, "y:22": 0.08602565070067884, "y:23": 0.016556917898926368, "y:24": 0.08712013093846928, "y:25": 0.016703574457074873, "y:26": 0.09084395066719338, "y:27": 0.017743312352412995, "y:28": 0.08664349317056987, "y:29": 0.017854892812852283}, "5": {"y:0": 0.06960783676578927, "y:1": 0.030934023135838193, "y:2": 0.06266511692911497, "y:3": 0.05020980920981725, "y:4": 0.05294641136363494, "y:5": 0.06156528697911516, "y:6": 0.04444077210496058, "y:7": 0.06782726795715403, "y:8": 0.038443728790286555, "y:9": 0.0666206000074651, "y:10": 0.040637909389289316, "y:11": 0.07613757150837812, "y:12": 0.0364455960369806, "y:13": 0.07963029374747499, "y:14": 0.03228042455857928, "y:15": 0.08428783161227908, "y:16": 0.02945213001037789, "y:17": 0.07723694350991027, "y:18": 0.02708136160168309, "y:19": 0.08243295643875787, "y:20": 0.027353754309594535, "y:21": 0.07800189933098696, "y:22": 0.025649452036027108, "y:23": 0.0893712518377656, "y:24": 0.024021902805599862, "y:25": 0.08056445157676174, "y:26": 0.02237716206617845, "y:27": 0.08776974345083817, "y:28": 0.021205192358139915, "y:29": 0.08331799968908823}, "6": {"y:0": 0.07658012616355825, "y:1": 0.04163679625644836, "y:2": 0.06633992530036607, "y:3": 0.054218456603811555, "y:4": 0.05822395165927995, "y:5": 0.06445322859078922, "y:6": 0.0549272391763858, "y:7": 0.07699620280654011, "y:8": 0.04687921011695703, "y:9": 0.0818647218259819, "y:10": 0.03837826034740445, "y:11": 0.07683181233729289, "y:12": 0.034751032550340136, "y:13": 0.08176484533398276, "y:14": 0.03248584060027571, "y:15": 0.08505787274005222, "y:16": 0.02997670878153064, "y:17": 0.07886160603360143, "y:18": 0.027366393246687604, "y:19": 0.0807044812206602, "y:20": 0.023850589729225994, "y:21": 0.09205030230461621, "y:22": 0.021712035080742684, "y:23": 0.08334309131736634, "y:24": 0.020499104054541365, "y:25": 0.09114703362756331, "y:26": 0.020755838277592874, "y:27": 0.09321101604157798, "y:28": 0.01717905426159682, "y:29": 0.09625038022503495}, "7": {"y:0": 0.06047358322411607, "y:1": 0.02523681208726889, "y:2": 0.05633008707756978, "y:3": 0.01781729450289791, "y:4": 0.059849789314260646, "y:5": 0.017572214750737374, "y:6": 0.06003143215620479, "y:7": 0.01864704873953664, "y:8": 0.0593534505142149, "y:9": 0.024681338143901985, "y:10": 0.05528779937654713, "y:11": 0.02654535558510716, "y:12": 0.055788396756505106, "y:13": 0.026226107276052072, "y:14": 0.05833840439654909, "y:15": 0.03303567831379827, "y:16": 0.05446445421152385, "y:17": 0.03879175169016519, "y:18": 0.05768009440377526, "y:19": 0.04174723924964559, "y:20": 0.049282806521576135, "y:21": 0.04622904412212256, "y:22": 0.05194869055596096, "y:23": 0.04799566906277829, "y:24": 0.05044192793303716, "y:25": 0.043299448325646264, "y:26": 0.048357118847381475, "y:27": 0.051441946672207854, "y:28": 0.05094933548204351, "y:29": 0.05954169044564211}, "8": {"y:0": 0.04353991850528436, "y:1": 0.021414134780090785, "y:2": 0.05452462987449258, "y:3": 0.014251203702741098, "y:4": 0.0668328589449235, "y:5": 0.013185380019631536, "y:6": 0.07657497718008714, "y:7": 0.014359262936254117, "y:8": 0.08048072079099779, "y:9": 0.014778856894452543, "y:10": 0.0883845450337825, "y:11": 0.015127976276120827, "y:12": 0.07908942144870117, "y:13": 0.01521783543431646, "y:14": 0.07971283760619294, "y:15": 0.015072402451177285, "y:16": 0.08433056716398427, "y:17": 0.016423642137324886, "y:18": 0.09152956129823037, "y:19": 0.01772312199137922, "y:20": 0.0915741161802918, "y:21": 0.017215641987881856, "y:22": 0.0904454227815547, "y:23": 0.018170587515116392, "y:24": 0.09570707810524937, "y:25": 0.019127178946886828, "y:26": 0.10293296308427503, "y:27": 0.01959547369259826, "y:28": 0.1007272503359384, "y:29": 0.02174084672295226}, "9": {"y:0": 0.046675529311251095, "y:1": 0.035052230851712635, "y:2": 0.0431803986302017, "y:3": 0.020646736501480994,