{"0": {"y:0": 0.005644931012492348, "y:1": 0.08810292908198414, "y:2": 0.1950521399673391, "y:3": 0.12992764090363798, "y:4": 0.12017335947212514, "y:5": 0.017907878780928654, "y:6": 0.0008155301790770489}, "1": {"y:0": 0.006733746912720745, "y:1": 0.0971497265099298, "y:2": 0.19708354490538352, "y:3": 0.1332824182677261, "y:4": 0.12237283297636244, "y:5": 0.019917842584614265, "y:6": 0.0010746143155547128}, "2": {"y:0": 0.04037343757905995, "y:1": 0.19405049328314244, "y:2": 0.24016048124560316, "y:3": 0.15076684345723684, "y:4": 0.16276297298711667, "y:5": 0.0453908040925174, "y:6": 0.005464972644686951}, "3": {"y:0": 0.07511505600219531, "y:1": 0.27870864461899914, "y:2": 0.3612757001338225, "y:3": 0.23360885969015202, "y:4": 0.2688668173585757, "y:5": 0.06562323899240945, "y:6": 0.010587348677490767}, "4": {"y:0": 0.163402404375401, "y:1": 0.3630840184122143, "y:2": 0.3979472340166241, "y:3": 0.2641103765040531, "y:4": 0.3258330735961751, "y:5": 0.11368059128954944, "y:6": 0.025337803640317135}, "5": {"y:0": 0.2511856081507611, "y:1": 0.45998778087312153, "y:2": 0.4990571473141018, "y:3": 0.30384853367934295, "y:4": 0.4401594806836626, "y:5": 0.18978970436955422, "y:6": 0.04327677494022266}, "6": {"y:0": 0.37431795818428576, "y:1": 0.5788390091890231, "y:2": 0.6184906060654652, "y:3": 0.3086255041610767, "y:4": 0.6065717590233386, "y:5": 0.28460736606315806, "y:6": 0.07653957516423902}, "7": {"y:0": 0.5839840875966477, "y:1": 0.7825906020827855, "y:2": 0.8071224487162731, "y:3": 0.3225474850927242, "y:4": 0.8456439488478024, "y:5": 0.42112916244161885, "y:6": 0.13314584127607362}, "8": {"y:0": 0.8283253915509587, "y:1": 1.0938517906511587, "y:2": 1.1166657634965762, "y:3": 0.3249388812945383, "y:4": 1.1658724284725877, "y:5": 0.6027293072579304, "y:6": 0.1955930057513129}, "9": {"y:0": 1.2210244300068227, "y:1": 1.5675930438869303, "y:2": 1.626443164480361, "y:3": 0.32751026538871814, "y:4": 1.520591138082428, "y:5": 0.7844045716876614, "y:6": 0.2832291130308772}, "10": {"y:0": 1.545477468522316, "y:1": 2.1025363100114527, "y:2": 2.3094862992047345, "y:3": 0.33156377045160756, "y:4": 1.847122338119695, "y:5": 0.9981028168883437, "y:6": 0.3732402583186323}, "11": {"y:0": 2.0477299237857727, "y:1": 2.58049144084479, "y:2": 2.91317911105268, "y:3": 0.3339937424254413, "y:4": 2.218131900359579, "y:5": 1.1766820504219073, "y:6": 0.4803198079129874}, "12": {"y:0": 2.673863358635723, "y:1": 3.4498574911611026, "y:2": 3.8913030727703317, "y:3": 0.3384423402426557, "y:4": 2.8218368948321344, "y:5": 1.5843835426728297, "y:6": 0.6247678353542495}, "13": {"y:0": 3.540490897082123, "y:1": 4.888903933966397, "y:2": 4.853065942586888, "y:3": 0.34463447361169586, "y:4": 3.4714747106066266, "y:5": 2.0207755432920544, "y:6": 0.8092403839292157}, "14": {"y:0": 3.7348961412566575, "y:1": 5.9588606439976175, "y:2": 5.5860104115806175, "y:3": 0.3465353243934661, "y:4": 4.1402535387963715, "y:5": 2.5661490040456134, "y:6": 0.9701025375396315}, "15": {"y:0": 4.202953740107679, "y:1": 7.179244937490533, "y:2": 6.03435884325582, "y:3": 0.34679522918441413, "y:4": 4.8805983007418625, "y:5": 3.504449246946596, "y:6": 1.2461725884068695}, "16": {"y:0": 3.9246055069196975, "y:1": 7.244634831176221, "y:2": 6.124029900256179, "y:3": 0.342849644784268, "y:4": 5.950734541366378, "y:5": 4.233378831036382, "y:6": 1.562196946006817}, "17": {"y:0": 3.9187727837904696, "y:1": 8.003398967739132, "y:2": 6.681263558041803, "y:3": 0.34040492305122977, "y:4": 6.949537415514895, "y:5": 4.6776792601542665, "y:6": 1.8362877782568616}, "18": {"y:0": 3.5336513585606695, "y:1": 7.1232637622989605, "y:2": 7.322015087883602, "y:3": 0.33353787375508487, "y:4": 8.10972147261788, "y:5": 5.181258514018296, "y:6": 2.053650030751423}, "19": {"y:0": 3.05134388403945, "y:1": 6.470040431783636, "y:2": 8.520303075498344, "y:3": 0.33035874921446085, "y:4": 9.77863709320692, "y:5": 4.88947792803061, "y:6": 2.064650700134525}, "20": {"y:0": 3.0261847206385863, "y:1": 6.9370823462888, "y:2": 10.213246088677415, "y:3": 0.32916928103192816, "y:4": 10.868766157982636, "y:5": 5.926701215589805, "y:6": 2.3419798566508283}, "21": {"y:0": 5.008062135676001, "y:1": 12.48786646432778, "y:2": 13.691028891054303, "y:3": 0.3298173461076061, "y:4": 14.075835375112794, "y:5": 8.734036297238168, "y:6": 3.085436756239248}, "22": {"y:0": 5.3443311922946295, "y:1": 14.698730017805644, "y:2": 17.240423752049875, "y:3": 0.3299369297883856, "y:4": 15.178875886931028, "y:5": 10.258725618058305, "y:6": 3.611336870233893}, "23": {"y:0": 7.174479744721821, "y:1": 18.94681779397776, "y:2": 18.930746094312706, "y:3": 0.329590260688901, "y:4": 16.912564241698774, "y:5": 11.05218169528985, "y:6": 3.760911191990441}, "24": {"y:0": 8.391710269129506, "y:1": 22.89326115677308, "y:2": 22.94927765597367, "y:3": 0.3296995016051868, "y:4": 18.09590606348724, "y:5": 12.293097764250442, "y:6": 4.383756012883588}, "25": {"y:0": 10.663171647231216, "y:1": 30.304132941872165, "y:2": 26.764431496491817, "y:3": 0.3298686560288822, "y:4": 18.68729722883112, "y:5": 11.760709852850164, "y:6": 4.650666740961604}, "26": {"y:0": 13.254629503205493, "y:1": 35.21039994610863, "y:2": 31.619952907784548, "y:3": 0.32982139050757825, "y:4": 19.282781675267035, "y:5": 12.350068464160968, "y:6": 5.129499211964462}, "27": {"y:0": 17.560243356623218, "y:1": 41.667960696682194, "y:2": 36.39975750260975, "y:3": 0.3298207725707685, "y:4": 20.793951928692994, "y:5": 13.282257704953942, "y:6": 5.311060867293521}, "28": {"y:0": 22.520570732984595, "y:1": 47.35447885193431, "y:2": 40.358460638153126, "y:3": 0.3299232582596621, "y:4": 21.913460168177448, "y:5": 13.524855873494019, "y:6": 5.7744978173561945}, "29": {"y:0": 28.498497156918038, "y:1": 49.979846967778904, "y:2": 40.668728225569886, "y:3": 0.3296552309611146, "y:4": 19.368163799155806, "y:5": 12.475405905408824, "y:6": 5.7919558907097715}, "30": {"y:0": 33.47957733189784, "y:1": 53.385615908505926, "y:2": 41.5555062467408, "y:3": 0.32991974719304773, "y:4": 21.19619909382025, "y:5": 13.070404018762563, "y:6": 6.001778841858572}}