{"0": {"y:0": 70.87051523655093, "y:1": 7.746733135722658, "y:2": 5.454118024373025, "y:3": 4.604216215679997, "y:4": 4.2127412054207, "y:5": 3.85630217526092, "y:6": 3.711242824658936, "y:7": 3.489073566599195, "y:8": 3.6113018928443164, "y:9": 3.3149030871077154}, "1": {"y:0": 78.88555384209677, "y:1": 6.426953915823839, "y:2": 4.869144641269317, "y:3": 4.124228375993071, "y:4": 3.708412577723489, "y:5": 3.4526139610171143, "y:6": 3.259950519468657, "y:7": 3.1512676584265384, "y:8": 3.017780170455479, "y:9": 2.923680214909341}, "2": {"y:0": 75.91274980641961, "y:1": 10.238001899209996, "y:2": 6.939402743134005, "y:3": 6.162948789647315, "y:4": 5.53474656902995, "y:5": 4.956194015058653, "y:6": 4.7371939635720395, "y:7": 4.556610085438192, "y:8": 4.400427851411648, "y:9": 4.276283780103292}, "3": {"y:0": 72.1696277557133, "y:1": 8.120894879761915, "y:2": 7.016130515266242, "y:3": 6.476922276751604, "y:4": 6.1114959132434175, "y:5": 5.910807087839197, "y:6": 5.82862826457514, "y:7": 5.513643438439762, "y:8": 5.511748846409164, "y:9": 5.34407255921899}, "4": {"y:0": 75.18823323149412, "y:1": 7.628568176281899, "y:2": 8.541242312580126, "y:3": 9.10412919506609, "y:4": 9.283061862636343, "y:5": 9.402545113363564, "y:6": 9.130637203482381, "y:7": 8.958084661623436, "y:8": 8.55419302966, "y:9": 8.4118070058669}, "5": {"y:0": 72.44786883771714, "y:1": 9.483180773432832, "y:2": 12.107203495411618, "y:3": 12.928124092271402, "y:4": 13.242344646134393, "y:5": 13.294184939394563, "y:6": 13.132429628848914, "y:7": 12.889128708895193, "y:8": 12.8239252393591, "y:9": 12.615966208445833}, "6": {"y:0": 74.26871089146705, "y:1": 15.681740965308789, "y:2": 20.79200312449868, "y:3": 22.345356393413603, "y:4": 23.372653340524323, "y:5": 23.39413479030632, "y:6": 23.893379792936102, "y:7": 23.69246501413029, "y:8": 23.868804847427334, "y:9": 24.08359001434987}, "7": {"y:0": 74.40515991770005, "y:1": 24.402366907707012, "y:2": 29.463304248503928, "y:3": 33.79726813237969, "y:4": 34.030374492894985, "y:5": 34.512048221657736, "y:6": 35.32668129285206, "y:7": 35.26529184114076, "y:8": 35.7173978743743, "y:9": 33.912253509363445}, "8": {"y:0": 72.86177120828721, "y:1": 30.956245418495932, "y:2": 39.01846701159443, "y:3": 42.099435050004935, "y:4": 43.66590155741995, "y:5": 45.184947754039506, "y:6": 44.871060840944416, "y:7": 45.81302073982873, "y:8": 46.49943008086781, "y:9": 45.147172699402844}, "9": {"y:0": 73.75795745503959, "y:1": 40.00600572875119, "y:2": 45.246299229743826, "y:3": 49.70976597778715, "y:4": 49.89529481667801, "y:5": 51.17079320220904, "y:6": 52.55424074150175, "y:7": 51.947168729805, "y:8": 52.29308309693565, "y:9": 51.27060126158118}, "10": {"y:0": 74.96269817953466, "y:1": 43.5286633284269, "y:2": 49.431022665254524, "y:3": 51.345128044183795, "y:4": 53.54245671474573, "y:5": 53.33206446911131, "y:6": 53.80174423956367, "y:7": 54.43699609547166, "y:8": 54.14575965475855, "y:9": 54.58355232936763}, "11": {"y:0": 73.98480705658521, "y:1": 49.5318721504457, "y:2": 53.007033277335324, "y:3": 54.11789353452636, "y:4": 55.29422997954318, "y:5": 55.91439383083887, "y:6": 55.94690488380736, "y:7": 56.026862148584584, "y:8": 55.448910715224415, "y:9": 55.76544139120217}, "12": {"y:0": 74.20238579151011, "y:1": 52.05057466426079, "y:2": 54.8792864485721, "y:3": 55.99741431326965, "y:4": 56.75847900211009, "y:5": 56.90214512531839, "y:6": 56.56167488089003, "y:7": 56.6592832158821, "y:8": 56.896949246917885, "y:9": 56.60116959238895}, "13": {"y:0": 75.29312356916621, "y:1": 57.348000137622975, "y:2": 60.10826051076333, "y:3": 60.37639914793823, "y:4": 60.75069814435662, "y:5": 60.32946016060118, "y:6": 59.86617943076364, "y:7": 60.25712117345163, "y:8": 60.02006873301318, "y:9": 60.80362898917455}}