{"0": {"y:0": 80.38464791719919, "y:1": 6.366208843230437, "y:2": 5.020119494779402, "y:3": 4.257563238271941, "y:4": 3.7502626605225164, "y:5": 3.525281656091206, "y:6": 3.4049936185995264, "y:7": 3.101344037466752, "y:8": 3.1101065744750103, "y:9": 3.005070912161533}}