{"0": {"y:0": 0.12305987042746964, "y:1": 0.024385110577620557, "y:2": 0.12257457733396293, "y:3": 0.017101349111328094, "y:4": 0.12807226102371325, "y:5": 0.014807504920375233, "y:6": 0.1610090015919308, "y:7": 0.014415960504506267, "y:8": 0.14498401148273385, "y:9": 0.01461060540635511, "y:10": 0.13808280763098962, "y:11": 0.016126854121705527, "y:12": 0.14771674834439574, "y:13": 0.018803323058700958, "y:14": 0.14814960295535637, "y:15": 0.020793251038455845, "y:16": 0.15673234763854213, "y:17": 0.02274570789028157, "y:18": 0.13748063841073616, "y:19": 0.02417228584679947, "y:20": 0.1429548592242356, "y:21": 0.029584571744890223, "y:22": 0.13535430053252887, "y:23": 0.029195005576714766, "y:24": 0.14797614920759394, "y:25": 0.032826058842386145, "y:26": 0.15008720031127062, "y:27": 0.033722940706913236, "y:28": 0.14770443608886052, "y:29": 0.0344567363363131, "y:30": 0.15361814400409318, "y:31": 0.04080191190650386}}