{"0": {"y:0": 0.10461675534593198, "y:1": 0.022407072274144124, "y:2": 0.11901321884565773, "y:3": 0.014978509353496438, "y:4": 0.11876036650735075, "y:5": 0.015856483788941226, "y:6": 0.12904621454120346, "y:7": 0.018376222863762552, "y:8": 0.12530642525823477, "y:9": 0.021789518402129174, "y:10": 0.11360368200957992, "y:11": 0.027600240281530672, "y:12": 0.11871951361373377, "y:13": 0.029016801742580423, "y:14": 0.11640341263795913, "y:15": 0.03207059087017479, "y:16": 0.12250525495365018, "y:17": 0.03627038734963606, "y:18": 0.1312836071028919, "y:19": 0.040597728545646646, "y:20": 0.12474588227706515, "y:21": 0.03969630548418946, "y:22": 0.11721230206694305, "y:23": 0.038615631698687924, "y:24": 0.12238487315695702, "y:25": 0.04056416834339228, "y:26": 0.12319845289212315, "y:27": 0.046411812803387464, "y:28": 0.13152732480188298, "y:29": 0.04833957269796861, "y:30": 0.12590673161298496, "y:31": 0.05541323772016409}}