{"0": {"y:0": 0.20835651341688244, "y:1": 0.2088193606590034, "y:2": 0.2089366884347797, "y:3": 0.2070639650778974, "y:4": 0.20684231632823447, "y:5": 0.20806081621453573, "y:6": 0.2083184352900667, "y:7": 0.20907665221423152, "y:8": 0.20951535376725341, "y:9": 0.2073701350658096}, "1": {"y:0": 0.20027971597022895, "y:1": 0.20248909630892853, "y:2": 0.19822323534169342, "y:3": 0.19971457542081134, "y:4": 0.19874142709640535, "y:5": 0.20012917839476763, "y:6": 0.19816126370790424, "y:7": 0.20036570046344837, "y:8": 0.19994718403487635, "y:9": 0.19886765413002327}, "2": {"y:0": 0.4241176899953572, "y:1": 0.42637054663540963, "y:2": 0.4219273485634848, "y:3": 0.42298938281419646, "y:4": 0.41865155587948033, "y:5": 0.4187383356813773, "y:6": 0.42251308676020405, "y:7": 0.423443285329654, "y:8": 0.4197415673468987, "y:9": 0.41953106981628996}, "3": {"y:0": 0.8194469099508344, "y:1": 0.8318313338121038, "y:2": 0.84817361461323, "y:3": 0.8369054831201796, "y:4": 0.8115576915626783, "y:5": 0.8297109550774663, "y:6": 0.8384441348582994, "y:7": 0.8228871052915997, "y:8": 0.8512844817848984, "y:9": 0.8302219576804082}, "4": {"y:0": 1.4101514901337975, "y:1": 1.6584330763335378, "y:2": 1.729284262172958, "y:3": 1.5474004216716206, "y:4": 1.438100334421586, "y:5": 1.6611200233863435, "y:6": 1.5916790656860922, "y:7": 1.6440500928976909, "y:8": 1.6406342110488255, "y:9": 1.5530879103423594}, "5": {"y:0": 1.7004875113006785, "y:1": 2.555018111582064, "y:2": 2.617170395010155, "y:3": 2.098451104139556, "y:4": 1.8295154260921886, "y:5": 2.3407266846031796, "y:6": 2.3755877331643833, "y:7": 2.5796310665191706, "y:8": 2.653169875278372, "y:9": 2.114645438206654}, "6": {"y:0": 1.807328382823814, "y:1": 2.9378575326935246, "y:2": 3.0747109241889774, "y:3": 2.3228543490476854, "y:4": 1.9187357253751294, "y:5": 2.5521430565540246, "y:6": 2.707998626959398, "y:7": 2.9625275581757364, "y:8": 3.045518976292535, "y:9": 2.2002673129292787}, "7": {"y:0": 1.818134165827771, "y:1": 3.1683948923728815, "y:2": 3.2734351825424604, "y:3": 2.328772022818177, "y:4": 2.0529657303248423, "y:5": 2.689080618655341, "y:6": 2.8495106642327683, "y:7": 3.2601386311713942, "y:8": 3.3179998423369508, "y:9": 2.343524544263715}, "8": {"y:0": 1.806657626932036, "y:1": 3.178504113916848, "y:2": 3.221449673177882, "y:3": 2.2926193897174625, "y:4": 2.0388797022585674, "y:5": 2.7221741203837677, "y:6": 2.937609638251295, "y:7": 3.2524581039824465, "y:8": 3.2857451863630933, "y:9": 2.330754342849227}, "9": {"y:0": 1.8012290310106074, "y:1": 3.1718930264324996, "y:2": 3.344745241087546, "y:3": 2.3279992711804165, "y:4": 2.0619082208091424, "y:5": 2.7449689604946395, "y:6": 2.9616195722877974, "y:7": 3.3385213307183705, "y:8": 3.4127145021094507, "y:9": 2.4043624173473686}, "10": {"y:0": 1.7991184429192257, "y:1": 3.2359856073865605, "y:2": 3.3225953812730844, "y:3": 2.3050386269870122, "y:4": 2.0834689293644564, "y:5": 2.7097783058342197, "y:6": 3.0014774723648268, "y:7": 3.3352557962387417, "y:8": 3.339051699289218, "y:9": 2.418356526103821}, "11": {"y:0": 1.808057044175155, "y:1": 3.254115455342228, "y:2": 3.358694265119463, "y:3": 2.326683918135921, "y:4": 2.0745206313214446, "y:5": 2.7281852974349894, "y:6": 3.0260290253259154, "y:7": 3.3901538455317803, "y:8": 3.353436936893983, "y:9": 2.4158661595759727}}