{"0": {"y:0": 0.3775832595072664, "y:1": 0.37779652848317324, "y:2": 0.3814185545537959, "y:3": 0.38065624336358633, "y:4": 0.37533152830515354, "y:5": 0.3812433596035889, "y:6": 0.3831943354787929, "y:7": 0.37433480268079267, "y:8": 0.3839853242367164, "y:9": 0.3796053378659665}, "1": {"y:0": 0.4109516747009758, "y:1": 0.4197484324121761, "y:2": 0.4135393445473946, "y:3": 0.41030577323893863, "y:4": 0.40976809050003044, "y:5": 0.4117873429482335, "y:6": 0.4086024642716926, "y:7": 0.4140570177354902, "y:8": 0.4057973774820749, "y:9": 0.40884624163192046}, "2": {"y:0": 0.849001435991418, "y:1": 0.8477076768062004, "y:2": 0.8553717150410173, "y:3": 0.8675135251243589, "y:4": 0.8582555963145191, "y:5": 0.8636228908080358, "y:6": 0.8570409754390355, "y:7": 0.8619633931123728, "y:8": 0.8576298546255894, "y:9": 0.8499969317107335}, "3": {"y:0": 1.5970973255560066, "y:1": 1.6205714891704293, "y:2": 1.6690253209088688, "y:3": 1.6646394579785753, "y:4": 1.6548374996088688, "y:5": 1.6402480439693072, "y:6": 1.6355196583344744, "y:7": 1.6215991069497224, "y:8": 1.6210396717372177, "y:9": 1.6437646900173308}, "4": {"y:0": 3.1027223864142366, "y:1": 3.04597293722426, "y:2": 3.073871044094959, "y:3": 3.2042721959585196, "y:4": 3.1022381837791553, "y:5": 3.02006058949325, "y:6": 3.0870713220801846, "y:7": 3.122961953082884, "y:8": 3.1307630625600376, "y:9": 3.0894929122507513}, "5": {"y:0": 5.220598794768018, "y:1": 5.166677017034673, "y:2": 5.127070515344135, "y:3": 4.884722307143525, "y:4": 4.905285520367853, "y:5": 4.902285724046368, "y:6": 5.28506096444478, "y:7": 4.88773445158198, "y:8": 5.064712174548902, "y:9": 4.942473024165836}, "6": {"y:0": 6.1517695784783974, "y:1": 5.946737441729879, "y:2": 5.982467345446671, "y:3": 6.13760710438094, "y:4": 6.125287570931881, "y:5": 6.106976937327178, "y:6": 6.053327045937189, "y:7": 6.002134277381506, "y:8": 6.062581601129542, "y:9": 6.135543183205129}, "7": {"y:0": 6.460665650297453, "y:1": 6.488010192616301, "y:2": 6.341835592011729, "y:3": 6.226515306573395, "y:4": 6.323791121868266, "y:5": 6.293354313917632, "y:6": 6.388925177049405, "y:7": 6.553964109366095, "y:8": 6.457551203746165, "y:9": 6.287519153535809}, "8": {"y:0": 6.410624432220232, "y:1": 6.402224701375081, "y:2": 6.345164073533848, "y:3": 6.4860694959250305, "y:4": 6.4795277295197815, "y:5": 6.43984443911679, "y:6": 6.318833272184881, "y:7": 6.371853655377296, "y:8": 6.467185173226099, "y:9": 6.4123983050008775}, "9": {"y:0": 6.576568919434949, "y:1": 6.665357367772703, "y:2": 6.50467359785742, "y:3": 6.642414300155244, "y:4": 6.776471912596044, "y:5": 6.55556296481017, "y:6": 6.552531433562422, "y:7": 6.6045958734981225, "y:8": 6.543803883459184, "y:9": 6.645338383014007}, "10": {"y:0": 6.595531320795826, "y:1": 6.659434992659124, "y:2": 6.631913055466128, "y:3": 6.662204098291496, "y:4": 6.5874608677616715, "y:5": 6.622002608497598, "y:6": 6.531563361035238, "y:7": 6.64444949840833, "y:8": 6.618813917892341, "y:9": 6.581632342801257}, "11": {"y:0": 6.798661638237628, "y:1": 6.742511452485333, "y:2": 6.720168017480814, "y:3": 6.7976887881961305, "y:4": 6.736978214571459, "y:5": 6.760863845824692, "y:6": 6.776820873295957, "y:7": 6.770276924806606, "y:8": 6.759127855481081, "y:9": 6.778205317937982}}