{"0": {"y:0": 0.10849803487386189, "y:1": 0.022860660094110922, "y:2": 0.13392514522536614, "y:3": 0.01813860967145722, "y:4": 0.12066734993698384, "y:5": 0.016069326677691207, "y:6": 0.10680712231048797, "y:7": 0.015777387830925995, "y:8": 0.1285366173546355, "y:9": 0.02014830991547538, "y:10": 0.12704390502807156, "y:11": 0.024307802042405922, "y:12": 0.14185435202154922, "y:13": 0.02952898745983577, "y:14": 0.12211397544150125, "y:15": 0.03216830508846534, "y:16": 0.12213113560744626, "y:17": 0.03830178517883323, "y:18": 0.12054504122407839, "y:19": 0.035476731879686245, "y:20": 0.13500866972806924, "y:21": 0.04304554081762957, "y:22": 0.1316039368808594, "y:23": 0.04264411883104257, "y:24": 0.11896638095560803, "y:25": 0.044337844015405144, "y:26": 0.12590220833769464, "y:27": 0.04798459335292754, "y:28": 0.12465917929410501, "y:29": 0.05591704802022585, "y:30": 0.13990477085327033, "y:31": 0.05041196312482946}}