{"0": {"y:0": 36.724650175814375, "y:1": 3.2086663758789333, "y:2": 2.816208105412103, "y:3": 1.8071984219221864, "y:4": 1.5064448144930294, "y:5": 1.5345605408205643, "y:6": 1.436040088391283, "y:7": 1.3813782192281934, "y:8": 1.3562570914217706, "y:9": 1.3587050018928413}, "1": {"y:0": 35.73415494194735, "y:1": 3.3437940596442197, "y:2": 2.9761343439668138, "y:3": 1.8340152259572853, "y:4": 1.5185661523746443, "y:5": 1.5592910625334153, "y:6": 1.4415911218198842, "y:7": 1.3711283612101233, "y:8": 1.3479326373563616, "y:9": 1.3251682531151994}, "2": {"y:0": 74.82135162809496, "y:1": 20.416482075670693, "y:2": 14.953419349433261, "y:3": 12.46182239135535, "y:4": 11.135528826649459, "y:5": 10.210375924338372, "y:6": 9.467478375053801, "y:7": 8.717911568506862, "y:8": 8.421239914519031, "y:9": 7.997541109755519}, "3": {"y:0": 35.9836253137324, "y:1": 5.091559636346478, "y:2": 3.357856201949899, "y:3": 3.281824092868516, "y:4": 2.6878423426910825, "y:5": 2.8957817760413462, "y:6": 2.7347532694942744, "y:7": 2.5755046368563126, "y:8": 2.581692080324088, "y:9": 2.5971024664266795}, "4": {"y:0": 36.24962974578149, "y:1": 4.881854361075541, "y:2": 2.624304918120016, "y:3": 4.76952673372103, "y:4": 4.256857203001319, "y:5": 4.682056089158156, "y:6": 4.471651572742792, "y:7": 4.150213659404337, "y:8": 4.175951654717461, "y:9": 4.1341874147536135}, "5": {"y:0": 36.6467954972587, "y:1": 6.237386360567733, "y:2": 2.821449251403158, "y:3": 5.77952233866677, "y:4": 5.241835225291986, "y:5": 5.9287323360154405, "y:6": 5.858933672018874, "y:7": 5.423895834961912, "y:8": 5.382528196477149, "y:9": 5.175117197868657}, "6": {"y:0": 35.89236687248337, "y:1": 7.3489303483604385, "y:2": 2.930745211459955, "y:3": 6.503980334914616, "y:4": 6.149583101524214, "y:5": 7.433422949871543, "y:6": 7.2283378936426, "y:7": 6.830254822895159, "y:8": 6.739341330581973, "y:9": 6.341818806776178}, "7": {"y:0": 36.279008608023226, "y:1": 10.564606621295074, "y:2": 3.471761573429901, "y:3": 9.646427931523478, "y:4": 7.593245072554149, "y:5": 12.246109233055302, "y:6": 11.777055405264658, "y:7": 10.905544724013792, "y:8": 9.450098499809057, "y:9": 7.8953719777826}, "8": {"y:0": 36.011971080298814, "y:1": 12.425603591912859, "y:2": 3.2451301076134773, "y:3": 11.49743846556301, "y:4": 9.163174573840136, "y:5": 15.707901251284584, "y:6": 15.297090063032293, "y:7": 13.710014837426579, "y:8": 12.141309263840308, "y:9": 10.472996386702036}, "9": {"y:0": 34.548071786970866, "y:1": 14.733966644789508, "y:2": 3.2018065361597268, "y:3": 14.01065981170345, "y:4": 10.958215347613018, "y:5": 19.5193009701607, "y:6": 21.062898791286656, "y:7": 18.55509574765135, "y:8": 17.545214778950974, "y:9": 14.947619984599083}, "10": {"y:0": 35.17761849855485, "y:1": 19.357272728210766, "y:2": 3.2160266965908617, "y:3": 18.08875330543419, "y:4": 12.561654187177053, "y:5": 22.65947304536683, "y:6": 25.162122559770957, "y:7": 21.325490916928672, "y:8": 22.198693893321256, "y:9": 19.557358109458832}, "11": {"y:0": 35.945417096942144, "y:1": 23.30309410755003, "y:2": 3.232282233434357, "y:3": 20.95364273288158, "y:4": 13.329841753323022, "y:5": 24.613478174274668, "y:6": 27.915172187014583, "y:7": 23.94182678963088, "y:8": 26.524836108638524, "y:9": 24.147698199469414}, "12": {"y:0": 36.29392548500632, "y:1": 25.394816367468295, "y:2": 3.2452481954079953, "y:3": 24.16620005020532, "y:4": 14.023470837405522, "y:5": 26.185932006582117, "y:6": 29.010442910904473, "y:7": 23.39020511699195, "y:8": 26.387639010143314, "y:9": 24.270281883302644}, "13": {"y:0": 36.13203805068485, "y:1": 26.560539283843333, "y:2": 3.2560088669505904, "y:3": 25.57629905687443, "y:4": 14.305056724159703, "y:5": 27.19485422349422, "y:6": 31.26418030375417, "y:7": 24.98169317847036, "y:8": 29.861497119408682, "y:9": 27.165117380741364}, "14": {"y:0": 37.06727286287423, "y:1": 27.430878163441974, "y:2": 3.2732439901524324, "y:3": 26.848520727126168, "y:4": 14.28998946611753, "y:5": 27.36199138297374, "y:6": 31.181360285016748, "y:7": 25.21431805052123, "y:8": 29.706453912793215, "y:9": 27.16889437362119}, "15": {"y:0": 36.18992946987108, "y:1": 27.279512008146277, "y:2": 3.265802020239929, "y:3": 25.896876859677292, "y:4": 14.454194052414477, "y:5": 26.56027611343837, "y:6": 31.100577081913155, "y:7": 25.06522856413065, "y:8": 29.789187377885398, "y:9": 27.711811152113885}}