{"0": {"y:0": 37.67454433063038, "y:1": 3.15580505422276, "y:2": 2.7845834333389043, "y:3": 1.7738791144583956, "y:4": 1.4874930640594455, "y:5": 1.5259110673272025, "y:6": 1.4543288820297682, "y:7": 1.3548195082577255, "y:8": 1.3464856777377974, "y:9": 1.3240855794388262}, "1": {"y:0": 37.3304172061727, "y:1": 3.284016671594685, "y:2": 3.095069135707991, "y:3": 1.8682082315406696, "y:4": 1.5613400162866946, "y:5": 1.577162703735492, "y:6": 1.4879399133123565, "y:7": 1.4107148288591114, "y:8": 1.3983554706060504, "y:9": 1.3902180273100806}, "2": {"y:0": 34.88446398521913, "y:1": 5.240177369133307, "y:2": 7.406042368803177, "y:3": 2.7784824010832323, "y:4": 2.189906765113844, "y:5": 2.3802413795347683, "y:6": 2.1960339084467626, "y:7": 2.0282119077388168, "y:8": 2.056255282291876, "y:9": 2.0806478482598925}, "3": {"y:0": 36.75057190739631, "y:1": 5.862530004859578, "y:2": 4.431084863070145, "y:3": 3.3370039028608747, "y:4": 2.6133607087827206, "y:5": 2.8737487677173172, "y:6": 2.6583846534230706, "y:7": 2.4263022166087773, "y:8": 2.4860875874809905, "y:9": 2.4827638722821463}, "4": {"y:0": 36.59988404527299, "y:1": 7.137259385613367, "y:2": 5.342264105750351, "y:3": 3.909465298998048, "y:4": 2.952421386321632, "y:5": 3.4614517740019712, "y:6": 3.2217911820257097, "y:7": 2.9104715750613472, "y:8": 3.0498956821482204, "y:9": 3.0742049456852225}, "5": {"y:0": 36.85645761255694, "y:1": 7.623662589905965, "y:2": 3.710415766297539, "y:3": 5.212776069797253, "y:4": 4.028838387471178, "y:5": 4.690760416878104, "y:6": 4.340136076618673, "y:7": 3.9395129268324522, "y:8": 4.0071681809128705, "y:9": 3.868298823743125}, "6": {"y:0": 38.49449955762778, "y:1": 10.27181621969651, "y:2": 4.231652271568432, "y:3": 6.708412953254776, "y:4": 4.94791081136144, "y:5": 7.000756472221675, "y:6": 6.509729637025157, "y:7": 6.032064356118843, "y:8": 5.961862072970089, "y:9": 5.664554477954289}, "7": {"y:0": 36.026418005200156, "y:1": 11.465660225673865, "y:2": 3.9489004916267683, "y:3": 9.46007857875356, "y:4": 6.750072781121615, "y:5": 11.022253244794088, "y:6": 10.099162778596687, "y:7": 9.118203787504903, "y:8": 7.969633671826979, "y:9": 6.450234068846138}, "8": {"y:0": 37.69667973490351, "y:1": 12.634001484957771, "y:2": 3.8882616995499926, "y:3": 10.793753720847553, "y:4": 7.54509129769372, "y:5": 14.348300668275686, "y:6": 13.507975755949152, "y:7": 12.522219928711973, "y:8": 9.91345618584215, "y:9": 7.638319185985278}, "9": {"y:0": 35.172598313336344, "y:1": 14.806518007199605, "y:2": 3.4846951649426403, "y:3": 13.359673101408742, "y:4": 9.014148462123304, "y:5": 17.21038143860521, "y:6": 16.701600606281108, "y:7": 14.433420392483486, "y:8": 12.11278414989215, "y:9": 9.70358682735888}, "10": {"y:0": 36.430896717505085, "y:1": 17.699785267204497, "y:2": 3.4036085390827524, "y:3": 17.00241281130514, "y:4": 10.792941334471937, "y:5": 22.412672077583537, "y:6": 22.90967636478976, "y:7": 18.924146999868793, "y:8": 17.476021653219654, "y:9": 14.084155758509146}, "11": {"y:0": 36.870654497302965, "y:1": 20.473335999736182, "y:2": 3.338904121738882, "y:3": 19.86562671154623, "y:4": 11.916776284579624, "y:5": 25.10460489330806, "y:6": 26.058603824735496, "y:7": 21.853370906205576, "y:8": 20.932638741963537, "y:9": 18.448119738001612}, "12": {"y:0": 35.229934623263595, "y:1": 23.24167519965544, "y:2": 3.2982845837486505, "y:3": 22.50904690487445, "y:4": 13.212096686722685, "y:5": 25.717890938274774, "y:6": 29.235109307876012, "y:7": 24.56935621426617, "y:8": 26.129631927193206, "y:9": 22.2305335428692}, "13": {"y:0": 36.93202272393932, "y:1": 24.527455425985266, "y:2": 3.245910841668244, "y:3": 22.861552358109666, "y:4": 13.723444064718537, "y:5": 24.778028745478302, "y:6": 28.513380757493387, "y:7": 24.432961193352416, "y:8": 26.057049927767242, "y:9": 23.986831939078623}, "14": {"y:0": 36.551160052598256, "y:1": 27.51248727015607, "y:2": 3.2952699938838252, "y:3": 27.108017702996023, "y:4": 13.928879751986178, "y:5": 27.32097740422478, "y:6": 31.04144825179803, "y:7": 24.74835888653694, "y:8": 28.014858107383727, "y:9": 26.00749510568856}, "15": {"y:0": 36.16013912855513, "y:1": 27.6689463055418, "y:2": 3.2787897533823043, "y:3": 27.235966722367145, "y:4": 14.455105219929175, "y:5": 27.501615598054546, "y:6": 32.22090986165809, "y:7": 25.580419038812362, "y:8": 29.69427800721695, "y:9": 27.35592373414959}, "16": {"y:0": 35.94497445284755, "y:1": 29.328056622516247, "y:2": 3.28083410957285, "y:3": 28.87294725470376, "y:4": 14.659818976960608, "y:5": 27.616914139418537, "y:6": 32.440300743960414, "y:7": 25.60297060911066, "y:8": 30.677839571480234, "y:9": 28.924085666090686}}