{"0": {"y:0": 78.40558050509397, "y:1": 7.287288480087432, "y:2": 5.739729079368117, "y:3": 4.66448425724616, "y:4": 4.393026251894333, "y:5": 4.177922831857703, "y:6": 3.9040814694935504, "y:7": 3.723202458888393, "y:8": 3.4054423158321554, "y:9": 3.4029949394210885}, "1": {"y:0": 75.74958492235311, "y:1": 6.800796368442411, "y:2": 4.697697902599509, "y:3": 3.998502213765742, "y:4": 3.6435678355050545, "y:5": 3.4040350571238585, "y:6": 3.1703502223197235, "y:7": 3.055494252863715, "y:8": 2.9575127362748823, "y:9": 2.8067549547476025}, "2": {"y:0": 76.77826177381738, "y:1": 20.811333987668206, "y:2": 15.487732334058483, "y:3": 13.374270252089978, "y:4": 10.980927372310253, "y:5": 10.137304811606386, "y:6": 9.372720573516629, "y:7": 8.696220028263646, "y:8": 8.445251178481664, "y:9": 8.163680342251569}, "3": {"y:0": 73.70930695487135, "y:1": 12.968350194939012, "y:2": 9.552389166294, "y:3": 8.412846630772485, "y:4": 7.71398386933213, "y:5": 7.088982164294856, "y:6": 6.807008510102635, "y:7": 6.591503635575985, "y:8": 6.326332390262553, "y:9": 6.133607441953635}, "4": {"y:0": 73.37373712071776, "y:1": 14.106394444735223, "y:2": 12.922366387532922, "y:3": 12.285909957695752, "y:4": 11.097242051963526, "y:5": 10.136153798185251, "y:6": 9.319512984151483, "y:7": 8.888128794164516, "y:8": 8.07596680880218, "y:9": 7.739995852285962}, "5": {"y:0": 75.34550507674714, "y:1": 25.534620102426427, "y:2": 17.609047825456305, "y:3": 15.028201477633074, "y:4": 13.651448108106026, "y:5": 12.274792286320565, "y:6": 11.123452557493863, "y:7": 10.449556281145142, "y:8": 9.777326399399863, "y:9": 9.088366797948453}, "6": {"y:0": 75.34750969531943, "y:1": 40.05070336788509, "y:2": 27.401674817917065, "y:3": 22.843292816681487, "y:4": 21.01152384014121, "y:5": 18.43266939353954, "y:6": 16.951442180265946, "y:7": 16.61543816416423, "y:8": 15.204700464342622, "y:9": 14.316641397820485}, "7": {"y:0": 73.70526997875004, "y:1": 49.253734311594165, "y:2": 37.82236483781021, "y:3": 31.80448497992049, "y:4": 28.97164136207965, "y:5": 27.105531316405045, "y:6": 24.927418863892346, "y:7": 21.97136411888283, "y:8": 20.189028256444402, "y:9": 18.704874889969915}, "8": {"y:0": 73.70849621035491, "y:1": 56.04887624369469, "y:2": 43.41629079344328, "y:3": 38.329246470427535, "y:4": 35.296463580596814, "y:5": 32.33248553981296, "y:6": 29.779846638791888, "y:7": 27.290101459018196, "y:8": 24.720991635123706, "y:9": 22.517152093310443}, "9": {"y:0": 74.25490764522532, "y:1": 59.812490759904094, "y:2": 49.37783866360169, "y:3": 43.86125390723975, "y:4": 39.97947170321222, "y:5": 37.41338397842099, "y:6": 34.0289078112315, "y:7": 30.943977511132356, "y:8": 28.14121583200066, "y:9": 25.075278596983164}, "10": {"y:0": 75.62751171082432, "y:1": 58.774460130380895, "y:2": 49.77631183453977, "y:3": 44.961541087576286, "y:4": 42.240468250678425, "y:5": 40.75228237980809, "y:6": 37.40563310176741, "y:7": 34.440950864199536, "y:8": 31.54648562075896, "y:9": 28.739144421742857}, "11": {"y:0": 73.11827601654385, "y:1": 61.410061948722934, "y:2": 51.984839252915094, "y:3": 48.43603094898381, "y:4": 45.42753317885355, "y:5": 42.235463993930196, "y:6": 38.24949961324041, "y:7": 35.458790324186246, "y:8": 31.910019209839316, "y:9": 28.850097012918674}, "12": {"y:0": 75.02200444537519, "y:1": 60.22881021563805, "y:2": 50.87312508512742, "y:3": 48.02395992621954, "y:4": 46.65131551929345, "y:5": 45.35610294218208, "y:6": 42.09044105564858, "y:7": 38.4533587212712, "y:8": 34.651300533078825, "y:9": 31.118951290186754}}