{"0": {"y:0": 0.06501832909578509, "y:1": 0.006211901682339959, "y:2": 0.0035283470052999318, "y:3": 0.004432826650557354, "y:4": 0.014813728593930618, "y:5": 0.0028084487395383575, "y:6": 0.038827319696536584, "y:7": 0.006004868172166025, "y:8": 0.02643494011738705, "y:9": 0.008902125092922864, "y:10": 0.06059745406541146, "y:11": 0.009712060250241095, "y:12": 0.002852923111554646, "y:13": 0.001768610481312039, "y:14": 0.04809240758933031, "y:15": 0.0028127417223220252, "y:16": 0.02209964441011056, "y:17": 0.007208462063614822, "y:18": 0.008388943897641, "y:19": 0.010322902346913139, "y:20": 0.00261530024670914, "y:21": 0.005474192274071016, "y:22": 0.015280747679055844, "y:23": 0.002496833118163819, "y:24": 0.048556070480071066, "y:25": 0.00455033199314033, "y:26": 0.027487976784267645, "y:27": 0.008417786294210573, "y:28": 0.01526197043043822, "y:29": 0.01454983132125225, "y:30": 0.0034197478822631426, "y:31": 0.012284166304355405}, "1": {"y:0": 0.07086788556359935, "y:1": 0.006463272026590855, "y:2": 0.0035129550405159464, "y:3": 0.004358057782950027, "y:4": 0.014824132665962124, "y:5": 0.00275039967069813, "y:6": 0.035970173569273026, "y:7": 0.006644701494447615, "y:8": 0.025334810653616546, "y:9": 0.009566722165222271, "y:10": 0.0695633278702871, "y:11": 0.012696937102837624, "y:12": 0.0028476296088104825, "y:13": 0.0017737861560189103, "y:14": 0.04874388426730761, "y:15": 0.0028231395640700555, "y:16": 0.022074488231994958, "y:17": 0.007723287335281406, "y:18": 0.008491357605464074, "y:19": 0.011779471447419152, "y:20": 0.002603960023014747, "y:21": 0.005616890221912995, "y:22": 0.015400678958042997, "y:23": 0.0025380002366750137, "y:24": 0.04735225277193204, "y:25": 0.00450858740564533, "y:26": 0.02746575231761908, "y:27": 0.008740366657344229, "y:28": 0.015228056699400113, "y:29": 0.0163921038391203, "y:30": 0.003426711574004446, "y:31": 0.012946294989839272}, "2": {"y:0": 0.0674657503662208, "y:1": 0.006587370554312057, "y:2": 0.003503149783353006, "y:3": 0.006064694219565719, "y:4": 0.014834741611744839, "y:5": 0.003609467923395253, "y:6": 0.035047859156523385, "y:7": 0.015412557843952124, "y:8": 0.025644175860007886, "y:9": 0.010127199436961007, "y:10": 0.07530232027137752, "y:11": 0.007294497697611228, "y:12": 0.002841124420956419, "y:13": 0.0019696153704048588, "y:14": 0.050319449513382464, "y:15": 0.003207840752785588, "y:16": 0.02165031314223537, "y:17": 0.010322667686708075, "y:18": 0.008571919529560946, "y:19": 0.009402937668661583, "y:20": 0.0026032747471941516, "y:21": 0.006405782289931222, "y:22": 0.015087343340876561, "y:23": 0.0026383236748937426, "y:24": 0.046402027712819455, "y:25": 0.004836993106255814, "y:26": 0.027573667262636253, "y:27": 0.009430181187348879, "y:28": 0.01504036990984507, "y:29": 0.011292153110415856, "y:30": 0.0034548148410910285, "y:31": 0.010466376079988238}, "3": {"y:0": 0.0698271120763702, "y:1": 0.006614598526225366, "y:2": 0.0035168216246015895, "y:3": 0.006745665636055017, "y:4": 0.01483826286699255, "y:5": 0.0039473133832422375, "y:6": 0.03501924983629519, "y:7": 0.025255886784982053, "y:8": 0.025062751786334967, "y:9": 0.0106059707629771, "y:10": 0.07526637277732255, "y:11": 0.007335003566248811, "y:12": 0.002842692799438517, "y:13": 0.0021127095216031235, "y:14": 0.05120338330273423, "y:15": 0.003611397102176455, "y:16": 0.02252156738097249, "y:17": 0.016725119931196016, "y:18": 0.008492116121938235, "y:19": 0.012265417103602301, "y:20": 0.002606340811070364, "y:21": 0.00849918867139896, "y:22": 0.015162206504934047, "y:23": 0.0028945815150768126, "y:24": 0.05078178104390017, "y:25": 0.0057172893129004785, "y:26": 0.028769888838374506, "y:27": 0.013083007148076009, "y:28": 0.015408616166460852, "y:29": 0.012393336550016313, "y:30": 0.0034315650538283837, "y:31": 0.011969448467620707}, "4": {"y:0": 0.06594171608202828, "y:1": 0.006554706091793892, "y:2": 0.0034962911567995207, "y:3": 0.007208792491391263, "y:4": 0.014644987906070635, "y:5": 0.004125670032974048, "y:6": 0.034859674210375204, "y:7": 0.03889289467580493, "y:8": 0.025373526497084718, "y:9": 0.010408103038475551, "y:10": 0.07491302333947605, "y:11": 0.007153851745734758, "y:12": 0.002844601175351031, "y:13": 0.002224217622196806, "y:14": 0.052548918307655616, "y:15": 0.004071682762226074, "y:16": 0.02197203185292033, "y:17": 0.0247961021838727, "y:18": 0.008497749475775177, "y:19": 0.01470921974887877, "y:20": 0.002606621706067084, "y:21": 0.0117631054784993, "y:22": 0.015259617598484177, "y:23": 0.0032563034949784596, "y:24": 0.051489471492278636, "y:25": 0.007154271173176149, "y:26": 0.028600106240350236, "y:27": 0.018945154917838568, "y:28": 0.015185047655551068, "y:29": 0.01220996405398889, "y:30": 0.0034358989019295624, "y:31": 0.014290383476836095}, "5": {"y:0": 0.07360392204704308, "y:1": 0.006512196668384628, "y:2": 0.003506169515041494, "y:3": 0.007250977018653368, "y:4": 0.015034736898871609, "y:5": 0.004158005711712589, "y:6": 0.03495750634528081, "y:7": 0.040107944334440516, "y:8": 0.02624768707254762, "y:9": 0.010783214554360534, "y:10": 0.07213696353351871, "y:11": 0.007326114167858364, "y:12": 0.0028367248043704926, "y:13": 0.0022334408114763607, "y:14": 0.05083646297129857, "y:15": 0.004112150503234344, "y:16": 0.021452177160363538, "y:17": 0.02962012286714573, "y:18": 0.008535096190573362, "y:19": 0.016297585397549025, "y:20": 0.0026071340457935687, "y:21": 0.011981321200841583, "y:22": 0.015405166977527496, "y:23": 0.003303738924980816, "y:24": 0.04982477530488372, "y:25": 0.00745519094339732, "y:26": 0.02835155697746409, "y:27": 0.023836292359061616, "y:28": 0.015348129514065422, "y:29": 0.013475116672739852, "y:30": 0.003444814594563078, "y:31": 0.018977849557716687}, "6": {"y:0": 0.06855118737536947, "y:1": 0.006475425347825947, "y:2": 0.003501417631373442, "y:3": 0.007398920444747357, "y:4": 0.014901155391681914, "y:5": 0.0041978851809171165, "y:6": 0.03519606862220508, "y:7": 0.04478810436378809, "y:8": 0.025702332479185495, "y:9": 0.010317857017601649, "y:10": 0.074752417567245, "y:11": 0.007159749251596415, "y:12": 0.002837663777118053, "y:13": 0.002257935441117406, "y:14": 0.05118342052023772, "y:15": 0.00419187334669385, "y:16": 0.021801694162225185, "y:17": 0.030627730717195545, "y:18": 0.008520508575475434, "y:19": 0.014788327497017393, "y:20": 0.0026071419294214134, "y:21": 0.013037525141490319, "y:22": 0.015371673743098113, "y:23": 0.0033883945816634894, "y:24": 0.04940157289181355, "y:25": 0.007947476220741751, "y:26": 0.02878726354419053, "y:27": 0.02465527281764055, "y:28": 0.015325161572172948, "y:29": 0.01228148258275387, "y:30": 0.003445351342775431, "y:31": 0.01678582802076529}, "7": {"y:0": 0.06953777021735631, "y:1": 0.006507901897048639, "y:2": 0.0035076846040353066, "y:3": 0.007384831530080337, "y:4": 0.01487971380967672, "y:5": 0.004190244354265112, "y:6": 0.035286838634348686, "y:7": 0.04939215843753034, "y:8": 0.025703901553578035, "y:9": 0.010781048711411126, "y:10": 0.0776729648054246, "y:11": 0.00731232668794285, "y:12": 0.002843379963690874, "y:13": 0.0022556782700664992, "y:14": 0.05018966057963664, "y:15": 0.004180921177603488, "y:16": 0.02203510742727972, "y:17": 0.03895710996204202, "y:18": 0.008520006639267011, "y:19": 0.016496865717769614, "y:20": 0.0026051730114819483, "y:21": 0.013235641732683108, "y:22": 0.015302630755389447, "y:23": 0.0033811239150912387, "y:24": 0.05021016169387251, "y:25": 0.007902482581198989, "y:26": 0.028586062059049348, "y:27": 0.030526548428699684, "y:28": 0.015360070074327256, "y:29": 0.013912947835534888, "y:30": 0.0034336298606339774, "y:31": 0.019846758061574363}, "8": {"y:0": 0.07095514600253143, "y:1": 0.0064701871433531545, "y:2": 0.0035035188907764393, "y:3": 0.007451072341330653, "y:4": 0.014855367340898975, "y:5": 0.004231916252767417, "y:6": 0.03520756232764786, "y:7": 0.04959959105766873, "y:8": 0.025777933202474467, "y:9": 0.010369238447243334, "y:10": 0.07533982793707703, "y:11": 0.007104168031046651, "y:12": 0.002840718521561755,