{"0": {"y:0": 0.12268888390541989, "y:1": 0.024449472669700094, "y:2": 0.11697473083584206, "y:3": 0.01552885140123144, "y:4": 0.1223469666416865, "y:5": 0.015145118675611259, "y:6": 0.13002144929148723, "y:7": 0.017721656645360483, "y:8": 0.13781748685777834, "y:9": 0.02153957330010684, "y:10": 0.15065987446119924, "y:11": 0.026199008054133978, "y:12": 0.14714222823525083, "y:13": 0.03584085392349136, "y:14": 0.1300272495350603, "y:15": 0.03673037276425505, "y:16": 0.13332562314283414, "y:17": 0.038416667680605296, "y:18": 0.128379111115294, "y:19": 0.04723256741757532, "y:20": 0.1561225340603095, "y:21": 0.0453111620913385, "y:22": 0.15567425576333807, "y:23": 0.05357461874421191, "y:24": 0.1280720791608199, "y:25": 0.04884752676654711, "y:26": 0.16344823282836446, "y:27": 0.06379881737723637, "y:28": 0.1441755588253785, "y:29": 0.05075522692347675, "y:30": 0.12680162163518333, "y:31": 0.05652689941779527}, "1": {"y:0": 0.11778776123940522, "y:1": 0.024497617156523023, "y:2": 0.11967123904029942, "y:3": 0.01761089366106768, "y:4": 0.13096547826179453, "y:5": 0.01529159018342879, "y:6": 0.13106417202542556, "y:7": 0.015679184679047616, "y:8": 0.12028179815915448, "y:9": 0.01850522599121873, "y:10": 0.12600265094804497, "y:11": 0.020659634066321785, "y:12": 0.13873233669536772, "y:13": 0.02512616463729107, "y:14": 0.12422159186405768, "y:15": 0.029817887632149535, "y:16": 0.13467706992333214, "y:17": 0.030249488843852722, "y:18": 0.130026881883151, "y:19": 0.030189626608330602, "y:20": 0.14162573946206233, "y:21": 0.034466395543990544, "y:22": 0.1244780724407057, "y:23": 0.04434815231260821, "y:24": 0.13462680794447346, "y:25": 0.038354190202904925, "y:26": 0.1399327577089071, "y:27": 0.04042409234118728, "y:28": 0.13099591233164778, "y:29": 0.04813199109831273, "y:30": 0.14052107410421044, "y:31": 0.04679286846191574}, "2": {"y:0": 0.12504537595929996, "y:1": 0.06756558372705086, "y:2": 0.14696817977092916, "y:3": 0.04904278253237034, "y:4": 0.1375273969129078, "y:5": 0.039854240590518585, "y:6": 0.1361799283727361, "y:7": 0.034224325953035525, "y:8": 0.1456887848623446, "y:9": 0.028501894045699066, "y:10": 0.13766423785170326, "y:11": 0.025872375396455698, "y:12": 0.13795705290418406, "y:13": 0.024603314624308467, "y:14": 0.14173781625780846, "y:15": 0.023371744688957783, "y:16": 0.15153884191995465, "y:17": 0.022339959711540687, "y:18": 0.14405465933191194, "y:19": 0.021049854146470925, "y:20": 0.1302982196633831, "y:21": 0.021282681783296727, "y:22": 0.13916941964872914, "y:23": 0.020133874516337094, "y:24": 0.13596830000428334, "y:25": 0.0197742980473937, "y:26": 0.14008221071319266, "y:27": 0.02044552809780516, "y:28": 0.12944336853031563, "y:29": 0.02115426478771629, "y:30": 0.13584962236439108, "y:31": 0.021486937919751033}, "3": {"y:0": 0.12659523110415719, "y:1": 0.07709358149157876, "y:2": 0.12216782008681576, "y:3": 0.06678081804686264, "y:4": 0.12799184083690404, "y:5": 0.051936872864655106, "y:6": 0.13090828769860063, "y:7": 0.041822550594308776, "y:8": 0.13183223023320137, "y:9": 0.037668554248804595, "y:10": 0.14401409681603447, "y:11": 0.03401169003123275, "y:12": 0.13602674839838952, "y:13": 0.031050800058236763, "y:14": 0.13895956508511606, "y:15": 0.027364098038062567, "y:16": 0.1286047012396671, "y:17": 0.025656100419084664, "y:18": 0.12834449371955867, "y:19": 0.02436849045975366, "y:20": 0.13258021266886266, "y:21": 0.02346263447238228, "y:22": 0.14202902441440063, "y:23": 0.022064057004473853, "y:24": 0.13338839473796163, "y:25": 0.021960756187150265, "y:26": 0.13385137891149754, "y:27": 0.021328522839119225, "y:28": 0.14125601897708648, "y:29": 0.021434835000862268, "y:30": 0.14082219560375295, "y:31": 0.020900114604235614}, "4": {"y:0": 0.09629348544155968, "y:1": 0.03661868524694895, "y:2": 0.10632163552762071, "y:3": 0.026649620315194508, "y:4": 0.11151730609044942, "y:5": 0.020410883188687765, "y:6": 0.11645422398374694, "y:7": 0.018217430163666087, "y:8": 0.11086578583739738, "y:9": 0.016623459438297378, "y:10": 0.11508292840453734, "y:11": 0.016308685948937772, "y:12": 0.11269900570465181, "y:13": 0.017545903949242297, "y:14": 0.11156611694674132, "y:15": 0.01812073153984486, "y:16": 0.11239562466064826, "y:17": 0.019210958812732805, "y:18": 0.11615102169132073, "y:19": 0.02167175588210171, "y:20": 0.1173361506957491, "y:21": 0.02350794846411115, "y:22": 0.11243658815709483, "y:23": 0.025402241747029382, "y:24": 0.11391010608044021, "y:25": 0.02864173073518119, "y:26": 0.11493163067215587, "y:27": 0.028947179369280006, "y:28": 0.10582162785472066, "y:29": 0.031018324050749044, "y:30": 0.11307660691062117, "y:31": 0.03147491888999835}, "5": {"y:0": 0.08629559417714804, "y:1": 0.05004964109548921, "y:2": 0.10946986950365889, "y:3": 0.040094686468506884, "y:4": 0.11154687036190611, "y:5": 0.03240221428541866, "y:6": 0.11757260362994508, "y:7": 0.0273882041549416, "y:8": 0.11755847743769027, "y:9": 0.024637699738943832, "y:10": 0.1221625509223451, "y:11": 0.021681546948705246, "y:12": 0.12577709068275417, "y:13": 0.0195604280944133, "y:14": 0.11942124182970858, "y:15": 0.01869455666505245, "y:16": 0.11598533978252677, "y:17": 0.017805414753186193, "y:18": 0.12201170184705949, "y:19": 0.01768264595854254, "y:20": 0.1189090202047409, "y:21": 0.018088059285779435, "y:22": 0.11911852606374862, "y:23": 0.018830588281530093, "y:24": 0.12061358721424677, "y:25": 0.019478606549690292, "y:26": 0.11699791680766668, "y:27": 0.02067309370506361, "y:28": 0.11422220110256062, "y:29": 0.02152086709388855, "y:30": 0.12063304402343325, "y:31": 0.022766612992164217}, "6": {"y:0": 0.05900034289096718, "y:1": 0.019530816062542297, "y:2": 0.0709629106062975, "y:3": 0.015108246972748648, "y:4": 0.07368017991335694, "y:5": 0.01503340400811713, "y:6": 0.0755618617893685, "y:7": 0.016011553350031623, "y:8": 0.07875835861578863, "y:9": 0.01802868621704767, "y:10": 0.07724259734487211, "y:11": 0.02078907274231195, "y:12": 0.07576506822967495, "y:13": 0.0252679936102969, "y:14": 0.07378478027214584, "y:15": 0.028773427605377568, "y:16": 0.07533483154254186, "y:17": 0.029241019670512774, "y:18": 0.07398805727666295, "y:19": 0.03410757774130606, "y:20": 0.07261541980326842, "y:21": 0.03698677761362574, "y:22": 0.07463883206319419, "y:23": 0.03908173429317309, "y:24": 0.07733045645114624, "y:25": 0.0420233946327142, "y:26": 0.06870150577428591, "y:27": 0.04573659139844307, "y:28": 0.07248453506116778, "y:29": 0.047348355299374735, "y:30": 0.0745121780516193, "y:31": 0.048515083555193954}, "7": {"y:0": 0.05578315759473023, "y:1": 0.020142368068749954, "y:2": 0.05372892084040763, "y:3": 0.014017204908329299, "y:4": 0.05736153943821475, "y:5": 0.014376826720247388, "y:6": 0.06189363101365661, "y:7": 0.014809923208895327, "y:8": 0.06040223659119189, "y:9": 0.0171456529687701, "y:10": 0.06309846284768114, "y:11": 0.01856828050185277, "y:12": 0.057290918254505226, "y:13": 0.0210389621213267, "y:14": 0.05987574717058568, "y:15": 0.023641729156140347, "y:16": 0.05615393585875068, "y:17": 0.025913162487789437, "y:18": 0.05285158500209743, "y:19": 0.03004090569669858, "y:20": 0.0524607435332481, "y:21": 0.03375900698899538, "y:22": 0.0503919348885136, "y:23": 0.0371127469951883, "y:24": 0.05092827497917961, "y:25": 0.036854451049952684, "y:26": 0.05047944481896276, "y:27": 0.040014392753550856, "y:28": 0.047907442347999867, "y:29": 0.041919994866481285, "y:30": 0.05139247377568034, "y:31": 0.044387935784525365}, "8": {"y:0": 0.047540543913071207, "y:1": 0.032652096272670586, "y:2": 0.047921120539608605, "y:3": 0.01901424241548466, "y:4": 0.04737929328266429, "y:5": 0.0164926140831815, "y:6": 0.04922755784278321, "y:7": 0.01688914549428373, "y:8": 0.051500915275083284, "y:9": 0.016513070587415125, "y:10": 0.051619206324168956, "y:11": 0.017534077720250764, "y:12": 0.048352020863323554, "y:13": 0.017795288869758466, "y:14": 0.046902808250021764, "y:15": 0.018671725073017013, "y:16": 0.04820779751064176, "y:17": 0.018679059477640415, "y:18": 0.04800886038591818,