{"0": {"y:0": 0.006807911505167649, "y:1": 0.09581871374614682, "y:2": 0.18664645494000462, "y:3": 0.18939063950644486, "y:4": 0.11928828182770908, "y:5": 0.019555116543966078, "y:6": 0.0009595246100438898}, "1": {"y:0": 0.006848747830821698, "y:1": 0.09798068724745182, "y:2": 0.20178124351132834, "y:3": 0.2036356879926992, "y:4": 0.12161783016133144, "y:5": 0.019936228858156692, "y:6": 0.001020463033907457}, "2": {"y:0": 0.053817468709377404, "y:1": 0.19318540010387247, "y:2": 0.2338514939762818, "y:3": 0.23946443405018528, "y:4": 0.1666151230597048, "y:5": 0.05032498145783847, "y:6": 0.0076836903901475505}, "3": {"y:0": 0.09047026445437556, "y:1": 0.28674015796199426, "y:2": 0.3655108148506022, "y:3": 0.3794174940643088, "y:4": 0.26602367005044897, "y:5": 0.07314683632721665, "y:6": 0.014012557258984088}, "4": {"y:0": 0.20811367133534595, "y:1": 0.4107245023132624, "y:2": 0.4560093791465737, "y:3": 0.4586007558317922, "y:4": 0.31212117704430786, "y:5": 0.11679931000808394, "y:6": 0.031015796458871467}, "5": {"y:0": 0.3516755358366884, "y:1": 0.5994370644634907, "y:2": 0.660738544850119, "y:3": 0.6500920032683563, "y:4": 0.44824155332977467, "y:5": 0.18491688140527512, "y:6": 0.04970904668817487}, "6": {"y:0": 0.5035900183456841, "y:1": 0.7738688940096019, "y:2": 0.8142737608612671, "y:3": 0.8247385611498009, "y:4": 0.6396359013696006, "y:5": 0.29786000620751335, "y:6": 0.08321067410646635}, "7": {"y:0": 0.7557740055981123, "y:1": 1.1156052985057066, "y:2": 1.200781813449885, "y:3": 1.2414338818174584, "y:4": 0.9266834799946828, "y:5": 0.44289883135807484, "y:6": 0.1259609419755721}, "8": {"y:0": 1.1293574283650154, "y:1": 1.5029444783283492, "y:2": 1.6445545329085844, "y:3": 1.6821648685918114, "y:4": 1.3235714121370097, "y:5": 0.6920560423933302, "y:6": 0.2093155067336053}, "9": {"y:0": 1.4156359160328074, "y:1": 2.1019673821904026, "y:2": 2.406197214135959, "y:3": 2.49923203246602, "y:4": 1.690959452527169, "y:5": 0.8393472676005672, "y:6": 0.25497922989640237}, "10": {"y:0": 1.914902044827722, "y:1": 2.6180750225766176, "y:2": 3.099123860193658, "y:3": 3.195491972105943, "y:4": 2.363470744695966, "y:5": 1.1057767965075378, "y:6": 0.3612837439095897}, "11": {"y:0": 2.3087355598396098, "y:1": 3.264371175148448, "y:2": 4.250222984579714, "y:3": 4.104128104890381, "y:4": 2.772681296417893, "y:5": 1.3409405641195113, "y:6": 0.44797008260347393}, "12": {"y:0": 2.7516000973391077, "y:1": 3.858055784421549, "y:2": 5.276891418195527, "y:3": 4.533086656363437, "y:4": 3.614141241563234, "y:5": 1.7702012452680538, "y:6": 0.5874286364359621}, "13": {"y:0": 3.0518911650571865, "y:1": 4.637546824281636, "y:2": 6.595755949333619, "y:3": 4.756187430637372, "y:4": 4.694734069521461, "y:5": 2.3571922805366925, "y:6": 0.7556597002073235}, "14": {"y:0": 3.0498290490792774, "y:1": 4.966076760543009, "y:2": 7.438034880944145, "y:3": 5.046731958361528, "y:4": 5.835833055156343, "y:5": 2.841028931774381, "y:6": 1.0180650205227784}, "15": {"y:0": 2.7973056531665232, "y:1": 4.858357218097831, "y:2": 8.790492231585093, "y:3": 5.554681562755868, "y:4": 6.2639740403116475, "y:5": 3.209729577744289, "y:6": 1.2438966557301352}, "16": {"y:0": 2.636686757451412, "y:1": 4.913111609076569, "y:2": 9.616655050470719, "y:3": 6.662174503922335, "y:4": 7.7529648007082415, "y:5": 3.9552347366512977, "y:6": 1.4289669553176196}, "17": {"y:0": 2.518353408668354, "y:1": 5.199083625957051, "y:2": 12.55913381125321, "y:3": 8.623055064272737, "y:4": 9.011891120221035, "y:5": 4.250783077164398, "y:6": 1.628213874318016}, "18": {"y:0": 3.0338167781472194, "y:1": 7.085738839329082, "y:2": 12.593586501469519, "y:3": 11.954562804001249, "y:4": 10.760857152663409, "y:5": 5.617894759961087, "y:6": 1.8359292693832714}, "19": {"y:0": 3.556141703283112, "y:1": 8.468367362066479, "y:2": 15.981237247017368, "y:3": 15.040373224726956, "y:4": 11.739805709552009, "y:5": 6.315274014425529, "y:6": 1.9206725667846658}, "20": {"y:0": 4.384119027268981, "y:1": 11.393782232595118, "y:2": 19.366885479366598, "y:3": 18.126920144029302, "y:4": 12.379538584834606, "y:5": 7.423556104217197, "y:6": 2.068705827580845}, "21": {"y:0": 5.148723497684156, "y:1": 14.52982982546707, "y:2": 21.488908143385505, "y:3": 21.74239834605742, "y:4": 14.499674635621547, "y:5": 8.662711467261643, "y:6": 2.2079051684932303}, "22": {"y:0": 6.713998313044448, "y:1": 18.12675853359643, "y:2": 27.16227977733832, "y:3": 24.603500339567496, "y:4": 16.429181853272073, "y:5": 8.957789874141085, "y:6": 2.375272579915791}, "23": {"y:0": 8.38886982134756, "y:1": 21.796360079499504, "y:2": 30.823933316513596, "y:3": 27.35175982572009, "y:4": 17.928792465730872, "y:5": 9.804898603728704, "y:6": 2.7454748365469803}, "24": {"y:0": 10.072731377815277, "y:1": 23.618615499782802, "y:2": 30.867729412224357, "y:3": 28.25628481827084, "y:4": 18.120256220723334, "y:5": 10.061490292935698, "y:6": 2.8539145318453665}, "25": {"y:0": 12.296858187029168, "y:1": 30.825493154164697, "y:2": 37.569901527225774, "y:3": 31.659049996997243, "y:4": 19.633549842283923, "y:5": 11.258989747033532, "y:6": 3.411626757927744}, "26": {"y:0": 15.471174646846666, "y:1": 36.86107274324544, "y:2": 41.47350277353428, "y:3": 34.14358442899475, "y:4": 21.36733635324405, "y:5": 12.395507225652983, "y:6": 4.096073907933892}, "27": {"y:0": 19.27626991489689, "y:1": 40.81272607410506, "y:2": 44.16368817992778, "y:3": 35.92033239098973, "y:4": 21.873885516443245, "y:5": 12.656942550736378, "y:6": 4.505487662922032}, "28": {"y:0": 23.410998826876167, "y:1": 46.00186617202834, "y:2": 46.77972616845835, "y:3": 36.51061346399409, "y:4": 23.255272753328022, "y:5": 13.687917328766977, "y:6": 4.522648601741326}, "29": {"y:0": 30.85634551917076, "y:1": 48.98143823332657, "y:2": 45.14367196792064, "y:3": 35.39801216436368, "y:4": 22.2229884813065, "y:5": 13.370600246623086, "y:6": 5.370869452501459}, "30": {"y:0": 34.15840708863499, "y:1": 52.72590248023203, "y:2": 47.55780733418425, "y:3": 36.61391172170916, "y:4": 22.66459924505768, "y:5": 13.573747655275444, "y:6": 5.510322246190933}}