{"0": {"y:0": 0.005997843191127781, "y:1": 0.09477335711772235, "y:2": 0.1990280451429644, "y:3": 0.1962145146384769, "y:4": 0.11974584666639575, "y:5": 0.018517980745245157, "y:6": 0.0008642179969611121}, "1": {"y:0": 0.0073510518885214985, "y:1": 0.10417489783112606, "y:2": 0.19845219026386182, "y:3": 0.20230434866803432, "y:4": 0.12373868544992725, "y:5": 0.02064010303559264, "y:6": 0.001067428616234989}, "2": {"y:0": 0.05299384732461446, "y:1": 0.20775214107223816, "y:2": 0.24377295220559944, "y:3": 0.2438894801846561, "y:4": 0.1625001280049668, "y:5": 0.047226008549583746, "y:6": 0.007015875937369455}, "3": {"y:0": 0.08399765144104177, "y:1": 0.2823963856578262, "y:2": 0.35546102285197234, "y:3": 0.36121501567906705, "y:4": 0.2553807571632686, "y:5": 0.07188168798699311, "y:6": 0.012245220583431764}, "4": {"y:0": 0.20575349838396523, "y:1": 0.3926328978579823, "y:2": 0.42360160647194967, "y:3": 0.414251073623107, "y:4": 0.31110535808020795, "y:5": 0.11676320801466962, "y:6": 0.029351792197502592}, "5": {"y:0": 0.3042642124634238, "y:1": 0.5256502302322121, "y:2": 0.5533511952780128, "y:3": 0.5545909808633386, "y:4": 0.43019002388834976, "y:5": 0.17824522454578387, "y:6": 0.04706173184561549}, "6": {"y:0": 0.49431960099782507, "y:1": 0.6750135984069694, "y:2": 0.7025121829569172, "y:3": 0.6978510756752085, "y:4": 0.585496171260915, "y:5": 0.2889242189067521, "y:6": 0.0825136503104516}, "7": {"y:0": 0.6971239298555882, "y:1": 0.9569220305404522, "y:2": 0.9956655354241952, "y:3": 1.0424092881358793, "y:4": 0.8738346706522566, "y:5": 0.4170696068507916, "y:6": 0.12898565350900298}, "8": {"y:0": 1.0873359308768669, "y:1": 1.3888565896134781, "y:2": 1.3983074418984283, "y:3": 1.379179732366851, "y:4": 1.1008848376535127, "y:5": 0.62336449801209, "y:6": 0.2094700560538695}, "9": {"y:0": 1.3719415452120534, "y:1": 1.9872732387531407, "y:2": 2.167371754791655, "y:3": 2.1095018088703994, "y:4": 1.6776185913737856, "y:5": 0.8461493014786534, "y:6": 0.2747459660269668}, "10": {"y:0": 1.7965014129724006, "y:1": 2.473531487226087, "y:2": 2.7483441178659698, "y:3": 2.7558572950536746, "y:4": 2.012622569587332, "y:5": 1.0425960829844916, "y:6": 0.3724952034248833}, "11": {"y:0": 2.280030669311644, "y:1": 3.167733488224822, "y:2": 3.909337206725384, "y:3": 3.5645978330633703, "y:4": 2.6943395755503063, "y:5": 1.317949504199153, "y:6": 0.48437360573415555}, "12": {"y:0": 2.736176225492056, "y:1": 3.7596672364048787, "y:2": 5.050706601053971, "y:3": 4.088478182383458, "y:4": 3.1762280110463887, "y:5": 1.6285079359948582, "y:6": 0.6400007224915997}, "13": {"y:0": 2.9155424593469186, "y:1": 4.2921075371055535, "y:2": 6.516365720211953, "y:3": 4.853231819627706, "y:4": 4.081064098482175, "y:5": 2.119028688115929, "y:6": 0.7748311005992797}, "14": {"y:0": 3.108903417711192, "y:1": 4.971538645738493, "y:2": 7.797747897835263, "y:3": 5.021773566025731, "y:4": 4.827260382061275, "y:5": 2.574009059734295, "y:6": 0.9800168732415778}, "15": {"y:0": 2.985652334473443, "y:1": 5.174822240388663, "y:2": 9.251908642347965, "y:3": 5.770375314042629, "y:4": 6.173677665369214, "y:5": 3.1012385389497, "y:6": 1.1277458766852426}, "16": {"y:0": 2.936854613311516, "y:1": 5.502228688367051, "y:2": 10.541382137864378, "y:3": 6.6162458688431895, "y:4": 6.869567704845505, "y:5": 3.591139118795755, "y:6": 1.271346606111223}, "17": {"y:0": 2.9634273129176596, "y:1": 6.833052874010616, "y:2": 11.11232216640864, "y:3": 9.279023484409262, "y:4": 8.70076742356922, "y:5": 4.199784756798387, "y:6": 1.3364800358545181}, "18": {"y:0": 3.467188150650298, "y:1": 8.413476776966503, "y:2": 13.10081048039973, "y:3": 11.128762128838492, "y:4": 9.758454348932384, "y:5": 5.141457775488007, "y:6": 1.6753372293227993}, "19": {"y:0": 4.09107779299736, "y:1": 9.754489853827604, "y:2": 16.01921946225124, "y:3": 14.449131237256331, "y:4": 10.930180123870317, "y:5": 6.113325999508576, "y:6": 1.710332440240728}, "20": {"y:0": 4.765696469378849, "y:1": 12.044058964998102, "y:2": 17.782486199732045, "y:3": 16.796602322970784, "y:4": 12.12753080036429, "y:5": 6.84038639917915, "y:6": 2.03494396348469}, "21": {"y:0": 5.475293483587842, "y:1": 14.134303440087661, "y:2": 21.690205159942575, "y:3": 20.220651264331007, "y:4": 13.788621556772217, "y:5": 7.68996934105692, "y:6": 2.1060619178165614}, "22": {"y:0": 6.783600869926424, "y:1": 17.247418407088542, "y:2": 23.40420233638943, "y:3": 22.19568351727185, "y:4": 14.805028123821605, "y:5": 8.533077638730022, "y:6": 2.3593954260711576}, "23": {"y:0": 7.752178641091706, "y:1": 20.71029182210981, "y:2": 27.6530625738513, "y:3": 25.85050859682751, "y:4": 16.94139561192948, "y:5": 9.937089252498621, "y:6": 2.632745705475173}, "24": {"y:0": 9.991079752022236, "y:1": 25.523092581419938, "y:2": 30.920319447668913, "y:3": 28.186838224217297, "y:4": 18.060314429801757, "y:5": 10.565858704788376, "y:6": 2.9826257274084167}, "25": {"y:0": 11.931930272849435, "y:1": 31.242608828921842, "y:2": 35.041993312722646, "y:3": 30.699715519791955, "y:4": 19.688625690735506, "y:5": 11.270651859869194, "y:6": 3.4845454759489}, "26": {"y:0": 16.503800052021077, "y:1": 35.678031079040224, "y:2": 39.23255419349598, "y:3": 32.471868658146576, "y:4": 20.75026389931445, "y:5": 11.442249963320133, "y:6": 3.9375142271315426}, "27": {"y:0": 18.271957248012015, "y:1": 42.85962693395448, "y:2": 40.93487978719001, "y:3": 33.132584429865446, "y:4": 21.292856987293266, "y:5": 12.785899873577504, "y:6": 4.253118780580892}, "28": {"y:0": 23.404825297985624, "y:1": 45.28444902110742, "y:2": 44.31844473508181, "y:3": 36.3075299396761, "y:4": 22.29410258009381, "y:5": 13.508578180984665, "y:6": 4.800916465186266}, "29": {"y:0": 26.844529564715398, "y:1": 51.81416085480483, "y:2": 46.77527176844212, "y:3": 37.21328040123765, "y:4": 23.28093314854026, "y:5": 13.658992559356626, "y:6": 5.338951334080846}, "30": {"y:0": 31.863693286440796, "y:1": 50.560499259161205, "y:2": 45.16656378055998, "y:3": 35.84983177352623, "y:4": 22.445266090532964, "y:5": 14.155691685872235, "y:6": 5.763605284642149}}