{"0": {"y:0": 0.012816603839382521, "y:1": 0.17487736159024028, "y:2": 0.4105214126649051, "y:3": 0.39397748377354425, "y:4": 0.3505854143715266, "y:5": 0.047637139270219675, "y:6": 0.002197636262945928}, "1": {"y:0": 0.013131611261079148, "y:1": 0.18230678139403844, "y:2": 0.41736841837539357, "y:3": 0.41597281429400956, "y:4": 0.35585990881654167, "y:5": 0.04735349513360472, "y:6": 0.0021168134553067545}, "2": {"y:0": 0.08943727654515234, "y:1": 0.3762516276769824, "y:2": 0.45974156387217124, "y:3": 0.47520484560260157, "y:4": 0.4263119574236022, "y:5": 0.14160526836784812, "y:6": 0.014329774610926781}, "3": {"y:0": 0.1751870618819472, "y:1": 0.5691570544764034, "y:2": 0.6744268217095558, "y:3": 0.6993625564110095, "y:4": 0.6316078162313317, "y:5": 0.2084162694384882, "y:6": 0.027559592150421267}, "4": {"y:0": 0.4244287746912193, "y:1": 0.7901649499598047, "y:2": 0.8295705752018603, "y:3": 0.8135262463515163, "y:4": 0.6898096811139122, "y:5": 0.31164039584262926, "y:6": 0.07234433829748305}, "5": {"y:0": 0.6458630567531528, "y:1": 1.071456921226672, "y:2": 1.13893205791034, "y:3": 1.1138743076049453, "y:4": 0.8849799516654906, "y:5": 0.42005213027404126, "y:6": 0.1070355934313237}, "6": {"y:0": 0.7017592233010008, "y:1": 1.3535147581298264, "y:2": 1.4405551762762103, "y:3": 1.4972789714688601, "y:4": 1.1855568694552543, "y:5": 0.5389057038010485, "y:6": 0.12369985268445312}, "7": {"y:0": 1.4528596670941458, "y:1": 2.2104446050327184, "y:2": 2.2060926489851886, "y:3": 2.2280142301069614, "y:4": 1.7681617004340866, "y:5": 0.8792266880022092, "y:6": 0.2536764656643806}, "8": {"y:0": 2.0127391059796933, "y:1": 3.1228915744968706, "y:2": 3.3014773597966234, "y:3": 3.2612759535394162, "y:4": 2.6083901429325307, "y:5": 1.1899106585892247, "y:6": 0.35189619699858876}, "9": {"y:0": 3.038571117046897, "y:1": 4.355815565323875, "y:2": 4.638709664365376, "y:3": 4.744878809471878, "y:4": 3.4941258133027526, "y:5": 1.5827475370717197, "y:6": 0.5076729235989609}, "10": {"y:0": 3.88947981086838, "y:1": 6.237201616278304, "y:2": 6.997393553827493, "y:3": 6.7764952497896145, "y:4": 4.42435971517934, "y:5": 1.9784411884069535, "y:6": 0.6586797722385712}, "11": {"y:0": 5.336820856106133, "y:1": 8.306822886061129, "y:2": 9.478713096306477, "y:3": 9.17833969012784, "y:4": 5.665335035512161, "y:5": 2.6449434587530205, "y:6": 0.9032563798656132}, "12": {"y:0": 6.6771791915305645, "y:1": 10.298251766597147, "y:2": 12.069334634991908, "y:3": 11.55088345962025, "y:4": 7.32182489405818, "y:5": 3.3532073363146297, "y:6": 1.1610180653961506}, "13": {"y:0": 8.555826908841116, "y:1": 12.21907560889768, "y:2": 14.384413512407765, "y:3": 13.245804669070745, "y:4": 9.45194212307177, "y:5": 4.484918167791136, "y:6": 1.5212057049727865}, "14": {"y:0": 9.001047616084664, "y:1": 14.099992418308547, "y:2": 17.93995379566521, "y:3": 13.20816261111882, "y:4": 11.691275908063774, "y:5": 5.344501390635563, "y:6": 1.7823785617334864}, "15": {"y:0": 7.557888283514337, "y:1": 13.146050211916705, "y:2": 18.379251851934747, "y:3": 13.41789040175044, "y:4": 13.059198423142213, "y:5": 6.167823324489747, "y:6": 2.0926449924041908}, "16": {"y:0": 7.127728166792192, "y:1": 13.772895394196144, "y:2": 20.936252963955837, "y:3": 17.71328059493406, "y:4": 13.195890818505385, "y:5": 6.699054757013316, "y:6": 2.340909552631799}, "17": {"y:0": 7.4233154262598955, "y:1": 16.8946756794417, "y:2": 23.618056280910736, "y:3": 20.360063734251334, "y:4": 16.83676469363231, "y:5": 8.99180544822218, "y:6": 2.917510666200638}, "18": {"y:0": 8.644043391194103, "y:1": 19.96619125484752, "y:2": 28.78724666609691, "y:3": 26.594181441421725, "y:4": 18.785796296496265, "y:5": 9.59193476968102, "y:6": 3.3273192099468867}, "19": {"y:0": 9.839241301150556, "y:1": 24.70525218318112, "y:2": 32.67140137259978, "y:3": 32.01880369204543, "y:4": 22.51067875030185, "y:5": 11.581390047749267, "y:6": 3.586396857466437}, "20": {"y:0": 11.212091163301903, "y:1": 29.18713605756926, "y:2": 40.34532377612716, "y:3": 39.72505886707674, "y:4": 24.837827597052733, "y:5": 13.342974234029853, "y:6": 3.9025879393282876}, "21": {"y:0": 13.532421723312716, "y:1": 34.695666603269444, "y:2": 44.85834613588263, "y:3": 44.004323744908866, "y:4": 29.253611712048276, "y:5": 16.712733863223697, "y:6": 4.319523206560094}, "22": {"y:0": 16.834736334754858, "y:1": 41.62559448874824, "y:2": 55.89738193364946, "y:3": 51.31201915921676, "y:4": 29.744300061703157, "y:5": 16.50611530985185, "y:6": 4.771235997472679}, "23": {"y:0": 19.497296552631255, "y:1": 47.978250859013635, "y:2": 57.758519585750676, "y:3": 53.6405443113272, "y:4": 34.1196736011176, "y:5": 19.397404351901052, "y:6": 5.410627754857135}, "24": {"y:0": 24.945801045019447, "y:1": 59.99318640897888, "y:2": 69.68993901528475, "y:3": 59.89737250567828, "y:4": 37.413467870720865, "y:5": 20.601814825080375, "y:6": 6.051721229297167}, "25": {"y:0": 28.941089381006712, "y:1": 68.76524995409537, "y:2": 78.14686914051504, "y:3": 62.28524317355894, "y:4": 38.69543338179867, "y:5": 22.590715903518934, "y:6": 6.998470059464353}, "26": {"y:0": 37.01314680829239, "y:1": 79.95156093311307, "y:2": 80.95354388672409, "y:3": 67.51567194220075, "y:4": 44.329116292426974, "y:5": 24.87334858071962, "y:6": 7.889751557068356}, "27": {"y:0": 41.552428205990694, "y:1": 88.49284978143677, "y:2": 88.32382152194104, "y:3": 69.52723669281785, "y:4": 42.84265432847622, "y:5": 24.64522942825987, "y:6": 8.923757288794002}, "28": {"y:0": 46.082095138248235, "y:1": 89.5496601782761, "y:2": 87.78412128369061, "y:3": 67.72989393503623, "y:4": 40.958893662819655, "y:5": 22.993421647530173, "y:6": 8.80720147147761}, "29": {"y:0": 58.92007704498556, "y:1": 111.07645344282167, "y:2": 99.60787767661859, "y:3": 74.03144174569005, "y:4": 45.893937002511635, "y:5": 25.44234241168133, "y:6": 10.615209365560347}}