{"0": {"y:0": 0.006889458313335443, "y:1": 0.09468007027445827, "y:2": 0.2063728302768882, "y:3": 0.20600042302369215, "y:4": 0.12096045155302583, "y:5": 0.019577252980063485, "y:6": 0.0010418199809205779}, "1": {"y:0": 0.007642531861065825, "y:1": 0.10258820751885392, "y:2": 0.20468072410061547, "y:3": 0.20313670458593622, "y:4": 0.12117235295925684, "y:5": 0.021260462467469692, "y:6": 0.0012087751400432075}, "2": {"y:0": 0.043553065016728766, "y:1": 0.19623467280415025, "y:2": 0.24428708671154498, "y:3": 0.24584479571420897, "y:4": 0.16902030568590326, "y:5": 0.046660952776762236, "y:6": 0.006235100939105445}, "3": {"y:0": 0.08844298119881569, "y:1": 0.2926212452518578, "y:2": 0.37732570493665557, "y:3": 0.3873589332730499, "y:4": 0.2619720138496475, "y:5": 0.07216491315570348, "y:6": 0.012275716432587878}, "4": {"y:0": 0.18791212119826498, "y:1": 0.379913295844047, "y:2": 0.4411095714685121, "y:3": 0.4581866130769985, "y:4": 0.32590874823092075, "y:5": 0.12028608914763145, "y:6": 0.027833879989003538}, "5": {"y:0": 0.28628827576899973, "y:1": 0.559450828919083, "y:2": 0.6093664807559686, "y:3": 0.6355582423206053, "y:4": 0.46062934461770244, "y:5": 0.17495057470677564, "y:6": 0.04336621575998849}, "6": {"y:0": 0.526806898788567, "y:1": 0.7418048040926506, "y:2": 0.7740246093149125, "y:3": 0.7951953622138338, "y:4": 0.6305902720726649, "y:5": 0.27976424174858955, "y:6": 0.07826836312939692}, "7": {"y:0": 0.7286323860230643, "y:1": 0.9958299205813511, "y:2": 1.0303882439333225, "y:3": 1.0512689602329983, "y:4": 0.8427444294009128, "y:5": 0.4261839768585574, "y:6": 0.12866258478180279}, "8": {"y:0": 1.109670740862826, "y:1": 1.4331055831672614, "y:2": 1.451650973283928, "y:3": 1.4202725599796209, "y:4": 1.1540194215346091, "y:5": 0.5860906012444311, "y:6": 0.19446368197837677}, "9": {"y:0": 1.4983273646429882, "y:1": 1.9962461309350197, "y:2": 2.1736465124570135, "y:3": 2.208035397037951, "y:4": 1.7603261165353346, "y:5": 0.8389576985378918, "y:6": 0.26987912153683047}, "10": {"y:0": 1.8379270373865966, "y:1": 2.6105789727873545, "y:2": 3.0461657264634696, "y:3": 2.938014677134747, "y:4": 2.0881487697921286, "y:5": 1.0252477590402007, "y:6": 0.35382735565409873}, "11": {"y:0": 2.307048015464721, "y:1": 3.2380391000640087, "y:2": 4.188436557923947, "y:3": 3.8540598014482845, "y:4": 2.64059877816961, "y:5": 1.277906186989118, "y:6": 0.47764710627623747}, "12": {"y:0": 2.7762019570306844, "y:1": 3.9488191509075476, "y:2": 5.240176968445814, "y:3": 4.280358975781255, "y:4": 3.3926569553816632, "y:5": 1.6174982606339254, "y:6": 0.5828512254355734}, "13": {"y:0": 3.0296109613161994, "y:1": 4.458505400439031, "y:2": 6.602630101802671, "y:3": 4.835207120731587, "y:4": 4.08664004798616, "y:5": 2.057155287757123, "y:6": 0.7496455476308906}, "14": {"y:0": 3.1455852898092607, "y:1": 4.978158176372562, "y:2": 7.978818232865317, "y:3": 5.150286657086389, "y:4": 5.090426156055354, "y:5": 2.4860903131987055, "y:6": 0.8924956515819437}, "15": {"y:0": 2.9701273710752396, "y:1": 5.142064638668828, "y:2": 9.234187685741462, "y:3": 5.857283611398633, "y:4": 6.197914058289098, "y:5": 3.008168351162169, "y:6": 1.092361375346539}, "16": {"y:0": 2.909284162392302, "y:1": 5.362563506437374, "y:2": 10.893536576959484, "y:3": 6.567888586398795, "y:4": 7.147956519754649, "y:5": 3.5260423152742115, "y:6": 1.2846194604449284}, "17": {"y:0": 2.9019302114636294, "y:1": 6.4165524880954905, "y:2": 11.751727058330484, "y:3": 9.254666585520992, "y:4": 7.881158520966962, "y:5": 4.133228809059581, "y:6": 1.333266615646647}, "18": {"y:0": 3.3050146723677125, "y:1": 7.785614192475013, "y:2": 13.951773137108983, "y:3": 11.39666522080216, "y:4": 8.893317158798457, "y:5": 4.932305950443791, "y:6": 1.5908160353045742}, "19": {"y:0": 3.642060273015533, "y:1": 9.478640074580925, "y:2": 15.553842552666886, "y:3": 14.725803704526362, "y:4": 11.038015228652762, "y:5": 5.795679345581831, "y:6": 1.7030086296339695}, "20": {"y:0": 4.677383112883808, "y:1": 11.871939230429803, "y:2": 17.354559404407123, "y:3": 17.50880401060458, "y:4": 12.965350987281917, "y:5": 6.762459045253549, "y:6": 1.9399525751481073}, "21": {"y:0": 5.450699234457633, "y:1": 14.859738154016876, "y:2": 21.766286608242083, "y:3": 21.35764037658835, "y:4": 14.717907933202246, "y:5": 7.4247820719594, "y:6": 2.106336071099256}, "22": {"y:0": 6.6335793797825175, "y:1": 17.915859888317996, "y:2": 23.165887883177056, "y:3": 23.591322838789278, "y:4": 16.3878325984569, "y:5": 8.818830573979364, "y:6": 2.436914301988138}, "23": {"y:0": 8.117421877322801, "y:1": 21.206555118980177, "y:2": 28.316451447426463, "y:3": 25.556486564582336, "y:4": 16.74511940724693, "y:5": 9.834852077728975, "y:6": 2.6662479152003016}, "24": {"y:0": 9.976971320359555, "y:1": 26.68063143036836, "y:2": 32.29364960435416, "y:3": 27.990391119392083, "y:4": 18.80189561345319, "y:5": 11.215081075853767, "y:6": 3.0772168790364134}, "25": {"y:0": 12.545156210966264, "y:1": 30.788575269847428, "y:2": 36.926755723267966, "y:3": 30.70776388740138, "y:4": 19.095539655303035, "y:5": 11.432505653990013, "y:6": 3.4638942177982917}, "26": {"y:0": 14.464588771068136, "y:1": 36.13608584924569, "y:2": 39.63083778112849, "y:3": 33.3827029876054, "y:4": 20.992464335312043, "y:5": 12.275922185235892, "y:6": 4.034795655104119}, "27": {"y:0": 18.378677731348628, "y:1": 40.17487523453009, "y:2": 43.890492712501555, "y:3": 36.116105610910274, "y:4": 22.019508110311698, "y:5": 13.054133205615267, "y:6": 4.614987307771857}, "28": {"y:0": 22.315034197344605, "y:1": 48.510305804106004, "y:2": 48.09949830825084, "y:3": 35.783888140561146, "y:4": 22.369352499134287, "y:5": 12.84981727506544, "y:6": 4.954734653360791}, "29": {"y:0": 27.081115779049643, "y:1": 49.954301136816994, "y:2": 47.45098662262786, "y:3": 36.81726916680781, "y:4": 23.5163846780703, "y:5": 14.23712290984019, "y:6": 5.467029469794931}, "30": {"y:0": 33.02380275673593, "y:1": 53.475817691139525, "y:2": 50.91957787187433, "y:3": 39.66430760438107, "y:4": 24.78359603950986, "y:5": 14.8116045432927, "y:6": 6.170641446424167}}