{"0": {"y:0": 0.12807590018189047, "y:1": 0.024192783366983946, "y:2": 0.12083082413330755, "y:3": 0.017602204363614347, "y:4": 0.14045740244186627, "y:5": 0.014533020110601128, "y:6": 0.1415670333996937, "y:7": 0.015462455357880775, "y:8": 0.11823803335844028, "y:9": 0.018657307183068357, "y:10": 0.1333135818607377, "y:11": 0.022788680353345137, "y:12": 0.11046812861529974, "y:13": 0.023573428848150845, "y:14": 0.12176143601845997, "y:15": 0.027873148372708115, "y:16": 0.13422954642528898, "y:17": 0.028734711056106345, "y:18": 0.14498597561435103, "y:19": 0.03353005939127549, "y:20": 0.132068880097776, "y:21": 0.04227137970966999, "y:22": 0.12287796263195813, "y:23": 0.039566601730568876, "y:24": 0.12474221577467, "y:25": 0.047450653032761574, "y:26": 0.13876122668052945, "y:27": 0.04399132146009968, "y:28": 0.1302935534033705, "y:29": 0.04660596708316825, "y:30": 0.1299950961321177, "y:31": 0.049159214778009205}}