{"0": {"y:0": 73.63377306890389, "y:1": 6.61792105251334, "y:2": 5.051836663165644, "y:3": 4.432106004411766, "y:4": 4.256405499989634, "y:5": 3.834496146298878, "y:6": 3.50514687709094, "y:7": 3.43583936704953, "y:8": 3.244838581846489, "y:9": 3.2429929186438535}, "1": {"y:0": 76.0916138884344, "y:1": 7.5478294370175005, "y:2": 5.523735609702646, "y:3": 4.703254418619102, "y:4": 4.409588019052381, "y:5": 3.9307075469956296, "y:6": 3.7594455531098787, "y:7": 3.595630782416307, "y:8": 3.3857664478055565, "y:9": 3.330931330626897}, "2": {"y:0": 71.77538576007103, "y:1": 17.299156744846112, "y:2": 12.145148067294848, "y:3": 10.362034223334993, "y:4": 9.056802991598586, "y:5": 8.32599387993689, "y:6": 7.67207030509827, "y:7": 7.186757718046081, "y:8": 6.942453282600247, "y:9": 6.596744593572858}, "3": {"y:0": 75.10434909756295, "y:1": 11.312063614038065, "y:2": 9.212094767765985, "y:3": 8.049345644322957, "y:4": 7.43089590050646, "y:5": 6.863426122458795, "y:6": 6.714298177606795, "y:7": 6.3086302475162315, "y:8": 6.235667217722252, "y:9": 5.91407049942818}, "4": {"y:0": 76.2127865499948, "y:1": 11.675123318562862, "y:2": 11.583145995421875, "y:3": 11.337970551119755, "y:4": 10.338107790420821, "y:5": 9.581538576236216, "y:6": 9.008995841316505, "y:7": 8.506870030740453, "y:8": 8.133189025427317, "y:9": 7.712845539340899}, "5": {"y:0": 75.94583445152338, "y:1": 12.78412727443506, "y:2": 12.37823185619006, "y:3": 12.848148998251851, "y:4": 12.753554418932199, "y:5": 11.954460388166188, "y:6": 10.893108706112134, "y:7": 10.24178365713094, "y:8": 9.555912845363588, "y:9": 8.975444577851208}, "6": {"y:0": 73.27947834200397, "y:1": 20.51828054522925, "y:2": 16.835649973876613, "y:3": 16.67926459842932, "y:4": 16.352123120345937, "y:5": 15.756052047853279, "y:6": 14.555919968330771, "y:7": 12.884874467022584, "y:8": 12.12385226437854, "y:9": 11.263159401133509}, "7": {"y:0": 71.56327499459012, "y:1": 28.39297427648241, "y:2": 23.064930934122273, "y:3": 23.449530428083797, "y:4": 24.343090909122704, "y:5": 23.374108972421315, "y:6": 22.291787664217136, "y:7": 19.93332102752266, "y:8": 18.193638366207388, "y:9": 15.65232793144864}, "8": {"y:0": 72.85175177475422, "y:1": 34.00936648534248, "y:2": 28.003233962718962, "y:3": 30.825059733545064, "y:4": 32.12952250690971, "y:5": 31.579083746456686, "y:6": 28.42397453708015, "y:7": 25.20463021377807, "y:8": 20.78580294143057, "y:9": 18.1973733809331}, "9": {"y:0": 74.34354103273606, "y:1": 36.628222975468084, "y:2": 31.38364153478288, "y:3": 34.65797504781534, "y:4": 39.358578404299045, "y:5": 41.26169251986341, "y:6": 39.66509253414625, "y:7": 35.823816948727114, "y:8": 30.20696119615341, "y:9": 27.554145065114653}, "10": {"y:0": 73.47190756542285, "y:1": 43.84816740640708, "y:2": 39.64201197292498, "y:3": 43.0844628333522, "y:4": 48.110897038430956, "y:5": 49.4106179980848, "y:6": 47.173667692524205, "y:7": 41.39715095703127, "y:8": 36.57834361597664, "y:9": 33.77270866686578}, "11": {"y:0": 75.94160056207728, "y:1": 51.18712839095793, "y:2": 45.710864401413026, "y:3": 48.341075527834754, "y:4": 53.474051494600516, "y:5": 58.78856514483424, "y:6": 55.51397850563002, "y:7": 50.84644514694573, "y:8": 45.00102256604351, "y:9": 41.399948525831206}, "12": {"y:0": 75.56533876977504, "y:1": 55.66587963917592, "y:2": 50.46473072318918, "y:3": 54.75345073332458, "y:4": 58.3609777485566, "y:5": 59.348836954192855, "y:6": 57.27106457821887, "y:7": 54.83963144125331, "y:8": 51.27128229623885, "y:9": 46.93518902583536}, "13": {"y:0": 75.1545612604162, "y:1": 57.56906399200855, "y:2": 53.73841585942836, "y:3": 57.05542111299995, "y:4": 62.25069687081637, "y:5": 62.70479759998487, "y:6": 61.31325559328837, "y:7": 57.774945196881305, "y:8": 54.493739508043284, "y:9": 51.15564052796804}, "14": {"y:0": 73.99366865823666, "y:1": 60.709099999264936, "y:2": 54.959469389060395, "y:3": 57.78060983522924, "y:4": 61.73685022449432, "y:5": 63.416010788898014, "y:6": 62.81897155454855, "y:7": 59.278230118720685, "y:8": 55.59452085056092, "y:9": 53.91632042515128}, "15": {"y:0": 74.02256555848207, "y:1": 60.97488132476272, "y:2": 57.125113472542466, "y:3": 59.15294496884653, "y:4": 63.67399358604833, "y:5": 64.4043104861328, "y:6": 63.91586836971023, "y:7": 62.15201005586647, "y:8": 59.38642814199537, "y:9": 56.43457042624398}, "16": {"y:0": 74.9740592251071, "y:1": 62.0094065828708, "y:2": 57.74681110149927, "y:3": 59.532829728805396, "y:4": 63.96475553020255, "y:5": 65.3970754078029, "y:6": 65.24252610079317, "y:7": 62.846323749309796, "y:8": 60.181406550855904, "y:9": 57.08706927081277}}