{"0": {"y:0": 0.12223918930880269, "y:1": 0.02469784998144744, "y:2": 0.12359134368047017, "y:3": 0.016219908575142206, "y:4": 0.12066676606268256, "y:5": 0.015809587232225655, "y:6": 0.13738746133480284, "y:7": 0.016821942865027754, "y:8": 0.12375099147287139, "y:9": 0.023018022226027446, "y:10": 0.13114192074424702, "y:11": 0.026649792953826176, "y:12": 0.15365950368192374, "y:13": 0.03502291595243652, "y:14": 0.13172561073309746, "y:15": 0.03372016979870339, "y:16": 0.13624899927287426, "y:17": 0.03585472837999263, "y:18": 0.1195970151291433, "y:19": 0.043646078642728764, "y:20": 0.13843579355361502, "y:21": 0.05169713365883672, "y:22": 0.15871942068842246, "y:23": 0.04687632254228417, "y:24": 0.13724411635694098, "y:25": 0.0554610876633814, "y:26": 0.15384527388022717, "y:27": 0.05206149777784042, "y:28": 0.133329265012985, "y:29": 0.057062986599673245, "y:30": 0.11361460342288676, "y:31": 0.04948990257733617}, "1": {"y:0": 0.12114858768305646, "y:1": 0.02851308869910627, "y:2": 0.12072015700642155, "y:3": 0.01932964043450908, "y:4": 0.13189582783295, "y:5": 0.015950203516403152, "y:6": 0.12036597268531488, "y:7": 0.016635372548037198, "y:8": 0.11850305067136072, "y:9": 0.01849691260698967, "y:10": 0.13686307773358175, "y:11": 0.021459790865659023, "y:12": 0.14067984661362723, "y:13": 0.023247404459540332, "y:14": 0.1257703592445835, "y:15": 0.026383489982786435, "y:16": 0.13860942158386327, "y:17": 0.032790253552940685, "y:18": 0.14471419561720258, "y:19": 0.03771972595474899, "y:20": 0.13740134392344042, "y:21": 0.03947947974738517, "y:22": 0.13680050958968448, "y:23": 0.043338799841567376, "y:24": 0.12465356386136785, "y:25": 0.04262033309713741, "y:26": 0.12276363345701198, "y:27": 0.04279360453269693, "y:28": 0.13620883246052792, "y:29": 0.051184818431716524, "y:30": 0.1456425392252448, "y:31": 0.05214206450556554}, "2": {"y:0": 0.13932379368268138, "y:1": 0.07149652634608411, "y:2": 0.13385722689858934, "y:3": 0.05505867016357849, "y:4": 0.13978154494751402, "y:5": 0.04474207950969431, "y:6": 0.13889761396269135, "y:7": 0.03713551637014392, "y:8": 0.13908099795921372, "y:9": 0.030967624311495662, "y:10": 0.1413042795671317, "y:11": 0.02709372802413898, "y:12": 0.1544401445583097, "y:13": 0.026576495828183676, "y:14": 0.14268723919416354, "y:15": 0.023549734903263328, "y:16": 0.13037412265302228, "y:17": 0.02276685461626159, "y:18": 0.1569546453243476, "y:19": 0.02095277546980434, "y:20": 0.1325355946035205, "y:21": 0.020368787622729288, "y:22": 0.12576771717729987, "y:23": 0.019815513482205418, "y:24": 0.13574956023149756, "y:25": 0.020092210395111887, "y:26": 0.12494586283023781, "y:27": 0.019585586164756853, "y:28": 0.13608302750194368, "y:29": 0.01930218948332244, "y:30": 0.13968903488312076, "y:31": 0.020070409721698372}, "3": {"y:0": 0.1124553571046533, "y:1": 0.07505417887775721, "y:2": 0.12826159250436603, "y:3": 0.05933134579317583, "y:4": 0.12266573954558041, "y:5": 0.048276096142860894, "y:6": 0.12784309065328436, "y:7": 0.043709951354745556, "y:8": 0.1262519491256239, "y:9": 0.03827309287291101, "y:10": 0.1335643738757043, "y:11": 0.03394964412183891, "y:12": 0.13379136148671975, "y:13": 0.030897653820069905, "y:14": 0.12264653124815977, "y:15": 0.029696436476482336, "y:16": 0.12308289724836416, "y:17": 0.02624559688223075, "y:18": 0.12844259261295593, "y:19": 0.024810254784615238, "y:20": 0.11820139274076435, "y:21": 0.023896367405923002, "y:22": 0.12823780628435325, "y:23": 0.022108136325134108, "y:24": 0.12703029777133193, "y:25": 0.02234910629874834, "y:26": 0.12122916925150816, "y:27": 0.021406010721729336, "y:28": 0.12462416706914006, "y:29": 0.020392761539613464, "y:30": 0.12318747568268885, "y:31": 0.02065611548274138}, "4": {"y:0": 0.0796117462101724, "y:1": 0.03879142477262509, "y:2": 0.09779841748768676, "y:3": 0.030898217392865735, "y:4": 0.10596942639229075, "y:5": 0.02492480992541993, "y:6": 0.10655049632731309, "y:7": 0.02157035395819905, "y:8": 0.10702933272816104, "y:9": 0.01900092238224447, "y:10": 0.10507525071121666, "y:11": 0.01792978657828502, "y:12": 0.10546588733627481, "y:13": 0.017497498233245562, "y:14": 0.1062612813368826, "y:15": 0.016491567844121348, "y:16": 0.10706638606040328, "y:17": 0.017196107385901615, "y:18": 0.10260191684357713, "y:19": 0.017537889096018486, "y:20": 0.10839105366533937, "y:21": 0.017828658202419186, "y:22": 0.10498634105566391, "y:23": 0.019629189280049503, "y:24": 0.10245112642997675, "y:25": 0.020465225478067273, "y:26": 0.10919682244138368, "y:27": 0.020484474173313234, "y:28": 0.10448715138905432, "y:29": 0.02263890697623076, "y:30": 0.10048662249531833, "y:31": 0.024658803695871666}, "5": {"y:0": 0.05529362847413229, "y:1": 0.01667469027440204, "y:2": 0.06243414764517885, "y:3": 0.026380799517056793, "y:4": 0.06235751685071978, "y:5": 0.03194846044206591, "y:6": 0.06696799403833546, "y:7": 0.03961679982958234, "y:8": 0.06152334673350725, "y:9": 0.03896361698829225, "y:10": 0.05674390400367859, "y:11": 0.04532304767798502, "y:12": 0.05991094120291007, "y:13": 0.05468039125208038, "y:14": 0.05553661425587357, "y:15": 0.05217621477516903, "y:16": 0.054513718352631024, "y:17": 0.05097543295812058, "y:18": 0.051997311057642485, "y:19": 0.06021941732032648, "y:20": 0.051834009722500796, "y:21": 0.061282018673910796, "y:22": 0.051958965959542726, "y:23": 0.06304593973564108, "y:24": 0.05504928910009319, "y:25": 0.06290148950048491, "y:26": 0.049821597774368266, "y:27": 0.060565924033646905, "y:28": 0.04725685636444376, "y:29": 0.0626667728308017, "y:30": 0.04789029541963521, "y:31": 0.06692678071432766}, "6": {"y:0": 0.07289286328935832, "y:1": 0.052637904745320506, "y:2": 0.057277269489642645, "y:3": 0.08173545116303066, "y:4": 0.060246359107479316, "y:5": 0.10462422109561256, "y:6": 0.05198340061062162, "y:7": 0.10124332155352447, "y:8": 0.04977603133759296, "y:9": 0.11580794660115329, "y:10": 0.0472374546099255, "y:11": 0.1009993772183845, "y:12": 0.04658373834810275, "y:13": 0.10584936173189072, "y:14": 0.041326613121410574, "y:15": 0.10968189286903816, "y:16": 0.03707804563463909, "y:17": 0.11661043231735452, "y:18": 0.03877088208651272, "y:19": 0.11910705324390373, "y:20": 0.0323716591807398, "y:21": 0.11807634638052444, "y:22": 0.029910071596455427, "y:23": 0.1234745657834985, "y:24": 0.028013460319115762, "y:25": 0.12726056922894463, "y:26": 0.025597256439090773, "y:27": 0.11684299185897111, "y:28": 0.02452819268945912, "y:29": 0.12184729212474502, "y:30": 0.024330731348590286, "y:31": 0.11869168319281191}, "7": {"y:0": 0.05094627634755605, "y:1": 0.014532407216520665, "y:2": 0.04554981483024903, "y:3": 0.015816453052013724, "y:4": 0.04547507281444021, "y:5": 0.0180537462354241, "y:6": 0.04623663042617403, "y:7": 0.020370580835612478, "y:8": 0.04482049078029053, "y:9": 0.022585925251178734, "y:10": 0.040948796436601015, "y:11": 0.02576146282791917, "y:12": 0.044345780249607926, "y:13": 0.031121113946009974, "y:14": 0.03808543601699952, "y:15": 0.030739534606032813, "y:16": 0.03701491342576755, "y:17": 0.0329888518905499, "y:18": 0.03468097755918823, "y:19": 0.03506194482023903, "y:20": 0.03481900258178423, "y:21": 0.03631332611288294, "y:22": 0.030815449868393234, "y:23": 0.0402510045014137, "y:24": 0.03153308851482782, "y:25": 0.04464120279225107, "y:26": 0.03094673658458159, "y:27": 0.048610501137896875, "y:28": 0.030613408382276955, "y:29": 0.051041994003956814, "y:30": 0.029897002431748906, "y:31": 0.05268674941855067}, "8": {"y:0": 0.04654911634860746, "y:1": 0.032834070917726804, "y:2": 0.0576911119233523, "y:3": 0.019811413455780035, "y:4": 0.06548683529187999, "y:5": 0.01816843542414839, "y:6": 0.0796265320590042, "y:7": 0.01883106695351282, "y:8": 0.08858480790014771, "y:9": 0.018274325348269792, "y:10": 0.08352309258297333, "y:11": 0.01841462357164511, "y:12": 0.08048643811215975, "y:13": 0.018390704359094096, "y:14": 0.08750174099561513, "y:15": 0.018902770295729197, "y:16": 0.0859920068607215, "y:17": 0.01984198165930562, "y:18": 0.08874427552826143,