{"0": {"y:0": 0.015449237509153042, "y:1": 0.1917561499585696, "y:2": 0.38528855757536173, "y:3": 0.39287691962626653, "y:4": 0.350539932943532, "y:5": 0.04819514167508138, "y:6": 0.0024440788273139306}, "1": {"y:0": 0.016058920737842933, "y:1": 0.19214369956891625, "y:2": 0.40659914940271885, "y:3": 0.4090329484503721, "y:4": 0.3757359450149928, "y:5": 0.05065567718217656, "y:6": 0.0024128265822677846}, "2": {"y:0": 0.03886088662334752, "y:1": 0.3331326641524092, "y:2": 0.6444181585117965, "y:3": 0.6988046812034724, "y:4": 0.558641692991371, "y:5": 0.08421307601868765, "y:6": 0.0055212591295081305}, "3": {"y:0": 0.07533723480153871, "y:1": 0.5591876213842338, "y:2": 0.9982382383056363, "y:3": 1.0392969803727239, "y:4": 0.7166457101707644, "y:5": 0.11945666085921319, "y:6": 0.010874794148845155}, "4": {"y:0": 0.14316233992817673, "y:1": 0.8826467748347222, "y:2": 1.469998535142764, "y:3": 1.5568539451485295, "y:4": 0.8417467918109306, "y:5": 0.1704135377467899, "y:6": 0.02048450503687001}, "5": {"y:0": 0.20253631902796113, "y:1": 1.2464489556078304, "y:2": 2.1582817634112366, "y:3": 2.365538681484561, "y:4": 1.1396551661334966, "y:5": 0.22276463728764334, "y:6": 0.026509915517942843}, "6": {"y:0": 0.272979362326187, "y:1": 1.697947423083537, "y:2": 3.0752853908307296, "y:3": 3.217630774569155, "y:4": 1.4491090914180274, "y:5": 0.29775332086749473, "y:6": 0.03646773699283621}, "7": {"y:0": 0.39182936873642504, "y:1": 2.3948042385553405, "y:2": 4.54098166585412, "y:3": 4.91780857195421, "y:4": 1.9186745134828325, "y:5": 0.4213181967920426, "y:6": 0.054968625224361634}, "8": {"y:0": 0.46825409889694414, "y:1": 3.1306551857919045, "y:2": 7.121936227334265, "y:3": 8.042980103701336, "y:4": 2.8169680178124095, "y:5": 0.5748034881816592, "y:6": 0.06496572664476524}, "9": {"y:0": 0.6885742423408691, "y:1": 4.480902641126316, "y:2": 10.066605020592315, "y:3": 12.029892997326714, "y:4": 3.170269015444282, "y:5": 0.688288268505958, "y:6": 0.09219182236016725}, "10": {"y:0": 0.7980704956262346, "y:1": 4.982404976615665, "y:2": 13.646514837505407, "y:3": 18.48121786169775, "y:4": 3.9653788576083366, "y:5": 0.8145185815204273, "y:6": 0.11133556702064215}, "11": {"y:0": 1.0060326577827952, "y:1": 6.088218399427481, "y:2": 15.436596196555083, "y:3": 25.544816615892493, "y:4": 4.55669767754004, "y:5": 1.0573327144088702, "y:6": 0.1469085455661457}, "12": {"y:0": 1.0729530805078573, "y:1": 6.397589446733629, "y:2": 17.506891383128746, "y:3": 33.94695126809933, "y:4": 4.961521446550583, "y:5": 1.1227581035171614, "y:6": 0.16084930540941197}, "13": {"y:0": 1.216448751011603, "y:1": 6.598581599834905, "y:2": 18.768453458315378, "y:3": 42.644111561262896, "y:4": 6.009327825325108, "y:5": 1.3222656823099705, "y:6": 0.20227839755200594}, "14": {"y:0": 1.3008393249057502, "y:1": 6.38394252284219, "y:2": 23.304792715717124, "y:3": 53.368183884414904, "y:4": 6.953702925534581, "y:5": 1.5144760617766295, "y:6": 0.2389995585239751}, "15": {"y:0": 1.492250500891356, "y:1": 6.670467666804069, "y:2": 28.105255414331623, "y:3": 65.26087166842196, "y:4": 8.012355725680148, "y:5": 1.8381309829814367, "y:6": 0.3043960978133641}, "16": {"y:0": 1.6754097036772257, "y:1": 6.903381767078321, "y:2": 32.498864859974475, "y:3": 70.70613441313412, "y:4": 9.757571143258666, "y:5": 2.076462963689653, "y:6": 0.34887936295293565}, "17": {"y:0": 1.8513598019997282, "y:1": 7.738631067640372, "y:2": 41.503354730485974, "y:3": 77.47733874353345, "y:4": 11.515955893319543, "y:5": 2.4059143212012435, "y:6": 0.4051174127834666}, "18": {"y:0": 1.82558648705382, "y:1": 8.262142167112556, "y:2": 51.0357216395431, "y:3": 76.14516639292762, "y:4": 14.95646224547998, "y:5": 2.791559001882029, "y:6": 0.4703769414880118}, "19": {"y:0": 2.4455218107209866, "y:1": 10.05671653271767, "y:2": 60.12729018186052, "y:3": 77.60998270610722, "y:4": 16.45234950853106, "y:5": 3.5198468852421385, "y:6": 0.6254239802532601}, "20": {"y:0": 3.0142352139711623, "y:1": 11.403634768321762, "y:2": 70.93702365506257, "y:3": 78.36786980490315, "y:4": 20.7969661764455, "y:5": 4.247537347694817, "y:6": 0.7358079579360687}, "21": {"y:0": 3.5690843515259894, "y:1": 14.13544259753623, "y:2": 83.00045548048689, "y:3": 79.4555732790191, "y:4": 23.312432522727768, "y:5": 4.965909866581225, "y:6": 0.9147222779743185}, "22": {"y:0": 4.311887320560767, "y:1": 16.1475354132558, "y:2": 95.53051871354543, "y:3": 82.27571556534119, "y:4": 27.50530337607351, "y:5": 6.171336121993218, "y:6": 1.216693498905578}, "23": {"y:0": 5.018201440702141, "y:1": 19.64015405043674, "y:2": 101.35713380441037, "y:3": 82.60995679160466, "y:4": 31.62493809409534, "y:5": 7.066498592642096, "y:6": 1.291353223671461}, "24": {"y:0": 7.31540091315626, "y:1": 26.632275442047206, "y:2": 105.16608468808366, "y:3": 78.42717172986404, "y:4": 35.91884667921074, "y:5": 9.824241865205263, "y:6": 1.9121306530922115}, "25": {"y:0": 8.346550165965047, "y:1": 30.196386577662665, "y:2": 109.25430929153306, "y:3": 76.66708920342167, "y:4": 38.97274966045907, "y:5": 10.424156997906717, "y:6": 2.122380888251513}, "26": {"y:0": 9.965531197199729, "y:1": 36.050885239428446, "y:2": 106.99293942580393, "y:3": 78.74447553000569, "y:4": 44.330903133764785, "y:5": 13.159935656743235, "y:6": 2.603783344828407}, "27": {"y:0": 11.503029092873282, "y:1": 41.08574152621228, "y:2": 109.66540719760972, "y:3": 81.11322899792862, "y:4": 45.29576636873901, "y:5": 14.493495268211099, "y:6": 2.8361306914724}, "28": {"y:0": 14.055986297925664, "y:1": 48.51679390652501, "y:2": 110.1881797959187, "y:3": 80.03711872533587, "y:4": 48.193302437633506, "y:5": 16.249309132304393, "y:6": 3.4072224706326426}, "29": {"y:0": 15.484951651176338, "y:1": 53.76827490237898, "y:2": 108.08076198152884, "y:3": 76.30196431446669, "y:4": 46.60687821117923, "y:5": 18.945988428440227, "y:6": 4.067873054695412}}