{"0": {"y:0": 0.012933996601501912, "y:1": 0.1745225826801864, "y:2": 0.40816853608077497, "y:3": 0.4167371689233475, "y:4": 0.3597842637486902, "y:5": 0.04383667851472273, "y:6": 0.002054232871880032}, "1": {"y:0": 0.018004949008226235, "y:1": 0.19729641109738386, "y:2": 0.39724241907198005, "y:3": 0.4016973150178562, "y:4": 0.35266081179222086, "y:5": 0.05286853646223879, "y:6": 0.0030292221515708733}, "2": {"y:0": 0.09971847696811123, "y:1": 0.396488506075493, "y:2": 0.49191141291236884, "y:3": 0.4952497554119658, "y:4": 0.4524277101554662, "y:5": 0.14989080635359492, "y:6": 0.017270674496149982}, "3": {"y:0": 0.2221515343481009, "y:1": 0.6318593839262183, "y:2": 0.7246862943006521, "y:3": 0.7233257962815806, "y:4": 0.6319697969773849, "y:5": 0.2311931049172127, "y:6": 0.03556337855968434}, "4": {"y:0": 0.4343963545905929, "y:1": 0.7926455844720729, "y:2": 0.8402633472305944, "y:3": 0.8522304315360214, "y:4": 0.7532554549498415, "y:5": 0.36224374155882383, "y:6": 0.08047753354571278}, "5": {"y:0": 0.695529678814325, "y:1": 1.11410697057237, "y:2": 1.1437416221641512, "y:3": 1.1363798188110845, "y:4": 0.9608889907970788, "y:5": 0.4896823417775278, "y:6": 0.12459554637714003}, "6": {"y:0": 1.1620689475619839, "y:1": 1.5485144101625208, "y:2": 1.5956300505389125, "y:3": 1.6321360638234088, "y:4": 1.3032423281298173, "y:5": 0.7028464739191234, "y:6": 0.2138078079255535}, "7": {"y:0": 1.6066055789836788, "y:1": 2.0542919826850015, "y:2": 2.152705444870777, "y:3": 2.190489189059465, "y:4": 1.9072827682946185, "y:5": 1.0224846074613976, "y:6": 0.296630685836298}, "8": {"y:0": 2.098940309536068, "y:1": 2.8832716817827038, "y:2": 3.0681576422340173, "y:3": 3.0745474757786595, "y:4": 2.6207657956424573, "y:5": 1.2969484973270717, "y:6": 0.38227059906037}, "9": {"y:0": 2.9706907285238175, "y:1": 4.279860877901673, "y:2": 4.674515440816776, "y:3": 4.778125573447339, "y:4": 3.7293087936113993, "y:5": 1.6718576503411837, "y:6": 0.5231933916917062}, "10": {"y:0": 3.9190944555447174, "y:1": 5.7284448872103, "y:2": 6.492521819315985, "y:3": 6.4737881227654945, "y:4": 4.555833897776652, "y:5": 2.1961057955132004, "y:6": 0.7137109952497935}, "11": {"y:0": 5.316694945861332, "y:1": 7.291215153999673, "y:2": 8.024135914454083, "y:3": 8.695502841175184, "y:4": 5.992078627243303, "y:5": 2.829269944204375, "y:6": 0.986740564486532}, "12": {"y:0": 6.941826230079041, "y:1": 9.400508233539773, "y:2": 9.995455368231672, "y:3": 9.985837750001972, "y:4": 7.124661624380141, "y:5": 3.484333578088878, "y:6": 1.3215740317319533}, "13": {"y:0": 8.717134117034211, "y:1": 11.94882095217184, "y:2": 12.961958058434899, "y:3": 11.805001764750852, "y:4": 9.02134455050143, "y:5": 4.69373163507165, "y:6": 1.6408634521544112}, "14": {"y:0": 9.312999869394977, "y:1": 13.871046366831392, "y:2": 15.393559859133557, "y:3": 12.733902494023322, "y:4": 11.505420540386627, "y:5": 5.74350388479266, "y:6": 2.0087727168463148}, "15": {"y:0": 8.81388894933769, "y:1": 13.027821606679586, "y:2": 17.358409994482155, "y:3": 13.649764557429828, "y:4": 13.869017628056598, "y:5": 6.871373350284223, "y:6": 2.427051428934199}, "16": {"y:0": 6.494398994044909, "y:1": 12.964905283928367, "y:2": 18.11503902330035, "y:3": 15.068382862194682, "y:4": 14.610949057178084, "y:5": 7.394291458030154, "y:6": 2.404789858451255}, "17": {"y:0": 7.55160349922628, "y:1": 15.245722665678441, "y:2": 21.741034123567307, "y:3": 19.258838572928664, "y:4": 16.761017896747333, "y:5": 9.092316664379352, "y:6": 2.8639079959797775}, "18": {"y:0": 8.438795718672894, "y:1": 19.310762042215064, "y:2": 25.45708619950695, "y:3": 24.242929192763697, "y:4": 19.68096683936048, "y:5": 10.646141301787017, "y:6": 3.321718567213007}, "19": {"y:0": 9.765198676612586, "y:1": 21.94123947631143, "y:2": 29.56698391046421, "y:3": 29.41236465269847, "y:4": 23.35145132263112, "y:5": 12.452944500689531, "y:6": 3.7855557119597063}, "20": {"y:0": 11.523535005649277, "y:1": 27.89011169072527, "y:2": 35.81344873943975, "y:3": 35.85418556025875, "y:4": 27.73894742514829, "y:5": 13.805649238848183, "y:6": 3.899644305557529}, "21": {"y:0": 13.270934030497092, "y:1": 34.82982138751877, "y:2": 42.11610065145831, "y:3": 41.77936183095835, "y:4": 31.00178803148468, "y:5": 15.451521034849758, "y:6": 4.343467805306977}, "22": {"y:0": 15.602630075044697, "y:1": 39.087933472811926, "y:2": 50.049038778365286, "y:3": 50.71688695127817, "y:4": 33.46164800696219, "y:5": 16.611262487721742, "y:6": 4.9921360354253945}, "23": {"y:0": 20.175941871038205, "y:1": 52.32057489537488, "y:2": 60.98151019738364, "y:3": 54.93552059474066, "y:4": 35.024628280938366, "y:5": 18.861068563453337, "y:6": 5.016086271425829}, "24": {"y:0": 23.709754760839555, "y:1": 57.58438855830747, "y:2": 66.60896670825417, "y:3": 60.83651486585894, "y:4": 39.610811490012594, "y:5": 21.88749153294562, "y:6": 6.328526634937623}, "25": {"y:0": 36.74056232059084, "y:1": 77.05951072920362, "y:2": 72.22493163600285, "y:3": 63.501369868847114, "y:4": 36.82228686793888, "y:5": 19.99004284309498, "y:6": 6.854978209692453}, "26": {"y:0": 46.1959301689686, "y:1": 87.62142965180941, "y:2": 78.56527901785418, "y:3": 64.67607876996983, "y:4": 39.47534575531418, "y:5": 21.33702866622501, "y:6": 7.973521102056775}, "27": {"y:0": 57.89575862639771, "y:1": 94.60207400598648, "y:2": 87.76411794720386, "y:3": 68.21634257897826, "y:4": 42.9481923904434, "y:5": 23.361740814902998, "y:6": 8.72713330369472}, "28": {"y:0": 67.85956352970653, "y:1": 107.31057534241843, "y:2": 97.04647738807319, "y:3": 75.16575071473554, "y:4": 45.408950638694925, "y:5": 25.85285021028572, "y:6": 10.09045355196947}, "29": {"y:0": 81.86980056527955, "y:1": 107.06614870143022, "y:2": 95.60592013702902, "y:3": 71.66637411526108, "y:4": 44.93823892107196, "y:5": 27.75195683580237, "y:6": 11.438535184097077}, "30": {"y:0": 90.97689915737787, "y:1": 119.96393179933135, "y:2": 100.8187988053745, "y:3": 74.8400054459192, "y:4": 46.34900407976727, "y:5": 25.171455762585207, "y:6": 10.340531641812412}, "31": {"y:0": 103.08175109551485, "y:1": 122.90100338221585, "y:2": 102.292556979111, "y:3": 74.20056368800938, "y:4": 46.24469256872791, "y:5": 27.08767537236601, "y:6": 12.489501987760352}, "32": {"y:0": 111.23383203088838, "y:1": 121.24175456644758, "y:2": 103.18849431396625, "y:3": 74.199181774783, "y:4": 46.949999724286656, "y:5": 28.163306008938335, "y:6": 13.131918025662847}, "33": {"y:0": 116.28696496783887, "y:1": 118.82652108337678, "y:2": 101.92209894620369, "y:3": 75.24810998362437, "y:4": 48.211574139827405, "y:5": 29.14102206629955, "y:6": 13.843255418340158}, "34": {"y:0": 119.23756704864296, "y:1": 122.51057848008406, "y:2": 106.14087072000746, "y:3": 75.31025722004885, "y:4": 46.1405089647343, "y:5": 27.81460293451066, "y:6": 13.847900127593357}}