{"0": {"y:0": 70.57669673957716, "y:1": 6.781967389235949, "y:2": 4.7899397173958, "y:3": 4.065634996502858, "y:4": 3.6699437119821177, "y:5": 3.4085631678084463, "y:6": 3.261719306255586, "y:7": 3.067200534199888, "y:8": 2.9869462054577296, "y:9": 2.948280680785744}, "1": {"y:0": 72.43229532428005, "y:1": 7.167579149352023, "y:2": 5.195561871435626, "y:3": 4.5062705660020175, "y:4": 4.156190627481546, "y:5": 3.834582765544386, "y:6": 3.7082238982630416, "y:7": 3.564575132510129, "y:8": 3.3720353216065955, "y:9": 3.2824245426976164}, "2": {"y:0": 77.30800658330399, "y:1": 19.674937738702322, "y:2": 14.355943413609742, "y:3": 12.343592816864575, "y:4": 10.7263169670527, "y:5": 9.877863562449278, "y:6": 9.430806962739156, "y:7": 8.829195920596662, "y:8": 8.616800879496985, "y:9": 8.435541958144523}, "3": {"y:0": 72.12463325286494, "y:1": 13.347395796781182, "y:2": 10.469184043412985, "y:3": 9.42084010060473, "y:4": 8.467615127849001, "y:5": 8.097457901799665, "y:6": 7.636124605294168, "y:7": 7.335514819942289, "y:8": 7.1518446791060315, "y:9": 6.7667325524129724}, "4": {"y:0": 77.18270549436166, "y:1": 12.754216063963984, "y:2": 12.302993255186703, "y:3": 12.03613081725557, "y:4": 11.456228146004277, "y:5": 10.829551488297527, "y:6": 10.207647928037623, "y:7": 9.71247893343726, "y:8": 9.139079975583197, "y:9": 8.616379579358107}, "5": {"y:0": 76.54574123093136, "y:1": 12.079600704103479, "y:2": 13.628166654483413, "y:3": 14.754078964662131, "y:4": 14.082702134053148, "y:5": 13.753881234977985, "y:6": 12.768443229066435, "y:7": 12.155478599254032, "y:8": 11.766712607343505, "y:9": 11.088095892166056}, "6": {"y:0": 73.55466749307398, "y:1": 11.845047885292507, "y:2": 17.301879447670633, "y:3": 19.049907046841966, "y:4": 19.72515892143291, "y:5": 18.69642967278815, "y:6": 18.593810022142293, "y:7": 18.672358145759024, "y:8": 18.104834716402205, "y:9": 17.541582887715926}, "7": {"y:0": 74.92448955428533, "y:1": 13.166658498584008, "y:2": 22.292060777174278, "y:3": 26.904884623204296, "y:4": 28.395281783526514, "y:5": 28.38126698902658, "y:6": 27.792027071332594, "y:7": 27.18185482079954, "y:8": 26.146803400288878, "y:9": 26.368340283663557}, "8": {"y:0": 73.57194064409109, "y:1": 15.036987235094466, "y:2": 26.89785828440164, "y:3": 32.876323886770955, "y:4": 35.44738755787789, "y:5": 36.125752483043634, "y:6": 36.30010664708136, "y:7": 35.93755840559864, "y:8": 35.228892989630495, "y:9": 35.287033644043156}, "9": {"y:0": 73.54627286398406, "y:1": 16.055951563524776, "y:2": 30.60635106289714, "y:3": 38.07489257925201, "y:4": 40.09226333836287, "y:5": 40.39057071846704, "y:6": 41.67367164161218, "y:7": 41.6977717905769, "y:8": 41.80523306017483, "y:9": 41.17497722750736}, "10": {"y:0": 74.28758744907867, "y:1": 16.45797631438066, "y:2": 31.10939077678442, "y:3": 37.951356723158696, "y:4": 40.23438039341627, "y:5": 42.008426202128405, "y:6": 42.005332412622955, "y:7": 41.67460522267871, "y:8": 41.53429487365371, "y:9": 41.1039512962834}, "11": {"y:0": 73.92978989852696, "y:1": 17.472121856770112, "y:2": 31.41840618078185, "y:3": 38.5596804184565, "y:4": 42.05455210651635, "y:5": 43.82764102716876, "y:6": 44.317938812262696, "y:7": 44.29683100748334, "y:8": 45.050376884615446, "y:9": 44.99492293025256}, "12": {"y:0": 74.78316808079174, "y:1": 17.104191355527067, "y:2": 32.732529154317746, "y:3": 40.6213752657697, "y:4": 44.16321627284155, "y:5": 45.44023749066265, "y:6": 45.95484509432586, "y:7": 45.89209150915535, "y:8": 45.63612480189256, "y:9": 45.93509735628564}}