{"0": {"y:0": 0.2014821423479387, "y:1": 0.2006783047067097, "y:2": 0.19790175742390242, "y:3": 0.1980689975420656, "y:4": 0.20000865397366097, "y:5": 0.19908525147597134, "y:6": 0.20103496157601866, "y:7": 0.19662910337841544, "y:8": 0.1982311229107608, "y:9": 0.20024426865629982}, "1": {"y:0": 0.20049443777966333, "y:1": 0.19996578153390257, "y:2": 0.19980570271518858, "y:3": 0.19848628130744608, "y:4": 0.19878956311202176, "y:5": 0.19794789258600376, "y:6": 0.20159390341532918, "y:7": 0.201205169201564, "y:8": 0.20020828090003245, "y:9": 0.19969093857100115}, "2": {"y:0": 0.3778538075548244, "y:1": 0.38142429532916783, "y:2": 0.38010215788733726, "y:3": 0.3704125721438787, "y:4": 0.379622401073036, "y:5": 0.37790485462809825, "y:6": 0.3785367159519721, "y:7": 0.382600113860135, "y:8": 0.3774444373239234, "y:9": 0.3807763344226125}, "3": {"y:0": 0.8306937509987365, "y:1": 0.8120541088532899, "y:2": 0.8026754026246228, "y:3": 0.8087538204348272, "y:4": 0.7753780811249479, "y:5": 0.8222984216934913, "y:6": 0.8075493227785433, "y:7": 0.8015823134995422, "y:8": 0.8237397396136507, "y:9": 0.8203187621663737}, "4": {"y:0": 1.527454646507889, "y:1": 1.555841540996421, "y:2": 1.4016449980081978, "y:3": 1.4669278538978172, "y:4": 1.3517776928279286, "y:5": 1.5066263643476818, "y:6": 1.4987677774603787, "y:7": 1.5353057201748679, "y:8": 1.5130096782651785, "y:9": 1.573165649099406}, "5": {"y:0": 2.4781966015180728, "y:1": 2.2591684118323934, "y:2": 1.8168530980722128, "y:3": 2.229555715108168, "y:4": 1.8355651700076903, "y:5": 2.4554471547492653, "y:6": 2.367731313750023, "y:7": 2.531977892231523, "y:8": 2.3411189994916057, "y:9": 2.3952024453966216}, "6": {"y:0": 2.9650305963151866, "y:1": 2.6293082460361075, "y:2": 1.9322627658523817, "y:3": 2.535961161232954, "y:4": 1.998038240185914, "y:5": 3.1004049296796383, "y:6": 2.822397288476609, "y:7": 3.02186166942827, "y:8": 2.8113297337242833, "y:9": 2.855424158616613}, "7": {"y:0": 3.114139162897428, "y:1": 2.8256961265425637, "y:2": 2.013040144734118, "y:3": 2.5679142440911193, "y:4": 2.019410209018861, "y:5": 3.123703406545101, "y:6": 3.126313054167339, "y:7": 3.2515450028625383, "y:8": 2.832085217745203, "y:9": 3.038060817140766}, "8": {"y:0": 3.37190184461505, "y:1": 2.843424049962243, "y:2": 2.0350266691065424, "y:3": 2.638127870280685, "y:4": 2.0284611940522157, "y:5": 3.261966698895872, "y:6": 3.2659164934062037, "y:7": 3.3124541908777823, "y:8": 2.986477899649086, "y:9": 3.178142728313419}, "9": {"y:0": 3.367573986890164, "y:1": 2.8444854590466977, "y:2": 2.0446798431804587, "y:3": 2.6899699178879692, "y:4": 2.054571931891109, "y:5": 3.304040344582927, "y:6": 3.250758753277645, "y:7": 3.4420480372614373, "y:8": 3.0666175397849376, "y:9": 3.2394011683356103}, "10": {"y:0": 3.362987615160766, "y:1": 2.906793636380714, "y:2": 2.051525670554059, "y:3": 2.6460281767296947, "y:4": 2.0348681288010386, "y:5": 3.3520341841657775, "y:6": 3.2556762811610356, "y:7": 3.3848565727704645, "y:8": 3.019749497843415, "y:9": 3.318263931179409}, "11": {"y:0": 3.438218543555457, "y:1": 2.90351402072988, "y:2": 2.0551762100369095, "y:3": 2.6877859434717295, "y:4": 2.058899698714408, "y:5": 3.4128994662513366, "y:6": 3.302031934023322, "y:7": 3.4614031155323843, "y:8": 3.075271450978909, "y:9": 3.3242166121481}}