{"0": {"y:0": 0.390053406686955, "y:1": 0.39277973276168515, "y:2": 0.3965830240365379, "y:3": 0.41091577529152584, "y:4": 0.39944476562261644, "y:5": 0.40885910564125216, "y:6": 0.3900656216397694, "y:7": 0.4020163565307634, "y:8": 0.4091117553000479, "y:9": 0.4075997154317324, "y:10": 15.27693549173007}, "1": {"y:0": 0.39394443520066613, "y:1": 0.4029913544846019, "y:2": 0.3973989911753567, "y:3": 0.39983531009822526, "y:4": 0.39118817066680395, "y:5": 0.40523503800558247, "y:6": 0.391552195703493, "y:7": 0.40137002678272854, "y:8": 0.4013508067450855, "y:9": 0.40746136481294637, "y:10": 14.83295561425747}, "2": {"y:0": 0.7568727590614254, "y:1": 0.7509842658746593, "y:2": 0.7467153322170115, "y:3": 0.7530617437327511, "y:4": 0.7596425692986889, "y:5": 0.7347473046113179, "y:6": 0.7511059025171251, "y:7": 0.7366852110377002, "y:8": 0.7626821583614383, "y:9": 0.7167634356813597, "y:10": 15.069176620309335}, "3": {"y:0": 1.003319757986826, "y:1": 0.9932477218157477, "y:2": 1.0038113639966593, "y:3": 1.0015603206011647, "y:4": 0.9998870388134242, "y:5": 0.9913752772478024, "y:6": 0.988266574910861, "y:7": 1.0025733401587011, "y:8": 0.9931003318839742, "y:9": 0.9753650940554934, "y:10": 14.502878172820806}, "4": {"y:0": 1.1775692986123847, "y:1": 1.1523731639175505, "y:2": 1.1834092493483492, "y:3": 1.2134690249276392, "y:4": 1.1889977929965951, "y:5": 1.212586178625246, "y:6": 1.2441484216937375, "y:7": 1.1944068138569632, "y:8": 1.1826437264607523, "y:9": 1.2223218684759307, "y:10": 14.776532023162973}, "5": {"y:0": 1.27136910841807, "y:1": 1.2760415200698059, "y:2": 1.2486702289001093, "y:3": 1.2374103896710973, "y:4": 1.2264577228803804, "y:5": 1.2785568017953814, "y:6": 1.280777930348351, "y:7": 1.2774897076598222, "y:8": 1.2896961668383373, "y:9": 1.2551584510887575, "y:10": 14.77165814136284}, "6": {"y:0": 1.2757191528894514, "y:1": 1.299047617794841, "y:2": 1.2942360530457204, "y:3": 1.2794394632638995, "y:4": 1.2904547793941548, "y:5": 1.3161144162899063, "y:6": 1.303949917613917, "y:7": 1.2947095319532915, "y:8": 1.2723612908707553, "y:9": 1.307088552930864, "y:10": 14.950672416571779}, "7": {"y:0": 1.30770592082881, "y:1": 1.3464410745004292, "y:2": 1.3380284877963566, "y:3": 1.331596786505458, "y:4": 1.326430364583287, "y:5": 1.32152912852684, "y:6": 1.328033241104863, "y:7": 1.333696212131126, "y:8": 1.3076463666211644, "y:9": 1.3266486782212659, "y:10": 14.91837547678651}, "8": {"y:0": 1.3540082850373794, "y:1": 1.34249281608409, "y:2": 1.3576805663716216, "y:3": 1.360273154857424, "y:4": 1.357056467177434, "y:5": 1.3443161456424642, "y:6": 1.3593864643148772, "y:7": 1.3515257984223203, "y:8": 1.3543042988373608, "y:9": 1.3577579021797253, "y:10": 14.779461162990273}, "9": {"y:0": 1.3392319441667353, "y:1": 1.325938211535177, "y:2": 1.3363589438767736, "y:3": 1.3268358549226247, "y:4": 1.3319073496331193, "y:5": 1.3250789269567433, "y:6": 1.3417861938438898, "y:7": 1.3218377423236962, "y:8": 1.3467266490940484, "y:9": 1.3302528431083431, "y:10": 14.850216510163488}}