{"0": {"y:0": 0.004819984485855172, "y:1": 0.008910051261734164, "y:2": 0.003108509707968053, "y:3": 0.002341059052259864, "y:4": 0.038556677249410684, "y:5": 0.0029066578438748532, "y:6": 0.07244137715016245, "y:7": 0.01026709410976968, "y:8": 0.03295362196161014, "y:9": 0.01187494215022379, "y:10": 0.014143369711269414, "y:11": 0.018938353890419323, "y:12": 0.0022967671797243182, "y:13": 0.016522320451117536, "y:14": 0.028124053355276533, "y:15": 0.0012080060178956886, "y:16": 0.047051748167379455, "y:17": 0.003069588006252907, "y:18": 0.07060252666784984, "y:19": 0.02399482771715622, "y:20": 0.042409232617462815, "y:21": 0.012293659415327412, "y:22": 0.06763625223758779, "y:23": 0.02605475839291464, "y:24": 0.05984043956718612, "y:25": 0.022848913904371618, "y:26": 0.04905820334070579, "y:27": 0.025654721636195376, "y:28": 0.07092067365258163, "y:29": 0.027337429370193976, "y:30": 0.054410490246416164, "y:31": 0.029831329171932645}, "1": {"y:0": 0.00484053723728434, "y:1": 0.0095404705110239, "y:2": 0.0031223192265165366, "y:3": 0.0023167446087299115, "y:4": 0.03992430727582623, "y:5": 0.002829165648408239, "y:6": 0.06580310340099162, "y:7": 0.01054048883147016, "y:8": 0.03426145697206666, "y:9": 0.011710822727873185, "y:10": 0.013877421023769302, "y:11": 0.01715653765917112, "y:12": 0.0023058796697431852, "y:13": 0.016933860539869977, "y:14": 0.02664219495142076, "y:15": 0.001209327037337737, "y:16": 0.04575849602079238, "y:17": 0.0030734221808532947, "y:18": 0.059502670402562775, "y:19": 0.025383424370839833, "y:20": 0.042825553853813196, "y:21": 0.01255123422827714, "y:22": 0.06543959178173385, "y:23": 0.026493482427677767, "y:24": 0.06764814285158968, "y:25": 0.0280545356102473, "y:26": 0.05311741047879698, "y:27": 0.02820751203502071, "y:28": 0.06431205256716384, "y:29": 0.029181301669944183, "y:30": 0.05918072400362121, "y:31": 0.029969805928628593}, "2": {"y:0": 0.004886241649602973, "y:1": 0.010623698316908261, "y:2": 0.003119896814131172, "y:3": 0.002257424425857803, "y:4": 0.03950965345554911, "y:5": 0.002857692304264439, "y:6": 0.06567507410031885, "y:7": 0.0374446403042313, "y:8": 0.036194445761387514, "y:9": 0.021779319310491176, "y:10": 0.014138319074893779, "y:11": 0.04427340193563778, "y:12": 0.002304064667677987, "y:13": 0.03238861354967674, "y:14": 0.02750683895088843, "y:15": 0.0012149003398449162, "y:16": 0.049037395662576984, "y:17": 0.0031157011170517214, "y:18": 0.0648421926407808, "y:19": 0.057061785086098174, "y:20": 0.04595709387476171, "y:21": 0.014999186818562053, "y:22": 0.06161201348109062, "y:23": 0.059027819190455806, "y:24": 0.06570849422224997, "y:25": 0.06052553199074725, "y:26": 0.05488475953280071, "y:27": 0.06275153529427796, "y:28": 0.06528088978809413, "y:29": 0.06063119846214437, "y:30": 0.055359203971805354, "y:31": 0.06078996763429774}, "3": {"y:0": 0.004837865502762584, "y:1": 0.011582349162360693, "y:2": 0.0031267418289477396, "y:3": 0.0022457504546304742, "y:4": 0.040071961382545394, "y:5": 0.0028630853426064584, "y:6": 0.07327225598073486, "y:7": 0.044386940756481044, "y:8": 0.03512349470975817, "y:9": 0.02157345809060418, "y:10": 0.013839183922100423, "y:11": 0.053508281874732035, "y:12": 0.0023039648134030263, "y:13": 0.035547843338982595, "y:14": 0.027376009890895663, "y:15": 0.0012149106334309022, "y:16": 0.050987506364253046, "y:17": 0.0030900448905415113, "y:18": 0.07025330209659587, "y:19": 0.06320633289782374, "y:20": 0.0460090788785832, "y:21": 0.015247544763879881, "y:22": 0.07735415626318283, "y:23": 0.0736952313651817, "y:24": 0.062313685944212396, "y:25": 0.06717155636428274, "y:26": 0.05814463216225945, "y:27": 0.06684745286710411, "y:28": 0.07110117342380574, "y:29": 0.06734910860651847, "y:30": 0.06316358056520437, "y:31": 0.07116045879155002}, "4": {"y:0": 0.004867509348131654, "y:1": 0.012747079311336248, "y:2": 0.0031116524452017525, "y:3": 0.002250124838915164, "y:4": 0.04033538646855965, "y:5": 0.002868468287088435, "y:6": 0.07191219612787761, "y:7": 0.04917521782125182, "y:8": 0.03396976153424185, "y:9": 0.022406432013639316, "y:10": 0.014020122784212951, "y:11": 0.058689091148386135, "y:12": 0.002300124901559976, "y:13": 0.03598580091801511, "y:14": 0.026888045039835787, "y:15": 0.0012135600406047782, "y:16": 0.04839894696644857, "y:17": 0.003101457955687228, "y:18": 0.06988302652703458, "y:19": 0.07210582545992678, "y:20": 0.04520880163371532, "y:21": 0.015139730106009958, "y:22": 0.07472031249735815, "y:23": 0.07569952859657796, "y:24": 0.06711026080607603, "y:25": 0.07090268804332632, "y:26": 0.058464482906813636, "y:27": 0.06559410421423581, "y:28": 0.0689155307611924, "y:29": 0.07011720700176721, "y:30": 0.05891169626423588, "y:31": 0.07302075188645252}, "5": {"y:0": 0.004856388821800838, "y:1": 0.013644108291914873, "y:2": 0.0031123431610432955, "y:3": 0.002261172181733165, "y:4": 0.03841564672816804, "y:5": 0.002880421045599121, "y:6": 0.07161603924865684, "y:7": 0.052391129574269585, "y:8": 0.03516046202258226, "y:9": 0.02237795971876578, "y:10": 0.013960940354435987, "y:11": 0.06404006019050709, "y:12": 0.0022997472112358, "y:13": 0.03578953581576498, "y:14": 0.02707008782001505, "y:15": 0.0012137244789821658, "y:16": 0.048022545855884446, "y:17": 0.0030921748522192327, "y:18": 0.06995890345114553, "y:19": 0.06809857839894021, "y:20": 0.046212757780539224, "y:21": 0.015096587995429534, "y:22": 0.06946136285955792, "y:23": 0.0722518138216294, "y:24": 0.06596937003306678, "y:25": 0.07439253085247376, "y:26": 0.05482799141578709, "y:27": 0.07260462152692057, "y:28": 0.071526989360561, "y:29": 0.07380155148581846, "y:30": 0.06096006284674267, "y:31": 0.07120866021890364}, "6": {"y:0": 0.0048318748543217955, "y:1": 0.01416635031883931, "y:2": 0.0031131484155784302, "y:3": 0.002259646209754946, "y:4": 0.03912521899493722, "y:5": 0.0028766846172683306, "y:6": 0.07155920018612294, "y:7": 0.052050859637655135, "y:8": 0.035061700120961006, "y:9": 0.02265394326477488, "y:10": 0.013925446185224151, "y:11": 0.06158438661903328, "y:12": 0.0023011395254035555, "y:13": 0.035743205973756076, "y:14": 0.026943016340770516, "y:15": 0.0012131833880558373, "y:16": 0.04843757463929379, "y:17": 0.0030948914209623715, "y:18": 0.07485290876263373, "y:19": 0.07052670324274835, "y:20": 0.0448834648839243, "y:21": 0.014946266435528236, "y:22": 0.07147135337641697, "y:23": 0.0735291825242253, "y:24": 0.06394379024446906, "y:25": 0.07203359785649262, "y:26": 0.054268371541296, "y:27": 0.06908241106112228, "y:28": 0.07286449995383476, "y:29": 0.07240074032718752, "y:30": 0.059924354336283514, "y:31": 0.07100665117487173}, "7": {"y:0": 0.0048507452879119044, "y:1": 0.015190842073071687, "y:2": 0.003114552123604769, "y:3": 0.002265784692919963, "y:4": 0.03956942783295646, "y:5": 0.0028841663993702366, "y:6": 0.07032142028852617, "y:7": 0.05500953445936132, "y:8": 0.034734065497518875, "y:9": 0.022514015292366636, "y:10": 0.01399551544775247, "y:11": 0.06390296923693857, "y:12": 0.0023006829889240907, "y:13": 0.03615892591852281, "y:14": 0.02703725404743512, "y:15": 0.001213307653647529, "y:16": 0.04839256879872333, "y:17": 0.003097075190627553, "y:18": 0.0714621312508395, "y:19": 0.07188291321612426, "y:20": 0.044269504948867014, "y:21": 0.01492011939790623, "y:22": 0.06923562171992431, "y:23": 0.07322090003947414, "y:24": 0.06307088265363042, "y:25": 0.07143329856241006, "y:26": 0.053191118496059536, "y:27": 0.07004935726886051, "y:28": 0.06986892532956765, "y:29": 0.07285757228997258, "y:30": 0.05976896509828523, "y:31": 0.0726386228261164}, "8": {"y:0": 0.004842810562212685, "y:1": 0.015134592022308943, "y:2": 0.003112643270005137, "y:3": 0.002267681832074449, "y:4": 0.03928105425316519, "y:5": 0.0028844503061219236, "y:6": 0.07124183665102256, "y:7": 0.052531846160483946, "y:8": 0.03436663941392726, "y:9": 0.022439587428785983, "y:10": 0.014016802954136634, "y:11": 0.06162474757811777, "y:12": 0.0022991402072771276, "y:13": 0.03613838730010185, "y:14": 0.027100165947779642,