{"0": {"s1": 0.9999840060306341, "s2": 1.59939693658712e-05}}