{"2": {"s1": 0.9999894414309101, "s2": 1.0558569089856624e-05}}