{"0": {"y:0": 0.1062513924665492, "y:1": 0.016028549439449, "y:2": 0.13951777433693002, "y:3": 0.015083092214103554, "y:4": 0.12521256095266475, "y:5": 0.017399599542078543, "y:6": 0.14082229878615296, "y:7": 0.026285352070445522, "y:8": 0.12869348700534589, "y:9": 0.029036884351409605, "y:10": 0.11684895281683513, "y:11": 0.03014873294614824, "y:12": 0.1290045009016165, "y:13": 0.03185781892329996, "y:14": 0.13251738129765328, "y:15": 0.034879473051102415, "y:16": 0.14612439642829247, "y:17": 0.04192268665358262, "y:18": 0.1359953643651178, "y:19": 0.04519620819946565, "y:20": 0.12500460900591712, "y:21": 0.047997980208162344, "y:22": 0.11585856121004826, "y:23": 0.041084034422307514, "y:24": 0.12252337531301517, "y:25": 0.04678713589270521, "y:26": 0.13416130790394015, "y:27": 0.0472369641286779, "y:28": 0.13735438001049555, "y:29": 0.048042979568437685, "y:30": 0.13685924737605723, "y:31": 0.04965120572555048}, "1": {"y:0": 0.10970886915185407, "y:1": 0.021329664664633055, "y:2": 0.12900137200986386, "y:3": 0.015330456529224724, "y:4": 0.12114561965188474, "y:5": 0.014807563794459092, "y:6": 0.13847671276263032, "y:7": 0.016049755916591614, "y:8": 0.1462943750912865, "y:9": 0.01746206222267822, "y:10": 0.12989158344621446, "y:11": 0.02467631279419252, "y:12": 0.13790642978597226, "y:13": 0.026200175610992704, "y:14": 0.14238504277902686, "y:15": 0.02888726683596727, "y:16": 0.12314183102913, "y:17": 0.03415404688003489, "y:18": 0.13098794995001206, "y:19": 0.03653490052465435, "y:20": 0.14384677417110664, "y:21": 0.03534568276926564, "y:22": 0.13877044753415926, "y:23": 0.04098810459438684, "y:24": 0.12812606889786401, "y:25": 0.044774372347201455, "y:26": 0.13904368050448024, "y:27": 0.04911461455154518, "y:28": 0.12739739146831702, "y:29": 0.05459392974392034, "y:30": 0.14944672029399372, "y:31": 0.052773408983588996}, "2": {"y:0": 0.1165744964878641, "y:1": 0.06463135833119307, "y:2": 0.1248903549882216, "y:3": 0.0528608720962562, "y:4": 0.13332536456562102, "y:5": 0.03910404871433019, "y:6": 0.1334299330170158, "y:7": 0.034771232281022635, "y:8": 0.1383298511579435, "y:9": 0.03146247085457532, "y:10": 0.14164421002048128, "y:11": 0.030706758824287098, "y:12": 0.14825670044991757, "y:13": 0.02630881682657169, "y:14": 0.13652373798126582, "y:15": 0.024914030448574535, "y:16": 0.1292539694855757, "y:17": 0.022639950516559728, "y:18": 0.14059828246827055, "y:19": 0.021034709035384548, "y:20": 0.1274485382767976, "y:21": 0.020886422227721236, "y:22": 0.13255915039656718, "y:23": 0.020719565273780254, "y:24": 0.14967955276638917, "y:25": 0.019049145178915577, "y:26": 0.125548950908248, "y:27": 0.0184290994805231, "y:28": 0.13920718132381443, "y:29": 0.018455379108428187, "y:30": 0.12429448000201343, "y:31": 0.01852385112810451}, "3": {"y:0": 0.11922438216807664, "y:1": 0.09317840116959486, "y:2": 0.13208546955433043, "y:3": 0.08083157901163093, "y:4": 0.13826684235483222, "y:5": 0.06993458720001729, "y:6": 0.1287500408751272, "y:7": 0.06741983114237203, "y:8": 0.12799234569749482, "y:9": 0.05377924470779161, "y:10": 0.14417419426345843, "y:11": 0.05063429874692384, "y:12": 0.1347317539199945, "y:13": 0.051592866166126135, "y:14": 0.1318346112640216, "y:15": 0.043582000091873394, "y:16": 0.1401715528200507, "y:17": 0.041728551731263615, "y:18": 0.13213057599945782, "y:19": 0.039729188306692684, "y:20": 0.13486346464527568, "y:21": 0.037913308820812536, "y:22": 0.1309824806996392, "y:23": 0.03532006211386574, "y:24": 0.1313139747704986, "y:25": 0.03287437549154163, "y:26": 0.13263459841264155, "y:27": 0.03395770891887726, "y:28": 0.12218975055480624, "y:29": 0.031686617470691375, "y:30": 0.13843089294838037, "y:31": 0.03039310689697595}, "4": {"y:0": 0.09468901894812362, "y:1": 0.04663223214048617, "y:2": 0.10799615438957796, "y:3": 0.03856942539573628, "y:4": 0.10880825351639176, "y:5": 0.03167501651700186, "y:6": 0.11960480090439615, "y:7": 0.028109550453372604, "y:8": 0.11563060681885845, "y:9": 0.02603038075955847, "y:10": 0.11623668806349356, "y:11": 0.02371412803917458, "y:12": 0.11446505603824274, "y:13": 0.021314994136581465, "y:14": 0.11284888064362078, "y:15": 0.019817231063473988, "y:16": 0.11093507568918405, "y:17": 0.019065874908018872, "y:18": 0.11307987634908317, "y:19": 0.018614076135877584, "y:20": 0.11145246093638107, "y:21": 0.017445931569213636, "y:22": 0.11619712376110518, "y:23": 0.016882929520374228, "y:24": 0.10576577121941189, "y:25": 0.017074052160130686, "y:26": 0.10615866555577141, "y:27": 0.017023668417013017, "y:28": 0.10711449762507264, "y:29": 0.017629274015441676, "y:30": 0.10921078632678358, "y:31": 0.018102780351603065}, "5": {"y:0": 0.08603016933181147, "y:1": 0.07201551278865416, "y:2": 0.11437678777798084, "y:3": 0.06851240455006927, "y:4": 0.1256367261112731, "y:5": 0.05787318530329524, "y:6": 0.12055530357436751, "y:7": 0.05378506840602451, "y:8": 0.1196564815961571, "y:9": 0.0480210970894235, "y:10": 0.12325822927655226, "y:11": 0.042865588112945795, "y:12": 0.12114367987151914, "y:13": 0.04124279382067529, "y:14": 0.12531190606092768, "y:15": 0.03763351828740097, "y:16": 0.12341957433349401, "y:17": 0.03749300928813322, "y:18": 0.11894183707910627, "y:19": 0.034302515482979606, "y:20": 0.1313103875528205, "y:21": 0.03391686017342711, "y:22": 0.12202741297547355, "y:23": 0.031028896951103082, "y:24": 0.121824364583134, "y:25": 0.030814415233791508, "y:26": 0.12605243882625006, "y:27": 0.0287448151890614, "y:28": 0.11584110629465941, "y:29": 0.027872988606153795, "y:30": 0.12963681708537012, "y:31": 0.02662895695617681}, "6": {"y:0": 0.07135709734404158, "y:1": 0.040433896999190956, "y:2": 0.0876001661668033, "y:3": 0.030964214498191044, "y:4": 0.09455629722410604, "y:5": 0.02545385179222835, "y:6": 0.10435297222006532, "y:7": 0.02330333673995621, "y:8": 0.1016567908509601, "y:9": 0.019913397468306324, "y:10": 0.09953251075816606, "y:11": 0.01828469098193926, "y:12": 0.1052261074646284, "y:13": 0.0177701660292473, "y:14": 0.10227832294794856, "y:15": 0.01650300993282045, "y:16": 0.10241317976376617, "y:17": 0.01614634521937971, "y:18": 0.10375856751013837, "y:19": 0.016281780452074207, "y:20": 0.09895853006086641, "y:21": 0.016765153467512124, "y:22": 0.09629652079543269, "y:23": 0.01680606411490922, "y:24": 0.09903810045813509, "y:25": 0.017400480241050658, "y:26": 0.10265998644415823, "y:27": 0.01830442950012109, "y:28": 0.1000921389854154, "y:29": 0.018996200943547394, "y:30": 0.1001712067567804, "y:31": 0.020711035791799302}, "7": {"y:0": 0.046370454810993625, "y:1": 0.018498658294953275, "y:2": 0.048005932712592826, "y:3": 0.01420541737608714, "y:4": 0.05296723753989601, "y:5": 0.01391537605116661, "y:6": 0.05529410023716266, "y:7": 0.014391633314135871, "y:8": 0.0535178084139879, "y:9": 0.016075378815911055, "y:10": 0.05543775096859034, "y:11": 0.018242557391061395, "y:12": 0.052145163693151156, "y:13": 0.01960857406154543, "y:14": 0.054960079401212246, "y:15": 0.022491771295498775, "y:16": 0.05257663942583387, "y:17": 0.0246645619211002, "y:18": 0.053682049086168936, "y:19": 0.02681026746305755, "y:20": 0.05135989635661732, "y:21": 0.032617369274338844, "y:22": 0.05045663565006945, "y:23": 0.03442563942947195, "y:24": 0.05109507515279698, "y:25": 0.03597701491295022, "y:26": 0.05322810800896522, "y:27": 0.038746216478324644, "y:28": 0.05144101284645479, "y:29": 0.04119603864796842, "y:30": 0.05274756595181897, "y:31": 0.04490328596730386}, "8": {"y:0": 0.061459118474418116, "y:1": 0.02135240246861533, "y:2": 0.05290990215218528, "y:3": 0.025140425262084754, "y:4": 0.04697204575093344, "y:5": 0.028940741344653898, "y:6": 0.04276191290791755, "y:7": 0.031747002059029736, "y:8": 0.0371508516827019, "y:9": 0.035052398640126124, "y:10": 0.03520297791557528, "y:11": 0.04053598928260782, "y:12": 0.03006597496670031, "y:13": 0.0424551029215208, "y:14": 0.029000889446700998, "y:15": 0.046692819789758054, "y:16": 0.02704583685517939, "y:17": 0.04353909530884055, "y:18": 0.02460326145047053,