{"0": {"y:0": 2.014522579751547, "y:1": 0.8309911870348927, "y:2": 0.4975044771343193, "y:3": 0.356417769994832, "y:4": 0.28876360646829347, "y:5": 0.23616025577300964, "y:6": 0.19755858085713549, "y:7": 0.1726038088629181, "y:8": 0.1531813467924574, "y:9": 0.14024376571762176}, "1": {"y:0": 2.3122480305814284, "y:1": 0.9544387997813845, "y:2": 0.5955465718365505, "y:3": 0.42389160492413497, "y:4": 0.32602747455867226, "y:5": 0.27393819511006434, "y:6": 0.23275182167814848, "y:7": 0.20042280179176883, "y:8": 0.17780209165585237, "y:9": 0.15908595739700943}, "2": {"y:0": 5.487098821119157, "y:1": 2.8005030451464488, "y:2": 1.9366614450234851, "y:3": 1.4807958486215083, "y:4": 1.2102104680439152, "y:5": 1.0136482923352867, "y:6": 0.8561276691149834, "y:7": 0.7376668133095838, "y:8": 0.6537418152847356, "y:9": 0.588201306578688}, "3": {"s_theta": 1.3644018121836048}, "4": {"s_theta": 2.0489339564729274}, "5": {"s_theta": 1.822859072312697}, "6": {"s_theta": 3.18226646010245}, "7": {"s_theta": 4.60349661010005}}