{"0": {"y:0": 0.12094342862049244, "y:1": 0.027465390937935073, "y:2": 0.12347912378061951, "y:3": 0.020404381890552457, "y:4": 0.12264478370102104, "y:5": 0.016183759824758778, "y:6": 0.1286279614112065, "y:7": 0.016047182474404828, "y:8": 0.1208541173593752, "y:9": 0.01653076345109895, "y:10": 0.13083190356770705, "y:11": 0.02012105493785401, "y:12": 0.14002789429108, "y:13": 0.024981648660724116, "y:14": 0.14421512289759553, "y:15": 0.026393698352679237, "y:16": 0.13051432556849207, "y:17": 0.02928856235752557, "y:18": 0.15390740583445792, "y:19": 0.03435312546572256, "y:20": 0.12453019944378321, "y:21": 0.037612823851807455, "y:22": 0.13197129540065103, "y:23": 0.03672036552374543, "y:24": 0.1342302767484797, "y:25": 0.041648828798028115, "y:26": 0.13621917669703237, "y:27": 0.04113976260805625, "y:28": 0.14759020580862633, "y:29": 0.04427163736508893, "y:30": 0.15532990065672272, "y:31": 0.04704695921210323}, "1": {"y:0": 0.12256625679818824, "y:1": 0.02942898876139079, "y:2": 0.14961647290908978, "y:3": 0.02001484771744965, "y:4": 0.12506185836030798, "y:5": 0.015892521142968876, "y:6": 0.14166052638420734, "y:7": 0.01619494024113672, "y:8": 0.15205825053017877, "y:9": 0.01759656878382593, "y:10": 0.12498468217637425, "y:11": 0.019663566969556588, "y:12": 0.13555540050163786, "y:13": 0.02495473691685424, "y:14": 0.12606888981837286, "y:15": 0.027283305898553684, "y:16": 0.15826092515511062, "y:17": 0.030898652601548476, "y:18": 0.14412236914606824, "y:19": 0.03528742984827771, "y:20": 0.1364390398226787, "y:21": 0.036893129262392764, "y:22": 0.15513922395797317, "y:23": 0.03772127659572926, "y:24": 0.15271844310312133, "y:25": 0.03992114581633943, "y:26": 0.1287055451665362, "y:27": 0.04074488025039252, "y:28": 0.13840860666896546, "y:29": 0.047277405722891824, "y:30": 0.1331422790246225, "y:31": 0.04826956221513946}, "2": {"y:0": 0.13225018939564415, "y:1": 0.02704393329336173, "y:2": 0.1415109645830858, "y:3": 0.019408511778679204, "y:4": 0.14481187584031385, "y:5": 0.01898833755271269, "y:6": 0.17216978609660769, "y:7": 0.023915746612334095, "y:8": 0.15078310495823996, "y:9": 0.027714921761652613, "y:10": 0.13699406593772898, "y:11": 0.034553825242933156, "y:12": 0.14064050410176004, "y:13": 0.03989986840019305, "y:14": 0.1385331280805015, "y:15": 0.04382927589754693, "y:16": 0.1462096498416683, "y:17": 0.05161782258176791, "y:18": 0.14567020743965525, "y:19": 0.05663381435257192, "y:20": 0.15503847062420273, "y:21": 0.06181023408036302, "y:22": 0.15055211042125452, "y:23": 0.0666020296252221, "y:24": 0.16336298326979432, "y:25": 0.06737307857059291, "y:26": 0.15314679500996647, "y:27": 0.07825188667123265, "y:28": 0.14574712325832345, "y:29": 0.07632976109345257, "y:30": 0.1505235596537058, "y:31": 0.07440075903643144}, "3": {"y:0": 0.12976204639064085, "y:1": 0.03890775953563312, "y:2": 0.13217736415811845, "y:3": 0.028547240664172347, "y:4": 0.13494538645198986, "y:5": 0.023741875005751336, "y:6": 0.13944053429289374, "y:7": 0.023722147339638636, "y:8": 0.1506992658835669, "y:9": 0.026882121584305786, "y:10": 0.1440698219052946, "y:11": 0.03447897898636935, "y:12": 0.1479715051764555, "y:13": 0.03755678906893682, "y:14": 0.13228855205322793, "y:15": 0.042262665030943676, "y:16": 0.15784483519943995, "y:17": 0.05457171016655506, "y:18": 0.1436704985948141, "y:19": 0.057114350332078595, "y:20": 0.139276853713509, "y:21": 0.07260285726898237, "y:22": 0.14812191630957594, "y:23": 0.07567037300309305, "y:24": 0.14864136872651185, "y:25": 0.08163949250361732, "y:26": 0.15032142294707782, "y:27": 0.08230265338170085, "y:28": 0.14891134363861064, "y:29": 0.0895707130260615, "y:30": 0.13544289193024517, "y:31": 0.08695069729822705}, "4": {"y:0": 0.1126790755509595, "y:1": 0.06297097712717188, "y:2": 0.13003218508116457, "y:3": 0.045833043275828815, "y:4": 0.1426482805202144, "y:5": 0.03678982520916431, "y:6": 0.1467019205839366, "y:7": 0.03640803684517968, "y:8": 0.1459375932896504, "y:9": 0.03479490425820484, "y:10": 0.13911949919429495, "y:11": 0.03974183780976418, "y:12": 0.1364946938583211, "y:13": 0.04145683265471231, "y:14": 0.13721159653134593, "y:15": 0.043725530204933256, "y:16": 0.14568797124064983, "y:17": 0.04896349910148213, "y:18": 0.15068351189470564, "y:19": 0.0551522469079517, "y:20": 0.14105485724627967, "y:21": 0.062306858871258156, "y:22": 0.1338661550174253, "y:23": 0.06149811185352479, "y:24": 0.14973979134964782, "y:25": 0.07607156261502224, "y:26": 0.1476802610330008, "y:27": 0.08034813293642733, "y:28": 0.14264403453492777, "y:29": 0.0795551827038081, "y:30": 0.1432324040779517, "y:31": 0.09153023317023844}, "5": {"y:0": 0.12252494744081548, "y:1": 0.08295343575071554, "y:2": 0.13637693006021825, "y:3": 0.0626197213853232, "y:4": 0.13819430104732253, "y:5": 0.05402491992862846, "y:6": 0.14348427957950113, "y:7": 0.05047048557289068, "y:8": 0.164016896417738, "y:9": 0.05082828703033149, "y:10": 0.14367183929373645, "y:11": 0.048456576949711144, "y:12": 0.14881765906073946, "y:13": 0.05004630162071239, "y:14": 0.14236765955462824, "y:15": 0.05285252600839799, "y:16": 0.14511826238696454, "y:17": 0.05798983275958185, "y:18": 0.14563475708095033, "y:19": 0.06118883640144047, "y:20": 0.14290338634597524, "y:21": 0.06631756116452703, "y:22": 0.1497053529071533, "y:23": 0.07218124677633456, "y:24": 0.14459608461031248, "y:25": 0.07844145823956603, "y:26": 0.14746361856683318, "y:27": 0.09130166052931772, "y:28": 0.13675070201660955, "y:29": 0.09219458949313789, "y:30": 0.14890271241393943, "y:31": 0.09892465812250817}, "6": {"y:0": 0.102650991766257, "y:1": 0.06780453117198235, "y:2": 0.12917491370063325, "y:3": 0.05070172238768662, "y:4": 0.12855604269543364, "y:5": 0.044203483953456704, "y:6": 0.13689662031612995, "y:7": 0.0401797234232222, "y:8": 0.1407554941331662, "y:9": 0.038446310963462516, "y:10": 0.1342786146930533, "y:11": 0.03983025831212467, "y:12": 0.14390388557728012, "y:13": 0.039051637098658935, "y:14": 0.14291996429131784, "y:15": 0.04217113091139839, "y:16": 0.14248807810856856, "y:17": 0.04515485843381172, "y:18": 0.14153905298240202, "y:19": 0.04871554794344996, "y:20": 0.140461127351615, "y:21": 0.055038948715188524, "y:22": 0.15080108804857784, "y:23": 0.058797327799726386, "y:24": 0.14846832189140502, "y:25": 0.06496835794221786, "y:26": 0.1382696135464265, "y:27": 0.07086393386264879, "y:28": 0.1356237638599621, "y:29": 0.07461659003431703, "y:30": 0.14206879933150868, "y:31": 0.08240648368833021}, "7": {"y:0": 0.08582739035236256, "y:1": 0.06779191400522509, "y:2": 0.11584282769833462, "y:3": 0.055447775916422394, "y:4": 0.12770889466167995, "y:5": 0.04698415226592742, "y:6": 0.13121938053464363, "y:7": 0.04316617254216057, "y:8": 0.13903591383488478, "y:9": 0.0413158828046261, "y:10": 0.13356899979932396, "y:11": 0.04176031676809881, "y:12": 0.13233128954281215, "y:13": 0.04428587336252755, "y:14": 0.1340410474188909, "y:15": 0.04347951984711334, "y:16": 0.13815692010131178, "y:17": 0.04737065849376216, "y:18": 0.13512977134468257, "y:19": 0.05031070766533558, "y:20": 0.14108575913730861, "y:21": 0.05539134494220789, "y:22": 0.1352428698214151, "y:23": 0.0591514190492464, "y:24": 0.14137333320946427, "y:25": 0.06580651471454228, "y:26": 0.13541877638361985, "y:27": 0.07310374270040407, "y:28": 0.13098053109683877, "y:29": 0.0785351616235988, "y:30": 0.14146349080824236, "y:31": 0.08649422658649429}, "8": {"y:0": 0.0617115115111468, "y:1": 0.04666348351723331, "y:2": 0.09170894547945993, "y:3": 0.035578146696172756, "y:4": 0.1070338515357799, "y:5": 0.03232263335408256, "y:6": 0.11235377398830702, "y:7": 0.02995147003975124, "y:8": 0.12200282250541589, "y:9": 0.029259071998367903, "y:10": 0.11971838966333546, "y:11": 0.02988940267963779, "y:12": 0.11953708192137225, "y:13": 0.031586988003424556, "y:14": 0.12825643662857428, "y:15": 0.03386144192090577, "y:16": 0.12593057646208905, "y:17": 0.03869259304586271, "y:18": 0.1251326411715609, "y:19": 0.042349983424905396, "y:20": 0.12362927462856449,