{"0": {"y:0": 0.059143161663560116, "y:1": 0.11436197810394987, "y:2": 0.0459284825220696, "y:3": 0.1732457974613774, "y:4": 0.023505775409182257, "y:5": 0.08563818735407103, "y:6": 0.025710160299455557, "y:7": 0.2990914997940562, "y:8": 0.02827276615130865, "y:9": 0.5267005147121745, "y:10": 0.028704355856887236, "y:11": 0.1963971873142495, "y:12": 0.0177992010911097, "y:13": 0.0836400211971445, "y:14": 0.0180499601465734, "y:15": 0.05336860812133788, "y:16": 0.01930179142151081, "y:17": 0.11957039772749369, "y:18": 0.028526011300893703, "y:19": 0.215682848020174, "y:20": 0.010726594424892023, "y:21": 0.14565792423961277, "y:22": 0.05455051929478216, "y:23": 0.14867431984649956, "y:24": 0.0232579245428315, "y:25": 0.08300396581454639, "y:26": 0.027547688974743877, "y:27": 0.12133983613071056, "y:28": 0.013866867847692659, "y:29": 0.08591652217842503, "y:30": 0.0120456988835769, "y:31": 0.1107734321531069}}