{"0": {"y:0": 0.11777570464535256, "y:1": 0.02783351030633866, "y:2": 0.1281715140396464, "y:3": 0.018054967390941902, "y:4": 0.14160066860600476, "y:5": 0.014900977166632431, "y:6": 0.13983912015989425, "y:7": 0.015670263368616374, "y:8": 0.14591886533138004, "y:9": 0.017019236507870114, "y:10": 0.14914564086021942, "y:11": 0.02096535082965691, "y:12": 0.13001669089940648, "y:13": 0.023891440273700625, "y:14": 0.15480092766777082, "y:15": 0.028569583838245427, "y:16": 0.15365967085936086, "y:17": 0.03360272607155903, "y:18": 0.1267924914099688, "y:19": 0.03390715463894025, "y:20": 0.16567423558019986, "y:21": 0.04319337865793858, "y:22": 0.13705418167854932, "y:23": 0.040952421904497924, "y:24": 0.13935891561387592, "y:25": 0.04048844710889387, "y:26": 0.1381997456619987, "y:27": 0.04657815985997572, "y:28": 0.15879687441882576, "y:29": 0.04169758422467488, "y:30": 0.12969870255602495, "y:31": 0.04049266021304369}, "1": {"y:0": 0.1051698997499667, "y:1": 0.02715758865660495, "y:2": 0.12464550379578128, "y:3": 0.017772610585719717, "y:4": 0.1304787517969872, "y:5": 0.015764380004591166, "y:6": 0.1369703313027215, "y:7": 0.01634776051530801, "y:8": 0.12826198458040558, "y:9": 0.02071279018433966, "y:10": 0.15498361414563616, "y:11": 0.024466795714617264, "y:12": 0.14977145046015286, "y:13": 0.026195217613852424, "y:14": 0.12689172235275134, "y:15": 0.029022333425637883, "y:16": 0.13985799755055803, "y:17": 0.03325162148287639, "y:18": 0.13173715843203324, "y:19": 0.03469984122104062, "y:20": 0.1350414001986053, "y:21": 0.03611363735033126, "y:22": 0.1479807544761548, "y:23": 0.03923927825240922, "y:24": 0.13906317369458812, "y:25": 0.04476252996208377, "y:26": 0.13970199289272564, "y:27": 0.04813563287892827, "y:28": 0.13695243052429082, "y:29": 0.047351617251457485, "y:30": 0.13866645790936183, "y:31": 0.04914423392049801}, "2": {"y:0": 0.14207539585481072, "y:1": 0.024060991652345036, "y:2": 0.12876207356696043, "y:3": 0.01888381439259963, "y:4": 0.15117751095418563, "y:5": 0.0227263811502212, "y:6": 0.14124578824571984, "y:7": 0.030750498382183356, "y:8": 0.13503305853605335, "y:9": 0.042177393104405235, "y:10": 0.13226873990838595, "y:11": 0.04747669134504687, "y:12": 0.14648192444272137, "y:13": 0.04988337116995641, "y:14": 0.1397997695585986, "y:15": 0.06050515917433336, "y:16": 0.15413355556528652, "y:17": 0.06706800770048131, "y:18": 0.14005603514943968, "y:19": 0.07543096549686613, "y:20": 0.133277746083265, "y:21": 0.06853419883069384, "y:22": 0.14585111659578354, "y:23": 0.08647222846643918, "y:24": 0.12928551834909321, "y:25": 0.08884767410674395, "y:26": 0.12796680684010708, "y:27": 0.08300126095825666, "y:28": 0.13420573084036358, "y:29": 0.09237791433045651, "y:30": 0.14277582858265286, "y:31": 0.09076124706159584}, "3": {"y:0": 0.12288515536875101, "y:1": 0.035293449573753105, "y:2": 0.1418610076031372, "y:3": 0.025054360326305973, "y:4": 0.13737372731767492, "y:5": 0.022382433941549623, "y:6": 0.13079311795669718, "y:7": 0.02310243059004975, "y:8": 0.14041931499740837, "y:9": 0.0270721267309378, "y:10": 0.13864026791866302, "y:11": 0.0313236827921599, "y:12": 0.14975406161912533, "y:13": 0.03609901789415301, "y:14": 0.13956762443349532, "y:15": 0.042053619057132514, "y:16": 0.12701660298135822, "y:17": 0.0483642227517398, "y:18": 0.14251464481868847, "y:19": 0.0568187760747909, "y:20": 0.1395089572179697, "y:21": 0.05917663347761792, "y:22": 0.14000759601399207, "y:23": 0.06954016019872618, "y:24": 0.15357448515413982, "y:25": 0.07195345327098394, "y:26": 0.15236127098765148, "y:27": 0.07692948722523436, "y:28": 0.1343897988620194, "y:29": 0.0805441995777244, "y:30": 0.1357650556410054, "y:31": 0.08716844728781446}, "4": {"y:0": 0.12420490949500375, "y:1": 0.07543194838265338, "y:2": 0.13403979864199764, "y:3": 0.05412916926222998, "y:4": 0.13494219500495339, "y:5": 0.04731482345004138, "y:6": 0.14886211842801647, "y:7": 0.041655685183849586, "y:8": 0.14399423757035593, "y:9": 0.04386398534490773, "y:10": 0.14154214384748884, "y:11": 0.03944597801339502, "y:12": 0.14614738177251974, "y:13": 0.0426250024439422, "y:14": 0.1451419748277621, "y:15": 0.04656468823758144, "y:16": 0.1421065505718771, "y:17": 0.04495760080406105, "y:18": 0.14307832986114533, "y:19": 0.05028446122770892, "y:20": 0.13183264431269673, "y:21": 0.05436691937582741, "y:22": 0.13578303037621436, "y:23": 0.0636671941243739, "y:24": 0.1449460534980994, "y:25": 0.06768566213164864, "y:26": 0.1560119419323352, "y:27": 0.0774136800472464, "y:28": 0.13645498692569516, "y:29": 0.0784682211485125, "y:30": 0.15138669162858115, "y:31": 0.09086805768121951}, "5": {"y:0": 0.12227659957648308, "y:1": 0.0862407592319422, "y:2": 0.13304436618754675, "y:3": 0.07583415671681397, "y:4": 0.13835353583079413, "y:5": 0.061650896591273485, "y:6": 0.138997139108428, "y:7": 0.0527417631412741, "y:8": 0.14434627766463753, "y:9": 0.0528526797399117, "y:10": 0.1506003746911615, "y:11": 0.05197854264031662, "y:12": 0.1394559813197642, "y:13": 0.05278895830825517, "y:14": 0.1546645853315428, "y:15": 0.05508749753912077, "y:16": 0.15208033908491297, "y:17": 0.05641472078600802, "y:18": 0.14152489651284964, "y:19": 0.06249859786357133, "y:20": 0.14043748524885075, "y:21": 0.06527699593635444, "y:22": 0.15614480460816893, "y:23": 0.06784702192070949, "y:24": 0.15394554236649305, "y:25": 0.07605199419326977, "y:26": 0.1421971361803804, "y:27": 0.08542557921466405, "y:28": 0.1407608940416853, "y:29": 0.08324059670838665, "y:30": 0.14518787361603228, "y:31": 0.08626905801132695}, "6": {"y:0": 0.10918906361335738, "y:1": 0.09756876248716566, "y:2": 0.12802706978130612, "y:3": 0.07466512570892075, "y:4": 0.12378059509925515, "y:5": 0.06321851438939857, "y:6": 0.14734129256603723, "y:7": 0.05962113491803022, "y:8": 0.14855253815720593, "y:9": 0.05715745153782398, "y:10": 0.14940124969904958, "y:11": 0.05703328593663813, "y:12": 0.14304289010517685, "y:13": 0.055175126947823054, "y:14": 0.15561194800570818, "y:15": 0.06115277908111889, "y:16": 0.13932613542248826, "y:17": 0.05665836553119777, "y:18": 0.14681825521970004, "y:19": 0.06264800978554987, "y:20": 0.14437701621677945, "y:21": 0.06658825003321546, "y:22": 0.15089258928550217, "y:23": 0.07227636104482928, "y:24": 0.15455654493682933, "y:25": 0.07469905365946455, "y:26": 0.15535586414133717, "y:27": 0.08314674588370864, "y:28": 0.14774939998568573, "y:29": 0.08882305864832887, "y:30": 0.15115448966338182, "y:31": 0.08679287306797763}, "7": {"s_p1_0": 2.9132626011453118, "s_p2_0": 2.4562045940975157, "s_p3_0": 1.9169151348226594, "s_p1_1": 2.526143407282642, "s_p2_1": 2.3883818394027867, "s_p3_1": 1.507101514916382}, "8": {"s_p1_0": 2.5247489196788315, "s_p2_0": 2.130415045961758, "s_p3_0": 1.479243325201948, "s_p1_1": 2.359843637021252, "s_p2_1": 1.8973533571451866, "s_p3_1": 1.198425911974157}, "9": {"s_p1_0": 1.7675790890593028, "s_p2_0": 2.4759144507747544, "s_p3_0": 2.0237948458392423, "s_p1_1": 1.677858884955342, "s_p2_1": 2.18495550001856, "s_p3_1": 1.5855489973742467}, "10": {"s_p1_0": 0.8371731349018092, "s_p2_0": 1.0036681018873428, "s_p3_0": 1.014063314160108, "s_p1_1": 0.8047553634119743, "s_p2_1": 0.7884901680612283, "s_p3_1": 0.7685763016608276}, "11": {"s_p1_0": 0.5486754219606356, "s_p2_0": 1.2510730515484811, "s_p3_0": 1.0581107199740056, "s_p1_1": 0.6204220907248562, "s_p2_1": 0.9245444316550525, "s_p3_1": 0.9019875093718789}, "12": {"s_p1_0": 0.25542452333712723, "s_p2_0": 0.6449748762006416, "s_p3_0": 0.537207587635961, "s_p1_1": 0.31807782905858034, "s_p2_1": 0.38943491580974676, "s_p3_1": 0.5348432925909645}, "13": {"s_p1_0": 0.21147636967941177, "s_p2_0": 0.5744745307206804, "s_p3_0": 0.4060273485300761, "s_p1_1": 0.26870757781343046, "s_p2_1": 0.33728624292834114, "s_p3_1": 0.40512518635577777}, "14": {"s_p1_0": 0.20082495774764078, "s_p2_0": 0.6225527304580127, "s_p3_0": 0.36244262820325157, "s_p1_1": 0.25793815407907345, "s_p2_1": 0.35491257441749985, "s_p3_1": 0.3848183960271508}, "15": {"s_p1_0": 0.1911776571796864,