{"0": {"y:0": 0.10429141688456835, "y:1": 0.020997915543857822, "y:2": 0.1313348886041016, "y:3": 0.0156037295335664, "y:4": 0.15720803241145626, "y:5": 0.016498583896332915, "y:6": 0.138760896564273, "y:7": 0.019870570858620946, "y:8": 0.14800300411840114, "y:9": 0.02207284941349321, "y:10": 0.128680672943175, "y:11": 0.026727689378646627, "y:12": 0.13603086783879303, "y:13": 0.027083319565406855, "y:14": 0.12135459699955453, "y:15": 0.032141502645153155, "y:16": 0.13052618254541704, "y:17": 0.03759395399612107, "y:18": 0.14194320523305795, "y:19": 0.03828162771830207, "y:20": 0.1265409824499633, "y:21": 0.0342850436037264, "y:22": 0.12450023623317169, "y:23": 0.04105060894976697, "y:24": 0.13091362277261914, "y:25": 0.0473936565433295, "y:26": 0.12893923990782608, "y:27": 0.04450864055901844, "y:28": 0.15244243441886318, "y:29": 0.04176854247662789, "y:30": 0.12841402847993463, "y:31": 0.04243636145595967}, "1": {"y:0": 0.12969354009777492, "y:1": 0.02573497517822553, "y:2": 0.13980399095757742, "y:3": 0.017911514884961673, "y:4": 0.13532444995627635, "y:5": 0.015185848481272484, "y:6": 0.14741259882956573, "y:7": 0.016023387729081826, "y:8": 0.12841726685462249, "y:9": 0.018258805579455348, "y:10": 0.1336646673154689, "y:11": 0.020597791789939705, "y:12": 0.13372208106732583, "y:13": 0.024258575162645003, "y:14": 0.13632450650464098, "y:15": 0.028474562802189386, "y:16": 0.13561436418193154, "y:17": 0.032744818276132306, "y:18": 0.13785911117464786, "y:19": 0.03690332131599404, "y:20": 0.15197141102432546, "y:21": 0.04019956301584425, "y:22": 0.1302809808001866, "y:23": 0.04251362758330883, "y:24": 0.12109660944235347, "y:25": 0.04634771586654213, "y:26": 0.13358274031936573, "y:27": 0.049273384431477586, "y:28": 0.12679888185989358, "y:29": 0.04990915241937353, "y:30": 0.143650640400625, "y:31": 0.05329539244190041}, "2": {"y:0": 0.13461595559185963, "y:1": 0.02815747558945384, "y:2": 0.13821042160005817, "y:3": 0.018959555925712065, "y:4": 0.1378389108613886, "y:5": 0.021882169439740667, "y:6": 0.14061204040674807, "y:7": 0.02495369999422596, "y:8": 0.1422762771841901, "y:9": 0.03183687818943979, "y:10": 0.13854143498251317, "y:11": 0.038712549415877665, "y:12": 0.12905449943944583, "y:13": 0.04546832445004703, "y:14": 0.14496363630040882, "y:15": 0.056093923122305316, "y:16": 0.13433678994013293, "y:17": 0.05396462122460643, "y:18": 0.15446799531837097, "y:19": 0.06293260526276781, "y:20": 0.13039731767714902, "y:21": 0.06615925056012936, "y:22": 0.1477928264577852, "y:23": 0.07258153838780344, "y:24": 0.1208735812856801, "y:25": 0.07976766459652997, "y:26": 0.14269672770741856, "y:27": 0.077849254298274, "y:28": 0.134029349983795, "y:29": 0.09249770800487446, "y:30": 0.1461120872156554, "y:31": 0.09050311114390165}, "3": {"y:0": 0.1334357486401594, "y:1": 0.028332900904125092, "y:2": 0.14539848015290155, "y:3": 0.021518755137103482, "y:4": 0.12770490009135388, "y:5": 0.020128993760566184, "y:6": 0.1331053284658587, "y:7": 0.02446440150684378, "y:8": 0.14814894195716832, "y:9": 0.030840148901761903, "y:10": 0.14075871730157533, "y:11": 0.037884794452037844, "y:12": 0.14109993914057786, "y:13": 0.04457133955078812, "y:14": 0.15287451239667924, "y:15": 0.04780595596311668, "y:16": 0.154824397421673, "y:17": 0.057757997873099425, "y:18": 0.1492331393012862, "y:19": 0.06338403415257403, "y:20": 0.14963495609400787, "y:21": 0.06501542903480499, "y:22": 0.13640109504461587, "y:23": 0.06802424948699926, "y:24": 0.15640384117440256, "y:25": 0.07585583381882396, "y:26": 0.15232095762466966, "y:27": 0.0883956629144516, "y:28": 0.13885816646638394, "y:29": 0.09723140817248507, "y:30": 0.14379953027566736, "y:31": 0.09191024193626239}, "4": {"y:0": 0.12003502384312663, "y:1": 0.051373955809761666, "y:2": 0.12613926306505863, "y:3": 0.03527911623167472, "y:4": 0.14172672573172304, "y:5": 0.03062968480597049, "y:6": 0.13138171719565578, "y:7": 0.030277674960415616, "y:8": 0.14661784566398106, "y:9": 0.028522587347272425, "y:10": 0.13102431812126789, "y:11": 0.03170373097680318, "y:12": 0.13686337959744102, "y:13": 0.03609361610901334, "y:14": 0.1398263227285442, "y:15": 0.04155074776774625, "y:16": 0.1434563394860705, "y:17": 0.04664107345634445, "y:18": 0.1442282754634324, "y:19": 0.051333661453678715, "y:20": 0.14333777576711237, "y:21": 0.06019665989567742, "y:22": 0.14888415939311417, "y:23": 0.06798981657284119, "y:24": 0.15305571683784253, "y:25": 0.07168173804653856, "y:26": 0.15039260624664474, "y:27": 0.07780601548149613, "y:28": 0.14107855454547885, "y:29": 0.0827729222690892, "y:30": 0.14817891707389008, "y:31": 0.09062090597228804}, "5": {"y:0": 0.11757975778035944, "y:1": 0.06996839743765093, "y:2": 0.13079477683298782, "y:3": 0.052182562935216045, "y:4": 0.14155971970588602, "y:5": 0.04326003848328921, "y:6": 0.14064762051287902, "y:7": 0.04061889172403318, "y:8": 0.14703493747805724, "y:9": 0.04127091867302294, "y:10": 0.14554179162144024, "y:11": 0.040983041849371786, "y:12": 0.15014766664806084, "y:13": 0.04250553799633045, "y:14": 0.15590569311505142, "y:15": 0.0468834268233281, "y:16": 0.1546356100034094, "y:17": 0.050636388619257615, "y:18": 0.1328728858873365, "y:19": 0.05777615062233067, "y:20": 0.15823234144548282, "y:21": 0.061941051311169094, "y:22": 0.13968157592223926, "y:23": 0.07017101152889366, "y:24": 0.1425234280967311, "y:25": 0.07535165107004382, "y:26": 0.15730905093834402, "y:27": 0.08965820644695346, "y:28": 0.14400409697130098, "y:29": 0.09306786967452714, "y:30": 0.15436367953696972, "y:31": 0.09594504295394404}, "6": {"y:0": 0.10403847426586026, "y:1": 0.07030125475454022, "y:2": 0.12191594995258648, "y:3": 0.0598542181307869, "y:4": 0.13655374640558512, "y:5": 0.04909425263885429, "y:6": 0.130547305093094, "y:7": 0.04208776226798156, "y:8": 0.14235247368534862, "y:9": 0.04216441796975903, "y:10": 0.1569082589931329, "y:11": 0.04300321399158991, "y:12": 0.14134213492137748, "y:13": 0.0430141522201256, "y:14": 0.14540950279064943, "y:15": 0.0464809397778157, "y:16": 0.14480055500160832, "y:17": 0.05110211482794037, "y:18": 0.1381201761280405, "y:19": 0.056253419236012736, "y:20": 0.15012584358604028, "y:21": 0.06031493210139384, "y:22": 0.13572202685360085, "y:23": 0.06681590719341778, "y:24": 0.14648425595077758, "y:25": 0.07217832328353183, "y:26": 0.1426883696945874, "y:27": 0.08058364689390875, "y:28": 0.13878038936648032, "y:29": 0.08562025719460135, "y:30": 0.14454278071356788, "y:31": 0.08631269578229371}, "7": {"y:0": 0.10398593455464447, "y:1": 0.07461775857119794, "y:2": 0.11920042275806038, "y:3": 0.061637850595814954, "y:4": 0.12721778367616854, "y:5": 0.05286086618532881, "y:6": 0.13412372576521595, "y:7": 0.04803670761850014, "y:8": 0.14786407385225014, "y:9": 0.047011928197957714, "y:10": 0.1460254801226362, "y:11": 0.04628078274002935, "y:12": 0.1381700229460183, "y:13": 0.04632805648737883, "y:14": 0.1442588070131938, "y:15": 0.05048564094739844, "y:16": 0.1414380862492615, "y:17": 0.05210209415091146, "y:18": 0.14165026406725986, "y:19": 0.05592754929945097, "y:20": 0.1410895699423257, "y:21": 0.06186195522384314, "y:22": 0.1454021471051786, "y:23": 0.06793275345510941, "y:24": 0.14358164234776405, "y:25": 0.07423642450921866, "y:26": 0.14730496516987435, "y:27": 0.07719284433316552, "y:28": 0.14223706727689062, "y:29": 0.08490332986829302, "y:30": 0.13918382035742932, "y:31": 0.08791476120847083}, "8": {"y:0": 0.0751493675921316, "y:1": 0.0592123077620632, "y:2": 0.10282515756792442, "y:3": 0.049853774039597294, "y:4": 0.11856499234992836, "y:5": 0.040976922363348094, "y:6": 0.13449730446348934, "y:7": 0.03932376344158505, "y:8": 0.1304365713203056, "y:9": 0.03869888718173336, "y:10": 0.13200234469136074, "y:11": 0.0393772149970963, "y:12": 0.13292923589524397, "y:13": 0.039435020619705705, "y:14": 0.1381465885230996, "y:15": 0.0404767220744756, "y:16": 0.1312394664119999, "y:17": 0.04311826735543724, "y:18": 0.13338933829013538, "y:19": 0.046299577899834674, "y:20": 0.13768998240063343,