{"0": {"y:0": 35.03698711027448, "y:1": 3.024528669827362, "y:2": 2.207839649564736, "y:3": 1.8524133540935155, "y:4": 1.532665718918569, "y:5": 1.4944889925275888, "y:6": 1.4863073148768182, "y:7": 1.5498092357608886, "y:8": 1.3896542356034614, "y:9": 1.350653668224167}, "1": {"y:0": 35.91219118642398, "y:1": 3.043212838629574, "y:2": 2.2417372187391034, "y:3": 1.8465917132426979, "y:4": 1.5051520272341827, "y:5": 1.461902940041422, "y:6": 1.4886541252266483, "y:7": 1.5547643853627178, "y:8": 1.3689176045851608, "y:9": 1.342264253341426}, "2": {"y:0": 74.33751465087634, "y:1": 16.494803290066525, "y:2": 12.444686350490135, "y:3": 10.53238231959039, "y:4": 9.417194624939489, "y:5": 8.799878792069986, "y:6": 8.089217374830797, "y:7": 7.768091469524255, "y:8": 7.5043868827220095, "y:9": 7.194489836756765}, "3": {"y:0": 35.014594398222485, "y:1": 4.7028146501207875, "y:2": 3.7926308926948833, "y:3": 3.285781462527301, "y:4": 2.7575544363174287, "y:5": 2.7177586231679394, "y:6": 2.824832694915477, "y:7": 2.8550909090351633, "y:8": 2.614269031459991, "y:9": 2.540691517364761}, "4": {"y:0": 36.655336287028355, "y:1": 4.953032174872004, "y:2": 5.355264839711544, "y:3": 5.063671443037318, "y:4": 4.316454944511084, "y:5": 4.31553742206603, "y:6": 4.427110067059207, "y:7": 4.452945028928505, "y:8": 4.00009367977576, "y:9": 3.833316130802331}, "5": {"y:0": 36.08899680165907, "y:1": 5.606095290599098, "y:2": 6.03801483377045, "y:3": 6.171114322095511, "y:4": 5.188772408876237, "y:5": 5.156262083339784, "y:6": 5.35606223098932, "y:7": 5.200258787882439, "y:8": 4.56693161368945, "y:9": 4.327473195568953}, "6": {"y:0": 34.540455318664556, "y:1": 6.599039116056453, "y:2": 6.686882620175673, "y:3": 7.2979145391518125, "y:4": 6.127548215230726, "y:5": 6.364834522652502, "y:6": 6.79194224053377, "y:7": 6.216680751507894, "y:8": 5.78081326973782, "y:9": 5.469358783134991}, "7": {"y:0": 36.914930613325105, "y:1": 8.559764267020986, "y:2": 8.916691469375833, "y:3": 9.901979236815146, "y:4": 8.094152940993158, "y:5": 9.421156639192372, "y:6": 10.146932001360835, "y:7": 7.666041657555744, "y:8": 8.382735014083893, "y:9": 7.649120021394434}, "8": {"y:0": 36.30033419562289, "y:1": 11.928493397156647, "y:2": 11.634064279533632, "y:3": 13.655580373981486, "y:4": 10.037023889766774, "y:5": 12.84729949291009, "y:6": 14.132619636767094, "y:7": 9.424680299288834, "y:8": 11.231995451162778, "y:9": 9.86376875988249}, "9": {"y:0": 36.924731079116825, "y:1": 14.700551517687739, "y:2": 13.615769666653222, "y:3": 16.163793040035223, "y:4": 11.685822277750207, "y:5": 15.829973348204895, "y:6": 18.55883747537297, "y:7": 10.185522877632295, "y:8": 14.881481211641438, "y:9": 13.395216881594708}, "10": {"y:0": 36.63099538756441, "y:1": 17.69460211512216, "y:2": 17.174999147784987, "y:3": 19.422604833236413, "y:4": 13.850542348446046, "y:5": 18.265833548988574, "y:6": 21.640956218847247, "y:7": 10.848144145096851, "y:8": 17.623703936931424, "y:9": 16.372409240532914}, "11": {"y:0": 34.697099924081336, "y:1": 21.229276396600294, "y:2": 19.68182511309825, "y:3": 22.11839330970418, "y:4": 14.275386116914387, "y:5": 20.015664510680242, "y:6": 23.66977524723592, "y:7": 11.175726537913128, "y:8": 22.353073260908257, "y:9": 20.447591426494064}, "12": {"y:0": 36.773350912958804, "y:1": 22.47480576835094, "y:2": 20.968694341170654, "y:3": 22.33272053530086, "y:4": 14.919587944821954, "y:5": 21.575325199419385, "y:6": 25.12666672221004, "y:7": 10.993204653832887, "y:8": 24.246600046212695, "y:9": 22.337375095603637}, "13": {"y:0": 35.78047585096304, "y:1": 24.137338639869835, "y:2": 24.073779508907776, "y:3": 25.172392586934322, "y:4": 15.12975246444203, "y:5": 22.573302028247063, "y:6": 26.685276598204258, "y:7": 11.114605601127844, "y:8": 26.462751838349668, "y:9": 24.48641374938545}, "14": {"y:0": 35.705296118306904, "y:1": 23.68985997527271, "y:2": 23.171381612860003, "y:3": 24.06700816329082, "y:4": 15.330452171589853, "y:5": 23.074695158802477, "y:6": 26.104498641151093, "y:7": 10.903137867750818, "y:8": 26.2507776295228, "y:9": 24.12473039746638}, "15": {"y:0": 35.858306362104656, "y:1": 24.474262716819272, "y:2": 24.62007689474123, "y:3": 25.031266059131813, "y:4": 15.190382053372621, "y:5": 23.01873575326835, "y:6": 27.037566867017606, "y:7": 11.15265856638928, "y:8": 28.21200607514508, "y:9": 25.880409345785075}, "16": {"y:0": 35.24850653178742, "y:1": 25.31880146864089, "y:2": 25.46246885490002, "y:3": 25.700423742164265, "y:4": 15.729110101007434, "y:5": 24.18807781946321, "y:6": 26.616005485049886, "y:7": 10.973562063446309, "y:8": 29.30320521467925, "y:9": 27.10455700013692}}