{"0": {"y:0": 0.12408418592426794, "y:1": 0.02443697706682103, "y:2": 0.13304216558362478, "y:3": 0.017671191147862877, "y:4": 0.14925032863421422, "y:5": 0.014988607847550043, "y:6": 0.15339043297957627, "y:7": 0.01566317492188957, "y:8": 0.14329858969713288, "y:9": 0.017707499742581352, "y:10": 0.14568161709389976, "y:11": 0.021352175393655734, "y:12": 0.13147278189559736, "y:13": 0.022613675874296118, "y:14": 0.14218038713797632, "y:15": 0.02974865910890829, "y:16": 0.13464476614040335, "y:17": 0.029956892275383215, "y:18": 0.13368790955001614, "y:19": 0.03255236529538397, "y:20": 0.14708522330208307, "y:21": 0.03576521625866857, "y:22": 0.12840849703587937, "y:23": 0.04456897439313374, "y:24": 0.1181294762418759, "y:25": 0.037615098925200534, "y:26": 0.14510926126727583, "y:27": 0.04538239107275822, "y:28": 0.1645727480103336, "y:29": 0.05024669871038461, "y:30": 0.120474803016064, "y:31": 0.04969302148076186}}