{"0": {"y:0": 76.68749374575911, "y:1": 8.003302315263133, "y:2": 6.16324697317078, "y:3": 5.41244284492727, "y:4": 4.89930912750013, "y:5": 4.589057195129644, "y:6": 4.216870731790244, "y:7": 4.168447429455203, "y:8": 4.023689466118444, "y:9": 3.8944736738072634}}