{"0": {"y:0": 0.0, "y:1": 0.0, "y:2": 0.10906006139810837, "y:3": 0.24507677707789322, "y:4": 0.21960454202608953, "y:5": 0.1595671068098816, "y:6": 0.010505915806753063, "y:7": 0.31692751048288764, "y:8": 0.010020357720521369, "y:9": 0.06680373010668295, "y:10": 0.003726505897526002, "y:11": 0.08033516071066804, "y:12": 0.005150705273080904, "y:13": 0.031009461179059034, "y:14": 0.005208147544891248, "y:15": 0.05017473359164753, "y:16": 0.000496431653839704, "y:17": 0.07070447119385015, "y:18": 0.0, "y:19": 0.13150352392953046, "y:20": 0.0, "y:21": 0.15054081325805233, "y:22": 0.0, "y:23": 0.061548776926818906, "y:24": 0.0, "y:25": 0.10142276653122093, "y:26": 0.0, "y:27": 0.02214697913286822, "y:28": 0.0, "y:29": 0.03978736896694303, "y:30": 0.0, "y:31": 0.12649833545614825, "y:32": 0.0, "y:33": 0.013681261038052641, "y:34": 0.0, "y:35": 0.0010529254235492845, "y:36": 0.0, "y:37": 0.025645023176558222, "y:38": 0.0, "y:39": 0.004480196225152229, "y:40": 0.0, "y:41": 0.07813145819219236, "y:42": 0.0, "y:43": 0.03745162474869586, "y:44": 0.0, "y:45": 0.004527892537452066, "y:46": 0.0, "y:47": 0.01849260537933819, "y:48": 0.0, "y:49": 0.04797843991460364, "y:50": 0.0, "y:51": 0.012598919347286927, "y:52": 0.0, "y:53": 0.04010869315901512, "y:54": 0.0, "y:55": 0.02158393212040757, "y:56": 0.0, "y:57": 0.03289853991638675, "y:58": 0.0, "y:59": 0.015987197827712324, "y:60": 0.0, "y:61": 0.010301923468634367, "y:62": 0.0, "y:63": 0.0005675738934298521, "y:64": 0.0, "y:65": 0.018188831600888154, "y:66": 0.0, "y:67": 0.005093599018008599, "y:68": 0.0, "y:69": 0.007467756982598243, "y:70": 0.0, "y:71": 0.010069989507118862, "y:72": 0.0, "y:73": 0.00982312093404979, "y:74": 0.0, "y:75": 0.003147395483475467, "y:76": 0.0, "y:77": 0.008394150862043256, "y:78": 0.0, "y:79": 0.002298381411725841, "y:80": 0.0, "y:81": 0.008922244193431064, "y:82": 0.0, "y:83": 0.01019110405817161, "y:84": 0.0, "y:85": 0.005094959395316579, "y:86": 0.0, "y:87": 0.00015257126076360206, "y:88": 0.0, "y:89": 0.007880194939052745, "y:90": 0.0, "y:91": 0.004338830037658602, "y:92": 0.0, "y:93": 0.012037002813963592, "y:94": 0.0, "y:95": 0.0026078600055609597, "y:96": 0.0, "y:97": 0.00578613161835104, "y:98": 0.0, "y:99": 0.010587490712068586, "y:100": 0.0, "y:101": 0.007918288604381887, "y:102": 0.0, "y:103": 0.016612501213887507, "y:104": 0.0, "y:105": 0.010222088979089508, "y:106": 0.0, "y:107": 0.01693493241204094, "y:108": 0.0, "y:109": 0.011127594131807379, "y:110": 0.0, "y:111": 0.0034159105656067475, "y:112": 0.0, "y:113": 0.007463689327324428, "y:114": 0.0, "y:115": 0.0022398624175219884, "y:116": 0.0, "y:117": 0.004665598980495474, "y:118": 0.0, "y:119": 0.013343843921602826, "y:120": 0.0, "y:121": 0.0027053598920622366, "y:122": 0.0, "y:123": 0.02189819359795838, "y:124": 0.0, "y:125": 0.004364293504990116, "y:126": 0.0, "y:127": 0.0012603361151970372, "y:128": 0.0, "y:129": 0.011801675861661906, "y:130": 0.0, "y:131": 0.0009042654055738091, "y:132": 0.0, "y:133": 0.002971753797579797, "y:134": 0.0, "y:135": 0.006503528408409486, "y:136": 0.0, "y:137": 0.003788897080941561, "y:138": 0.0, "y:139": 0.01107662776692956, "y:140": 0.0, "y:141": 0.015409957268828295, "y:142": 0.0, "y:143": 0.007459036071243147, "y:144": 0.0, "y:145": 0.0009893545372643936, "y:146": 0.0, "y:147": 0.010321364370137117, "y:148": 0.0, "y:149": 0.004088627339971406, "y:150": 0.0, "y:151": 0.010099450835732679, "y:152": 0.0, "y:153": 0.01664109882874761, "y:154": 0.0, "y:155": 0.014858989030036388, "y:156": 0.0, "y:157": 0.016827008794116263, "y:158": 0.0, "y:159": 0.0035750844814244637, "y:160": 0.0, "y:161": 0.017802889784047576, "y:162": 0.0, "y:163": 0.00794438214604853, "y:164": 0.0, "y:165": 0.011706397886180815, "y:166": 0.0, "y:167": 0.005401201437325685, "y:168": 0.0, "y:169": 0.007333128655743027, "y:170": 0.0, "y:171": 0.015947072790606785, "y:172": 0.0, "y:173": 0.006418598959294501, "y:174": 0.0, "y:175": 0.013286460710901074, "y:176": 0.0, "y:177": 0.009926865468939693, "y:178": 0.0, "y:179": 0.009869256422002882, "y:180": 0.0, "y:181": 0.016620776175429928, "y:182": 0.0, "y:183": 0.004041477692461232, "y:184": 0.0, "y:185": 0.0032689401347142455, "y:186": 0.0, "y:187": 0.0037525082231012635, "y:188": 0.0, "y:189": 0.0016429822701166529, "y:190": 0.0, "y:191": 0.00200112073727071, "y:192": 0.0, "y:193": 0.01150544232528653, "y:194": 0.0, "y:195": 0.007740244224684549, "y:196": 0.0, "y:197": 0.007222401355792232, "y:198": 0.0, "y:199": 0.001297467648845251, "y:200": 0.0, "y:201": 0.002794104231444323, "y:202": 0.0, "y:203": 0.003256573843304051, "y:204": 0.0, "y:205": 0.0010927168973504675, "y:206": 0.0, "y:207": 0.0054204060495577945, "y:208": 0.0, "y:209": 0.005607779861404466, "y:210": 0.0, "y:211": 0.0028093142810331866, "y:212": 0.0, "y:213": 0.002352801194810285, "y:214": 0.0, "y:215": 0.0021714093090741777, "y:216": 0.0, "y:217": 0.0010860287079757836, "y:218": 0.0, "y:219": 0.0006566443112652332, "y:220": 0.0, "y:221": 4.595877562833843e-05, "y:222": 0.0, "y:223": 0.0020389733048954972, "y:224": 0.0, "y:225": 0.003471802594948538, "y:226": 0.0, "y:227": 0.001506811531824789, "y:228": 0.0, "y:229": 0.001621323332340057, "y:230": 0.0, "y:231": 0.00047937212007130017, "y:232": 0.0, "y:233": 0.0014319137788859802, "y:234": 0.0, "y:235": 0.0027001179679637813, "y:236": 0.0, "y:237": 0.0017061978785592674, "y:238": 0.0, "y:239": 0.00012721522404172337, "y:240": 0.0, "y:241": 0.0014831543298934973, "y:242": 0.0, "y:243": 0.0014267826562979662, "y:244": 0.0, "y:245": 0.0003431405506352612, "y:246": 0.0, "y:247": 0.0019485839009168561, "y:248": 0.0, "y:249": 0.002067972145188648, "y:250": 0.0, "y:251": 0.0014491306051656588, "y:252": 0.0, "y:253": 0.00158584143185616, "y:254": 0.0, "y:255": 0.002049883683185624, "y:256": 0.0, "y:257": 0.0003293441138348166, "y:258": 0.0, "y:259": 0.0014820211739661015, "y:260": 0.0, "y:261": 0.0010765503998993343, "y:262": 0.0, "y:263": 0.0005053173700398253, "y:264": 0.0, "y:265": 0.00026597997370771814, "y:266": 0.0, "y:267": 0.0, "y:268": 0.0, "y:269": 0.0, "y:270": 0.0, "y:271": 0.0, "y:272": 0.0, "y:273": 0.0, "y:274": 0.0, "y:275": 0.0, "y:276": 0.0, "y:277": 0.0, "y:278": 0.0, "y:279": 0.0, "y:280": 0.0, "y:281": 0.0, "y:282": 0.0, "y:283": 0.0, "y:284": 0.0, "y:285": 0.0, "y:286": 0.0, "y:287": 0.0, "y:288": 0.0, "y:289": 0.0, "y:290": 0.0, "y:291": 0.0, "y:292": 0.0, "y:293": 0.0, "y:294": 0.0, "y:295": 0.0, "y:296": 0.0, "y:297": 0.0, "y:298": 0.0, "y:299": 0.0, "y:300": 0.0, "y:301": 0.0, "y:302": 0.0, "y:303": 0.0, "y:304": 0.0, "y:305": 0.0, "y:306": 0.0, "y:307": 0.0, "y:308": 0.0, "y:309": 0.0, "y:310": 0.0, "y:311": 0.0, "y:312": 0.0, "y:313": 0.0, "y:314": 0.0, "y:315": 0.0, "y:316": 0.0, "y:317": 0.0, "y:318": 0.0, "y:319": 0.0, "y:320": 0.0, "y:321": 0.0, "y:322": 0.0, "y:323": 0.0, "y:324": 0.0, "y:325": 0.0, "y:326": 0.0, "y:327": 0.0, "y:328": 0.0, "y:329": 0.0, "y:330": 0.0, "y:331": 0.0, "y:332": 0.0, "y:333": 0.0, "y:334": 0.0, "y:335": 0.0, "y:336": 0.0, "y:337": 0.0, "y:338": 0.0, "y:339": 0.0, "y:340": 0.0, "y:341": 0.0, "y:342": 0.0, "y:343": 0.0, "y:344": 0.0, "y:345": 0.0, "y:346": 0.0, "y:347": 0.0, "y:348": 0.0, "y:349": 0.0, "y:350": 0.0, "y:351": 0.0, "y:352": 0.0, "y:353": 0.0, "y:354": 0.0, "y:355": 0.0, "y:356": 0.0, "y:357": 0.0, "y:358": 0.0, "y:359": 0.0, "y:360": 0.0, "y:361": 0.0, "y:362": 0.0, "y:363": 0.0, "y:364": 0.0, "y:365": 0.0, "y:366": 0.0, "y:367": 0.0, "y:368": 0.0, "y:369": 0.0, "y:370": 0.0, "y:371": 0.0, "y:372": 0.0, "y:373": 0.0, "y:374": 0.0, "y:375": 0.0, "y:376": 0.0, "y:377": 0.0, "y:378": 0.0, "y:379": 0.0, "y:380": 0.0, "y:381": 0.0, "y:382": 0.0, "y:383": 0.0, "y:384": 0.0, "y:385": 0.0, "y:386": 0.0, "y:387": 0.0, "y:388": 0.0, "y:389": 0.0, "y:390": 0.0, "y:391": 0.0, "y:392": 0.0, "y:393": 0.0, "y:394": 0.0, "y:395": 0.0, "y:396": 0.0, "y:397": 0.0, "y:398": 0.0, "y:399": 0.0}}