{"0": {"y:0": 0.11844246324641881, "y:1": 0.031313276402345235, "y:2": 0.12254657688870095, "y:3": 0.024968770199571153, "y:4": 0.13089262792275977, "y:5": 0.018587996616593234, "y:6": 0.12417235778400147, "y:7": 0.01580090550095917, "y:8": 0.1622448085690434, "y:9": 0.015412381303421197, "y:10": 0.12845066130946317, "y:11": 0.0170815005460071, "y:12": 0.13722857250153644, "y:13": 0.017328948835766567, "y:14": 0.1360163023936303, "y:15": 0.020442399024265853, "y:16": 0.1246642283863053, "y:17": 0.02283586737518604, "y:18": 0.128197367358778, "y:19": 0.022932942599441633, "y:20": 0.12458348517598328, "y:21": 0.0254930246164846, "y:22": 0.12108133040257621, "y:23": 0.02947104681575584, "y:24": 0.14807141552566558, "y:25": 0.03036965792652263, "y:26": 0.11346372506293073, "y:27": 0.034897572336352795, "y:28": 0.14054023604360416, "y:29": 0.03483935335792452, "y:30": 0.13336462844120425, "y:31": 0.040541273504262294}, "1": {"y:0": 0.12739266926738632, "y:1": 0.029561136721919137, "y:2": 0.14514525545932827, "y:3": 0.01986587585877833, "y:4": 0.13521991320333657, "y:5": 0.01655022656056934, "y:6": 0.1364806506627899, "y:7": 0.01525485523299591, "y:8": 0.13342050225899113, "y:9": 0.016611867119618998, "y:10": 0.14996174664788958, "y:11": 0.019323485908570574, "y:12": 0.13974102339179134, "y:13": 0.023326574220173733, "y:14": 0.1325830911661564, "y:15": 0.024805040326767957, "y:16": 0.1384007411131143, "y:17": 0.026229261773416244, "y:18": 0.1342971356011089, "y:19": 0.030237433224823314, "y:20": 0.15420090819996435, "y:21": 0.03154121893450944, "y:22": 0.15430314348031474, "y:23": 0.03649870998804488, "y:24": 0.14441556784662452, "y:25": 0.03897173695907767, "y:26": 0.1334496830987934, "y:27": 0.04184142891414591, "y:28": 0.14397541665550492, "y:29": 0.04061492168557497, "y:30": 0.13139974600440715, "y:31": 0.04824945969648194}, "2": {"y:0": 0.12337506842935672, "y:1": 0.03517457199144517, "y:2": 0.13077305431131264, "y:3": 0.023522464920531522, "y:4": 0.13707478505626172, "y:5": 0.018115387502878444, "y:6": 0.13793594393195593, "y:7": 0.016826201374905855, "y:8": 0.1449913031919878, "y:9": 0.017090896048961336, "y:10": 0.13535985110741575, "y:11": 0.01921057559986541, "y:12": 0.13159623370335813, "y:13": 0.02128468605367537, "y:14": 0.13448670415571734, "y:15": 0.023655765254631148, "y:16": 0.13262824696177122, "y:17": 0.02664053858129031, "y:18": 0.14405422845234161, "y:19": 0.02943011193866896, "y:20": 0.14066260956041246, "y:21": 0.033043259177654105, "y:22": 0.14623871369870156, "y:23": 0.034891816619998565, "y:24": 0.1305416692954512, "y:25": 0.03726531031989093, "y:26": 0.14649065798733418, "y:27": 0.04128514310427457, "y:28": 0.12999383221545321, "y:29": 0.0406938693952742, "y:30": 0.13305938976076048, "y:31": 0.0457318634893449}, "3": {"y:0": 0.1079844787853584, "y:1": 0.02168324788598845, "y:2": 0.1136578226788068, "y:3": 0.015709793735116086, "y:4": 0.13060300725409235, "y:5": 0.01677386692812936, "y:6": 0.12856240957444032, "y:7": 0.021094097631744357, "y:8": 0.12796540597349118, "y:9": 0.02684433875230818, "y:10": 0.1256261564596051, "y:11": 0.03130287170275633, "y:12": 0.12515706325387863, "y:13": 0.0383853374514442, "y:14": 0.11952427831857491, "y:15": 0.040488552472809414, "y:16": 0.12166488408758888, "y:17": 0.04699530201117647, "y:18": 0.12089899794176505, "y:19": 0.04892164484015524, "y:20": 0.12449586180008079, "y:21": 0.048264015167437405, "y:22": 0.1282062087237027, "y:23": 0.053344537554028584, "y:24": 0.12711121886364055, "y:25": 0.05799307471437165, "y:26": 0.1196308009866897, "y:27": 0.056238407597034454, "y:28": 0.11811281415522462, "y:29": 0.06404814266561193, "y:30": 0.12306269577643403, "y:31": 0.0594813401110703}, "4": {"y:0": 0.07644246355551605, "y:1": 0.01753679019356007, "y:2": 0.08546926272436403, "y:3": 0.016756289283696265, "y:4": 0.09249717020872258, "y:5": 0.02192947667233711, "y:6": 0.0887980194844576, "y:7": 0.026009625896917042, "y:8": 0.10033796323008912, "y:9": 0.035329157006243624, "y:10": 0.09819031537932424, "y:11": 0.038322686266112, "y:12": 0.09182491927707852, "y:13": 0.04519237500451627, "y:14": 0.09237993351618626, "y:15": 0.04672883267288133, "y:16": 0.10159227592674491, "y:17": 0.05257110948413615, "y:18": 0.09456870160134713, "y:19": 0.05323381762924147, "y:20": 0.09194956662962281, "y:21": 0.054850022542843484, "y:22": 0.09915789086542429, "y:23": 0.06397184495298985, "y:24": 0.09069283772092122, "y:25": 0.06340096951790068, "y:26": 0.09275293561675178, "y:27": 0.0686044969134405, "y:28": 0.08196705073575118, "y:29": 0.06843877166512756, "y:30": 0.0821696167794422, "y:31": 0.07296745550926052}, "5": {"y:0": 0.06042035015344792, "y:1": 0.042980484272565955, "y:2": 0.05840265457476871, "y:3": 0.0586603368468644, "y:4": 0.059316607886055306, "y:5": 0.076235058215537, "y:6": 0.05517017988406943, "y:7": 0.07883278473914321, "y:8": 0.05256314270470657, "y:9": 0.08598234445267403, "y:10": 0.049653513092895875, "y:11": 0.09808071775584659, "y:12": 0.046277492561102515, "y:13": 0.09064434900826669, "y:14": 0.042524089910623945, "y:15": 0.10060049560603992, "y:16": 0.04232133928534249, "y:17": 0.09393880382960947, "y:18": 0.039332421792323595, "y:19": 0.11075359931467958, "y:20": 0.039697251929846626, "y:21": 0.0997609454224443, "y:22": 0.039763781497101344, "y:23": 0.10685108976935394, "y:24": 0.037340792807898864, "y:25": 0.12492670912908305, "y:26": 0.03717162338579064, "y:27": 0.12145123829418525, "y:28": 0.03634329355297858, "y:29": 0.11457272640446924, "y:30": 0.035635262847502756, "y:31": 0.10260523976352226}, "6": {"y:0": 0.08637606217136817, "y:1": 0.06794684228128728, "y:2": 0.07850349286778743, "y:3": 0.09096048663759769, "y:4": 0.07272086774439512, "y:5": 0.09660357384325138, "y:6": 0.06551244822926645, "y:7": 0.11014133837111638, "y:8": 0.06613483385172544, "y:9": 0.1031445868221169, "y:10": 0.05624810581588173, "y:11": 0.1217593114799049, "y:12": 0.05765362404333325, "y:13": 0.11602661573346465, "y:14": 0.054521368690082346, "y:15": 0.11809936195790173, "y:16": 0.053088719756785974, "y:17": 0.11218144406047457, "y:18": 0.04992358098051883, "y:19": 0.1238766944793296, "y:20": 0.0461172367365551, "y:21": 0.11760897326755321, "y:22": 0.0421803362676882, "y:23": 0.12099278097467449, "y:24": 0.04409572084578092, "y:25": 0.12244722579296423, "y:26": 0.03830463103398434, "y:27": 0.11215705779729478, "y:28": 0.03636865940686035, "y:29": 0.12419607217024702, "y:30": 0.03398976918203976, "y:31": 0.12963439120918765}, "7": {"y:0": 0.0833165317147638, "y:1": 0.04320747721036667, "y:2": 0.07555944572337003, "y:3": 0.06185917092309085, "y:4": 0.06741899348604331, "y:5": 0.07909924417381307, "y:6": 0.05876934507427858, "y:7": 0.08630499060121678, "y:8": 0.056705493472683874, "y:9": 0.09036434400340485, "y:10": 0.05508788651479045, "y:11": 0.0911890056926844, "y:12": 0.04792643032372389, "y:13": 0.09424527072650936, "y:14": 0.047653140104220316, "y:15": 0.09076843669076654, "y:16": 0.04602347331943809, "y:17": 0.09578393751162374, "y:18": 0.041762515122949546, "y:19": 0.09406231737609515, "y:20": 0.039975032579781744, "y:21": 0.09881295612724815, "y:22": 0.036950693668182134, "y:23": 0.09926652436813564, "y:24": 0.0331601798092166, "y:25": 0.10345318186329164, "y:26": 0.03093460062686854, "y:27": 0.10660339185029434, "y:28": 0.029485554245488196, "y:29": 0.09857424193370304, "y:30": 0.02680719759624397, "y:31": 0.10616561272258092}, "8": {"y:0": 0.0608335086788897, "y:1": 0.019531365253393794, "y:2": 0.05310672139279215, "y:3": 0.019879153655368364, "y:4": 0.05430703109193871, "y:5": 0.024178761811068396, "y:6": 0.053861594997426876, "y:7": 0.029178548144517584, "y:8": 0.04815609737469123, "y:9": 0.03438398660912807, "y:10": 0.04534208769926605, "y:11": 0.036978642986851155, "y:12": 0.044401276502957554, "y:13": 0.03952191115111826, "y:14": 0.04036161666652286, "y:15": 0.04384297398655628, "y:16": 0.039399311486447264, "y:17": 0.049462681211120664, "y:18": 0.03547738768253443, "y:19": 0.04834880444606255,