{"0": {"y:0": 0.011176190932562734, "y:1": 0.17649357141091962, "y:2": 0.4293344003944603, "y:3": 0.4044548885084566, "y:4": 0.3522808953784082, "y:5": 0.0441025427337555, "y:6": 0.0017513988625219258}, "1": {"y:0": 0.019296764518836645, "y:1": 0.19554361399664946, "y:2": 0.39667592116931977, "y:3": 0.4073415947645821, "y:4": 0.3564580268628914, "y:5": 0.057434548984500414, "y:6": 0.0030924650983222063}, "2": {"y:0": 0.09584803581048246, "y:1": 0.37478998257727647, "y:2": 0.47831412039441074, "y:3": 0.4837370843671472, "y:4": 0.4707316915429002, "y:5": 0.1467069223897196, "y:6": 0.0158977973905234}, "3": {"y:0": 0.2167349258784387, "y:1": 0.6333527513467335, "y:2": 0.716505575817631, "y:3": 0.7294980252920531, "y:4": 0.6122209395308414, "y:5": 0.21225528981607067, "y:6": 0.0323792742560056}, "4": {"y:0": 0.44513831330038567, "y:1": 0.8231159688510503, "y:2": 0.8670284682789596, "y:3": 0.8867669619587868, "y:4": 0.7434276263511449, "y:5": 0.3458471436754753, "y:6": 0.07913720751274038}, "5": {"y:0": 0.7170048800951032, "y:1": 1.140841355505116, "y:2": 1.2052531886285378, "y:3": 1.2258338399401492, "y:4": 1.0347346986121062, "y:5": 0.4814901479890975, "y:6": 0.12591374882930917}, "6": {"y:0": 1.127121643505271, "y:1": 1.5406937607633728, "y:2": 1.6133265132169665, "y:3": 1.6595089715533495, "y:4": 1.426624247829701, "y:5": 0.7577285846577464, "y:6": 0.21560058094325754}, "7": {"y:0": 1.6065075260285049, "y:1": 2.0876166812591896, "y:2": 2.2732579646863185, "y:3": 2.3447508134682997, "y:4": 2.056016665850668, "y:5": 1.0031378722505153, "y:6": 0.3024879191150307}, "8": {"y:0": 2.1319296924924824, "y:1": 3.0870428670445, "y:2": 3.242052964237896, "y:3": 3.2912613554647474, "y:4": 2.760281072936523, "y:5": 1.3185857455190944, "y:6": 0.3911318990570032}, "9": {"y:0": 2.976891331891816, "y:1": 4.455586014217995, "y:2": 4.701157103175233, "y:3": 4.765527306247654, "y:4": 3.8940831679756562, "y:5": 1.750285305377794, "y:6": 0.5630075269334024}, "10": {"y:0": 4.268258825298679, "y:1": 6.1246096314406495, "y:2": 6.615236972865723, "y:3": 6.543748725512359, "y:4": 5.03069186176446, "y:5": 2.262275472301395, "y:6": 0.7367527707595908}, "11": {"y:0": 5.620593841775173, "y:1": 8.077616661851701, "y:2": 8.740675070568496, "y:3": 9.324021458785614, "y:4": 6.308920353670712, "y:5": 2.9208629387897345, "y:6": 0.9330246222303509}, "12": {"y:0": 7.0778873062266685, "y:1": 9.99688574788403, "y:2": 11.008057221120263, "y:3": 10.87712906096639, "y:4": 8.217008859796744, "y:5": 3.7536356850904835, "y:6": 1.2830111622456835}, "13": {"y:0": 7.868561909357198, "y:1": 11.235130704196955, "y:2": 13.09972993758577, "y:3": 12.660479910721637, "y:4": 11.00020907471593, "y:5": 5.312299897797433, "y:6": 1.6985652834605327}, "14": {"y:0": 8.300410407170908, "y:1": 12.691552584245912, "y:2": 16.52793390855965, "y:3": 12.787431555147776, "y:4": 13.096914805522506, "y:5": 6.235430679986445, "y:6": 2.0607165532776497}, "15": {"y:0": 7.333173917867493, "y:1": 12.174765883355247, "y:2": 18.939767686182556, "y:3": 13.938780133536463, "y:4": 14.38220688630573, "y:5": 7.098617509290341, "y:6": 2.4494996923790113}, "16": {"y:0": 6.592359613778457, "y:1": 12.089654093350784, "y:2": 20.425290146325814, "y:3": 16.758115300997396, "y:4": 15.688384116929782, "y:5": 7.9336177480809065, "y:6": 2.7033083831407776}, "17": {"y:0": 7.2919800361917, "y:1": 15.922121016787898, "y:2": 23.866142134023875, "y:3": 22.16450371134916, "y:4": 17.86500182745437, "y:5": 9.00530798601488, "y:6": 3.1968968703763476}, "18": {"y:0": 8.035285072381175, "y:1": 19.156013621743202, "y:2": 29.664403577666967, "y:3": 27.732306515030462, "y:4": 21.015268813115384, "y:5": 11.163707160528139, "y:6": 3.5573032557701243}, "19": {"y:0": 10.177214881931938, "y:1": 24.687341638617045, "y:2": 35.2057188854671, "y:3": 34.347106590308236, "y:4": 24.121091481931927, "y:5": 12.885721568568176, "y:6": 3.935348113389546}, "20": {"y:0": 11.970976674011755, "y:1": 29.38105505872726, "y:2": 39.98901673619334, "y:3": 41.71056678224989, "y:4": 27.656308799098575, "y:5": 15.22475008458103, "y:6": 4.165949034631111}, "21": {"y:0": 14.322763598789336, "y:1": 35.64123332138272, "y:2": 46.422320050511125, "y:3": 49.727744028226255, "y:4": 31.10364329360275, "y:5": 16.437054336524287, "y:6": 4.287096485241449}, "22": {"y:0": 17.57163730113482, "y:1": 45.18115307039999, "y:2": 55.71092717315968, "y:3": 52.51891379480879, "y:4": 34.021456619486514, "y:5": 19.592340529626274, "y:6": 4.98228930121762}, "23": {"y:0": 20.544571146449982, "y:1": 55.14667095100641, "y:2": 60.72649681971982, "y:3": 58.14442767165121, "y:4": 38.916574831196044, "y:5": 20.918181159370384, "y:6": 5.658946157401614}, "24": {"y:0": 24.841092224083628, "y:1": 64.1774432303629, "y:2": 73.82303352591897, "y:3": 60.54952754732261, "y:4": 41.59714707381402, "y:5": 22.69696479305498, "y:6": 6.435263209694904}, "25": {"y:0": 35.33367193940479, "y:1": 70.8188458385145, "y:2": 73.93054475590428, "y:3": 60.92165983104833, "y:4": 36.93095281488508, "y:5": 20.537468248780264, "y:6": 7.335046972828343}, "26": {"y:0": 45.73779897508045, "y:1": 81.10425423873451, "y:2": 81.26162658896351, "y:3": 68.65609567186311, "y:4": 39.50186665858643, "y:5": 22.46901853907609, "y:6": 8.838697413022247}, "27": {"y:0": 58.837362836883266, "y:1": 79.92766030729035, "y:2": 76.43947818607803, "y:3": 65.83961764508584, "y:4": 37.27774166382559, "y:5": 21.145654390513602, "y:6": 9.68813836755956}, "28": {"y:0": 70.30901688586749, "y:1": 95.3458011486664, "y:2": 92.17631418057663, "y:3": 71.08801898129377, "y:4": 42.38914120143176, "y:5": 24.749839884571703, "y:6": 11.314791782624214}, "29": {"y:0": 85.43497869231777, "y:1": 102.3787313925869, "y:2": 95.25424804411338, "y:3": 76.41519869456343, "y:4": 47.969827753696116, "y:5": 27.406812266421834, "y:6": 11.701046084830248}, "30": {"y:0": 98.78088742128672, "y:1": 106.36923730659194, "y:2": 96.90619273544503, "y:3": 75.96900846886092, "y:4": 48.50925038882701, "y:5": 29.396263838321687, "y:6": 13.478376837770053}, "31": {"y:0": 103.62448876086363, "y:1": 111.15396164228667, "y:2": 101.22240164653117, "y:3": 79.00555699481123, "y:4": 50.01292530957757, "y:5": 28.951165047197296, "y:6": 13.738075741531942}, "32": {"y:0": 110.06362803262606, "y:1": 114.60921297405785, "y:2": 103.55552673474345, "y:3": 80.13380045951736, "y:4": 50.31176795853061, "y:5": 30.094896957247784, "y:6": 14.571449435116213}, "33": {"y:0": 117.7672767683431, "y:1": 116.52957531961168, "y:2": 102.56054911560256, "y:3": 79.74785291704033, "y:4": 51.24195972908687, "y:5": 31.39146596170033, "y:6": 14.717671068603861}, "34": {"y:0": 112.23493412159864, "y:1": 119.20401188851257, "y:2": 106.63331202021435, "y:3": 76.52860981602507, "y:4": 48.421858360724706, "y:5": 30.12369580972498, "y:6": 14.919643565872912}}