{"0": {"y:0": 0.006666841390865333, "y:1": 0.19312364785768898, "y:2": 0.2799553343297067, "y:3": 0.2288003525221382, "y:4": 0.21295626732033074, "y:5": 0.054549581867003996, "y:6": 0.08413792582550736, "y:7": 0.23792099247035736, "y:8": 0.335540292898076, "y:9": 0.3663487635183252}}