{"0": {"y:0": 78.2311500965292, "y:1": 7.115241384960255, "y:2": 5.287447276368127, "y:3": 4.2870023584610735, "y:4": 3.892174020221795, "y:5": 3.6488018929445007, "y:6": 3.5068243669919537, "y:7": 3.373766448260916, "y:8": 3.275824866923584, "y:9": 3.252631702322587}, "1": {"y:0": 74.55948225211155, "y:1": 7.956776772159471, "y:2": 5.962586536459327, "y:3": 5.077393367510357, "y:4": 4.6008565057080055, "y:5": 4.302949348657686, "y:6": 4.176013179291304, "y:7": 3.894455262217018, "y:8": 3.7760928484947947, "y:9": 3.6816567208736477}, "2": {"y:0": 75.66968859661148, "y:1": 12.340963828523039, "y:2": 9.506759445796105, "y:3": 7.9206733374239375, "y:4": 7.353617876938817, "y:5": 6.821951635912569, "y:6": 6.534084805421664, "y:7": 6.163825184620764, "y:8": 5.9460103019549475, "y:9": 5.815029668260789}, "3": {"y:0": 77.76600336291399, "y:1": 9.729058532917147, "y:2": 8.14800466839822, "y:3": 7.557610069409021, "y:4": 7.021770140632735, "y:5": 6.748817807157001, "y:6": 6.532878230022939, "y:7": 6.23548996898839, "y:8": 6.1413657811188, "y:9": 6.188994119523292}, "4": {"y:0": 75.8461210118883, "y:1": 9.226668132112666, "y:2": 9.910307265482071, "y:3": 10.369223060757106, "y:4": 10.647980339123984, "y:5": 10.173156666665939, "y:6": 9.83592909366411, "y:7": 9.564442138515815, "y:8": 9.103664078668299, "y:9": 8.864520849813347}, "5": {"y:0": 74.30675679980605, "y:1": 8.979888857552695, "y:2": 11.092033719411464, "y:3": 12.989833588054273, "y:4": 13.63631143252421, "y:5": 13.392137943001751, "y:6": 13.442497953170948, "y:7": 12.821047300530385, "y:8": 12.310812807880879, "y:9": 11.557841244263248}, "6": {"y:0": 73.87819311692638, "y:1": 8.43750007388464, "y:2": 12.376712317281232, "y:3": 16.944586042263687, "y:4": 19.489428497284145, "y:5": 20.597708052467567, "y:6": 20.155529452750972, "y:7": 20.587594798935864, "y:8": 19.910943124743444, "y:9": 18.91629088884286}, "7": {"y:0": 73.45582971134033, "y:1": 10.366477935377821, "y:2": 12.746547537796094, "y:3": 18.542297950436552, "y:4": 22.969005117167814, "y:5": 25.620246830992027, "y:6": 26.872894015993143, "y:7": 27.27241023019518, "y:8": 26.36292069177687, "y:9": 26.52513881521425}, "8": {"y:0": 72.57735416509142, "y:1": 12.326551512208514, "y:2": 13.102161324954437, "y:3": 19.742872757968467, "y:4": 25.866338283632484, "y:5": 30.81395911600744, "y:6": 32.73456414101818, "y:7": 32.91545885362584, "y:8": 32.73005057607753, "y:9": 33.24353594095413}, "9": {"y:0": 74.01459369478633, "y:1": 24.718265235885056, "y:2": 22.10727401529332, "y:3": 28.29306921259141, "y:4": 37.48093269468206, "y:5": 43.258829751264486, "y:6": 45.36152710555455, "y:7": 46.08239476150477, "y:8": 42.216330819552624, "y:9": 40.748172759592116}, "10": {"y:0": 74.7093021933202, "y:1": 32.30769020391381, "y:2": 28.764680392058494, "y:3": 35.15260539494031, "y:4": 44.59927415864087, "y:5": 50.43661206160194, "y:6": 53.88752772079542, "y:7": 52.81858521474755, "y:8": 51.15040198882377, "y:9": 49.587302848558544}, "11": {"y:0": 71.80707911210428, "y:1": 43.60659092317946, "y:2": 39.511043629850185, "y:3": 46.1118434487066, "y:4": 51.47091566528379, "y:5": 57.083253961020965, "y:6": 60.88700803502332, "y:7": 58.601257328725566, "y:8": 55.667589771722284, "y:9": 55.76746558420623}, "12": {"y:0": 75.48460373179694, "y:1": 48.87555300405256, "y:2": 44.82062883724928, "y:3": 49.43294381592842, "y:4": 56.49172535615896, "y:5": 60.36823692696608, "y:6": 62.800496157505385, "y:7": 59.02906560040995, "y:8": 57.270970465443625, "y:9": 58.990867984014386}, "13": {"y:0": 73.33133372292188, "y:1": 51.562921893155846, "y:2": 48.745047690833744, "y:3": 54.76590697332924, "y:4": 61.19447437091683, "y:5": 63.85993734462981, "y:6": 63.11808707874768, "y:7": 61.255923969336145, "y:8": 59.301321096026776, "y:9": 57.01915221450298}, "14": {"y:0": 74.35745148783307, "y:1": 51.10783925283187, "y:2": 47.82114640920923, "y:3": 51.74468688005798, "y:4": 56.78978612024496, "y:5": 60.045930358878664, "y:6": 59.53045905714893, "y:7": 58.42921517176051, "y:8": 57.57877266558004, "y:9": 56.44718507005581}, "15": {"y:0": 74.26746837213115, "y:1": 57.85353164122055, "y:2": 54.56924407707804, "y:3": 57.71148049034974, "y:4": 62.625221599388276, "y:5": 64.68933008736738, "y:6": 64.02489827572477, "y:7": 62.2705525263787, "y:8": 60.13701172807524, "y:9": 59.16892503583381}, "16": {"y:0": 74.42299061087341, "y:1": 56.83814627952697, "y:2": 53.43588408727789, "y:3": 57.52387489571064, "y:4": 61.76757753341134, "y:5": 63.667129132801, "y:6": 64.38529460415256, "y:7": 62.69679900356494, "y:8": 61.05871732542418, "y:9": 59.188499075023934}, "17": {"y:0": 74.66068659626237, "y:1": 60.79907437218953, "y:2": 57.73945369341153, "y:3": 60.68767158147336, "y:4": 64.48397082037226, "y:5": 66.17333224793055, "y:6": 65.27179345238504, "y:7": 63.801144391022014, "y:8": 62.473232309666, "y:9": 60.171593489222175}}