{"0": {"y:0": 0.2045035193954563, "y:1": 0.20239733029947055, "y:2": 0.20236616544310498, "y:3": 0.20125261004100128, "y:4": 0.2031387664931272, "y:5": 0.2006947229637166, "y:6": 0.20138661855699375, "y:7": 0.1984674812721616, "y:8": 0.19993869143165313, "y:9": 0.20344629262689723, "y:10": 7.330656640537595}, "1": {"y:0": 0.19854508923057773, "y:1": 0.20252911497971313, "y:2": 0.20000122346016014, "y:3": 0.19877913818039297, "y:4": 0.19778868409820494, "y:5": 0.19765939324976978, "y:6": 0.1984184615161407, "y:7": 0.19845504193603083, "y:8": 0.199255887426517, "y:9": 0.19852960556762775, "y:10": 7.572930076814545}, "2": {"y:0": 0.3703313615492529, "y:1": 0.36288949185956837, "y:2": 0.3573774360287579, "y:3": 0.3727621475534702, "y:4": 0.36379442163093634, "y:5": 0.3840966138725413, "y:6": 0.3698552375184417, "y:7": 0.3666630819652546, "y:8": 0.35556338301377155, "y:9": 0.3353639798414272, "y:10": 7.4145274258951295}, "3": {"y:0": 0.49150742018284915, "y:1": 0.5235222342096627, "y:2": 0.4950720747907447, "y:3": 0.5053227655386908, "y:4": 0.5073704361516717, "y:5": 0.5209437548182037, "y:6": 0.5033511875857174, "y:7": 0.5403178321369306, "y:8": 0.4661851392412603, "y:9": 0.4157325440086577, "y:10": 7.3913653928637055}, "4": {"y:0": 0.5957557096589364, "y:1": 0.620386017755743, "y:2": 0.55092452515117, "y:3": 0.5923738418192943, "y:4": 0.5812976442151894, "y:5": 0.5952059776329407, "y:6": 0.5847109934214726, "y:7": 0.6069201092264279, "y:8": 0.527833647191228, "y:9": 0.43946620024751504, "y:10": 7.592714543168326}, "5": {"y:0": 0.5964700633201331, "y:1": 0.6188080257824468, "y:2": 0.5543000087551334, "y:3": 0.636542562507117, "y:4": 0.5780732085612156, "y:5": 0.618211152050682, "y:6": 0.6296207376704814, "y:7": 0.647317643403213, "y:8": 0.5506420522965113, "y:9": 0.46288974896024826, "y:10": 7.51946840805771}, "6": {"y:0": 0.621837444085518, "y:1": 0.6515190038006418, "y:2": 0.5826546786740815, "y:3": 0.6452678371205263, "y:4": 0.601582552521662, "y:5": 0.6502899829803926, "y:6": 0.63940699654535, "y:7": 0.6789484697019107, "y:8": 0.5479040107103776, "y:9": 0.45997562349253596, "y:10": 7.378691679343916}, "7": {"y:0": 0.6203437354501509, "y:1": 0.66949391853979, "y:2": 0.5846232942718056, "y:3": 0.656069934992556, "y:4": 0.6125383086036296, "y:5": 0.6546480899767122, "y:6": 0.64849875258948, "y:7": 0.6802574199041321, "y:8": 0.5527662167012268, "y:9": 0.4667532279609411, "y:10": 7.369088903149937}, "8": {"y:0": 0.6375402205341509, "y:1": 0.6696440816897073, "y:2": 0.5966111051373202, "y:3": 0.6574565871226303, "y:4": 0.6247727071658844, "y:5": 0.6682203843599659, "y:6": 0.6417096780550756, "y:7": 0.6821630446545146, "y:8": 0.5429890379622314, "y:9": 0.4522964682144799, "y:10": 7.357767836619126}, "9": {"y:0": 0.6354555626637112, "y:1": 0.6659686857908934, "y:2": 0.5871694275747191, "y:3": 0.6552453129757732, "y:4": 0.6150558866100978, "y:5": 0.656868692063273, "y:6": 0.6507080814119928, "y:7": 0.684627394067465, "y:8": 0.5505062330523749, "y:9": 0.4646278308585626, "y:10": 7.420731710610377}}