{"0": {"y:0": 71.45043210349986, "y:1": 9.665704376225374, "y:2": 7.054709793169892, "y:3": 5.908745520204899, "y:4": 5.084259730493625, "y:5": 4.789587002439539, "y:6": 4.553589057975065, "y:7": 4.225342054683509, "y:8": 4.029345888733456, "y:9": 3.994726664439244}}