{"0": {"y:0": 70.69589471698526, "y:1": 6.072096136396574, "y:2": 4.470753124885569, "y:3": 3.6936087725195144, "y:4": 3.4932050154226197, "y:5": 3.3456797825765685, "y:6": 3.2185990296300653, "y:7": 3.1257252539308285, "y:8": 3.035923310752653, "y:9": 2.9367720466500025}}