{"0": {"y:0": 73.44447227256096, "y:1": 5.4277963943128205, "y:2": 3.9999510293440435, "y:3": 3.5794348021061904, "y:4": 3.199789586165534, "y:5": 2.9164141302731608, "y:6": 2.7801222894535518, "y:7": 2.6598150493030825, "y:8": 2.572544716022676, "y:9": 2.459551890736109}, "1": {"y:0": 75.67267244930052, "y:1": 6.89969624588604, "y:2": 4.9455627725921705, "y:3": 4.339217638500603, "y:4": 3.9624715329968656, "y:5": 3.757636269454222, "y:6": 3.5295793787980436, "y:7": 3.3939390478561733, "y:8": 3.283620833887568, "y:9": 3.142702140735541}, "2": {"y:0": 72.98893286485048, "y:1": 12.58103486547066, "y:2": 8.789774689665197, "y:3": 7.4263370067889545, "y:4": 6.6269092071815585, "y:5": 6.06542644980275, "y:6": 5.6176406529358145, "y:7": 5.494915999419814, "y:8": 5.206945123396055, "y:9": 5.012041786794083}, "3": {"y:0": 72.19726479425385, "y:1": 9.548660034751034, "y:2": 7.928195910507477, "y:3": 7.245995023735725, "y:4": 6.842324274326124, "y:5": 6.666614632695603, "y:6": 6.351505414661849, "y:7": 6.155838877561351, "y:8": 5.94406538623199, "y:9": 5.831234941505076}, "4": {"y:0": 75.26051196231434, "y:1": 9.41340734506738, "y:2": 9.73771232890381, "y:3": 9.84655325902725, "y:4": 9.829564024547388, "y:5": 9.384309608179821, "y:6": 9.011386145292558, "y:7": 8.666637969729525, "y:8": 8.401071992474618, "y:9": 7.996861518794142}, "5": {"y:0": 75.14336109153133, "y:1": 10.679733945591426, "y:2": 11.03392483685758, "y:3": 11.987886555510423, "y:4": 12.659105102904883, "y:5": 12.107141328959301, "y:6": 11.36081837325057, "y:7": 10.763421384092213, "y:8": 10.02442252540841, "y:9": 9.355070931824763}, "6": {"y:0": 74.51966073687397, "y:1": 15.985898346500369, "y:2": 13.364548464788397, "y:3": 14.097330138980006, "y:4": 14.629337454446794, "y:5": 14.229455298578925, "y:6": 13.742572608597172, "y:7": 12.632413643967816, "y:8": 11.799666418185097, "y:9": 11.357618530984835}, "7": {"y:0": 74.67377044335169, "y:1": 25.103994707956183, "y:2": 19.474750972672357, "y:3": 21.158466392071855, "y:4": 20.94761286559831, "y:5": 20.47435337691957, "y:6": 20.155886429068328, "y:7": 18.409458596641016, "y:8": 16.051839007167274, "y:9": 14.289594195287014}, "8": {"y:0": 71.00839022980217, "y:1": 30.551976347357872, "y:2": 25.215375929243802, "y:3": 28.556740879664098, "y:4": 31.574916832949278, "y:5": 31.62041825221611, "y:6": 30.081760571333643, "y:7": 27.960807423724724, "y:8": 23.280360492488654, "y:9": 20.580673679384656}, "9": {"y:0": 73.9219092171699, "y:1": 38.12657357934807, "y:2": 32.923896057594796, "y:3": 35.952598475550715, "y:4": 40.57282570700642, "y:5": 43.41362505685864, "y:6": 40.78087965976553, "y:7": 36.72710991922475, "y:8": 30.08944524646815, "y:9": 26.661537422864587}, "10": {"y:0": 73.09399606820035, "y:1": 45.542609666027694, "y:2": 41.363897215465634, "y:3": 43.998462091545754, "y:4": 50.075775776323354, "y:5": 53.93214506445075, "y:6": 50.08986118724108, "y:7": 43.9982711918705, "y:8": 38.33574238033275, "y:9": 35.64521982911912}, "11": {"y:0": 74.54832561460496, "y:1": 55.739283633171176, "y:2": 48.4052505400257, "y:3": 52.974945378602044, "y:4": 55.812989705708446, "y:5": 58.34748399370445, "y:6": 54.8395914758357, "y:7": 49.47954747024576, "y:8": 44.55088581304323, "y:9": 42.67403570932536}, "12": {"y:0": 74.37437345335385, "y:1": 55.976698867842366, "y:2": 50.25261750159217, "y:3": 54.31877163657551, "y:4": 58.69615884647784, "y:5": 61.101842500353335, "y:6": 56.24744309056311, "y:7": 54.044175760718225, "y:8": 48.27529213749234, "y:9": 44.422750994015026}, "13": {"y:0": 72.59380288311043, "y:1": 58.24942019062915, "y:2": 53.90586495331082, "y:3": 58.714855861885766, "y:4": 61.05683614471721, "y:5": 62.86971438725521, "y:6": 62.232347234897226, "y:7": 58.909552413388475, "y:8": 53.36587147076272, "y:9": 49.65625682942131}, "14": {"y:0": 73.70359162953784, "y:1": 59.67653513421144, "y:2": 55.417148798532416, "y:3": 57.731778198169025, "y:4": 61.10656285314849, "y:5": 62.92992869919246, "y:6": 62.577927283971604, "y:7": 59.063704086159355, "y:8": 54.09608836371412, "y:9": 51.30149710096467}, "15": {"y:0": 74.1962738298584, "y:1": 63.27914368238714, "y:2": 59.70517855010427, "y:3": 62.34660681489032, "y:4": 64.60771849137157, "y:5": 65.54390589795774, "y:6": 64.46893214760871, "y:7": 59.79735295858354, "y:8": 57.16061560108616, "y:9": 53.77062022869859}, "16": {"y:0": 73.79402467972427, "y:1": 63.59155777696774, "y:2": 59.51041846937606, "y:3": 60.971532591469064, "y:4": 65.17696068937032, "y:5": 65.17622603167676, "y:6": 63.682125826053, "y:7": 60.762977449401866, "y:8": 57.52269089505256, "y:9": 54.301402054517936}, "17": {"y:0": 73.86928839035872, "y:1": 64.1013543492886, "y:2": 61.08600752901773, "y:3": 62.735950802647196, "y:4": 64.73153147068312, "y:5": 65.78674041934794, "y:6": 64.2415549118737, "y:7": 61.95546550778179, "y:8": 59.07564951332683, "y:9": 57.98392593975676}, "18": {"y:0": 74.49853118744291, "y:1": 64.71630823514474, "y:2": 60.615959048343285, "y:3": 62.79358368376022, "y:4": 64.70432805239741, "y:5": 65.22373094502593, "y:6": 64.13760581852901, "y:7": 62.176496548988396, "y:8": 59.61657873473745, "y:9": 57.54442236851981}}