{"0": {"s1": 0.01525099113300247, "s2": 1.54845109741742}, "1": {"s1": 0.01492657870048394, "s2": 1.51933086019704}, "2": {"s1": 0.022209862392480777, "s2": 1.4176777210970015}, "3": {"s1": 0.03126652726293386, "s2": 1.4760047921576571}, "4": {"s1": 0.06379007106510882, "s2": 1.4292142841382847}, "5": {"s1": 0.10522105487270002, "s2": 1.486913462077561}}