{"0": {"s1": 0.015030903825694763, "s2": 1.4721823162550078}, "1": {"s1": 0.015320349503401842, "s2": 1.48719970731928}, "2": {"s1": 0.024021701600514637, "s2": 1.4980709656028444}, "3": {"s1": 0.03513539874379382, "s2": 1.4695952675227484}, "4": {"s1": 0.07015871152145911, "s2": 1.3926036993189417}, "5": {"s1": 0.1476940001766995, "s2": 1.5132413907068558}, "6": {"s1": 0.2856483601428227, "s2": 1.556772070786998}}