{"0": {"y:0": 0.13069805957396158, "y:1": 0.021785364358667358, "y:2": 0.14684425123180678, "y:3": 0.01623935607127091, "y:4": 0.1217310898488813, "y:5": 0.016032481571695352, "y:6": 0.12381342191020403, "y:7": 0.01886133434198044, "y:8": 0.13259694448589873, "y:9": 0.02404693311712272, "y:10": 0.13167043827794003, "y:11": 0.02728651623440142, "y:12": 0.12643710841130434, "y:13": 0.027982632679716343, "y:14": 0.13435360035323754, "y:15": 0.03523887864449545, "y:16": 0.14056764281684125, "y:17": 0.03785429587425165, "y:18": 0.13711173283212094, "y:19": 0.039360750361056886, "y:20": 0.1376604261710617, "y:21": 0.04020766942461845, "y:22": 0.13359343604511864, "y:23": 0.045242897898838834, "y:24": 0.1289507206519759, "y:25": 0.044504702556783335, "y:26": 0.1243139318111665, "y:27": 0.05178987718657435, "y:28": 0.13020136741064836, "y:29": 0.05133043270180193, "y:30": 0.13601505069107972, "y:31": 0.0555599125487059}, "1": {"y:0": 0.13026696970871002, "y:1": 0.025805660760247977, "y:2": 0.13428505347813305, "y:3": 0.018147118707602362, "y:4": 0.13683482093207083, "y:5": 0.015333333879659634, "y:6": 0.13202210775094342, "y:7": 0.017675334456287856, "y:8": 0.13757335904766876, "y:9": 0.020040337806236375, "y:10": 0.13502710903695053, "y:11": 0.023166791300138292, "y:12": 0.13575723163614856, "y:13": 0.025207593557610843, "y:14": 0.13814557757670629, "y:15": 0.029851293690106556, "y:16": 0.1378301857012082, "y:17": 0.032053880564410026, "y:18": 0.14347860758935416, "y:19": 0.036081896917063566, "y:20": 0.14006973611518747, "y:21": 0.04114364061788853, "y:22": 0.1389164281947654, "y:23": 0.03982269519492002, "y:24": 0.13909223388083491, "y:25": 0.04357949440383332, "y:26": 0.13520411989670642, "y:27": 0.04632078944132338, "y:28": 0.132277755195806, "y:29": 0.04800314791852478, "y:30": 0.14035398931382181, "y:31": 0.05016933007736998}, "2": {"y:0": 0.1332401670875472, "y:1": 0.027309114866900585, "y:2": 0.12806139841837913, "y:3": 0.020649383539038727, "y:4": 0.13878635336094824, "y:5": 0.0244721433545427, "y:6": 0.13232494752111273, "y:7": 0.033704351881017884, "y:8": 0.13417882786339316, "y:9": 0.043416492783577294, "y:10": 0.134866964271349, "y:11": 0.047023644519149164, "y:12": 0.15083251566596945, "y:13": 0.06325510756619063, "y:14": 0.12920882688805602, "y:15": 0.06666228984978018, "y:16": 0.14569667372131756, "y:17": 0.0758863672939778, "y:18": 0.13916541766834503, "y:19": 0.08585699235984426, "y:20": 0.13218728273257047, "y:21": 0.09019924839020256, "y:22": 0.1342329534380151, "y:23": 0.09052872985937475, "y:24": 0.14683569756333162, "y:25": 0.09584800859157183, "y:26": 0.14091789901284485, "y:27": 0.10212107981034249, "y:28": 0.13915684884742366, "y:29": 0.10813167564164167, "y:30": 0.13223714827048966, "y:31": 0.10192332640657961}, "3": {"y:0": 0.12205558579344249, "y:1": 0.049911599316286685, "y:2": 0.13692923900005444, "y:3": 0.03822715940670884, "y:4": 0.13837890279572912, "y:5": 0.03294286973285885, "y:6": 0.13834008164868647, "y:7": 0.03253285492166465, "y:8": 0.13697792493406544, "y:9": 0.03713845140386412, "y:10": 0.14795338447259906, "y:11": 0.04199807766056721, "y:12": 0.13244624356550644, "y:13": 0.05071213845158344, "y:14": 0.1359341048903012, "y:15": 0.06012071455579481, "y:16": 0.142164680330965, "y:17": 0.06573815962166855, "y:18": 0.14027629562812705, "y:19": 0.07511462847521236, "y:20": 0.13952318027282828, "y:21": 0.08937901524468071, "y:22": 0.14395677361013373, "y:23": 0.08727815697717098, "y:24": 0.1362615882518063, "y:25": 0.09420476078488284, "y:26": 0.1335551778177695, "y:27": 0.09809431450476847, "y:28": 0.13103627173148827, "y:29": 0.1118567318867417, "y:30": 0.14840206893463836, "y:31": 0.10635287775255799}, "4": {"y:0": 0.11520078797887322, "y:1": 0.07934212421534187, "y:2": 0.13763736580742011, "y:3": 0.06044796759863866, "y:4": 0.14457617448883925, "y:5": 0.05265147419438771, "y:6": 0.13367517653447078, "y:7": 0.051584998179622, "y:8": 0.14495739506963765, "y:9": 0.053244966477009874, "y:10": 0.14591722221105213, "y:11": 0.0564497866857054, "y:12": 0.1427219227507769, "y:13": 0.060917107694814523, "y:14": 0.14805785791474088, "y:15": 0.06334643342807025, "y:16": 0.14173214424008873, "y:17": 0.0750454832677383, "y:18": 0.144945254379987, "y:19": 0.08237790350105675, "y:20": 0.1418000110832567, "y:21": 0.08712747082035416, "y:22": 0.14583615387474097, "y:23": 0.09613487908827884, "y:24": 0.13938287060057064, "y:25": 0.09885498073809362, "y:26": 0.1356941948817356, "y:27": 0.1115556981406387, "y:28": 0.13641328601949146, "y:29": 0.11058453763882888, "y:30": 0.14192902280260908, "y:31": 0.12246206348406272}, "5": {"y:0": 0.12246622479053082, "y:1": 0.08307495522714388, "y:2": 0.13580353031380404, "y:3": 0.07241452280358922, "y:4": 0.14213637579494598, "y:5": 0.06593465205358418, "y:6": 0.14164734002345128, "y:7": 0.06479780002127114, "y:8": 0.1483603863856399, "y:9": 0.06435191588152746, "y:10": 0.1504429344062259, "y:11": 0.0685385312199761, "y:12": 0.14712592535811148, "y:13": 0.07178848605924416, "y:14": 0.1493216055671991, "y:15": 0.07758501229728504, "y:16": 0.15190746639792047, "y:17": 0.08134279412807263, "y:18": 0.14503845430559315, "y:19": 0.08740127835577513, "y:20": 0.1419597801109651, "y:21": 0.10289461721896935, "y:22": 0.1458372791273483, "y:23": 0.10454690503450519, "y:24": 0.14002724144159454, "y:25": 0.10930123133160649, "y:26": 0.13492235051959475, "y:27": 0.11397684326917606, "y:28": 0.14731471164142768, "y:29": 0.12427291317658243, "y:30": 0.1428327953898352, "y:31": 0.1201620768689318}, "6": {"y:0": 0.1090071573368155, "y:1": 0.07770240419967643, "y:2": 0.1290375732740909, "y:3": 0.0656896018537701, "y:4": 0.13598689793053487, "y:5": 0.057297637271927444, "y:6": 0.14116015470833299, "y:7": 0.0579584402748295, "y:8": 0.13791279144151108, "y:9": 0.06054611455881896, "y:10": 0.1405183662614516, "y:11": 0.06106867814359046, "y:12": 0.14139635450612642, "y:13": 0.068203051546857, "y:14": 0.137434574137638, "y:15": 0.06874702401234158, "y:16": 0.14879914238742506, "y:17": 0.07464719416042156, "y:18": 0.14075149930795483, "y:19": 0.0800614125891163, "y:20": 0.14162319885160857, "y:21": 0.08900923274475836, "y:22": 0.14789394023735403, "y:23": 0.09718088150284687, "y:24": 0.1436002705728451, "y:25": 0.10304361130363468, "y:26": 0.1385013458778997, "y:27": 0.10512407038833094, "y:28": 0.14524114429252685, "y:29": 0.11350581891231247, "y:30": 0.14595087713812016, "y:31": 0.11500514034992462}, "7": {"y:0": 0.10343274975839264, "y:1": 0.057952994572558245, "y:2": 0.1263467433661463, "y:3": 0.04998447440898028, "y:4": 0.13535897615970066, "y:5": 0.046804822795899564, "y:6": 0.13314790958285178, "y:7": 0.04711487175359802, "y:8": 0.1368860683377153, "y:9": 0.04720110493161114, "y:10": 0.1405255739442407, "y:11": 0.049368836739507385, "y:12": 0.13816364840066103, "y:13": 0.05318749156605767, "y:14": 0.13597841615907408, "y:15": 0.05841563869868045, "y:16": 0.140936772602333, "y:17": 0.0634687414111439, "y:18": 0.1416251750409737, "y:19": 0.07007685331095441, "y:20": 0.14212819338792396, "y:21": 0.07660058415159769, "y:22": 0.14208816056016615, "y:23": 0.08428254756579266, "y:24": 0.1435300967075307, "y:25": 0.09069794348097658, "y:26": 0.1391835463210046, "y:27": 0.10001368701368518, "y:28": 0.14006300844794756, "y:29": 0.1051064884670916, "y:30": 0.1392887372051562, "y:31": 0.11017751816325234}, "8": {"y:0": 0.07604593945574974, "y:1": 0.026389814091802147, "y:2": 0.11165772553819918, "y:3": 0.022647778027163855, "y:4": 0.12385356149528717, "y:5": 0.02392437969963288, "y:6": 0.12232408823868128, "y:7": 0.027365749392899943, "y:8": 0.12518327252717348, "y:9": 0.030021905030843506, "y:10": 0.12628627289756994, "y:11": 0.03345816005376422, "y:12": 0.12873818736945067, "y:13": 0.03764344985481143, "y:14": 0.1289520386364114, "y:15": 0.04394750708659011, "y:16": 0.12973028809686357, "y:17": 0.05135301896004093, "y:18": 0.126467510498667, "y:19": 0.059195926272171476, "y:20": 0.13418922099870395,