{"8": {"y:0": 0.12087486022258645, "y:1": 0.09641981807829586, "y:2": 0.1346812203334682, "y:3": 0.17285860635254846, "y:4": 0.2694184275061459, "y:5": 0.11904302424420726, "y:6": 0.19001025890929643, "y:7": 0.32517682870389253, "y:8": 0.13640908180080613, "y:9": 0.12674634254586806, "y:10": 0.0940184188518204, "y:11": 0.24237721200968243, "y:12": 0.15389404962311282, "y:13": 0.2577842273509744, "y:14": 0.22118954432675192, "y:15": 0.2959143236330782, "y:16": 0.058059626585830096, "y:17": 0.11903649475753861, "y:18": 0.15344029291364458, "y:19": 0.10283103365075663, "y:20": 0.22716845074452693, "y:21": 0.38169392101522936, "y:22": 0.15543157419843284, "y:23": 0.04925181655032777, "y:24": 0.0459671709448846, "y:25": 0.26450453856883066, "y:26": 0.12753113966031326, "y:27": 0.4437782378930843, "y:28": 0.10815970481940029, "y:29": 0.3230426019027658, "y:30": 0.03701081743162998, "y:31": 0.44627633387026855}}