{"0": {"y:0": 73.09677391501465, "y:1": 6.732155396017011, "y:2": 4.859357566175025, "y:3": 4.0664144368317, "y:4": 3.5917662531141104, "y:5": 3.3456822246976277, "y:6": 3.145494511496487, "y:7": 3.037102954325209, "y:8": 2.9123803800592416, "y:9": 2.8236120116666887}}