{"3": {"y:0": 0.05314573877817749, "y:1": 0.001990842712944177, "y:2": 0.020432995345731807, "y:3": 0.12009660730302997, "y:4": 0.013617871253629343, "y:5": 0.0421892622287942, "y:6": 0.08756091671966983, "y:7": 0.09173216605120996, "y:8": 0.023645800755184417, "y:9": 0.5455877988516288}}