{"0": {"y:0": 0.10554769601867725, "y:1": 0.033289674769753134, "y:2": 0.12823146029194243, "y:3": 0.021183578687801432, "y:4": 0.12565329748742218, "y:5": 0.0165563232514375, "y:6": 0.11455828822369608, "y:7": 0.016072326361159475, "y:8": 0.14879235777422645, "y:9": 0.01684454894648691, "y:10": 0.12841167306544238, "y:11": 0.01893651439790725, "y:12": 0.12761436701090567, "y:13": 0.021406134695533055, "y:14": 0.12690762664002947, "y:15": 0.02233734918236386, "y:16": 0.13576613466992615, "y:17": 0.027242828807702534, "y:18": 0.13149488844670162, "y:19": 0.028286842001683413, "y:20": 0.12946694906865658, "y:21": 0.032474148670224925, "y:22": 0.1313662655571421, "y:23": 0.035777034120534026, "y:24": 0.13683256305429015, "y:25": 0.041456226438295295, "y:26": 0.13743592173667804, "y:27": 0.04089800215517142, "y:28": 0.1424774962312697, "y:29": 0.04164311659574901, "y:30": 0.12535243411565009, "y:31": 0.04075278112078691}}