{"0": {"y:0": 17.157133388644272, "y:1": 1.6459001400486426, "y:2": 2.0043914730327144, "y:3": 1.690794956002417, "y:4": 1.5359391693036566, "y:5": 1.3936509571534876, "y:6": 1.4202247293150858, "y:7": 1.4220179686014158, "y:8": 2.004271567609368, "y:9": 1.3573644124520867}, "1": {"y:0": 17.22113557755037, "y:1": 1.6944685149344603, "y:2": 2.127454941821764, "y:3": 1.7455824064010481, "y:4": 1.631504530708177, "y:5": 1.4550596613385642, "y:6": 1.4603737649024817, "y:7": 1.4678674549868764, "y:8": 2.172136997990217, "y:9": 1.3773072264496153}, "2": {"y:0": 16.9246724826905, "y:1": 2.044492960730394, "y:2": 3.040027116866153, "y:3": 2.5112572430121785, "y:4": 2.355933397377997, "y:5": 2.0973564594964484, "y:6": 2.144381499809395, "y:7": 2.1741857553047526, "y:8": 3.4434878497295194, "y:9": 2.0661613301463717}, "3": {"y:0": 17.230924203752878, "y:1": 2.2459063855668897, "y:2": 3.422640969450001, "y:3": 3.0729023284895423, "y:4": 2.8987078104474064, "y:5": 2.657559414618564, "y:6": 2.762264275171475, "y:7": 2.8284458541735726, "y:8": 3.309121627266201, "y:9": 2.7225535136196712}, "4": {"y:0": 17.32896316127674, "y:1": 2.6301466163066083, "y:2": 4.593191404561544, "y:3": 4.405913405359836, "y:4": 4.382958416839847, "y:5": 3.8481310776287647, "y:6": 4.116143632235893, "y:7": 4.304201846737482, "y:8": 3.3166849091912596, "y:9": 4.100331830878738}, "5": {"y:0": 17.333848890219805, "y:1": 3.6556952101451476, "y:2": 6.1680590734195935, "y:3": 6.67316550742013, "y:4": 6.756733453373667, "y:5": 5.68024619520436, "y:6": 6.258730764569589, "y:7": 6.679682959001106, "y:8": 3.488934904596268, "y:9": 6.028839445420855}, "6": {"y:0": 17.087518395381828, "y:1": 5.506775398071317, "y:2": 7.419420122666967, "y:3": 11.08284635337393, "y:4": 11.562546516601172, "y:5": 8.202486165094431, "y:6": 9.758030270940434, "y:7": 10.9671229148013, "y:8": 3.672364146293315, "y:9": 9.094683804112066}, "7": {"y:0": 17.327990747619033, "y:1": 7.377826283544284, "y:2": 7.503880614633716, "y:3": 15.065154180236009, "y:4": 17.94780991321047, "y:5": 11.053022873273335, "y:6": 13.62978481133447, "y:7": 16.587342847424804, "y:8": 3.6383185963154374, "y:9": 12.331033205999926}, "8": {"y:0": 17.11613939278075, "y:1": 9.516218413530973, "y:2": 7.2685002697103, "y:3": 15.579236542272486, "y:4": 23.784503127783104, "y:5": 13.111543330000519, "y:6": 17.47112099982405, "y:7": 21.89221805265303, "y:8": 3.7017943641081117, "y:9": 14.92960571989247}, "9": {"y:0": 17.13336001915571, "y:1": 11.057097013920595, "y:2": 7.195309433919798, "y:3": 15.184561656710036, "y:4": 26.303346629112834, "y:5": 14.344028090574673, "y:6": 19.596354165596768, "y:7": 26.54213334935212, "y:8": 3.6968878375903067, "y:9": 16.534928330278454}, "10": {"y:0": 17.213982843357783, "y:1": 12.557765278658392, "y:2": 6.924416618218323, "y:3": 14.519594734423993, "y:4": 25.7121715804205, "y:5": 16.167814913248204, "y:6": 22.394720880143524, "y:7": 29.4295146642549, "y:8": 3.6465619201544506, "y:9": 18.17671149765528}, "11": {"y:0": 17.099044389637577, "y:1": 13.360253037754251, "y:2": 6.82435889936347, "y:3": 13.915023797242315, "y:4": 24.58986641829611, "y:5": 17.209703276928916, "y:6": 24.0226541384957, "y:7": 30.70570423410016, "y:8": 3.6057116086333116, "y:9": 19.87232288271324}, "12": {"y:0": 17.216347027659502, "y:1": 13.848466142547304, "y:2": 6.6988491615024595, "y:3": 13.361050099956218, "y:4": 23.43076865476598, "y:5": 17.77919539905463, "y:6": 24.982543416260256, "y:7": 30.586774068234483, "y:8": 3.5794436633606224, "y:9": 20.45178217436062}, "13": {"y:0": 17.10241701250654, "y:1": 15.206956679341733, "y:2": 6.53926262073206, "y:3": 12.78820529002641, "y:4": 21.775942177974414, "y:5": 19.313603916605153, "y:6": 27.295716846403053, "y:7": 31.55800335597947, "y:8": 3.5349195881321975, "y:9": 22.438212778043532}}