{"0": {"y:0": 73.32434779640897, "y:1": 6.384528985089423, "y:2": 4.442706442205169, "y:3": 3.699126376791992, "y:4": 3.4948782495418103, "y:5": 3.3143299563298423, "y:6": 3.0771030772653654, "y:7": 2.9642958214873585, "y:8": 2.81206559114538, "y:9": 2.804691641917504}, "1": {"y:0": 71.15417354025392, "y:1": 6.0535701879423325, "y:2": 4.774509957188084, "y:3": 3.96174522836207, "y:4": 3.7061710164001247, "y:5": 3.5090367937575677, "y:6": 3.3094937239496423, "y:7": 3.2110315229864255, "y:8": 3.192488980991261, "y:9": 3.128737194139091}, "2": {"y:0": 74.40114303222819, "y:1": 10.780968056250035, "y:2": 7.834782487057802, "y:3": 6.915165128343411, "y:4": 6.125748332716606, "y:5": 5.83629622904427, "y:6": 5.41885580949631, "y:7": 5.3184469454808285, "y:8": 5.218036181291351, "y:9": 5.00007303626632}, "3": {"y:0": 73.42581039058845, "y:1": 8.603060518134459, "y:2": 7.210068415022112, "y:3": 6.519890802619043, "y:4": 6.443780975155826, "y:5": 6.13292126397434, "y:6": 5.919630462104714, "y:7": 5.792051839415573, "y:8": 5.648006200672979, "y:9": 5.641048705879465}, "4": {"y:0": 70.61401944525859, "y:1": 7.689704951183823, "y:2": 8.81479296185978, "y:3": 9.045679778001146, "y:4": 9.16829403021737, "y:5": 9.224664753843342, "y:6": 8.982403539644961, "y:7": 8.671229593539909, "y:8": 8.542662070518698, "y:9": 8.218392026508813}, "5": {"y:0": 74.41259176764594, "y:1": 9.81965125923897, "y:2": 12.19633862643687, "y:3": 12.976988423420329, "y:4": 13.639969227348681, "y:5": 13.74048144521769, "y:6": 13.696748430022021, "y:7": 13.676520158213032, "y:8": 13.503606054873066, "y:9": 13.030925297539385}, "6": {"y:0": 76.50890061768764, "y:1": 15.274672333098895, "y:2": 19.55355868984253, "y:3": 20.743082091708725, "y:4": 21.932978802851803, "y:5": 22.479047903738376, "y:6": 22.474378058518788, "y:7": 22.14750519896414, "y:8": 22.28833452792774, "y:9": 22.237077393971596}, "7": {"y:0": 73.67802168222165, "y:1": 20.699812745775876, "y:2": 26.59684285981995, "y:3": 29.645292955545447, "y:4": 32.47575825181014, "y:5": 31.797811084252437, "y:6": 33.65460757434578, "y:7": 32.62504338283424, "y:8": 33.87173402657964, "y:9": 33.69734195185569}, "8": {"y:0": 74.37995199608403, "y:1": 28.612035642866513, "y:2": 36.66561295963695, "y:3": 38.36511833465019, "y:4": 40.5360140698512, "y:5": 42.58159163869592, "y:6": 41.744783699436, "y:7": 40.16154858998707, "y:8": 40.69317145489565, "y:9": 42.39642671630898}, "9": {"y:0": 74.84711492496164, "y:1": 36.00678817799628, "y:2": 41.678849693614985, "y:3": 45.87592494849689, "y:4": 46.559922303066536, "y:5": 47.8299969627738, "y:6": 48.51148454421975, "y:7": 47.82931087266395, "y:8": 49.301282613155166, "y:9": 47.48467107286259}, "10": {"y:0": 73.79518001130974, "y:1": 43.21838309637685, "y:2": 49.343024768296985, "y:3": 51.2096501210832, "y:4": 52.9515863461005, "y:5": 52.72215038622161, "y:6": 53.055188142639906, "y:7": 52.295282994498585, "y:8": 52.795538038789715, "y:9": 52.95696206978171}, "11": {"y:0": 73.49269458055055, "y:1": 46.51655558011201, "y:2": 51.58048941044746, "y:3": 52.92369420074043, "y:4": 53.29539399080627, "y:5": 53.78648934482983, "y:6": 54.57607365313524, "y:7": 53.87893263421144, "y:8": 53.808246571762176, "y:9": 54.6031949709977}, "12": {"y:0": 73.8981283908619, "y:1": 51.75862893206591, "y:2": 55.60956449953185, "y:3": 56.20050388235367, "y:4": 56.93380366037817, "y:5": 56.90474715524653, "y:6": 57.320116313851, "y:7": 56.56893671632314, "y:8": 57.19056837277174, "y:9": 57.304881364261846}}