{"0": {"y:0": 0.005184007085739648, "y:1": 0.008503665484106464, "y:2": 0.006140055598444701, "y:3": 0.003129314795723709, "y:4": 0.012028242220876261, "y:5": 0.0035305885869278885, "y:6": 0.01287425103997517, "y:7": 0.005515638967662967, "y:8": 0.007992225081598994, "y:9": 0.006179556010876212, "y:10": 0.005396198120591473, "y:11": 0.005597906594164142, "y:12": 0.010248380088931182, "y:13": 0.004155509187257659, "y:14": 0.013268068797149401, "y:15": 0.006365149811015467, "y:16": 0.008172228941950677, "y:17": 0.0066527163907875355, "y:18": 0.004952575679141868, "y:19": 0.003889772177629137, "y:20": 0.010064225240430408, "y:21": 0.003596496369135896, "y:22": 0.01424104055232785, "y:23": 0.0078078769948611544, "y:24": 0.00591570372361468, "y:25": 0.006715337493330737, "y:26": 0.007891970984681336, "y:27": 0.0034164066538903783, "y:28": 0.01001112479347437, "y:29": 0.004377248916602471, "y:30": 0.00865761915828554, "y:31": 0.006078858398302383}, "1": {"y:0": 0.0052343377824478135, "y:1": 0.009493967124377185, "y:2": 0.006158395845555913, "y:3": 0.0034422587724236495, "y:4": 0.011832757035091804, "y:5": 0.0037143257963905872, "y:6": 0.012955304631765576, "y:7": 0.00590162667708024, "y:8": 0.008033762985399122, "y:9": 0.00631753620206331, "y:10": 0.0053868618469191795, "y:11": 0.005654754180988095, "y:12": 0.01010393964754075, "y:13": 0.00413524604006329, "y:14": 0.013689952822228395, "y:15": 0.006370711232255308, "y:16": 0.00801885215635406, "y:17": 0.006824775221943107, "y:18": 0.004950294293626511, "y:19": 0.003957248879336791, "y:20": 0.010167101284922545, "y:21": 0.0036394487014923403, "y:22": 0.013868201473955915, "y:23": 0.007786926319918707, "y:24": 0.006002112050692885, "y:25": 0.006720790720480907, "y:26": 0.007708068461501939, "y:27": 0.0034096094696407595, "y:28": 0.010033555726427806, "y:29": 0.004345580565370555, "y:30": 0.008639871984726969, "y:31": 0.006092871487408464}, "2": {"y:0": 0.005274652132532908, "y:1": 0.011564851190046181, "y:2": 0.006215077008372654, "y:3": 0.0047260577390646485, "y:4": 0.011891481738547401, "y:5": 0.005756787692152794, "y:6": 0.012809185186302122, "y:7": 0.013339163451556318, "y:8": 0.007967835960536513, "y:9": 0.017264105852372768, "y:10": 0.005357655991288389, "y:11": 0.011553801264352686, "y:12": 0.010156425095243449, "y:13": 0.006296210889817392, "y:14": 0.013782463518162447, "y:15": 0.012432402832911145, "y:16": 0.008091323114717898, "y:17": 0.012296003892887443, "y:18": 0.004943639957584294, "y:19": 0.0050235787581557065, "y:20": 0.010264478125913705, "y:21": 0.004598925536544305, "y:22": 0.013937262343233033, "y:23": 0.011732689479053421, "y:24": 0.005934840269070598, "y:25": 0.008928144270682933, "y:26": 0.0077997260608394245, "y:27": 0.003885286492526125, "y:28": 0.009917005119264863, "y:29": 0.004943016287952197, "y:30": 0.008698270967612325, "y:31": 0.006996127094359087}, "3": {"y:0": 0.00521530113430457, "y:1": 0.011205285799614021, "y:2": 0.006120406950793174, "y:3": 0.0052882908556891005, "y:4": 0.011878102381825064, "y:5": 0.006843611519754354, "y:6": 0.012888359047259308, "y:7": 0.0257536640000158, "y:8": 0.008040129633861184, "y:9": 0.04318267709680785, "y:10": 0.005349827202298436, "y:11": 0.02430101952578385, "y:12": 0.010389104043343722, "y:13": 0.009118136414001738, "y:14": 0.01350431661252233, "y:15": 0.031048820108367105, "y:16": 0.008154207488512547, "y:17": 0.03588246712703164, "y:18": 0.004964777484578661, "y:19": 0.007636899238415093, "y:20": 0.010353709885368219, "y:21": 0.0063979420665856625, "y:22": 0.013953080214602998, "y:23": 0.02688283232979225, "y:24": 0.00594539785588784, "y:25": 0.02474466389742026, "y:26": 0.007827008507511205, "y:27": 0.00537362941095886, "y:28": 0.009879444889547841, "y:29": 0.007992232503298351, "y:30": 0.008591913377622365, "y:31": 0.016438542621356144}, "4": {"y:0": 0.005245203640175241, "y:1": 0.011039765256360691, "y:2": 0.006116945938988924, "y:3": 0.005463264564530434, "y:4": 0.011955353042157764, "y:5": 0.0071132994876489065, "y:6": 0.012818928489743758, "y:7": 0.03261058332366334, "y:8": 0.007999110297445901, "y:9": 0.05696046743102854, "y:10": 0.0053348863698756, "y:11": 0.03379059859995232, "y:12": 0.010250348891510093, "y:13": 0.010190157387700226, "y:14": 0.0135230186873963, "y:15": 0.05459417416427918, "y:16": 0.008128009318104167, "y:17": 0.0488960981740959, "y:18": 0.004946213221156142, "y:19": 0.008282457036678764, "y:20": 0.010194291516977353, "y:21": 0.007070969914263015, "y:22": 0.0138352644326703, "y:23": 0.033225506688558, "y:24": 0.005908474887504736, "y:25": 0.04210761347930112, "y:26": 0.00780389232003796, "y:27": 0.006067042135782126, "y:28": 0.009926215593378087, "y:29": 0.009794715039913433, "y:30": 0.00869798261250952, "y:31": 0.024828900760806676}, "5": {"y:0": 0.005219589763992243, "y:1": 0.011129022667808016, "y:2": 0.006153052163676409, "y:3": 0.0054823947784186835, "y:4": 0.011791858350019436, "y:5": 0.007197790526657239, "y:6": 0.012964355766349788, "y:7": 0.03504009733401045, "y:8": 0.008028024708820393, "y:9": 0.062159635575121316, "y:10": 0.005345301947764646, "y:11": 0.03723472288904441, "y:12": 0.010221846216617349, "y:13": 0.010339420645550206, "y:14": 0.013609771184391365, "y:15": 0.06352251118551376, "y:16": 0.008082719792930178, "y:17": 0.0581860428846838, "y:18": 0.0049396783370346305, "y:19": 0.008651783368749619, "y:20": 0.010226021651673276, "y:21": 0.007224605813431968, "y:22": 0.014140219391101098, "y:23": 0.03600828632259305, "y:24": 0.00594357589864721, "y:25": 0.051665127737313694, "y:26": 0.00781741327443613, "y:27": 0.006182216220726336, "y:28": 0.009892665120227332, "y:29": 0.010173841644877361, "y:30": 0.008604730516753714, "y:31": 0.027139049668642556}, "6": {"y:0": 0.005245598711521922, "y:1": 0.01080434957382573, "y:2": 0.0061161170019281876, "y:3": 0.005474508141499886, "y:4": 0.011929535039323617, "y:5": 0.007199210598084651, "y:6": 0.01275955327000671, "y:7": 0.03409978451203303, "y:8": 0.008003864154193296, "y:9": 0.057121273271977836, "y:10": 0.005362932242962212, "y:11": 0.0340844458722616, "y:12": 0.01023196876177465, "y:13": 0.010413531431826679, "y:14": 0.013635096631309039, "y:15": 0.056359365273525974, "y:16": 0.008054635327427553, "y:17": 0.05078713246480644, "y:18": 0.004945952033644504, "y:19": 0.008649078146666291, "y:20": 0.010249618754674259, "y:21": 0.007317366063113578, "y:22": 0.01404011634350118, "y:23": 0.03207173273939343, "y:24": 0.005945259016874259, "y:25": 0.04516478487092275, "y:26": 0.007768452488771751, "y:27": 0.00618833549130753, "y:28": 0.009929742927974846, "y:29": 0.010175679695291212, "y:30": 0.008667934280430183, "y:31": 0.02785316894046043}, "7": {"y:0": 0.005260876539088892, "y:1": 0.011055684922612866, "y:2": 0.006154403326630629, "y:3": 0.005486529468510346, "y:4": 0.011891170994777852, "y:5": 0.007196040663016395, "y:6": 0.012849613849415666, "y:7": 0.03605103416475332, "y:8": 0.007979444279946043, "y:9": 0.06281084590181157, "y:10": 0.00536410536165571, "y:11": 0.03802423705299772, "y:12": 0.010293485345210974, "y:13": 0.01062964958914541, "y:14": 0.01362055960071238, "y:15": 0.06077790880033599, "y:16": 0.008119243362919594, "y:17": 0.058690788170462256, "y:18": 0.004954307377907318, "y:19": 0.00884381300318661, "y:20": 0.010237312058375195, "y:21": 0.0073456397396614095, "y:22": 0.014051206701710882, "y:23": 0.0333818504980003, "y:24": 0.0059323266690407845, "y:25": 0.05371929766001149, "y:26": 0.007754394828447821, "y:27": 0.006311729718237174, "y:28": 0.009971789790059636, "y:29": 0.010541455184595587, "y:30": 0.008705012605388151, "y:31": 0.02967377931004809}, "8": {"y:0": 0.005251808964522018, "y:1": 0.010999257082707006, "y:2": 0.006152234656205875, "y:3": 0.005481173140432463, "y:4": 0.011885557929089206, "y:5": 0.007237871278451346, "y:6": 0.012795417892731442, "y:7": 0.035904956628814, "y:8": 0.008003167425039988, "y:9": 0.06054313687600799, "y:10": 0.005370211523308475, "y:11": 0.038823393435196564, "y:12": 0.010194392478246432,