{"0": {"y:0": 32.75091915837978, "y:1": 2.997173868285409, "y:2": 2.115335069905126, "y:3": 1.764814571058537, "y:4": 1.5076374300346869, "y:5": 1.399871539974856, "y:6": 1.4260191709507106, "y:7": 1.3365420223623774, "y:8": 1.366134244220047, "y:9": 1.325064030205954}, "1": {"y:0": 32.83505562037546, "y:1": 3.283328157340494, "y:2": 2.3288400127802396, "y:3": 1.93520318542935, "y:4": 1.6016729368543323, "y:5": 1.4976494270036715, "y:6": 1.5051610422914223, "y:7": 1.4071749174946502, "y:8": 1.4336385073652766, "y:9": 1.3756291898647082}, "2": {"y:0": 32.844944814054784, "y:1": 4.5294380046383145, "y:2": 3.2816052837237124, "y:3": 2.7752051007970686, "y:4": 2.334341758091519, "y:5": 2.187286895650081, "y:6": 2.204118368097558, "y:7": 2.0620693383525834, "y:8": 2.1080027283472753, "y:9": 2.025271460022904}, "3": {"y:0": 32.42611784132061, "y:1": 5.190419409130256, "y:2": 4.2552155693018285, "y:3": 3.70783091780759, "y:4": 3.2169919678356735, "y:5": 3.0098659633750193, "y:6": 3.0276054525577734, "y:7": 2.8251782465978184, "y:8": 2.854285725430102, "y:9": 2.738736437285998}, "4": {"y:0": 33.30077017155027, "y:1": 5.193706698732849, "y:2": 5.173040986061448, "y:3": 5.184084460911102, "y:4": 4.653539208967923, "y:5": 4.35870753606502, "y:6": 4.390582726187772, "y:7": 4.141544260539471, "y:8": 4.1097164433202025, "y:9": 3.865373376364098}, "5": {"y:0": 32.560985687248525, "y:1": 5.499666922861042, "y:2": 5.802847061976866, "y:3": 6.40522136868103, "y:4": 6.296558692824678, "y:5": 5.911123008143382, "y:6": 5.958328645081765, "y:7": 5.382212298762447, "y:8": 5.164367368811956, "y:9": 4.908357574358817}, "6": {"y:0": 32.82737424210422, "y:1": 6.973524121929993, "y:2": 6.636079920170936, "y:3": 7.207286424803888, "y:4": 7.216358440596324, "y:5": 7.0686701633706335, "y:6": 7.144462860437636, "y:7": 6.618284910710089, "y:8": 6.347095845074852, "y:9": 5.815204691269268}, "7": {"y:0": 32.42376862974294, "y:1": 8.925367856498521, "y:2": 8.385354543248877, "y:3": 9.27616761190982, "y:4": 9.119645320970799, "y:5": 9.058667187777251, "y:6": 9.341341137217869, "y:7": 8.478330967644363, "y:8": 7.7786758284429345, "y:9": 7.191314507711912}, "8": {"y:0": 33.26048857532406, "y:1": 12.601098863583497, "y:2": 11.626781019593217, "y:3": 13.352424472874127, "y:4": 14.312352084840166, "y:5": 14.100300644543207, "y:6": 14.769528712902737, "y:7": 12.975657997739653, "y:8": 10.946716607103875, "y:9": 9.99385698488013}, "9": {"y:0": 33.28906170535116, "y:1": 16.027052443825806, "y:2": 15.149437017170465, "y:3": 17.082628696416187, "y:4": 19.137662659088782, "y:5": 19.022714795352435, "y:6": 18.93062053418782, "y:7": 17.75569436760398, "y:8": 14.912180975713358, "y:9": 14.804179387039575}, "10": {"y:0": 33.18489566969234, "y:1": 19.074489549044593, "y:2": 17.96555768999039, "y:3": 18.80321942677433, "y:4": 22.014509947209675, "y:5": 21.09988896627153, "y:6": 22.98204841912541, "y:7": 21.141027402502456, "y:8": 18.44282019573144, "y:9": 18.4511040975802}, "11": {"y:0": 33.185435777689406, "y:1": 22.640036807632615, "y:2": 22.52610044302841, "y:3": 21.33269289579076, "y:4": 24.50032112871625, "y:5": 22.837735613522845, "y:6": 25.47129394288727, "y:7": 24.1483148588215, "y:8": 21.530235754760813, "y:9": 22.621465196233434}, "12": {"y:0": 32.87781508279715, "y:1": 22.955322712274725, "y:2": 23.418092242255376, "y:3": 22.614268223741846, "y:4": 25.4961443559546, "y:5": 24.065539076040057, "y:6": 26.49669600398897, "y:7": 26.723258384891217, "y:8": 23.15752067508766, "y:9": 25.025092079638867}, "13": {"y:0": 33.68447879605497, "y:1": 24.803675048094213, "y:2": 25.739622141042705, "y:3": 22.89626420806141, "y:4": 26.48195339528622, "y:5": 24.846234264571397, "y:6": 24.931332141602844, "y:7": 24.684122807855868, "y:8": 21.61004601290116, "y:9": 23.50768523099373}, "14": {"y:0": 33.45327904903772, "y:1": 26.267865038117467, "y:2": 26.23922953847578, "y:3": 24.091286053957997, "y:4": 28.151620786341496, "y:5": 25.314256630463717, "y:6": 28.36530672517207, "y:7": 27.18082661637598, "y:8": 26.755264340807138, "y:9": 27.62608652409793}, "15": {"y:0": 33.39162595699105, "y:1": 26.308499851761354, "y:2": 26.307216008214887, "y:3": 23.814920966476713, "y:4": 28.86680779648561, "y:5": 26.194948309361124, "y:6": 28.116714571446426, "y:7": 28.765716450230954, "y:8": 25.85902837019455, "y:9": 27.952796654287578}, "16": {"y:0": 33.048209576040186, "y:1": 26.77415500130427, "y:2": 26.517103003201782, "y:3": 23.44938090571217, "y:4": 28.911744291368358, "y:5": 26.099753912314807, "y:6": 28.423459843667608, "y:7": 29.09145807572448, "y:8": 26.720534868368333, "y:9": 29.394975677411384}}