{"0": {"y:0": 0.006181256002521484, "y:1": 0.009745326586947078, "y:2": 0.005044102481770947, "y:3": 0.004195492195297722, "y:4": 0.01248893892687028, "y:5": 0.003383887835066906, "y:6": 0.022426839038780077, "y:7": 0.005524454450461667, "y:8": 0.009117885408848373, "y:9": 0.007122001373235838, "y:10": 0.0055987049982089195, "y:11": 0.006758139176393361, "y:12": 0.007270641449716254, "y:13": 0.0028668626396062607, "y:14": 0.025994472398518435, "y:15": 0.004665358828018571, "y:16": 0.019866190899528378, "y:17": 0.006994841518376394, "y:18": 0.006041671843613495, "y:19": 0.00949088992486708, "y:20": 0.004853389549541827, "y:21": 0.00296626623879472, "y:22": 0.022536950813327464, "y:23": 0.0040506355874950165, "y:24": 0.023632559670425057, "y:25": 0.007543906909423268, "y:26": 0.008787816547980148, "y:27": 0.012858972655799269, "y:28": 0.002817707788979128, "y:29": 0.0035345616150760186}, "1": {"y:0": 0.0062251985661176765, "y:1": 0.009530063263592455, "y:2": 0.005076072211973334, "y:3": 0.004416797745985004, "y:4": 0.012357255130137572, "y:5": 0.0036460866055450483, "y:6": 0.022455588324964318, "y:7": 0.006033587773002801, "y:8": 0.008955382381320667, "y:9": 0.007098985227734446, "y:10": 0.0055769562644743045, "y:11": 0.006833000383772512, "y:12": 0.007203020101930122, "y:13": 0.0028605021802856, "y:14": 0.025625116433912618, "y:15": 0.004594504580581627, "y:16": 0.020748387653294034, "y:17": 0.006508034723858643, "y:18": 0.006018094309421373, "y:19": 0.008832750520565463, "y:20": 0.004887123842993211, "y:21": 0.00294721585371985, "y:22": 0.022187629130925986, "y:23": 0.003981099193176993, "y:24": 0.024315855128894708, "y:25": 0.0074907556586038485, "y:26": 0.00867572758237998, "y:27": 0.012092220931094879, "y:28": 0.002807912554996861, "y:29": 0.003532989638828253}, "2": {"y:0": 0.006207160757853405, "y:1": 0.013188844554620658, "y:2": 0.005081170810315868, "y:3": 0.006468324083941662, "y:4": 0.012567915087029055, "y:5": 0.005719847198297931, "y:6": 0.022846264770791377, "y:7": 0.02145593256420727, "y:8": 0.008899974283792609, "y:9": 0.021509469303535693, "y:10": 0.005564575313400858, "y:11": 0.02289688090842755, "y:12": 0.007309099311844301, "y:13": 0.004097718264914351, "y:14": 0.026451415786288204, "y:15": 0.008356503721360738, "y:16": 0.020254274032262067, "y:17": 0.016856846630030706, "y:18": 0.006030412804180686, "y:19": 0.013833963152132133, "y:20": 0.0048878430492931115, "y:21": 0.003953789888573183, "y:22": 0.02263727288036839, "y:23": 0.005869183024325712, "y:24": 0.02388271657045587, "y:25": 0.01488058248296413, "y:26": 0.008727137424283707, "y:27": 0.011089433008966594, "y:28": 0.0028156021876567967, "y:29": 0.004597915701740756}, "3": {"y:0": 0.006240242992412702, "y:1": 0.013469474311137285, "y:2": 0.005097370916526823, "y:3": 0.006930169543133678, "y:4": 0.012460496190092506, "y:5": 0.006159443849644779, "y:6": 0.022551455217523612, "y:7": 0.030357782576699546, "y:8": 0.008903890128049027, "y:9": 0.029572485963621796, "y:10": 0.005551367018987784, "y:11": 0.03811422079213598, "y:12": 0.007255844197283581, "y:13": 0.004440337075439461, "y:14": 0.025680599008420697, "y:15": 0.010878403856250227, "y:16": 0.02052308293869196, "y:17": 0.03356572957603714, "y:18": 0.006066073754261459, "y:19": 0.018119292232270337, "y:20": 0.004855471339524574, "y:21": 0.0044874318981915125, "y:22": 0.022154386886792225, "y:23": 0.007346180958365182, "y:24": 0.025342508983983058, "y:25": 0.02708553325178149, "y:26": 0.008691353200818052, "y:27": 0.012949580518172106, "y:28": 0.0028142568554615096, "y:29": 0.0055347792935142425}, "4": {"y:0": 0.00618856092326833, "y:1": 0.01313203798089077, "y:2": 0.005104480004664283, "y:3": 0.007011822979884189, "y:4": 0.012480388093345698, "y:5": 0.006253228438252375, "y:6": 0.02204459514790126, "y:7": 0.033504419408977776, "y:8": 0.00892965900393114, "y:9": 0.03181276407481093, "y:10": 0.005574742968807373, "y:11": 0.04408725613190759, "y:12": 0.007231560258203459, "y:13": 0.0045412329909306276, "y:14": 0.026261848887197386, "y:15": 0.011428464491607442, "y:16": 0.020338535185437916, "y:17": 0.04207614193791457, "y:18": 0.006060211675783067, "y:19": 0.01847901731600558, "y:20": 0.004846288488921056, "y:21": 0.00460224510427924, "y:22": 0.022431245174294845, "y:23": 0.007692434826466282, "y:24": 0.025233923236378235, "y:25": 0.033673783110287236, "y:26": 0.008682429122474439, "y:27": 0.013268469837861153, "y:28": 0.002809524373609456, "y:29": 0.005761775306399044}, "5": {"y:0": 0.006215749516485633, "y:1": 0.013143518567161408, "y:2": 0.005071775392509823, "y:3": 0.007092678002324799, "y:4": 0.012336952001459432, "y:5": 0.006318572420450209, "y:6": 0.02244394670709842, "y:7": 0.037343407035085596, "y:8": 0.008944946557755035, "y:9": 0.0314118626421697, "y:10": 0.005586858860577655, "y:11": 0.04682183097782095, "y:12": 0.0071878571663721484, "y:13": 0.004614379238911722, "y:14": 0.02646942211900646, "y:15": 0.012175859287079474, "y:16": 0.0205604941452106, "y:17": 0.04763108039079406, "y:18": 0.006028364478430849, "y:19": 0.01907175311268315, "y:20": 0.004864680162045676, "y:21": 0.004718425075628578, "y:22": 0.02258437575715985, "y:23": 0.008009525174069745, "y:24": 0.024961922987216223, "y:25": 0.0383153375757246, "y:26": 0.008710049276021904, "y:27": 0.012799748070784801, "y:28": 0.0028126643653275836, "y:29": 0.005989336659651388}, "6": {"y:0": 0.006192222369075063, "y:1": 0.013280788163429239, "y:2": 0.005066187546802358, "y:3": 0.007055248895837128, "y:4": 0.012352567279381171, "y:5": 0.006296576723924045, "y:6": 0.022559322884731534, "y:7": 0.03746754473446673, "y:8": 0.008954846642434918, "y:9": 0.03259551459323585, "y:10": 0.005563554289827913, "y:11": 0.04863192642397017, "y:12": 0.007234187724372197, "y:13": 0.004623572546617913, "y:14": 0.026204795818463654, "y:15": 0.01225261862995561, "y:16": 0.020100142274437655, "y:17": 0.051343316952568566, "y:18": 0.006055062240936085, "y:19": 0.0196560358861912, "y:20": 0.004872694423660138, "y:21": 0.004738579420857888, "y:22": 0.022543524552303563, "y:23": 0.008139595443212388, "y:24": 0.025059231485133903, "y:25": 0.04323418824380815, "y:26": 0.008736753119533053, "y:27": 0.013145399760003739, "y:28": 0.002811103743300969, "y:29": 0.005987895528989323}, "7": {"y:0": 0.0061984908214408226, "y:1": 0.013278753659749475, "y:2": 0.005082656929702138, "y:3": 0.0070661295931475675, "y:4": 0.012390006428845255, "y:5": 0.006320166542501213, "y:6": 0.02257968711822488, "y:7": 0.03716648674378117, "y:8": 0.00896861945018497, "y:9": 0.03288420644960557, "y:10": 0.005581275617441832, "y:11": 0.04868851857313629, "y:12": 0.007236023062611442, "y:13": 0.0046179333456112335, "y:14": 0.02628352599477297, "y:15": 0.012177303394380393, "y:16": 0.020394155461822133, "y:17": 0.051496703180597965, "y:18": 0.006034876893191779, "y:19": 0.019856452537426603, "y:20": 0.004855314083369647, "y:21": 0.004713807428193599, "y:22": 0.022174693650891544, "y:23": 0.008013189960902665, "y:24": 0.024780742925380156, "y:25": 0.042899898093494704, "y:26": 0.008690898569520598, "y:27": 0.013280483062746339, "y:28": 0.0028134431339251202, "y:29": 0.005985114961681821}, "8": {"y:0": 0.006187365156788405, "y:1": 0.013219683560375237, "y:2": 0.005062656890345018, "y:3": 0.007098103397122263, "y:4": 0.012395942066526836, "y:5": 0.006335939312504847, "y:6": 0.02253849982251094, "y:7": 0.03769900310593399, "y:8": 0.008943543516747098, "y:9": 0.031796479334537484, "y:10": 0.0055620331948828755, "y:11": 0.04867085443018066, "y:12": 0.007227484439172983, "y:13": 0.0046564588000980265, "y:14": 0.026269738847796906, "y:15": 0.012387103626148921, "y:16": 0.020248962010609845, "y:17": 0.0537338512306319, "y:18": 0.006037859080439189, "y:19": 0.019788678459894238, "y:20": 0.004865385985032969, "y:21": 0.00474925308317129, "y:22": 0.02230139087920765, "y:23": 0.008133781229695677, "y:24": 0.024558104446585863, "y:25": 0.045939998489478544, "y:26": 0.00871197192922258, "y:27": 0.013326869323652893,