{"0": {"y:0": 0.12673286178676949, "y:1": 0.030004432273390953, "y:2": 0.1144278581962018, "y:3": 0.01801486861631217, "y:4": 0.1312775783020695, "y:5": 0.01618844882306443, "y:6": 0.137456168119481, "y:7": 0.016911480495065905, "y:8": 0.1540377276252423, "y:9": 0.018883333169825465, "y:10": 0.13585515792373026, "y:11": 0.02251367527343918, "y:12": 0.13653707528383371, "y:13": 0.02478793352435805, "y:14": 0.15812865409989255, "y:15": 0.03144732326528707, "y:16": 0.13810880963308322, "y:17": 0.028354634834143858, "y:18": 0.14355126297621434, "y:19": 0.032499263796266165, "y:20": 0.12824316349060735, "y:21": 0.040935149526909784, "y:22": 0.14072730593378782, "y:23": 0.03964862864570836, "y:24": 0.16736989046845144, "y:25": 0.04283397525218923, "y:26": 0.11323641201181084, "y:27": 0.04676706871995398, "y:28": 0.14991817002372934, "y:29": 0.04985813395396108, "y:30": 0.14096818918570225, "y:31": 0.04879025253338545}}