{"0": {"y:0": 0.41947257684067757, "y:1": 0.4174250496702479, "y:2": 0.4230731414542404, "y:3": 0.42104657532507844, "y:4": 0.4204601947923064, "y:5": 0.42446896350799446, "y:6": 0.4240284097332091, "y:7": 0.4257427598040788, "y:8": 0.41907523818779674, "y:9": 0.4228740837772853}}