{"0": {"y:0": 74.54469661278603, "y:1": 5.434315580388203, "y:2": 3.9634847327185216, "y:3": 3.4945190376279354, "y:4": 3.149265370753004, "y:5": 2.9857103246104546, "y:6": 2.8516960253946353, "y:7": 2.7926757443689656, "y:8": 2.7208830762919236, "y:9": 2.6236110955238376}}