{"0": {"y:0": 0.40857412547248406, "y:1": 0.40454054221555535, "y:2": 0.4082872834547978, "y:3": 0.40863415747797105, "y:4": 0.4104544287430894, "y:5": 0.40949736021437627, "y:6": 0.40542815507825625, "y:7": 0.4116379392500007, "y:8": 0.41395397555303376, "y:9": 0.408679087711515}, "1": {"y:0": 0.40176974689958206, "y:1": 0.40544054506346133, "y:2": 0.39876888261733734, "y:3": 0.39563467482437786, "y:4": 0.40211749415213927, "y:5": 0.40102601826057543, "y:6": 0.4022358823660611, "y:7": 0.39832722180506036, "y:8": 0.39648376274404645, "y:9": 0.39919091236586546}, "2": {"y:0": 0.7852979116526069, "y:1": 0.7760431559575147, "y:2": 0.7806879734226039, "y:3": 0.7870091931432827, "y:4": 0.7754722244104065, "y:5": 0.7929470623384455, "y:6": 0.7861147577875931, "y:7": 0.7880524570267324, "y:8": 0.794018925676165, "y:9": 0.7780991671433942}, "3": {"y:0": 1.5641981067105515, "y:1": 1.513842328561708, "y:2": 1.5706304657832146, "y:3": 1.5913250063804634, "y:4": 1.5537579720438617, "y:5": 1.5374228003779657, "y:6": 1.554627469833705, "y:7": 1.5588852502169501, "y:8": 1.5335966663603744, "y:9": 1.5091366956812224}, "4": {"y:0": 3.105237674869327, "y:1": 3.006593516175204, "y:2": 3.157075630954847, "y:3": 3.1224042554215967, "y:4": 3.0976841335946146, "y:5": 3.0887862183100196, "y:6": 2.9636701107186836, "y:7": 3.162347021915674, "y:8": 3.135778539291903, "y:9": 3.1307582507322156}, "5": {"y:0": 4.820946678520492, "y:1": 5.046220043686213, "y:2": 4.782478486194798, "y:3": 4.947898348628659, "y:4": 5.031017484123381, "y:5": 5.069288812757582, "y:6": 4.888660730998687, "y:7": 5.218866268794569, "y:8": 5.162571625788703, "y:9": 4.958231315559814}, "6": {"y:0": 5.898551088879581, "y:1": 6.012002545374959, "y:2": 6.078613735058656, "y:3": 5.942536133966831, "y:4": 6.294140071086628, "y:5": 5.939109260927762, "y:6": 5.862615696354409, "y:7": 5.975984641061754, "y:8": 5.911467454423647, "y:9": 5.770806023264744}, "7": {"y:0": 6.265944314332102, "y:1": 6.150860187347522, "y:2": 6.509655637756827, "y:3": 6.325571292974547, "y:4": 6.14773874027633, "y:5": 6.307695994566268, "y:6": 6.472336474531653, "y:7": 6.427349358082791, "y:8": 6.373127534346313, "y:9": 6.375652332872773}, "8": {"y:0": 6.307066153806496, "y:1": 6.323719889046216, "y:2": 6.341860939359082, "y:3": 6.435940743994062, "y:4": 6.406417163967031, "y:5": 6.509123452457046, "y:6": 6.382319831271886, "y:7": 6.44908305831578, "y:8": 6.266576326319232, "y:9": 6.406469290762799}, "9": {"y:0": 6.40298442091454, "y:1": 6.430277612576235, "y:2": 6.490317264711337, "y:3": 6.501636968973766, "y:4": 6.449687014072009, "y:5": 6.397832215697012, "y:6": 6.377090198670164, "y:7": 6.482951957923123, "y:8": 6.375524606179913, "y:9": 6.5528281998234625}, "10": {"y:0": 6.445390996183674, "y:1": 6.4898353576796195, "y:2": 6.516206974266546, "y:3": 6.58538230537477, "y:4": 6.552207923515268, "y:5": 6.529469192451233, "y:6": 6.560195605775179, "y:7": 6.565348751999479, "y:8": 6.468322724453656, "y:9": 6.458671944051386}}