{"0": {"y:0": 0.12929618239599666, "y:1": 0.13035503062407042, "y:2": 0.19561701230919495, "y:3": 0.19459921338080802, "y:4": 0.1952923006192642, "y:5": 0.1940505989236116, "y:6": 0.19768086666381704, "y:7": 0.19721781370399308, "y:8": 0.19693082287637564, "y:9": 0.19770392890085348}, "1": {"y:0": 0.13103125277190453, "y:1": 0.13033490255878324, "y:2": 0.207596261595581, "y:3": 0.20611954227783072, "y:4": 0.2068698288858598, "y:5": 0.20759532357822877, "y:6": 0.20731800070940182, "y:7": 0.20627920366623062, "y:8": 0.20728702133721064, "y:9": 0.2040218050712383}, "2": {"y:0": 0.1408651923496422, "y:1": 0.1416551939983127, "y:2": 0.4105399588439565, "y:3": 0.41349996464404093, "y:4": 0.4160847854325765, "y:5": 0.40410048931615195, "y:6": 0.4020599515288544, "y:7": 0.40597969880305657, "y:8": 0.4101299082094472, "y:9": 0.40210035051496756}, "3": {"y:0": 0.15314763887441338, "y:1": 0.1532546606547862, "y:2": 0.8317805008846714, "y:3": 0.829450603433819, "y:4": 0.8273189625478058, "y:5": 0.8083731111219796, "y:6": 0.8111562435146457, "y:7": 0.8306475252092486, "y:8": 0.8163146915904897, "y:9": 0.8173387442361885}, "4": {"y:0": 0.15871841501133413, "y:1": 0.15898203323244886, "y:2": 1.4680301889896714, "y:3": 1.5046293445915317, "y:4": 1.4876220323770248, "y:5": 1.5085808148996256, "y:6": 1.534191501380615, "y:7": 1.5053386354013276, "y:8": 1.3503490150304855, "y:9": 1.5320881727021847}, "5": {"y:0": 0.1604613364606512, "y:1": 0.16038414211258692, "y:2": 2.4937136039819037, "y:3": 2.3997746876580135, "y:4": 2.3816695361270623, "y:5": 2.3372040812495, "y:6": 2.4203755798453233, "y:7": 2.41301062908111, "y:8": 1.9174777910903933, "y:9": 2.200677876396653}, "6": {"y:0": 0.16068985088285723, "y:1": 0.16134281006484621, "y:2": 2.973106589297303, "y:3": 3.0128902268103404, "y:4": 2.919606131866547, "y:5": 2.9087148287755893, "y:6": 3.036015271066177, "y:7": 3.0339779326108314, "y:8": 2.046687938487309, "y:9": 2.5120007004139886}, "7": {"y:0": 0.1615427089855557, "y:1": 0.16131485210163662, "y:2": 3.065003301318533, "y:3": 3.1703395594067927, "y:4": 3.1225888832173814, "y:5": 3.033976875952735, "y:6": 3.156047356801229, "y:7": 3.1229615693409096, "y:8": 2.1443083941030205, "y:9": 2.5930880586280693}, "8": {"y:0": 0.16129790562562416, "y:1": 0.16141310940371204, "y:2": 3.1900398357848982, "y:3": 3.3019414368624402, "y:4": 3.243429734535902, "y:5": 3.124505231676439, "y:6": 3.3173249532463553, "y:7": 3.341387585421081, "y:8": 2.1796754042770368, "y:9": 2.596703880851602}, "9": {"y:0": 0.16141501202908112, "y:1": 0.16138612402129154, "y:2": 3.2198459662361176, "y:3": 3.395651278602176, "y:4": 3.292188442221077, "y:5": 3.1559103158928683, "y:6": 3.331303151737568, "y:7": 3.274954343722252, "y:8": 2.1921999978553854, "y:9": 2.5857496960461184}, "10": {"y:0": 0.16181510741462546, "y:1": 0.16177120731032585, "y:2": 3.1985295803711478, "y:3": 3.4002295030139833, "y:4": 3.337534464804829, "y:5": 3.1976992566921787, "y:6": 3.3277077723050192, "y:7": 3.4059651518424925, "y:8": 2.136038880103759, "y:9": 2.6948340982655794}, "11": {"y:0": 0.16167433096724404, "y:1": 0.1615262758052557, "y:2": 3.2829825713557055, "y:3": 3.3921835856192266, "y:4": 3.3659897066281146, "y:5": 3.216047707254239, "y:6": 3.4175397987430025, "y:7": 3.4231106984782875, "y:8": 2.188514731994497, "y:9": 2.6896970858358387}}