{"0": {"y:0": 0.01733814221976834, "y:1": 0.18712076750171436, "y:2": 0.40536407149271136, "y:3": 0.40583605256032285, "y:4": 0.3719154381480595, "y:5": 0.05043617947136737, "y:6": 0.0026360475800431124}, "1": {"y:0": 0.018335388781768762, "y:1": 0.20046248110585865, "y:2": 0.4323641850898663, "y:3": 0.4209651560881685, "y:4": 0.3541517476327393, "y:5": 0.0519598474870481, "y:6": 0.002827200896961038}, "2": {"y:0": 0.03886238980646423, "y:1": 0.32630103192715276, "y:2": 0.6274894819190222, "y:3": 0.6507979369914852, "y:4": 0.5136603596656117, "y:5": 0.07989515368583112, "y:6": 0.005811924564379675}, "3": {"y:0": 0.08055794025741318, "y:1": 0.5408613404278433, "y:2": 0.9590803021239029, "y:3": 0.9698547767203741, "y:4": 0.6308956557500137, "y:5": 0.1269755181960143, "y:6": 0.012130636366515556}, "4": {"y:0": 0.12503299459983228, "y:1": 0.780570910930158, "y:2": 1.5066739857967573, "y:3": 1.549415074393512, "y:4": 0.8054127184063199, "y:5": 0.16419018063864943, "y:6": 0.018385164420614986}, "5": {"y:0": 0.18809893120863236, "y:1": 1.210173059407577, "y:2": 2.1940672447151477, "y:3": 2.3895068208422594, "y:4": 1.229483340057885, "y:5": 0.24181204691918015, "y:6": 0.02664965199598912}, "6": {"y:0": 0.23102672446693245, "y:1": 1.691318933265505, "y:2": 3.4168104531686816, "y:3": 3.6855256514833683, "y:4": 1.6032929010263135, "y:5": 0.31155284421965046, "y:6": 0.032909206549103856}, "7": {"y:0": 0.2960921813765671, "y:1": 2.2390706950586825, "y:2": 5.027567918378369, "y:3": 5.7441872197495245, "y:4": 2.3148824985432546, "y:5": 0.42973367430669357, "y:6": 0.04408747653370749}, "8": {"y:0": 0.4545877008482239, "y:1": 3.24639700469458, "y:2": 7.823609677268916, "y:3": 9.939043401204042, "y:4": 2.9230794549692733, "y:5": 0.5479547976530021, "y:6": 0.0646519859065623}, "9": {"y:0": 0.5443186282461222, "y:1": 4.079545157610407, "y:2": 10.945017367480556, "y:3": 14.566080617839217, "y:4": 3.765739272414825, "y:5": 0.6999837716839279, "y:6": 0.08074529395743053}, "10": {"y:0": 0.6915217076503789, "y:1": 4.624720623401304, "y:2": 13.04191448626959, "y:3": 22.034072546715365, "y:4": 4.37897453905477, "y:5": 0.859992395260064, "y:6": 0.10044526923306406}, "11": {"y:0": 0.8664567362316339, "y:1": 5.125020612041073, "y:2": 14.242473779614432, "y:3": 27.677577470976626, "y:4": 5.559685867859599, "y:5": 1.0740641031382723, "y:6": 0.13422616602443868}, "12": {"y:0": 0.9586122234888473, "y:1": 4.990045361227134, "y:2": 15.637972324284286, "y:3": 39.73585778948939, "y:4": 6.490469741252193, "y:5": 1.3004595752999106, "y:6": 0.16177795559932748}, "13": {"y:0": 1.0588683490518622, "y:1": 5.042462618935823, "y:2": 17.62915965176651, "y:3": 51.34263648465475, "y:4": 8.510102903477552, "y:5": 1.6019211928813184, "y:6": 0.22131615644428465}, "14": {"y:0": 1.0705858090606633, "y:1": 5.040656795234769, "y:2": 20.092153629371346, "y:3": 61.56908289606602, "y:4": 10.176911965501676, "y:5": 1.8295221884512178, "y:6": 0.24714661330921}, "15": {"y:0": 1.1216780304029312, "y:1": 4.92803273994137, "y:2": 24.372408261834504, "y:3": 72.18867128889704, "y:4": 11.795303472998839, "y:5": 2.0880825167271593, "y:6": 0.3064907911188326}, "16": {"y:0": 1.2673892557813127, "y:1": 5.56497945948343, "y:2": 30.643119916594493, "y:3": 76.50881254779264, "y:4": 13.697208406434147, "y:5": 2.504722268730314, "y:6": 0.37730696016024606}, "17": {"y:0": 1.2535928292553513, "y:1": 5.713141534705683, "y:2": 33.93276791669794, "y:3": 77.6476502050308, "y:4": 17.50408500765955, "y:5": 2.866442356222044, "y:6": 0.4103611716695883}, "18": {"y:0": 1.383278393722087, "y:1": 6.862626939766658, "y:2": 43.606658192248375, "y:3": 76.49146376560114, "y:4": 18.977553436814492, "y:5": 3.250972030382639, "y:6": 0.4622696960835979}, "19": {"y:0": 1.4944627321953035, "y:1": 7.254149969316231, "y:2": 53.46637666608751, "y:3": 78.85177838133022, "y:4": 23.06911305595391, "y:5": 3.939803823314215, "y:6": 0.5403804155975386}, "20": {"y:0": 2.1184290221676796, "y:1": 9.778187007204268, "y:2": 63.21976236596826, "y:3": 82.89910081633873, "y:4": 27.08763577053102, "y:5": 4.98853151983573, "y:6": 0.7871933970647139}, "21": {"y:0": 2.4625747202978565, "y:1": 10.69863218986404, "y:2": 74.12797480962452, "y:3": 80.68867771384235, "y:4": 29.74165553218307, "y:5": 5.890594231420649, "y:6": 0.961483095270395}, "22": {"y:0": 2.974872595201575, "y:1": 13.095092787530303, "y:2": 79.50883231601722, "y:3": 82.90141601550974, "y:4": 33.17545976478176, "y:5": 6.818423577669617, "y:6": 1.1186429121807495}, "23": {"y:0": 3.9023155245391834, "y:1": 15.363686226265468, "y:2": 88.16898577635652, "y:3": 82.35660345860364, "y:4": 39.2291244850454, "y:5": 8.593509479916914, "y:6": 1.4979757247161247}, "24": {"y:0": 5.0630060979313, "y:1": 19.714949878865013, "y:2": 86.55039827261925, "y:3": 73.26173857870049, "y:4": 41.72220931576596, "y:5": 10.763334335232642, "y:6": 1.8779575707488148}, "25": {"y:0": 5.931387974339586, "y:1": 23.138476053455673, "y:2": 91.7702110247591, "y:3": 81.55441651524038, "y:4": 45.512930387243905, "y:5": 12.023888495927705, "y:6": 2.2069819909159634}, "26": {"y:0": 7.455889317414057, "y:1": 28.137739089442313, "y:2": 94.7583301332085, "y:3": 77.78303049750541, "y:4": 47.83162964600256, "y:5": 15.120333749489829, "y:6": 2.739639636403815}, "27": {"y:0": 8.745793988698136, "y:1": 31.23176536094739, "y:2": 99.90852665008971, "y:3": 79.17267767849583, "y:4": 50.93865775151703, "y:5": 16.21136730417033, "y:6": 3.144874578862203}, "28": {"y:0": 10.20088531777129, "y:1": 35.93791211352261, "y:2": 98.88133154929291, "y:3": 78.6970698573611, "y:4": 49.9122350117827, "y:5": 18.59068091849591, "y:6": 3.5726398233988723}}