{"0": {"y:0": 0.13031090330552997, "y:1": 0.03288303819779675, "y:2": 0.12470012947161074, "y:3": 0.02148778728060022, "y:4": 0.15107129089917165, "y:5": 0.01764673939887474, "y:6": 0.15350635328913367, "y:7": 0.014957870590045705, "y:8": 0.13052286996446782, "y:9": 0.015876125881835214, "y:10": 0.13993292871674903, "y:11": 0.017459900103776464, "y:12": 0.12476660728223687, "y:13": 0.02058849189937193, "y:14": 0.111009790443644, "y:15": 0.021773600395100578, "y:16": 0.13790446915149945, "y:17": 0.022465821531552896, "y:18": 0.15406143165463676, "y:19": 0.02404401674801052, "y:20": 0.14576088503001347, "y:21": 0.028993591063597182, "y:22": 0.15472645894362605, "y:23": 0.02636333871786536, "y:24": 0.13312970669396343, "y:25": 0.029722686901356234, "y:26": 0.13592773973832833, "y:27": 0.03459554788641073, "y:28": 0.1419996049971581, "y:29": 0.03685837870977289, "y:30": 0.11335791019813622, "y:31": 0.039902359505561154}, "1": {"y:0": 0.12695319370029545, "y:1": 0.028713775010798352, "y:2": 0.11930707406158841, "y:3": 0.019938917300409087, "y:4": 0.134716783227377, "y:5": 0.01560647724644698, "y:6": 0.12454788892393417, "y:7": 0.01517240019687667, "y:8": 0.13786259089042402, "y:9": 0.01681962297848866, "y:10": 0.13471258129447505, "y:11": 0.018871759897457655, "y:12": 0.12665976750619756, "y:13": 0.02173783716188253, "y:14": 0.12654136473069977, "y:15": 0.024814499254709067, "y:16": 0.13487248552064907, "y:17": 0.027176019588398482, "y:18": 0.13699375838975364, "y:19": 0.03171061669787474, "y:20": 0.1324129334674508, "y:21": 0.03268778221206011, "y:22": 0.12235594748543585, "y:23": 0.0342211238731346, "y:24": 0.13528601365586143, "y:25": 0.038773216198061504, "y:26": 0.12962973983728546, "y:27": 0.040565761205681235, "y:28": 0.13475754976570037, "y:29": 0.04209869621152228, "y:30": 0.12518020900389204, "y:31": 0.046514009575187275}, "2": {"y:0": 0.10488239877026401, "y:1": 0.03312617488416654, "y:2": 0.11803673621707693, "y:3": 0.02509773584478615, "y:4": 0.1294391862447676, "y:5": 0.019715690866278623, "y:6": 0.12283949772529085, "y:7": 0.01634667200017503, "y:8": 0.12764722434495865, "y:9": 0.015825484222901923, "y:10": 0.1291876895039673, "y:11": 0.01639779544229642, "y:12": 0.12663268988469198, "y:13": 0.017702522196455246, "y:14": 0.13296326650784657, "y:15": 0.019557167322145075, "y:16": 0.12501227019228459, "y:17": 0.022205953594281704, "y:18": 0.13510630158370873, "y:19": 0.025020952438187593, "y:20": 0.12565996617359995, "y:21": 0.027163575468469797, "y:22": 0.12629505742187702, "y:23": 0.028316868544628733, "y:24": 0.12567830692876716, "y:25": 0.030628602479126677, "y:26": 0.1332265996700641, "y:27": 0.03616031180776851, "y:28": 0.12615183545520975, "y:29": 0.03591241633868117, "y:30": 0.12516955860711165, "y:31": 0.04040838267316424}, "3": {"y:0": 0.08562679810500869, "y:1": 0.036457089466415175, "y:2": 0.09953467333854733, "y:3": 0.026327448940279084, "y:4": 0.10972803556566285, "y:5": 0.022306579618059992, "y:6": 0.10230313422847544, "y:7": 0.02084484450351426, "y:8": 0.10842332207637412, "y:9": 0.018194280931126787, "y:10": 0.10135210808640664, "y:11": 0.016731094519092944, "y:12": 0.09852706479237158, "y:13": 0.015878771074470978, "y:14": 0.10742087325927636, "y:15": 0.015704888222938227, "y:16": 0.10125907461968302, "y:17": 0.016075110389971357, "y:18": 0.10107080256713634, "y:19": 0.016010287722084127, "y:20": 0.10014420313502433, "y:21": 0.016358585887812777, "y:22": 0.10200515008369965, "y:23": 0.01738652233607943, "y:24": 0.10368852351066558, "y:25": 0.01795772070295801, "y:26": 0.10497221272392934, "y:27": 0.019594829880209618, "y:28": 0.09982014709063075, "y:29": 0.02004431061982852, "y:30": 0.09513183264709993, "y:31": 0.022763130897670344}, "4": {"y:0": 0.062275598485398355, "y:1": 0.017995432148769062, "y:2": 0.07034608429388721, "y:3": 0.026820997666484696, "y:4": 0.07269264664828164, "y:5": 0.04249251555680009, "y:6": 0.06719671494066777, "y:7": 0.047515642515260186, "y:8": 0.06593588172860972, "y:9": 0.05355313623608741, "y:10": 0.07175825911742302, "y:11": 0.05967631046837671, "y:12": 0.06922637977984221, "y:13": 0.05664641375898652, "y:14": 0.07063717855962796, "y:15": 0.06466986472949918, "y:16": 0.060334317615445526, "y:17": 0.06381143106833422, "y:18": 0.06585855176316124, "y:19": 0.07656111485654535, "y:20": 0.06433581639086346, "y:21": 0.07110776674234122, "y:22": 0.06357586373441801, "y:23": 0.07169585165156248, "y:24": 0.06795069037667241, "y:25": 0.07078767738389787, "y:26": 0.06580943386722711, "y:27": 0.07344148450121747, "y:28": 0.06321085712781596, "y:29": 0.07821174951299555, "y:30": 0.06014342590089186, "y:31": 0.07508171174268653}, "5": {"y:0": 0.06605171860001044, "y:1": 0.03681877982670164, "y:2": 0.05447649938167762, "y:3": 0.05332431283509379, "y:4": 0.05110922807725247, "y:5": 0.06630770604611057, "y:6": 0.04993082969395972, "y:7": 0.07615185904783815, "y:8": 0.04992757538146449, "y:9": 0.08599694739293315, "y:10": 0.045045862785182966, "y:11": 0.08396838888224066, "y:12": 0.04396753817078488, "y:13": 0.08912342780326722, "y:14": 0.03888560795652243, "y:15": 0.09560985428525408, "y:16": 0.0386614883712703, "y:17": 0.09695986711762361, "y:18": 0.03752012140527462, "y:19": 0.1028004656802464, "y:20": 0.033201935600508437, "y:21": 0.10682806184970557, "y:22": 0.031929709964840076, "y:23": 0.11244230672565952, "y:24": 0.03007137461265769, "y:25": 0.10871601499226706, "y:26": 0.02905243890690671, "y:27": 0.12120560443542733, "y:28": 0.028890005466608935, "y:29": 0.11648058154600482, "y:30": 0.027060782670590634, "y:31": 0.12107832318752089}, "6": {"y:0": 0.05991955612529509, "y:1": 0.023199186303470547, "y:2": 0.05404916960225122, "y:3": 0.03321436115517114, "y:4": 0.046899836442862684, "y:5": 0.04078912191757164, "y:6": 0.04111516691520712, "y:7": 0.046228350209443915, "y:8": 0.040713151196303615, "y:9": 0.05727731474409267, "y:10": 0.034410536782577085, "y:11": 0.05886963214934442, "y:12": 0.03536657185120268, "y:13": 0.05648229527229128, "y:14": 0.0322471712081901, "y:15": 0.053681420291025926, "y:16": 0.030069550664620512, "y:17": 0.06000200567774274, "y:18": 0.02750884219410186, "y:19": 0.0646400804257274, "y:20": 0.025636457051963265, "y:21": 0.06847040641613197, "y:22": 0.02299449460500023, "y:23": 0.06630677003821654, "y:24": 0.024849781884571275, "y:25": 0.07420355440187676, "y:26": 0.02387806038608471, "y:27": 0.07577958447968308, "y:28": 0.021888222651226048, "y:29": 0.08013943867320916, "y:30": 0.02102579066630578, "y:31": 0.07419549972807285}, "7": {"y:0": 0.019237780920775497, "y:1": 0.012917305344404936, "y:2": 0.002739172240899196, "y:3": 0.006079340491791783, "y:4": 0.017481689609214965, "y:5": 0.002676173788133125, "y:6": 0.017958666786440536, "y:7": 0.008062486133529516, "y:8": 0.02169704939580854, "y:9": 0.012041659515526538, "y:10": 0.004236121704395401, "y:11": 0.009355530374329736, "y:12": 0.002330244857551783, "y:13": 0.009914571901279763, "y:14": 0.01502830150748257, "y:15": 0.0018345202325836035, "y:16": 0.01739337876641843, "y:17": 0.0052888426995957635, "y:18": 0.018520050938075742, "y:19": 0.009945219575648345, "y:20": 0.010374409891777946, "y:21": 0.012236605164721576, "y:22": 0.0019469670949873689, "y:23": 0.010097228778612782, "y:24": 0.019322828631783903, "y:25": 0.0014387087218295995, "y:26": 0.01965174404553007, "y:27": 0.007971010588701208, "y:28": 0.021252005108172444, "y:29": 0.009450926291966763, "y:30": 0.01818653949882217, "y:31": 0.013633909808069219}, "8": {"y:0": 0.02292742498052052, "y:1": 0.014519560676990282, "y:2": 0.0028136811207464954, "y:3": 0.0066674225551977126, "y:4": 0.020375716444864557, "y:5": 0.0028335574603010416, "y:6": 0.016653793260947732, "y:7": 0.009414637614925008, "y:8": 0.019736911697753722, "y:9": 0.009615477429674616, "y:10": 0.004254365640747177, "y:11": 0.007825269069290063, "y:12": 0.002331922399142673, "y:13": 0.009541617110379009, "y:14": 0.01652897166111247, "y:15": 0.001920376673764743, "y:16": 0.017320548387762254,