{"0": {"y:0": 0.01141823583638268, "y:1": 0.17614730094219, "y:2": 0.39346037948527846, "y:3": 0.38736936401004, "y:4": 0.34528662598874416, "y:5": 0.0443900086208768, "y:6": 0.001571936579156125}, "1": {"y:0": 0.014265875202251713, "y:1": 0.17429834705126224, "y:2": 0.40240834165678196, "y:3": 0.41067690083965463, "y:4": 0.355394979953218, "y:5": 0.042777907416568346, "y:6": 0.002240739451491947}, "2": {"y:0": 0.08683461800593394, "y:1": 0.4022811952073685, "y:2": 0.4936959879359744, "y:3": 0.5098916994277845, "y:4": 0.45971422997973366, "y:5": 0.13496229693560172, "y:6": 0.013071052475685458}, "3": {"y:0": 0.16446885071280626, "y:1": 0.5982942308234187, "y:2": 0.694122040403979, "y:3": 0.6876513942916243, "y:4": 0.6130550054429464, "y:5": 0.20300216169387128, "y:6": 0.02556480182737378}, "4": {"y:0": 0.39552125794936, "y:1": 0.7601540489142133, "y:2": 0.8069019108485359, "y:3": 0.8089427704144764, "y:4": 0.7259206620682439, "y:5": 0.32391673166874146, "y:6": 0.06394570289123751}, "5": {"y:0": 0.5901565934162836, "y:1": 1.0369164391395504, "y:2": 1.1069181825299355, "y:3": 1.1097035395827959, "y:4": 0.9575122112786112, "y:5": 0.4669976048991072, "y:6": 0.10988060356559146}, "6": {"y:0": 0.9916757348311153, "y:1": 1.2987142345260967, "y:2": 1.3424301271058117, "y:3": 1.3631356986272478, "y:4": 1.2304220673400077, "y:5": 0.6728641242035077, "y:6": 0.19519463495138012}, "7": {"y:0": 1.3016864762313813, "y:1": 1.7984659065058937, "y:2": 1.82234205113098, "y:3": 1.9154176044177569, "y:4": 1.7005406887265329, "y:5": 0.9226855176376241, "y:6": 0.2897546726272032}, "8": {"y:0": 1.8764329003273121, "y:1": 2.4132465425640346, "y:2": 2.510572714399923, "y:3": 2.692846225629233, "y:4": 2.4697602502814537, "y:5": 1.3110215981370885, "y:6": 0.4267973684036716}, "9": {"y:0": 2.5983081204494267, "y:1": 3.5697051795223023, "y:2": 3.961483972708217, "y:3": 3.9507154118211116, "y:4": 3.3691391200937963, "y:5": 1.6183627553089854, "y:6": 0.5461170144660195}, "10": {"y:0": 3.6057737903834703, "y:1": 5.333396789530968, "y:2": 5.533261213095512, "y:3": 5.855933906229078, "y:4": 4.367429810468947, "y:5": 2.0498198821083133, "y:6": 0.6957503725211294}, "11": {"y:0": 4.924573125150052, "y:1": 6.78532322669085, "y:2": 7.0067131912390925, "y:3": 7.732786336801893, "y:4": 5.4879137058252745, "y:5": 2.591778881300855, "y:6": 0.9003444413243246}, "12": {"y:0": 6.683665706156015, "y:1": 9.373434077147953, "y:2": 9.875018252926953, "y:3": 10.550043158967219, "y:4": 6.8055246212736735, "y:5": 2.9342142387332064, "y:6": 1.137538194260055}, "13": {"y:0": 8.903187478785089, "y:1": 10.906554600253335, "y:2": 12.119306463565888, "y:3": 12.223014272137625, "y:4": 8.243943074969627, "y:5": 3.905932001482722, "y:6": 1.4120332078347588}, "14": {"y:0": 9.352918183296454, "y:1": 14.18790633503626, "y:2": 17.3061889530677, "y:3": 14.234027376328072, "y:4": 9.459818744348844, "y:5": 4.2329839352771605, "y:6": 1.5740531455278257}, "15": {"y:0": 8.253935592594198, "y:1": 13.998788022017678, "y:2": 16.713232888753318, "y:3": 13.328627605604009, "y:4": 10.472584207469371, "y:5": 4.964156710498532, "y:6": 1.6805625907041295}, "16": {"y:0": 7.9885657905138805, "y:1": 15.807867034510975, "y:2": 19.050945294587308, "y:3": 15.675739299114651, "y:4": 10.646608988204607, "y:5": 5.342421190055136, "y:6": 1.8405635188011902}, "17": {"y:0": 9.074758027124597, "y:1": 17.33969219478035, "y:2": 21.52826702399936, "y:3": 19.099976786839807, "y:4": 13.664905981209882, "y:5": 6.305574862519288, "y:6": 2.0587259005924605}, "18": {"y:0": 9.933711654825963, "y:1": 21.77993352715715, "y:2": 27.030744780760944, "y:3": 24.358588191677708, "y:4": 15.907217860291887, "y:5": 7.5824643197534005, "y:6": 2.4043955175051575}, "19": {"y:0": 10.808047570650718, "y:1": 24.312210099396093, "y:2": 29.95269434401804, "y:3": 27.9487313790422, "y:4": 18.836492416113643, "y:5": 8.796771932764345, "y:6": 2.6228040998505584}, "20": {"y:0": 12.099366853147997, "y:1": 28.134760784255125, "y:2": 34.80560050092418, "y:3": 33.756989051808105, "y:4": 23.154928252398708, "y:5": 11.581145597519454, "y:6": 3.046497151857418}, "21": {"y:0": 14.351301854757418, "y:1": 34.79074685508027, "y:2": 41.04366552705816, "y:3": 38.55634402851412, "y:4": 26.805257227043356, "y:5": 13.894768614818231, "y:6": 3.3698228757346596}, "22": {"y:0": 16.36881805040619, "y:1": 40.2855165983479, "y:2": 45.67944773523288, "y:3": 42.15790117413275, "y:4": 28.39615212993549, "y:5": 15.835113074713005, "y:6": 4.144739826978466}, "23": {"y:0": 19.90361268156749, "y:1": 45.62530965882409, "y:2": 52.3645447809214, "y:3": 49.660740248913505, "y:4": 31.624457914179533, "y:5": 17.656941407730475, "y:6": 4.7164813783085515}, "24": {"y:0": 23.8958116117898, "y:1": 57.28776495834845, "y:2": 63.821973163110684, "y:3": 56.03191875304418, "y:4": 35.406648749989984, "y:5": 20.567374295370826, "y:6": 5.895346234694777}, "25": {"y:0": 28.366858175252535, "y:1": 67.54624006118232, "y:2": 69.61526410472668, "y:3": 61.10607345458928, "y:4": 38.82941500809022, "y:5": 22.423161879309934, "y:6": 6.569107084242966}, "26": {"y:0": 35.03026917168062, "y:1": 80.55135267565124, "y:2": 81.69475095977488, "y:3": 66.25027427471856, "y:4": 40.95234485691755, "y:5": 23.447038364055935, "y:6": 7.877227238250385}, "27": {"y:0": 39.865549100611695, "y:1": 88.39546476992156, "y:2": 82.47669454733698, "y:3": 66.60504239475023, "y:4": 42.936392987494195, "y:5": 25.504885690263432, "y:6": 9.059148321082269}, "28": {"y:0": 48.909737099163635, "y:1": 96.0900338435628, "y:2": 88.83292659525942, "y:3": 71.58102120200053, "y:4": 45.127321954644685, "y:5": 25.663630235088082, "y:6": 9.195831170328582}, "29": {"y:0": 56.82434566262425, "y:1": 96.02872195252874, "y:2": 82.86637734684162, "y:3": 66.97977368341424, "y:4": 43.93946222346401, "y:5": 25.467259607771837, "y:6": 10.64257300570673}, "30": {"y:0": 75.16249324100941, "y:1": 107.48933890840429, "y:2": 92.11593107241002, "y:3": 71.44406416936856, "y:4": 46.58819601236257, "y:5": 27.574128812874157, "y:6": 12.296846566529918}}