{"0": {"y:0": 0.12091349552536394, "y:1": 0.019427055598491207, "y:2": 0.11005623054014106, "y:3": 0.015510713324599329, "y:4": 0.12418726436769637, "y:5": 0.014940162531035483, "y:6": 0.1466768582425114, "y:7": 0.017949013723536533, "y:8": 0.12042379589236697, "y:9": 0.02051563250781132, "y:10": 0.14030994964953147, "y:11": 0.02757942583460393, "y:12": 0.126376457632578, "y:13": 0.031233950371632326, "y:14": 0.13949343173116566, "y:15": 0.03315940011449583, "y:16": 0.13515076281035104, "y:17": 0.0381248029592115, "y:18": 0.13005770135192593, "y:19": 0.03990941891276705, "y:20": 0.13088431735565598, "y:21": 0.03972559865732363, "y:22": 0.13712789812292214, "y:23": 0.03779444501839983, "y:24": 0.14228864905318508, "y:25": 0.043065703872398886, "y:26": 0.13459406197417412, "y:27": 0.04807820119487687, "y:28": 0.10969035333206503, "y:29": 0.056942244804177866}, "1": {"y:0": 0.11121421921959422, "y:1": 0.025238712681341636, "y:2": 0.12146357732902552, "y:3": 0.016780845154908734, "y:4": 0.12728149599235106, "y:5": 0.014879720654263023, "y:6": 0.13944495873694868, "y:7": 0.016163295821088528, "y:8": 0.13262641729083235, "y:9": 0.017799375915568915, "y:10": 0.11851102206385719, "y:11": 0.019427984602392624, "y:12": 0.11453751725256578, "y:13": 0.022456002252582197, "y:14": 0.1319366507662336, "y:15": 0.02536252075087671, "y:16": 0.12645179617460556, "y:17": 0.030211786280808225, "y:18": 0.14336805995844792, "y:19": 0.0353449203494569, "y:20": 0.12449417678585732, "y:21": 0.03671420893946607, "y:22": 0.13492599509293388, "y:23": 0.03757196404404144, "y:24": 0.13172224929305906, "y:25": 0.03809218728534186, "y:26": 0.1191877593204408, "y:27": 0.04101224837186777, "y:28": 0.13858499768770846, "y:29": 0.04103596145877764}, "2": {"y:0": 0.11574200765145135, "y:1": 0.037439828614726514, "y:2": 0.1201810213001493, "y:3": 0.024073607568476308, "y:4": 0.12436662832133626, "y:5": 0.01971712128199125, "y:6": 0.13576180927718995, "y:7": 0.01733345740092433, "y:8": 0.13672397496387784, "y:9": 0.017418553126193975, "y:10": 0.12990405451809967, "y:11": 0.018932718220114948, "y:12": 0.13492318891022634, "y:13": 0.022461631394085448, "y:14": 0.1495473173700666, "y:15": 0.023781223236825785, "y:16": 0.1358495853993706, "y:17": 0.026804994793212997, "y:18": 0.13286573996742035, "y:19": 0.029721609792257166, "y:20": 0.12377221406343762, "y:21": 0.03250930057721894, "y:22": 0.14052862213103195, "y:23": 0.0361973249612182, "y:24": 0.1288474193894834, "y:25": 0.038711709720348604, "y:26": 0.12892408854684, "y:27": 0.04475525040453246, "y:28": 0.13853996058025347, "y:29": 0.044338555924971726}, "3": {"y:0": 0.09931650569752834, "y:1": 0.04069438306904575, "y:2": 0.12203828482253502, "y:3": 0.027862080210830083, "y:4": 0.12567102494580226, "y:5": 0.022048944547539827, "y:6": 0.11897742619479175, "y:7": 0.01961777267604056, "y:8": 0.12631133160461724, "y:9": 0.01901591686013423, "y:10": 0.12036044537471, "y:11": 0.021050093413578486, "y:12": 0.1270809309130104, "y:13": 0.024279108015079355, "y:14": 0.12029763486175292, "y:15": 0.02645946654077866, "y:16": 0.11628359366190719, "y:17": 0.030168023531535255, "y:18": 0.12289086250233115, "y:19": 0.03236547653966415, "y:20": 0.12234633078572751, "y:21": 0.03725247059199701, "y:22": 0.1202687073386351, "y:23": 0.03941808366842903, "y:24": 0.12159238272759895, "y:25": 0.043695496418471966, "y:26": 0.1199253452927036, "y:27": 0.04470721045396989, "y:28": 0.1213154324835514, "y:29": 0.0517579513146983}, "4": {"y:0": 0.09041240965286322, "y:1": 0.03622304078121476, "y:2": 0.10136942097686365, "y:3": 0.02552453908477639, "y:4": 0.10716468141931597, "y:5": 0.02166214828036869, "y:6": 0.11339176797232048, "y:7": 0.020205757659634598, "y:8": 0.10830118263292562, "y:9": 0.02040700378843247, "y:10": 0.1117995542648081, "y:11": 0.02303027081584705, "y:12": 0.10698188754019569, "y:13": 0.025240240270591484, "y:14": 0.1116990632889662, "y:15": 0.02935826800723041, "y:16": 0.10335066019960079, "y:17": 0.03321568917870905, "y:18": 0.10600012173795756, "y:19": 0.03781926062705173, "y:20": 0.09928930460668171, "y:21": 0.04167384756522253, "y:22": 0.10742859972001167, "y:23": 0.044551362624383216, "y:24": 0.10592300529869489, "y:25": 0.04920159088440282, "y:26": 0.10959069020618424, "y:27": 0.05088014334285624, "y:28": 0.1060636316137607, "y:29": 0.055990645463257195}, "5": {"y:0": 0.06406808859021257, "y:1": 0.024954753463458886, "y:2": 0.0745679321331728, "y:3": 0.018178993047394506, "y:4": 0.07891003675556915, "y:5": 0.01643749073166089, "y:6": 0.0821377035718509, "y:7": 0.018236364151679247, "y:8": 0.08005848185658562, "y:9": 0.021850387003568155, "y:10": 0.08116720529142621, "y:11": 0.024722408370896197, "y:12": 0.08099703346853136, "y:13": 0.026954762623607326, "y:14": 0.07908791274954856, "y:15": 0.030787879134552897, "y:16": 0.08355449620257693, "y:17": 0.03727257194089538, "y:18": 0.07495376821279875, "y:19": 0.039501432131442936, "y:20": 0.07879075805077512, "y:21": 0.045526965785423736, "y:22": 0.07506927872052994, "y:23": 0.0488298936831792, "y:24": 0.07304892160206453, "y:25": 0.05208391827168994, "y:26": 0.07298863462768121, "y:27": 0.05682469952515497, "y:28": 0.07527160004607268, "y:29": 0.05705665115364941}, "6": {"y:0": 0.07193504857822489, "y:1": 0.01907411676819207, "y:2": 0.06157057310567896, "y:3": 0.028879399379713774, "y:4": 0.05573658503030934, "y:5": 0.04115079625908392, "y:6": 0.056488529584594264, "y:7": 0.04255510342212139, "y:8": 0.055424349244306566, "y:9": 0.04821481776651144, "y:10": 0.05349702500597214, "y:11": 0.0582217711497787, "y:12": 0.04977874606330769, "y:13": 0.0638819790456828, "y:14": 0.04963702609000263, "y:15": 0.07084306220192359, "y:16": 0.04948423237699416, "y:17": 0.06580978883582429, "y:18": 0.046298541913211345, "y:19": 0.07394609699058256, "y:20": 0.0459284143389131, "y:21": 0.0818976756396647, "y:22": 0.04495167127661915, "y:23": 0.0785595941693781, "y:24": 0.04363491177169049, "y:25": 0.08957578592546209, "y:26": 0.04358428213255469, "y:27": 0.08729307747553552, "y:28": 0.03940687028388917, "y:29": 0.09727146215606995}, "7": {"y:0": 0.07561940078563732, "y:1": 0.0162495148137296, "y:2": 0.07104831133963779, "y:3": 0.016743404079197843, "y:4": 0.062208313975621515, "y:5": 0.019213331499203724, "y:6": 0.06201272209412754, "y:7": 0.0219053665312026, "y:8": 0.05899995354403456, "y:9": 0.02766424092343471, "y:10": 0.05734274363122764, "y:11": 0.038329334490056474, "y:12": 0.055696346214939664, "y:13": 0.03858992092343454, "y:14": 0.056369284962244214, "y:15": 0.04395328877066556, "y:16": 0.05576977129018745, "y:17": 0.04795725160001477, "y:18": 0.051033085817574556, "y:19": 0.05214384943499827, "y:20": 0.052709379845095106, "y:21": 0.06219636752371162, "y:22": 0.049293651825998736, "y:23": 0.06674838289820845, "y:24": 0.04847647418961099, "y:25": 0.06876982291179298, "y:26": 0.048399947738772015, "y:27": 0.07321363385185924, "y:28": 0.0478728870395377, "y:29": 0.07515373131299308}, "8": {"y:0": 0.07281170055192449, "y:1": 0.05319783540066326, "y:2": 0.09929667957372275, "y:3": 0.04113317567957272, "y:4": 0.11835920089581678, "y:5": 0.03737426132549572, "y:6": 0.11992938020625615, "y:7": 0.03218701055792837, "y:8": 0.13535380657262164, "y:9": 0.032330067933433015, "y:10": 0.1278011459808364, "y:11": 0.03022922802341293, "y:12": 0.12770723677834253, "y:13": 0.0309517466651729, "y:14": 0.12358058524578001, "y:15": 0.02858057558380326, "y:16": 0.12787653902128301, "y:17": 0.030642421993359016, "y:18": 0.13135052052278204, "y:19": 0.032637739187004126, "y:20": 0.13386895124973436, "y:21": 0.036109631819056076, "y:22": 0.12521503571703435, "y:23": 0.0361052506882857, "y:24": 0.12547295197735187, "y:25": 0.039079213712943386, "y:26": 0.13015894348316742, "y:27": 0.043137713835290976, "y:28": 0.1211956628323514, "y:29": 0.04747069142819639}, "9": {"y:0": 0.058386416600500514, "y:1": 0.042346355575424745, "y:2": 0.07670057753760681, "y:3": 0.030039923651174343, "y:4": 0.09220527820388187,