{"0": {"y:0": 22.969326633225588, "y:1": 3.01318476885357, "y:2": 1.9602425283501135, "y:3": 1.6210298328375945, "y:4": 1.6047354060296273, "y:5": 1.3834707848005439, "y:6": 1.3559813398049325, "y:7": 1.4267432190038056, "y:8": 1.3213075239076368, "y:9": 1.2892042336169114}, "1": {"y:0": 23.910620876024517, "y:1": 3.301203677531133, "y:2": 2.0569270542460125, "y:3": 1.6848312579674947, "y:4": 1.6472680398691504, "y:5": 1.4127224010393067, "y:6": 1.3810746892948909, "y:7": 1.4895539718376525, "y:8": 1.3520747100067552, "y:9": 1.3190856523333352}, "2": {"y:0": 23.891689023123398, "y:1": 5.465214964523288, "y:2": 3.1920092914910927, "y:3": 2.55029368802441, "y:4": 2.527476573626726, "y:5": 2.1129253332969586, "y:6": 2.0723013790388767, "y:7": 2.3244307691007386, "y:8": 2.058035034160118, "y:9": 1.9624805009587627}, "3": {"y:0": 23.49853498785239, "y:1": 5.384809094237472, "y:2": 3.6531151424010884, "y:3": 3.0747943969418263, "y:4": 3.04637445970459, "y:5": 2.650177100433138, "y:6": 2.6083886998516648, "y:7": 2.799995322312153, "y:8": 2.5680342509228775, "y:9": 2.4722441111168463}, "4": {"y:0": 23.453740254349107, "y:1": 6.427599240384313, "y:2": 5.270640410566212, "y:3": 4.635032021311681, "y:4": 4.722414565473044, "y:5": 3.9801177341459995, "y:6": 3.886448831913055, "y:7": 4.076165542123192, "y:8": 3.7337211836274022, "y:9": 3.462888885505919}, "5": {"y:0": 24.04896841889867, "y:1": 8.019926540758593, "y:2": 6.5420492048590795, "y:3": 5.793141466694061, "y:4": 6.0634284111420556, "y:5": 5.03469962619543, "y:6": 4.962659683982729, "y:7": 5.000247667754462, "y:8": 4.665395465373093, "y:9": 4.300363449257645}, "6": {"y:0": 23.962149759775976, "y:1": 12.440714592770439, "y:2": 8.348118129617736, "y:3": 7.821196896252674, "y:4": 9.680891823066776, "y:5": 8.154100688923029, "y:6": 8.68869887339757, "y:7": 6.944556944789684, "y:8": 7.033844225741849, "y:9": 6.3861162643670495}, "7": {"y:0": 23.612945200338277, "y:1": 14.349888291491805, "y:2": 9.810174506507257, "y:3": 9.535433980397858, "y:4": 12.630712525706166, "y:5": 10.5206380961059, "y:6": 11.472231023315457, "y:7": 7.745528248320163, "y:8": 8.282028449787672, "y:9": 7.485005307180986}, "8": {"y:0": 24.120737078336674, "y:1": 16.93022722321197, "y:2": 13.30380703777924, "y:3": 12.957471422378712, "y:4": 17.063378512415486, "y:5": 13.526529380433383, "y:6": 14.938364429464505, "y:7": 9.416899624592508, "y:8": 11.443296230006183, "y:9": 10.257451608074275}, "9": {"y:0": 24.057246342571474, "y:1": 20.095051153087105, "y:2": 16.06027871052049, "y:3": 15.791305381409952, "y:4": 19.69301475064449, "y:5": 16.042597106640258, "y:6": 18.45182549059692, "y:7": 10.475907062439758, "y:8": 14.842537678893816, "y:9": 13.461189405218825}, "10": {"y:0": 23.80279111697624, "y:1": 22.436113348808423, "y:2": 19.92247692153657, "y:3": 18.76745948127701, "y:4": 21.666423215178693, "y:5": 17.894063033416582, "y:6": 21.20978860651717, "y:7": 11.43742811378886, "y:8": 18.64252080553267, "y:9": 16.789244252467302}, "11": {"y:0": 23.91530929770462, "y:1": 24.55713172144707, "y:2": 21.698301774309623, "y:3": 20.331221273480374, "y:4": 21.675139655633398, "y:5": 19.269585701200224, "y:6": 23.525751991905317, "y:7": 11.912751686460423, "y:8": 20.96680922959233, "y:9": 19.350471791913954}, "12": {"y:0": 23.751333798766854, "y:1": 25.17258211386699, "y:2": 23.615711663688682, "y:3": 22.168492379519904, "y:4": 21.329776594601274, "y:5": 20.45385461475815, "y:6": 24.610412040459188, "y:7": 11.719302848558064, "y:8": 23.15405098365105, "y:9": 22.184606842572638}, "13": {"y:0": 23.813260987576708, "y:1": 25.73841165567076, "y:2": 25.83838763205644, "y:3": 23.644463580418815, "y:4": 21.642314967573352, "y:5": 21.345628436620235, "y:6": 26.617028066605144, "y:7": 11.964278459543115, "y:8": 25.30036282753921, "y:9": 23.943612081886315}, "14": {"y:0": 23.549025091334027, "y:1": 25.62115786337619, "y:2": 26.82738725608077, "y:3": 23.902302895362208, "y:4": 21.06834646727167, "y:5": 22.139783475775427, "y:6": 27.815262115867466, "y:7": 11.828786022805497, "y:8": 26.4314174959459, "y:9": 25.639366360466877}, "15": {"y:0": 23.69202807561663, "y:1": 26.00332729990909, "y:2": 28.440103291247457, "y:3": 25.43724905683987, "y:4": 20.903728316499528, "y:5": 22.510992581427345, "y:6": 28.334811643747564, "y:7": 12.04359773520963, "y:8": 26.99096271973821, "y:9": 26.2738946897584}, "16": {"y:0": 23.625902123541692, "y:1": 26.022111851979037, "y:2": 27.968814316059074, "y:3": 25.317574304271634, "y:4": 20.506930133427954, "y:5": 22.87839357845753, "y:6": 28.806568753914085, "y:7": 11.791246193466526, "y:8": 27.070159447617247, "y:9": 26.9412664182913}}