{"0": {"y:0": 76.38972603569623, "y:1": 6.886566422545509, "y:2": 5.331261821091153, "y:3": 4.575176652915101, "y:4": 4.108493862267338, "y:5": 3.971709546239035, "y:6": 3.704734902481857, "y:7": 3.5187726353401407, "y:8": 3.383059766843618, "y:9": 3.2350450762203935}}