{"0": {"y:0": 0.10646025189841644, "y:1": 0.02320281451170941, "y:2": 0.12340806345980775, "y:3": 0.01671751029443932, "y:4": 0.13436056426360254, "y:5": 0.01508998345437352, "y:6": 0.12077599986746457, "y:7": 0.016398255384254906, "y:8": 0.11184537796136955, "y:9": 0.019275814947174372, "y:10": 0.1437136929813027, "y:11": 0.02539778942813767, "y:12": 0.11950566958567567, "y:13": 0.029576185030012053, "y:14": 0.13759333394780626, "y:15": 0.033832827822475334, "y:16": 0.1350572548567397, "y:17": 0.036733076204522146, "y:18": 0.14942035353604088, "y:19": 0.04560691499317453, "y:20": 0.13274041736029027, "y:21": 0.04198498228517676, "y:22": 0.12537649903791792, "y:23": 0.049204838093864674, "y:24": 0.1201222523688518, "y:25": 0.042704384566954585, "y:26": 0.12465463546281527, "y:27": 0.05320033474204893, "y:28": 0.12381715931899165, "y:29": 0.05006583327052816, "y:30": 0.1266087794728438, "y:31": 0.0550875921991308}}