{"0": {"y:0": 37.0524416271755, "y:1": 2.949074711978161, "y:2": 1.7660146155681329, "y:3": 1.607260414762533, "y:4": 1.6267377924084292, "y:5": 1.2951670341621315, "y:6": 1.2434796612679928, "y:7": 1.243347730260991, "y:8": 1.2487355719088378, "y:9": 1.208763117806934}, "1": {"y:0": 37.994492405520575, "y:1": 3.369706406534083, "y:2": 1.9481265240864618, "y:3": 1.8126801117475078, "y:4": 2.0145419456581584, "y:5": 1.4331659842130036, "y:6": 1.3575205027026624, "y:7": 1.3210572867686632, "y:8": 1.3458152463502702, "y:9": 1.2918203614660742}, "2": {"y:0": 70.09433122053588, "y:1": 22.944221459259193, "y:2": 18.117212632302643, "y:3": 14.81455948844636, "y:4": 13.50681873716092, "y:5": 12.392314656696714, "y:6": 11.607786889227608, "y:7": 11.04876503575937, "y:8": 10.28658767623223, "y:9": 9.887036042064047}, "3": {"y:0": 77.66194243583492, "y:1": 15.607635902690218, "y:2": 11.872415118572189, "y:3": 10.44320304433701, "y:4": 9.404845412222736, "y:5": 8.698705524072206, "y:6": 8.170368165522333, "y:7": 7.865237653603079, "y:8": 7.538447316035574, "y:9": 7.520819115149076}, "4": {"y:0": 36.51824071804131, "y:1": 6.483727924019265, "y:2": 4.700712838354461, "y:3": 4.920099974760697, "y:4": 2.585743572724734, "y:5": 3.7823532452458597, "y:6": 3.469832680184839, "y:7": 3.2885642151482393, "y:8": 3.5311787057306745, "y:9": 3.3046025913024093}, "5": {"y:0": 36.87787949668792, "y:1": 7.540535994272411, "y:2": 5.5166732113857755, "y:3": 6.265918839996499, "y:4": 2.513681452398499, "y:5": 4.8256953254194705, "y:6": 4.423134764933178, "y:7": 4.071986185444433, "y:8": 4.316699900409775, "y:9": 3.9826376860978456}, "6": {"y:0": 36.67795960939974, "y:1": 12.497267090564886, "y:2": 6.335933277734119, "y:3": 8.54960544242944, "y:4": 2.467807974251795, "y:5": 7.336893369817739, "y:6": 6.928944545805448, "y:7": 6.605173460788105, "y:8": 6.159420048993134, "y:9": 5.649458368319815}, "7": {"y:0": 38.595526742764626, "y:1": 14.970800232330681, "y:2": 6.885483081300253, "y:3": 11.137522298065772, "y:4": 2.4592996669205665, "y:5": 10.434337179278868, "y:6": 10.241621696893425, "y:7": 9.48454786359134, "y:8": 7.951227624274637, "y:9": 7.245746125353019}, "8": {"y:0": 37.11928073759027, "y:1": 17.976350263137746, "y:2": 8.014949029246965, "y:3": 14.12089405886668, "y:4": 2.426119546203722, "y:5": 14.174742445386373, "y:6": 13.308966855200318, "y:7": 12.83831471547407, "y:8": 8.81031384571042, "y:9": 8.37011704637181}, "9": {"y:0": 37.604810186705386, "y:1": 20.055825337959153, "y:2": 9.008527782444785, "y:3": 16.95368548540788, "y:4": 2.398523222350051, "y:5": 18.02538523408874, "y:6": 18.04919698302887, "y:7": 15.642499601033553, "y:8": 11.848182110147699, "y:9": 11.551610161167613}, "10": {"y:0": 37.58078220675577, "y:1": 23.46645416930561, "y:2": 10.501139927021981, "y:3": 21.043678601408413, "y:4": 2.37754435569077, "y:5": 24.15434066956406, "y:6": 22.917657997811098, "y:7": 19.062824340268257, "y:8": 14.240095229317227, "y:9": 14.758855558026077}, "11": {"y:0": 36.36087188420181, "y:1": 24.80598205668834, "y:2": 11.215054452712883, "y:3": 22.575711877928104, "y:4": 2.3709580862251323, "y:5": 26.403030006163863, "y:6": 25.872689395813783, "y:7": 21.48811292675613, "y:8": 16.998730925307292, "y:9": 18.714175996191482}, "12": {"y:0": 36.82484857428759, "y:1": 27.06702145170855, "y:2": 11.969463602181602, "y:3": 24.885647415191208, "y:4": 2.3675530779098204, "y:5": 28.56425622061338, "y:6": 28.391380096051623, "y:7": 23.708098937446735, "y:8": 17.310751920110608, "y:9": 21.157716075548393}, "13": {"y:0": 37.09641415319871, "y:1": 27.825875776794142, "y:2": 12.25314737239294, "y:3": 25.155066591370083, "y:4": 2.3649090589720902, "y:5": 29.662811637422923, "y:6": 28.58284522703955, "y:7": 22.964687282297493, "y:8": 18.8018784037965, "y:9": 24.03152508536214}, "14": {"y:0": 37.66609000931362, "y:1": 27.48586608200647, "y:2": 12.689466448623579, "y:3": 26.139623726636835, "y:4": 2.3632033026554304, "y:5": 31.00515215436182, "y:6": 29.674239971551323, "y:7": 22.976753986030285, "y:8": 19.733773594024083, "y:9": 25.264966618278194}, "15": {"y:0": 37.020148366204445, "y:1": 27.033981276171726, "y:2": 13.125627856879689, "y:3": 25.52175088234464, "y:4": 2.3569900546574956, "y:5": 30.901140275194187, "y:6": 29.62726769219617, "y:7": 22.6936812022698, "y:8": 20.457853255517634, "y:9": 26.76769528824998}, "16": {"y:0": 37.27798144898388, "y:1": 27.754965611636806, "y:2": 13.199821445111553, "y:3": 26.22776932034553, "y:4": 2.358568421685915, "y:5": 31.754394010197828, "y:6": 30.396421490072797, "y:7": 23.356580886748596, "y:8": 20.825784536300148, "y:9": 27.961565390189776}}