{"0": {"y:0": 0.006538555582924665, "y:1": 0.09356211646019247, "y:2": 0.20903207488540893, "y:3": 0.13814278514061046, "y:4": 0.12001936626445142, "y:5": 0.0201518620084132, "y:6": 0.0010798665446211466}, "1": {"y:0": 0.007207843312675446, "y:1": 0.09739459638321227, "y:2": 0.1988540574085702, "y:3": 0.13533439450041904, "y:4": 0.12354151219823976, "y:5": 0.020934242623026553, "y:6": 0.0010769740905222415}, "2": {"y:0": 0.042053902825299895, "y:1": 0.19082203968896044, "y:2": 0.2376064864913156, "y:3": 0.15428123582827177, "y:4": 0.16532255427909157, "y:5": 0.04590258843617971, "y:6": 0.0060881992453878184}, "3": {"y:0": 0.07084163996063567, "y:1": 0.26926746423354253, "y:2": 0.350205736270138, "y:3": 0.23785257816989128, "y:4": 0.27606243734558067, "y:5": 0.07113734103437323, "y:6": 0.010777560153337024}, "4": {"y:0": 0.17775983633836526, "y:1": 0.37003747152632416, "y:2": 0.40015533793588703, "y:3": 0.2502845891770518, "y:4": 0.3300501630078368, "y:5": 0.11981728762628625, "y:6": 0.026802344458051}, "5": {"y:0": 0.2454522709918583, "y:1": 0.4663559546552635, "y:2": 0.5300158415726973, "y:3": 0.29914616310214714, "y:4": 0.4686715334578648, "y:5": 0.19139969167714752, "y:6": 0.04222105809724415}, "6": {"y:0": 0.4166515754640891, "y:1": 0.6248405332116028, "y:2": 0.6626489990930271, "y:3": 0.2999609324850134, "y:4": 0.5975462293606892, "y:5": 0.30669533068087307, "y:6": 0.08291243544738836}, "7": {"y:0": 0.634623905715966, "y:1": 0.87659343103965, "y:2": 0.9219252477137443, "y:3": 0.31856090175676804, "y:4": 0.9405406830300129, "y:5": 0.46021912689163835, "y:6": 0.13585661575956834}, "8": {"y:0": 0.9610988715846146, "y:1": 1.2228370691573498, "y:2": 1.2489524662113316, "y:3": 0.3239780087712891, "y:4": 1.1356595832529999, "y:5": 0.6586070139433595, "y:6": 0.21680442193529237}, "9": {"y:0": 1.3355615834793335, "y:1": 1.8130884894054946, "y:2": 1.8675838275712882, "y:3": 0.33302486903718526, "y:4": 1.5284508863651176, "y:5": 0.8512504662087442, "y:6": 0.29266608786717957}, "10": {"y:0": 1.7618077900136795, "y:1": 2.573132473587016, "y:2": 2.657596085009729, "y:3": 0.3360918740330047, "y:4": 1.8979005960370467, "y:5": 1.0557542651980791, "y:6": 0.3666592807019966}, "11": {"y:0": 2.4172432841557985, "y:1": 3.2735941922410654, "y:2": 3.5935480293576596, "y:3": 0.3377428456310209, "y:4": 2.3091764514785016, "y:5": 1.2588539818444289, "y:6": 0.4842032060620723}, "12": {"y:0": 3.346374136326019, "y:1": 4.149508344152115, "y:2": 4.448412598091254, "y:3": 0.3406093657916753, "y:4": 3.010409941313802, "y:5": 1.6848207890801723, "y:6": 0.6429967714808439}, "13": {"y:0": 3.8170232773228654, "y:1": 5.3993759085110185, "y:2": 5.501104470650906, "y:3": 0.34437645286681834, "y:4": 3.6428544245219077, "y:5": 2.2105665438558653, "y:6": 0.85010328551564}, "14": {"y:0": 4.185265975145121, "y:1": 6.7462455585723315, "y:2": 6.152447132272555, "y:3": 0.3457191575226181, "y:4": 4.287016964465134, "y:5": 2.755509284757175, "y:6": 1.0551319051225634}, "15": {"y:0": 4.3721741707641115, "y:1": 7.978984680371371, "y:2": 6.740076381494693, "y:3": 0.345253304932099, "y:4": 4.978555733672432, "y:5": 3.6012382453159093, "y:6": 1.2740428716602663}, "16": {"y:0": 4.098898240492556, "y:1": 8.189205271772277, "y:2": 6.879425365805466, "y:3": 0.3428437041056735, "y:4": 5.915182718846212, "y:5": 4.218958108964385, "y:6": 1.5745050912552268}, "17": {"y:0": 3.8301277959367845, "y:1": 7.775169538225165, "y:2": 7.421770631865751, "y:3": 0.3359266777147606, "y:4": 6.723557411945515, "y:5": 4.5922478008466205, "y:6": 1.8209687930732632}, "18": {"y:0": 3.498426553098103, "y:1": 7.198581821271923, "y:2": 8.119677443907102, "y:3": 0.3322665333540443, "y:4": 8.170019622645938, "y:5": 4.914573018935198, "y:6": 2.085070580502826}, "19": {"y:0": 3.1039135838917766, "y:1": 6.732450439620989, "y:2": 9.619347626296479, "y:3": 0.3303254684736969, "y:4": 9.603423773147549, "y:5": 5.177006723556893, "y:6": 2.0879955049963863}, "20": {"y:0": 3.4553585153474122, "y:1": 8.778516085286629, "y:2": 11.521659901053294, "y:3": 0.3292517692878186, "y:4": 11.53616333806233, "y:5": 6.715598268108292, "y:6": 2.47458314345082}, "21": {"y:0": 5.363341614791165, "y:1": 13.44680796806043, "y:2": 15.596037873362876, "y:3": 0.3300591985855374, "y:4": 14.395622286093811, "y:5": 9.012399464180929, "y:6": 2.9663654637314263}, "22": {"y:0": 6.2256810055102365, "y:1": 16.30174026990041, "y:2": 18.18507893682477, "y:3": 0.3297285066038274, "y:4": 16.6687399473098, "y:5": 10.403902386784447, "y:6": 3.4494731377270407}, "23": {"y:0": 8.21919161601959, "y:1": 21.72827560427337, "y:2": 21.38344734136418, "y:3": 0.3294101123966967, "y:4": 17.50143813814755, "y:5": 11.091917353151645, "y:6": 3.5865570234921234}, "24": {"y:0": 9.913457779745267, "y:1": 25.374172224303646, "y:2": 23.822893738476687, "y:3": 0.32978772042295457, "y:4": 18.774161463266843, "y:5": 12.004256926385727, "y:6": 4.011116747279869}, "25": {"y:0": 12.497688404692546, "y:1": 31.66916421430754, "y:2": 29.522085481099182, "y:3": 0.32976674759729524, "y:4": 18.55967056106466, "y:5": 11.812626204135098, "y:6": 4.159882576016323}, "26": {"y:0": 14.481691299320534, "y:1": 36.76612999734796, "y:2": 32.9891269281442, "y:3": 0.3300815447068595, "y:4": 20.15934515032501, "y:5": 13.069978332654864, "y:6": 4.981354918623451}, "27": {"y:0": 19.47597007237503, "y:1": 44.58444068723147, "y:2": 40.867758121635866, "y:3": 0.3302561990558581, "y:4": 22.065860178710217, "y:5": 14.443584910026434, "y:6": 5.293795604967964}, "28": {"y:0": 22.40797336708688, "y:1": 47.8664795720869, "y:2": 41.21077291212138, "y:3": 0.32983671731489106, "y:4": 20.45591688046464, "y:5": 12.51979303367176, "y:6": 5.324954589885955}, "29": {"y:0": 29.376953328642703, "y:1": 52.29703787705176, "y:2": 45.43348544327847, "y:3": 0.3302914631538648, "y:4": 21.811469937616277, "y:5": 13.898802122214795, "y:6": 6.312563986245416}, "30": {"y:0": 26.612752521926193, "y:1": 45.365467036018664, "y:2": 45.85309692242888, "y:3": 0.33043815311672653, "y:4": 20.14305668198706, "y:5": 12.143018984212356, "y:6": 5.931761121662646}}