{"0": {"y:0": 0.006169929167632798, "y:1": 0.09479656710924238, "y:2": 0.20984771919234357, "y:3": 0.20855386114608548, "y:4": 0.12061291308955208, "y:5": 0.01929224547179092, "y:6": 0.0009118538824224099}, "1": {"y:0": 0.007858087265065402, "y:1": 0.09803142670386387, "y:2": 0.2058660924281741, "y:3": 0.20229853209023924, "y:4": 0.1191682632969089, "y:5": 0.02119188284747044, "y:6": 0.0011664163503969345}, "2": {"y:0": 0.048225412183261505, "y:1": 0.20286713999138428, "y:2": 0.24806878330594845, "y:3": 0.24160711351543102, "y:4": 0.1655070299781223, "y:5": 0.04840254995223971, "y:6": 0.006478305761416496}, "3": {"y:0": 0.0801613508302604, "y:1": 0.2891363505959305, "y:2": 0.3549688893401745, "y:3": 0.3665830241248833, "y:4": 0.25829133136556176, "y:5": 0.0706065412243239, "y:6": 0.01149023381957963}, "4": {"y:0": 0.1809377553670371, "y:1": 0.375892671822783, "y:2": 0.42172452068090455, "y:3": 0.43067999563913273, "y:4": 0.324005573530724, "y:5": 0.12136879168093273, "y:6": 0.027843777663607815}, "5": {"y:0": 0.28636923813338067, "y:1": 0.5320000485648201, "y:2": 0.5832063484392136, "y:3": 0.6050137567316822, "y:4": 0.4766375274328724, "y:5": 0.18518936704261776, "y:6": 0.04488529339760419}, "6": {"y:0": 0.49464202400168744, "y:1": 0.7011676186550737, "y:2": 0.7437421836682706, "y:3": 0.7625783762047597, "y:4": 0.6357005289599127, "y:5": 0.2997572420087739, "y:6": 0.08073805661718937}, "7": {"y:0": 0.6894870813655313, "y:1": 0.9580696774872586, "y:2": 1.0115810083618149, "y:3": 1.0601551985778384, "y:4": 0.8942720008153683, "y:5": 0.4291205070720212, "y:6": 0.12338864837662625}, "8": {"y:0": 0.9282322883100936, "y:1": 1.3863330527081394, "y:2": 1.4848672400964789, "y:3": 1.4906982205316852, "y:4": 1.2889609197121643, "y:5": 0.6276765450913684, "y:6": 0.18224800811363867}, "9": {"y:0": 1.422154056918035, "y:1": 2.0299380266800178, "y:2": 2.187885391412964, "y:3": 2.183808179423864, "y:4": 1.7872272109802645, "y:5": 0.8449510730372474, "y:6": 0.28096938733439275}, "10": {"y:0": 1.8520669963819134, "y:1": 2.719317882584388, "y:2": 3.1320939877658733, "y:3": 3.1069575171412085, "y:4": 2.1747522853477874, "y:5": 1.0339455934011101, "y:6": 0.35588808630861607}, "11": {"y:0": 2.4533559581891105, "y:1": 3.2408643131125574, "y:2": 3.8067237506454896, "y:3": 3.820081658835984, "y:4": 2.8726446873566562, "y:5": 1.3970498930568958, "y:6": 0.4726833424736249}, "12": {"y:0": 2.840162552948516, "y:1": 3.933692357865872, "y:2": 5.2507941440086245, "y:3": 4.4966388639678, "y:4": 3.4942863055267033, "y:5": 1.717030316700998, "y:6": 0.6212767582677569}, "13": {"y:0": 3.138014774767566, "y:1": 4.645373660409474, "y:2": 6.761868702474356, "y:3": 5.050271812942203, "y:4": 4.351985241683228, "y:5": 2.2117899697385552, "y:6": 0.7827861913607759}, "14": {"y:0": 3.2034540079448015, "y:1": 5.087266311439762, "y:2": 8.920456062806291, "y:3": 5.452466132873964, "y:4": 5.61937937310256, "y:5": 2.723711464166607, "y:6": 1.0000988244414046}, "15": {"y:0": 3.208502050033117, "y:1": 5.217318044044382, "y:2": 9.817397304685565, "y:3": 5.993318970313996, "y:4": 6.50935215682653, "y:5": 3.301750265152643, "y:6": 1.1529569924086924}, "16": {"y:0": 3.093305222027222, "y:1": 5.5052474478929545, "y:2": 11.481036097952309, "y:3": 7.0006729521912385, "y:4": 7.540289979784635, "y:5": 3.8450063763905367, "y:6": 1.4110551478209115}, "17": {"y:0": 3.13368579695829, "y:1": 6.67575379954874, "y:2": 11.766877865014932, "y:3": 9.351494634707734, "y:4": 7.985236161713478, "y:5": 4.283423913613431, "y:6": 1.4182373050358819}, "18": {"y:0": 3.4928480920828844, "y:1": 7.999823294449737, "y:2": 13.662179114875913, "y:3": 11.709626522471694, "y:4": 8.691852233393066, "y:5": 5.029761759417094, "y:6": 1.5474206750672819}, "19": {"y:0": 4.252873119839622, "y:1": 9.66603509557858, "y:2": 14.407694621363312, "y:3": 14.034414846364209, "y:4": 11.107165490868725, "y:5": 6.4397375566120205, "y:6": 1.7210988388831503}, "20": {"y:0": 4.906100886189593, "y:1": 12.096078161559054, "y:2": 18.34713795553856, "y:3": 17.41551376268887, "y:4": 12.308596732921883, "y:5": 6.76300630342015, "y:6": 1.9007305586458498}, "21": {"y:0": 5.87206366517636, "y:1": 14.193512101516898, "y:2": 20.549671846864364, "y:3": 19.86884228487383, "y:4": 14.448710635805629, "y:5": 7.893679181290632, "y:6": 2.1148369520505907}, "22": {"y:0": 7.194830288310961, "y:1": 18.3764545895436, "y:2": 25.235304131702108, "y:3": 23.38875155666803, "y:4": 15.308717279294573, "y:5": 8.948258323553368, "y:6": 2.4569713496027608}, "23": {"y:0": 8.476814185654312, "y:1": 22.05036385681783, "y:2": 28.753406314058424, "y:3": 26.337417368890506, "y:4": 18.116108473016183, "y:5": 10.425344321031814, "y:6": 2.788659739979439}, "24": {"y:0": 10.744834461543983, "y:1": 25.490002857834472, "y:2": 30.97890513041621, "y:3": 27.366500730354765, "y:4": 18.516195654281802, "y:5": 11.100111442614242, "y:6": 3.320209840574536}, "25": {"y:0": 12.643013217927114, "y:1": 33.18588335028377, "y:2": 31.921252443143192, "y:3": 22.538386068507798, "y:4": 13.139680467497937, "y:5": 7.713990581885069, "y:6": 3.1438754579915225}, "26": {"y:0": 14.903546529526672, "y:1": 36.333940124221826, "y:2": 38.780327787705126, "y:3": 31.275151866852706, "y:4": 21.287641901354153, "y:5": 11.994061432017796, "y:6": 3.7928757171769214}, "27": {"y:0": 21.84868104010719, "y:1": 46.8306975085258, "y:2": 44.316323206853816, "y:3": 31.858988949456144, "y:4": 19.902437372291946, "y:5": 11.24413504619737, "y:6": 4.3659108490110015}, "28": {"y:0": 24.416766388913892, "y:1": 49.64846100001402, "y:2": 46.879128341778106, "y:3": 34.73532381612615, "y:4": 22.694113818185638, "y:5": 12.905266730298237, "y:6": 4.652070496557219}, "29": {"y:0": 30.974011192994457, "y:1": 51.682245767833415, "y:2": 47.852451649600305, "y:3": 37.095314538976716, "y:4": 24.262482092456032, "y:5": 13.419012964604605, "y:6": 5.484724307000296}, "30": {"y:0": 35.882110397667226, "y:1": 56.50642315155757, "y:2": 48.8813106200108, "y:3": 35.85669572653953, "y:4": 23.848970579567826, "y:5": 13.463349871375433, "y:6": 5.505215389078751}}