{"0": {"y:0": 0.10942330117836163, "y:1": 0.022359544202786432, "y:2": 0.13439190828596037, "y:3": 0.016278749251684207, "y:4": 0.11707419257192007, "y:5": 0.015982001370527448, "y:6": 0.1095574066420881, "y:7": 0.020175739526708703, "y:8": 0.1254915372168966, "y:9": 0.023548612519528937, "y:10": 0.11753740886280654, "y:11": 0.027097958312951385, "y:12": 0.12332580010841375, "y:13": 0.03147865227299573, "y:14": 0.12021963965664177, "y:15": 0.03582492343732659, "y:16": 0.12121269796114884, "y:17": 0.03817882598368067, "y:18": 0.14174949012757385, "y:19": 0.043504988401836434, "y:20": 0.13824326724003008, "y:21": 0.04327595231404382, "y:22": 0.13290907952881428, "y:23": 0.0399929214107193, "y:24": 0.1384292802374443, "y:25": 0.048825059614155945, "y:26": 0.13419164485525498, "y:27": 0.05587399732386847, "y:28": 0.13259696851354752, "y:29": 0.05058410565393546, "y:30": 0.1299440749770241, "y:31": 0.05262432754473384}}