{"0": {"y:0": 0.005115444220185111, "y:1": 0.013687908879582118, "y:2": 0.0052081272947316105, "y:3": 0.003252588525796635, "y:4": 0.015762518678236158, "y:5": 0.004590469440940371, "y:6": 0.07326033656375164, "y:7": 0.006714879449340416, "y:8": 0.0054996210761979036, "y:9": 0.00817002520248152, "y:10": 0.004410323962120476, "y:11": 0.00426016504847866, "y:12": 0.0074219620863389376, "y:13": 0.003236535228083283, "y:14": 0.01289389119885541, "y:15": 0.004257052547199347, "y:16": 0.009345766485437758, "y:17": 0.005890072482779918, "y:18": 0.004165808175880032, "y:19": 0.0045305460725013165, "y:20": 0.009213699959250842, "y:21": 0.0029109986020404034, "y:22": 0.02564734165202658, "y:23": 0.004483826055691211, "y:24": 0.07843051312234463, "y:25": 0.015687112097767013, "y:26": 0.004251555438695592, "y:27": 0.008977690757948962, "y:28": 0.004616908605861019, "y:29": 0.002087764722048177, "y:30": 0.025101310574198323, "y:31": 0.0037139095513584854}, "1": {"y:0": 0.005102152751647148, "y:1": 0.014423893019208003, "y:2": 0.005212064526343195, "y:3": 0.003249121535619729, "y:4": 0.016428444566141145, "y:5": 0.004152760352029452, "y:6": 0.06994400085599632, "y:7": 0.007343322174641909, "y:8": 0.00551949897831845, "y:9": 0.008503926548303018, "y:10": 0.004417719675771433, "y:11": 0.004207036904893755, "y:12": 0.007524957926651829, "y:13": 0.0032162969212568156, "y:14": 0.01300923898354486, "y:15": 0.0044796435199842, "y:16": 0.009238568041469023, "y:17": 0.006034160304619261, "y:18": 0.0041537032659502175, "y:19": 0.004652287620765694, "y:20": 0.009346715923343291, "y:21": 0.002915646398049024, "y:22": 0.026631414466928235, "y:23": 0.004769170804854845, "y:24": 0.0810828142417302, "y:25": 0.02167314500417629, "y:26": 0.004273156556124922, "y:27": 0.009778019768579735, "y:28": 0.0046556845561573496, "y:29": 0.002105086080118541, "y:30": 0.024499852956885775, "y:31": 0.003740877670922549}, "2": {"y:0": 0.0050745456772082875, "y:1": 0.025424955800364715, "y:2": 0.005187215084588195, "y:3": 0.004159922208264587, "y:4": 0.015652384439069144, "y:5": 0.006979951055261704, "y:6": 0.07723117174972059, "y:7": 0.0069088323132799586, "y:8": 0.005471275285294914, "y:9": 0.01778834524823506, "y:10": 0.004391724639848209, "y:11": 0.007577173356995818, "y:12": 0.007425864710742364, "y:13": 0.004729983816652094, "y:14": 0.013048622358923907, "y:15": 0.007781459215850676, "y:16": 0.009298253442122711, "y:17": 0.014018257094557465, "y:18": 0.004162216494255698, "y:19": 0.00760275997919177, "y:20": 0.009329873705889252, "y:21": 0.003632143277148492, "y:22": 0.028113447537706657, "y:23": 0.006983912442442775, "y:24": 0.07096700332401912, "y:25": 0.007738234152122156, "y:26": 0.004279611439854239, "y:27": 0.012377216175103466, "y:28": 0.004657880698851795, "y:29": 0.0023522448029722146, "y:30": 0.026191698234343915, "y:31": 0.0045081287271792015}, "3": {"y:0": 0.005121034324340274, "y:1": 0.024293565121467436, "y:2": 0.005222723408025948, "y:3": 0.0042724777046039, "y:4": 0.01597724866845334, "y:5": 0.007359802362801435, "y:6": 0.0723599404388009, "y:7": 0.006820978842004093, "y:8": 0.005454052221038325, "y:9": 0.020312045147881253, "y:10": 0.004422535456229715, "y:11": 0.008635603685638716, "y:12": 0.007465254282501407, "y:13": 0.00520427780173398, "y:14": 0.012889577311687668, "y:15": 0.008910368959614223, "y:16": 0.009224709933795617, "y:17": 0.018439314283194525, "y:18": 0.0041531183346052054, "y:19": 0.009090347285945974, "y:20": 0.009267301654504932, "y:21": 0.004092289922368039, "y:22": 0.027573831039883152, "y:23": 0.008296114848423878, "y:24": 0.07477930951899531, "y:25": 0.007623289680519263, "y:26": 0.004275809381498276, "y:27": 0.017660433065561743, "y:28": 0.004659597989135049, "y:29": 0.0025067328444358643, "y:30": 0.025624758892859617, "y:31": 0.005189332694068621}, "4": {"y:0": 0.005120673829623638, "y:1": 0.023174602450416033, "y:2": 0.005213832909503151, "y:3": 0.004413699541262649, "y:4": 0.01621095848975014, "y:5": 0.007989653075543893, "y:6": 0.07690726646227751, "y:7": 0.006620445827320663, "y:8": 0.005467023104088861, "y:9": 0.019565235557203447, "y:10": 0.0044268487962489415, "y:11": 0.010361132905995966, "y:12": 0.007463478761260618, "y:13": 0.005835374018413327, "y:14": 0.013005773658422455, "y:15": 0.01136782984471257, "y:16": 0.009302278345511467, "y:17": 0.03721516687963535, "y:18": 0.004176379594381141, "y:19": 0.012009751195500438, "y:20": 0.009349341122914252, "y:21": 0.00468425533386598, "y:22": 0.02813299127325182, "y:23": 0.011658566733618115, "y:24": 0.0759612359769701, "y:25": 0.00726268135119729, "y:26": 0.00428283040694953, "y:27": 0.021479932095026234, "y:28": 0.004653045105851264, "y:29": 0.002796938712304595, "y:30": 0.02559972695043512, "y:31": 0.006475403248473841}, "5": {"y:0": 0.005132983085049176, "y:1": 0.022783628625988907, "y:2": 0.005205548644710976, "y:3": 0.004431041794694236, "y:4": 0.016264978272387032, "y:5": 0.008115496291895714, "y:6": 0.07442165012009785, "y:7": 0.006544467245520443, "y:8": 0.005480827341785156, "y:9": 0.019520336891960154, "y:10": 0.004396363135545173, "y:11": 0.010517337653280329, "y:12": 0.007450276029761291, "y:13": 0.005948365931703429, "y:14": 0.01299831431581529, "y:15": 0.011522008869647608, "y:16": 0.009303144349231508, "y:17": 0.03789214181785746, "y:18": 0.004156308484246029, "y:19": 0.012353946235491802, "y:20": 0.009318657277145825, "y:21": 0.004716353584293031, "y:22": 0.028025890332224832, "y:23": 0.012002065785234507, "y:24": 0.07534351904475961, "y:25": 0.00715478869338652, "y:26": 0.004279604708340051, "y:27": 0.021413804646540666, "y:28": 0.004642282855125337, "y:29": 0.0028116484757607784, "y:30": 0.025054152288736226, "y:31": 0.006635837292471955}, "6": {"y:0": 0.005122640041292373, "y:1": 0.02212834183469252, "y:2": 0.005205179619548018, "y:3": 0.004447900534312067, "y:4": 0.01610234167354487, "y:5": 0.008242966558406341, "y:6": 0.07157966903754265, "y:7": 0.006479817398888063, "y:8": 0.005472914979998463, "y:9": 0.01875455732106475, "y:10": 0.004418005398853296, "y:11": 0.010866843026505197, "y:12": 0.0074706243157194666, "y:13": 0.0060818151407617095, "y:14": 0.013010295340580472, "y:15": 0.012039650988059859, "y:16": 0.0092757669016914, "y:17": 0.045678041674873555, "y:18": 0.004152585137477527, "y:19": 0.013170545987947258, "y:20": 0.009278221000343593, "y:21": 0.004844919284122708, "y:22": 0.027389140843353192, "y:23": 0.012976384006803421, "y:24": 0.0755802145478968, "y:25": 0.00698686895399889, "y:26": 0.004281792570053453, "y:27": 0.020596171308094068, "y:28": 0.004630008314547115, "y:29": 0.0028774891411010276, "y:30": 0.025516107857600452, "y:31": 0.0070802144681228855}, "7": {"y:0": 0.00513800045389871, "y:1": 0.022246579195110614, "y:2": 0.00521515397290605, "y:3": 0.004470156828346442, "y:4": 0.016161802087560788, "y:5": 0.008245938586894522, "y:6": 0.07307131662404934, "y:7": 0.006422068688708438, "y:8": 0.005483497631040214, "y:9": 0.018351291671895982, "y:10": 0.0044232366825336785, "y:11": 0.010948492972826736, "y:12": 0.007464819042969106, "y:13": 0.006089118133637317, "y:14": 0.012981948253286588, "y:15": 0.012170125942443837, "y:16": 0.009275258566383105, "y:17": 0.04529812375610059, "y:18": 0.004158999205689322, "y:19": 0.013383786289022552, "y:20": 0.009312467283152916, "y:21": 0.004859392905880347, "y:22": 0.027761346155138106, "y:23": 0.013053473984782748, "y:24": 0.07688185183071856, "y:25": 0.006949723804421772, "y:26": 0.004271427315232678, "y:27": 0.01997829994437448, "y:28": 0.0046514650703208755, "y:29": 0.002878195591196036, "y:30": 0.025565277173243698, "y:31": 0.007056522499924892}, "8": {"y:0": 0.005142225358280614, "y:1": 0.021856283634819267, "y:2": 0.005219877894444079, "y:3": 0.004457942606614117, "y:4": 0.01628057024507069, "y:5": 0.008279959225804174, "y:6": 0.07459937073759978, "y:7": 0.006371781738538207, "y:8": 0.005487899817564259, "y:9": 0.017876855752846876, "y:10": 0.004417292854666243, "y:11": 0.010952565859197325,