{"0": {"y:0": 0.015501125662663463, "y:1": 0.1916214879938336, "y:2": 0.41646828103622147, "y:3": 0.4268127042948021, "y:4": 0.35876513503015783, "y:5": 0.04646406338151287, "y:6": 0.002358934163265335}, "1": {"y:0": 0.012787331571120292, "y:1": 0.18059349365028898, "y:2": 0.4027811748473438, "y:3": 0.4135216062374508, "y:4": 0.3488002568196411, "y:5": 0.04229948599280752, "y:6": 0.0020771710322141585}, "2": {"y:0": 0.09590426469706587, "y:1": 0.41857112610909064, "y:2": 0.5187307423056652, "y:3": 0.5171451904263225, "y:4": 0.4713270749799892, "y:5": 0.1336486857485219, "y:6": 0.014689887308228343}, "3": {"y:0": 0.18450344624839363, "y:1": 0.5979463216119942, "y:2": 0.7217099547263445, "y:3": 0.742690121952516, "y:4": 0.6879225546917087, "y:5": 0.20533005106550528, "y:6": 0.02891313511994216}, "4": {"y:0": 0.4639826719343243, "y:1": 0.7877011813716888, "y:2": 0.8323480906596548, "y:3": 0.8540531948703728, "y:4": 0.7911948343590434, "y:5": 0.344958142797893, "y:6": 0.07395705930216097}, "5": {"y:0": 0.5930080267823765, "y:1": 1.0290382057006795, "y:2": 1.1292433989287334, "y:3": 1.1714032530092828, "y:4": 1.0678531292756717, "y:5": 0.5000029739772405, "y:6": 0.10639503134720578}, "6": {"y:0": 1.0296241671204545, "y:1": 1.291549134878689, "y:2": 1.3458166111662722, "y:3": 1.3817638819419475, "y:4": 1.2451117695484832, "y:5": 0.6881517667112058, "y:6": 0.20277841154523787}, "7": {"y:0": 1.32487268022971, "y:1": 1.877197929475386, "y:2": 1.9879146595472816, "y:3": 2.0815268598680077, "y:4": 1.952727717302497, "y:5": 1.0326506040438848, "y:6": 0.28830625322248576}, "8": {"y:0": 1.9452109796618329, "y:1": 2.556633085698609, "y:2": 2.6647051407772406, "y:3": 2.7717979565586357, "y:4": 2.5076096691482896, "y:5": 1.3457038957274075, "y:6": 0.4274467666596932}, "9": {"y:0": 2.793531547959871, "y:1": 4.026953142222816, "y:2": 4.290519236582722, "y:3": 4.381213366508118, "y:4": 3.7523118010476764, "y:5": 1.7626971401199558, "y:6": 0.5385811106117178}, "10": {"y:0": 3.7314123962591346, "y:1": 5.160269640004628, "y:2": 5.488812016389594, "y:3": 5.867590372380609, "y:4": 4.66310574788903, "y:5": 2.2292271097665552, "y:6": 0.7618680883593496}, "11": {"y:0": 4.853239182022147, "y:1": 6.662479208902019, "y:2": 7.460223010913826, "y:3": 8.049611302209, "y:4": 6.318933284567431, "y:5": 2.8340178330507833, "y:6": 0.9846879056368776}, "12": {"y:0": 7.107691195214973, "y:1": 8.747348375373335, "y:2": 9.396538343015022, "y:3": 10.258182085285261, "y:4": 7.212915914251024, "y:5": 3.474963906345635, "y:6": 1.318448996399608}, "13": {"y:0": 8.795027188851375, "y:1": 11.40803764173805, "y:2": 13.14738827868413, "y:3": 13.004563826804377, "y:4": 9.785028440468645, "y:5": 4.413341074463796, "y:6": 1.5567730324233624}, "14": {"y:0": 10.38335359384411, "y:1": 13.631083937534145, "y:2": 15.939012373448344, "y:3": 13.064469282884945, "y:4": 10.979863101359163, "y:5": 5.062604348831824, "y:6": 1.9400904317304322}, "15": {"y:0": 9.312034869825903, "y:1": 14.312250082439329, "y:2": 17.852742802170887, "y:3": 13.243985412441988, "y:4": 12.959095254999452, "y:5": 5.649217019876445, "y:6": 1.9656921013565753}, "16": {"y:0": 8.38756388643638, "y:1": 14.576741941829937, "y:2": 18.291844323935518, "y:3": 14.843457216681172, "y:4": 12.38896519654525, "y:5": 6.223999056600972, "y:6": 2.1203885773944373}, "17": {"y:0": 9.74805633094455, "y:1": 19.20096327744022, "y:2": 22.14014773284968, "y:3": 20.149882419564978, "y:4": 14.277690414024244, "y:5": 7.183897160697512, "y:6": 2.234670141879177}, "18": {"y:0": 10.486204926465154, "y:1": 21.52796107051867, "y:2": 25.73323600060999, "y:3": 23.826846242817577, "y:4": 17.461265036038068, "y:5": 8.56661486694917, "y:6": 2.5952658473715116}, "19": {"y:0": 11.94827332264484, "y:1": 26.271650838388734, "y:2": 31.812633684405288, "y:3": 29.118979047078295, "y:4": 20.872478539705806, "y:5": 9.970463773164916, "y:6": 2.7041154335351663}, "20": {"y:0": 13.764793772112387, "y:1": 31.2398732264928, "y:2": 34.750086923371015, "y:3": 34.303648762731925, "y:4": 22.887937223386032, "y:5": 12.240059193878714, "y:6": 3.180053184847495}, "21": {"y:0": 16.18036097467069, "y:1": 38.12695146340422, "y:2": 43.77050576082405, "y:3": 39.56759594893753, "y:4": 26.69546259070729, "y:5": 14.24229150645171, "y:6": 3.528614909599593}, "22": {"y:0": 18.970481733982165, "y:1": 44.69956303921913, "y:2": 47.36090648784925, "y:3": 43.89314558174271, "y:4": 28.150019043076316, "y:5": 15.594382811601301, "y:6": 3.933978889161026}, "23": {"y:0": 21.99966288712752, "y:1": 53.95778135980789, "y:2": 59.90501006255728, "y:3": 50.133116718625445, "y:4": 30.61378266132861, "y:5": 17.828710411558507, "y:6": 4.954626753437297}, "24": {"y:0": 27.144646364893084, "y:1": 63.60090416978325, "y:2": 65.79916322730215, "y:3": 56.363341994962546, "y:4": 34.50766682757296, "y:5": 18.930795932126735, "y:6": 5.506797343251379}, "25": {"y:0": 30.985399294656993, "y:1": 68.44282808696096, "y:2": 70.93111451716611, "y:3": 61.12156098727161, "y:4": 38.88302794072861, "y:5": 21.6840778209605, "y:6": 6.402305127585349}, "26": {"y:0": 36.75073149069937, "y:1": 81.24786073199154, "y:2": 81.01428999639573, "y:3": 63.212214794933494, "y:4": 38.69791184927742, "y:5": 21.673802271354834, "y:6": 6.96071931801001}, "27": {"y:0": 41.64125811961806, "y:1": 88.82674768144925, "y:2": 87.53295766247743, "y:3": 69.66980072077904, "y:4": 43.01015478923211, "y:5": 24.122981704203713, "y:6": 8.537962760737779}, "28": {"y:0": 48.61068358159503, "y:1": 97.58753053976531, "y:2": 95.43665080244506, "y:3": 72.15613106347281, "y:4": 42.54010487817936, "y:5": 23.82890712192546, "y:6": 8.817855981952663}, "29": {"y:0": 61.69923758216007, "y:1": 100.3979185707828, "y:2": 90.60565887665659, "y:3": 71.76709657019174, "y:4": 46.113694899897126, "y:5": 26.950745094628875, "y:6": 10.372689487970307}, "30": {"y:0": 72.25617488258128, "y:1": 112.39057692252327, "y:2": 99.69063856375132, "y:3": 73.08766693251258, "y:4": 47.09559044043332, "y:5": 27.54430071634283, "y:6": 10.54057278715678}}