{"0": {"y:0": 0.12477246412059105, "y:1": 0.020976249791675575, "y:2": 0.13381577268596137, "y:3": 0.015445682568013864, "y:4": 0.12138403033798542, "y:5": 0.017657721656450357, "y:6": 0.12007019889123287, "y:7": 0.02204904238062709, "y:8": 0.13368078330001087, "y:9": 0.028041342229713096, "y:10": 0.12597682362638507, "y:11": 0.03189488001498034, "y:12": 0.12568841911666068, "y:13": 0.036381467777480594, "y:14": 0.13294026283094199, "y:15": 0.032895024159157876, "y:16": 0.12101003902033612, "y:17": 0.045319561624580174, "y:18": 0.1456941684629124, "y:19": 0.04317037993840092, "y:20": 0.11737547299582633, "y:21": 0.05390452748773622, "y:22": 0.13638229499036647, "y:23": 0.053479196091830786, "y:24": 0.13038592220638776, "y:25": 0.05450367651745469, "y:26": 0.14384186482894867, "y:27": 0.05448687903779875, "y:28": 0.15659345979845507, "y:29": 0.06654190661707679, "y:30": 0.11517154276748598, "y:31": 0.06388351510467964}}