{"0": {"y:0": 0.2034836570707919, "y:1": 0.1922206189852646, "y:2": 0.1973504162074569, "y:3": 0.1979691690576789, "y:4": 0.19626486288531572, "y:5": 0.20035210421543886, "y:6": 0.1969479568647101, "y:7": 0.20199736992715717, "y:8": 0.19804941150319397, "y:9": 0.20113447912855303, "y:10": 0.4844760008725766}, "1": {"y:0": 0.20617526796499566, "y:1": 0.20076368041779383, "y:2": 0.20107948635415937, "y:3": 0.20360077761482007, "y:4": 0.20211069333529272, "y:5": 0.19941991086225608, "y:6": 0.2002558213777777, "y:7": 0.20372768693754864, "y:8": 0.20390997595096483, "y:9": 0.20522243139334115, "y:10": 0.4853851680179078}, "2": {"y:0": 0.36246922743606325, "y:1": 0.36914357423401817, "y:2": 0.3411667154697489, "y:3": 0.34190596551371727, "y:4": 0.3519462315492553, "y:5": 0.3351574635625592, "y:6": 0.37880055896467224, "y:7": 0.3667565148720353, "y:8": 0.35164828383563457, "y:9": 0.37268139230024033, "y:10": 0.48460710668136486}, "3": {"y:0": 0.5481380627770533, "y:1": 0.5327867251633917, "y:2": 0.4323198756845821, "y:3": 0.4332231152057327, "y:4": 0.5476549920056265, "y:5": 0.4542143882770661, "y:6": 0.5668455818765715, "y:7": 0.5525332919292014, "y:8": 0.5469875562438344, "y:9": 0.5474822186792706, "y:10": 0.48458669568320356}, "4": {"y:0": 0.5973091915592248, "y:1": 0.6051260461386485, "y:2": 0.4468005943893148, "y:3": 0.4701181527058986, "y:4": 0.589013461006794, "y:5": 0.46805546468114734, "y:6": 0.6086228886921587, "y:7": 0.6102514085910101, "y:8": 0.6053925813865866, "y:9": 0.6246530590662059, "y:10": 0.48378511533110025}, "5": {"y:0": 0.6507902282983503, "y:1": 0.6234005093258148, "y:2": 0.4554718981428022, "y:3": 0.4829722618999972, "y:4": 0.6158419271822465, "y:5": 0.48108650079131643, "y:6": 0.658740085258553, "y:7": 0.6418427194721346, "y:8": 0.6278263617808465, "y:9": 0.6663574761702659, "y:10": 0.48310949312910545}, "6": {"y:0": 0.6552254483477304, "y:1": 0.6223584857543327, "y:2": 0.46130933006964975, "y:3": 0.4794482162420034, "y:4": 0.6269654903290344, "y:5": 0.4890632504226343, "y:6": 0.6587692934954562, "y:7": 0.6516817214302306, "y:8": 0.6316361563661876, "y:9": 0.654042115540934, "y:10": 0.4841378944532163}, "7": {"y:0": 0.6571139433904694, "y:1": 0.6427274105575587, "y:2": 0.4869899463678145, "y:3": 0.5019730895925678, "y:4": 0.6173925571597494, "y:5": 0.47093335303135964, "y:6": 0.6499456451939863, "y:7": 0.6631067360932845, "y:8": 0.6393331631087058, "y:9": 0.6610941911011132, "y:10": 0.4838410285751851}, "8": {"y:0": 0.680303263198751, "y:1": 0.6507659524805957, "y:2": 0.4683364992759764, "y:3": 0.49438997522964884, "y:4": 0.6476804109993297, "y:5": 0.4950643985218823, "y:6": 0.6746539634343496, "y:7": 0.6936329474149575, "y:8": 0.6647736369044455, "y:9": 0.6831254221246774, "y:10": 0.48388824946467834}, "9": {"y:0": 0.6793735455374468, "y:1": 0.6491327925055613, "y:2": 0.47263818294031495, "y:3": 0.4934197055449745, "y:4": 0.6499808659223734, "y:5": 0.4910979331968878, "y:6": 0.681857714113463, "y:7": 0.6857610360196549, "y:8": 0.6579131716658011, "y:9": 0.6886950291887869, "y:10": 0.483834387887193}}