{"0": {"y:0": 0.012401957655268149, "y:1": 0.1723624328068934, "y:2": 0.39286188724961546, "y:3": 0.3993354099989615, "y:4": 0.3575358855572425, "y:5": 0.044289776669574406, "y:6": 0.0019518510728639429}, "1": {"y:0": 0.01864206141002154, "y:1": 0.20018005628475605, "y:2": 0.39717460785799275, "y:3": 0.3962280705068304, "y:4": 0.3618614295236286, "y:5": 0.0524526570450375, "y:6": 0.002824072896124712}, "2": {"y:0": 0.10135714959022579, "y:1": 0.39180798343484824, "y:2": 0.489118444214176, "y:3": 0.49166135578664544, "y:4": 0.4826530668397558, "y:5": 0.15284643492239142, "y:6": 0.01613521672201963}, "3": {"y:0": 0.21449525777928816, "y:1": 0.579331954448941, "y:2": 0.7025621417246358, "y:3": 0.7220446089801349, "y:4": 0.6460455350686495, "y:5": 0.22184301603028578, "y:6": 0.034978760978832686}, "4": {"y:0": 0.4370342797463408, "y:1": 0.7565441478488591, "y:2": 0.8225132932291018, "y:3": 0.8328645373627297, "y:4": 0.7164945982260807, "y:5": 0.33882488013470546, "y:6": 0.07821387165181615}, "5": {"y:0": 0.6828033783013149, "y:1": 1.066232521839741, "y:2": 1.1007308322334024, "y:3": 1.13798383559461, "y:4": 0.8770943236832368, "y:5": 0.4461626696735341, "y:6": 0.12326226163454673}, "6": {"y:0": 0.9568079361740817, "y:1": 1.3625169477402788, "y:2": 1.4080658385201343, "y:3": 1.3748796201400022, "y:4": 1.2397047277563407, "y:5": 0.6660659225202252, "y:6": 0.18347940298418247}, "7": {"y:0": 1.3901855942807106, "y:1": 1.8742821271394885, "y:2": 1.9750590629452462, "y:3": 1.9867819727728069, "y:4": 1.6455251146800358, "y:5": 0.8980192973178591, "y:6": 0.2705111459419928}, "8": {"y:0": 2.00062452175198, "y:1": 2.7176122041231623, "y:2": 2.7617623524327315, "y:3": 2.9115313213533676, "y:4": 2.4635892991574035, "y:5": 1.2790069808783684, "y:6": 0.38025065222767124}, "9": {"y:0": 2.762080188044394, "y:1": 4.062617429988479, "y:2": 4.436953335318536, "y:3": 4.2642796216478045, "y:4": 3.387800580054314, "y:5": 1.6212843923182696, "y:6": 0.4916905108177571}, "10": {"y:0": 3.8477630796890945, "y:1": 5.6554113054011275, "y:2": 6.173837176995999, "y:3": 6.171050413725181, "y:4": 4.500358866748971, "y:5": 2.078246057614259, "y:6": 0.697886710088658}, "11": {"y:0": 5.116757530781574, "y:1": 7.842725045303712, "y:2": 8.88463309466213, "y:3": 9.27701901128299, "y:4": 5.752673188142956, "y:5": 2.491923837797426, "y:6": 0.8790619414360618}, "12": {"y:0": 6.613302354805647, "y:1": 9.801767680593866, "y:2": 11.022417045673047, "y:3": 10.997433093139302, "y:4": 7.2175080827126115, "y:5": 3.3254846596650722, "y:6": 1.1911236251885506}, "13": {"y:0": 7.8081073172741355, "y:1": 11.861616536363728, "y:2": 13.5657210214492, "y:3": 12.900911617902452, "y:4": 9.811517339163123, "y:5": 4.629707073511213, "y:6": 1.4340592370520906}, "14": {"y:0": 8.946357353218664, "y:1": 13.926717692610156, "y:2": 16.25925330335283, "y:3": 13.346886807075284, "y:4": 12.397757439759788, "y:5": 5.829927281104742, "y:6": 1.806735344310528}, "15": {"y:0": 7.84126816725284, "y:1": 12.701753575471018, "y:2": 17.722561506413314, "y:3": 13.650600079128948, "y:4": 14.007859271527018, "y:5": 6.653010876812786, "y:6": 2.111136178497987}, "16": {"y:0": 6.820297328801615, "y:1": 12.61117886688169, "y:2": 19.254912050368972, "y:3": 15.738966598691768, "y:4": 16.342383500168165, "y:5": 7.595272824956041, "y:6": 2.34173190501884}, "17": {"y:0": 7.0621068023214395, "y:1": 14.71955112634058, "y:2": 21.790195748570763, "y:3": 20.901718653571077, "y:4": 17.326349886197068, "y:5": 8.678665336128343, "y:6": 2.4709566699338343}, "18": {"y:0": 8.331962871165082, "y:1": 17.682353460333918, "y:2": 27.848318708504284, "y:3": 26.95668419892852, "y:4": 20.920770959632566, "y:5": 10.155652771503954, "y:6": 2.802858620979726}, "19": {"y:0": 9.14803137111949, "y:1": 21.82131792969275, "y:2": 32.71023509734504, "y:3": 32.140079796058494, "y:4": 24.212507330415505, "y:5": 12.194971899118284, "y:6": 3.1338728066252877}, "20": {"y:0": 11.40333383131661, "y:1": 26.991502687837542, "y:2": 40.72823064794145, "y:3": 39.51963508204247, "y:4": 25.716234304979267, "y:5": 13.609526213041777, "y:6": 3.3755037079606924}, "21": {"y:0": 13.17738761086342, "y:1": 32.452566722716604, "y:2": 44.916677454598315, "y:3": 45.748314327339465, "y:4": 30.1807259534094, "y:5": 16.384124422447943, "y:6": 4.039816320244664}, "22": {"y:0": 16.282371651617197, "y:1": 42.92202844875386, "y:2": 57.92651156845158, "y:3": 51.91217028005111, "y:4": 32.38190134161255, "y:5": 16.04549792240223, "y:6": 4.076114225058537}, "23": {"s_A": 1.2446205494411655, "s_B": 1.0634947876760854, "s_g": 1.1426659873566296, "s_k": 1.0936136522692057}, "24": {"s_A": 1.3577979045419704, "s_B": 1.188949007564602, "s_g": 1.4181114397966814, "s_k": 1.1960379206435248}, "25": {"s_A": 1.2991217134716972, "s_B": 1.8358722880988536, "s_g": 1.5437403045697389, "s_k": 1.90239635810518}, "26": {"s_A": 1.6388750699228736, "s_B": 1.6038491162475184, "s_g": 1.8582927892420713, "s_k": 1.9303802405305874}, "27": {"s_A": 1.597549684001101, "s_B": 1.5657440424545102, "s_g": 1.7690151091163415, "s_k": 2.2508940644654327}, "28": {"s_A": 1.6764753272800852, "s_B": 1.8406356160457367, "s_g": 2.3999554691038467, "s_k": 2.0318390906331993}, "29": {"s_A": 2.186497559634001, "s_B": 1.799447453072491, "s_g": 2.7519664402603614, "s_k": 2.254726240315922}, "30": {"s_A": 3.3782218423138626, "s_B": 1.1197613558200252, "s_g": 3.282046294401392, "s_k": 1.410747178932119}, "31": {"s_A": 1.4539859884766217, "s_B": 1.3955476927815271, "s_g": 2.0085173960391023, "s_k": 1.1744453775160622}}