{"0": {"y:0": 0.19826184181394702, "y:1": 0.1972175045280902, "y:2": 0.1964498102163461, "y:3": 0.19563414239282273, "y:4": 0.20386518645837826, "y:5": 0.2013298804849244, "y:6": 0.19133996850160842, "y:7": 0.1942609560274267, "y:8": 0.19183163300038172, "y:9": 0.20700575078925046, "y:10": 7.447785946846819}, "1": {"y:0": 0.19995101683660918, "y:1": 0.19733415399504406, "y:2": 0.19758461301837024, "y:3": 0.2027598027052547, "y:4": 0.20240107876284125, "y:5": 0.20227644046993185, "y:6": 0.19077877744653424, "y:7": 0.19648488758548144, "y:8": 0.20771857071366578, "y:9": 0.19539328653920798, "y:10": 6.805526933892608}, "2": {"y:0": 0.37369999697156625, "y:1": 0.37175417981209985, "y:2": 0.3110090388192222, "y:3": 0.37318555295883554, "y:4": 0.37651332019147266, "y:5": 0.3687747856993759, "y:6": 0.2998781080402174, "y:7": 0.3708014363089106, "y:8": 0.3567006265674047, "y:9": 0.35558234108992265, "y:10": 7.073291187135916}, "3": {"y:0": 0.5212260031488406, "y:1": 0.5045235170511865, "y:2": 0.37334003521857756, "y:3": 0.5122858364000232, "y:4": 0.5188937585921122, "y:5": 0.5395816943112499, "y:6": 0.3323224102779122, "y:7": 0.48753026400274035, "y:8": 0.4761753452421523, "y:9": 0.4534051428005344, "y:10": 7.1788266368719444}, "4": {"y:0": 0.5847524799018444, "y:1": 0.5698950303901992, "y:2": 0.3842249303918447, "y:3": 0.5939111039151007, "y:4": 0.584304858012567, "y:5": 0.5895106045595491, "y:6": 0.34190611163398915, "y:7": 0.56554062491184, "y:8": 0.5462473891437575, "y:9": 0.4894657908320771, "y:10": 7.218565845326636}, "5": {"y:0": 0.6332701348043566, "y:1": 0.5994140564639479, "y:2": 0.4030558794364758, "y:3": 0.6328916472593668, "y:4": 0.6314666922627775, "y:5": 0.6422355078663037, "y:6": 0.34363819793696854, "y:7": 0.5661213816442895, "y:8": 0.5701059867401497, "y:9": 0.4923656714067334, "y:10": 7.231050039468494}, "6": {"y:0": 0.6627792661769203, "y:1": 0.6091964366430148, "y:2": 0.4034799585517311, "y:3": 0.6649738813883234, "y:4": 0.6445023353633176, "y:5": 0.6621664009897836, "y:6": 0.3531335297285559, "y:7": 0.5936502064144092, "y:8": 0.5723094796114175, "y:9": 0.5011531967617548, "y:10": 7.12247078056845}, "7": {"y:0": 0.6669444689305294, "y:1": 0.6259677232625339, "y:2": 0.4093530426089609, "y:3": 0.6772001436969592, "y:4": 0.6585991263275149, "y:5": 0.6673990541376523, "y:6": 0.3499261547832572, "y:7": 0.593660040779539, "y:8": 0.5846870786370727, "y:9": 0.5023617585778052, "y:10": 7.1733911417470715}, "8": {"y:0": 0.6759161487681227, "y:1": 0.6271957803983599, "y:2": 0.4079637366967989, "y:3": 0.6786704913010339, "y:4": 0.667225288050089, "y:5": 0.6826183071380497, "y:6": 0.3543177326804437, "y:7": 0.6035969611284736, "y:8": 0.5854992831623335, "y:9": 0.5100009760727467, "y:10": 7.130914795543334}, "9": {"y:0": 0.6852917099177729, "y:1": 0.6403486293659079, "y:2": 0.4174729705524715, "y:3": 0.6759473373206206, "y:4": 0.6714846736756636, "y:5": 0.6749226070050804, "y:6": 0.3508525207847774, "y:7": 0.5944000485652422, "y:8": 0.5975610986752006, "y:9": 0.5033667527684055, "y:10": 7.1724960379515315}}