{"0": {"y:0": 77.5079641387273, "y:1": 7.503165923585459, "y:2": 5.942468827247811, "y:3": 5.055414196362768, "y:4": 4.655550484767046, "y:5": 4.256533870994165, "y:6": 3.9996916448556616, "y:7": 3.7182589910602166, "y:8": 3.69720882127284, "y:9": 3.5889694571837056}, "1": {"y:0": 75.73921423157282, "y:1": 6.401206833967113, "y:2": 4.789747733476744, "y:3": 4.09673498913109, "y:4": 3.705943795702234, "y:5": 3.274999115063878, "y:6": 3.1228414626727483, "y:7": 2.966561191170103, "y:8": 2.956080386805566, "y:9": 2.877335981150981}, "2": {"y:0": 74.28076081569075, "y:1": 11.255342232618279, "y:2": 8.09928299529926, "y:3": 6.873744752937354, "y:4": 6.255621047266091, "y:5": 5.8647026599505505, "y:6": 5.398746526121239, "y:7": 5.214803136865811, "y:8": 5.022027237869632, "y:9": 4.974039286844354}, "3": {"y:0": 72.68051078250565, "y:1": 9.43010702239241, "y:2": 8.179736264308206, "y:3": 7.253857415241486, "y:4": 6.8434110822568925, "y:5": 6.532117439053237, "y:6": 6.263940128701165, "y:7": 6.1925762488705764, "y:8": 5.968365878001633, "y:9": 5.766490555730553}, "4": {"y:0": 76.82158302258546, "y:1": 9.493857061809704, "y:2": 10.201376744119068, "y:3": 10.530565238728535, "y:4": 10.564854210670969, "y:5": 10.279987408326813, "y:6": 9.835010554501903, "y:7": 9.430524131100068, "y:8": 9.019183637471613, "y:9": 8.580165976743109}, "5": {"y:0": 74.81404877420408, "y:1": 10.853976323204453, "y:2": 10.320424327329356, "y:3": 11.147995534425856, "y:4": 11.773228154985759, "y:5": 11.328732039867269, "y:6": 11.09217244539825, "y:7": 10.925877195292973, "y:8": 10.325036317085008, "y:9": 9.801040004857164}, "6": {"y:0": 73.45065425614531, "y:1": 13.844252767990174, "y:2": 12.259814343463047, "y:3": 13.402406260309593, "y:4": 14.558390131102865, "y:5": 14.70940224256133, "y:6": 14.417575369159051, "y:7": 13.723388240637842, "y:8": 12.911265599684311, "y:9": 11.88391316509747}, "7": {"y:0": 74.80863839808393, "y:1": 23.699276300201127, "y:2": 19.734831252445566, "y:3": 21.299689791124262, "y:4": 22.315683847346, "y:5": 22.598928299372353, "y:6": 21.274597425686547, "y:7": 19.67146756130022, "y:8": 17.276247669707583, "y:9": 15.600387949206459}, "8": {"y:0": 74.2091930459566, "y:1": 28.95834642405654, "y:2": 24.2707986323876, "y:3": 26.960710285683422, "y:4": 31.01447068302942, "y:5": 31.856437851463678, "y:6": 29.93920953638489, "y:7": 25.528600571653794, "y:8": 23.07046838050062, "y:9": 20.347720227431275}, "9": {"y:0": 73.09965279842531, "y:1": 34.86182412575884, "y:2": 30.931579600612675, "y:3": 33.938898398678255, "y:4": 40.41249092552677, "y:5": 43.35811453164723, "y:6": 41.38203617351953, "y:7": 37.54491336852027, "y:8": 33.74587128586084, "y:9": 29.366113556157124}, "10": {"y:0": 74.76571708692876, "y:1": 39.81640041492591, "y:2": 35.56232456596042, "y:3": 38.65110839486659, "y:4": 46.26859467451771, "y:5": 51.275264071072094, "y:6": 50.20025404362495, "y:7": 47.4251564225049, "y:8": 39.99591109317506, "y:9": 37.00482141125363}, "11": {"y:0": 75.26952137732137, "y:1": 46.58337248509028, "y:2": 42.06205906464366, "y:3": 43.15004144394614, "y:4": 50.17283966874387, "y:5": 55.08777145505524, "y:6": 52.89954334934083, "y:7": 51.90860602989726, "y:8": 46.018589724179044, "y:9": 42.82718299116344}, "12": {"y:0": 75.13719056828113, "y:1": 49.86088517858339, "y:2": 44.08408245393195, "y:3": 47.526985830722474, "y:4": 54.221867659855725, "y:5": 58.11632649928621, "y:6": 58.91352077423687, "y:7": 55.077508367298556, "y:8": 50.73979035502235, "y:9": 47.55849891565775}, "13": {"y:0": 75.30392292176762, "y:1": 53.075079395802796, "y:2": 48.87282067759467, "y:3": 53.20077022900935, "y:4": 59.639556700874415, "y:5": 61.934096439738674, "y:6": 61.71027249878408, "y:7": 59.63222489035478, "y:8": 55.707944995853566, "y:9": 51.45330301035121}, "14": {"y:0": 74.35972265971513, "y:1": 55.09446811459735, "y:2": 51.03643568725544, "y:3": 53.52626654863758, "y:4": 59.23673077724396, "y:5": 62.328380391253674, "y:6": 62.88550680442368, "y:7": 59.32415054539429, "y:8": 56.30834043830938, "y:9": 53.037428568114755}, "15": {"y:0": 74.04159458284711, "y:1": 57.772682160824886, "y:2": 52.5432526714024, "y:3": 56.243306050478544, "y:4": 60.9303438869664, "y:5": 64.32056776555163, "y:6": 64.30907992924863, "y:7": 62.495113208843854, "y:8": 59.3258734589697, "y:9": 56.520932896627215}}