{"0": {"y:0": 0.12081017712641447, "y:1": 0.019097471820134153, "y:2": 0.1334229219797274, "y:3": 0.015647086913529614, "y:4": 0.14190304733600842, "y:5": 0.01534919235243902, "y:6": 0.1449044360556191, "y:7": 0.017368052151627417, "y:8": 0.12807468885054493, "y:9": 0.021793614264385613, "y:10": 0.12929189643880754, "y:11": 0.025382152746852033, "y:12": 0.13940505614333934, "y:13": 0.031174885749708257, "y:14": 0.1457403742162701, "y:15": 0.038656684487364396, "y:16": 0.1257696525459899, "y:17": 0.03923530429485151, "y:18": 0.1318380542993695, "y:19": 0.04426921594847124, "y:20": 0.13285902470194588, "y:21": 0.04439709287976109, "y:22": 0.13693920792943853, "y:23": 0.044867883433894105, "y:24": 0.1447984700292216, "y:25": 0.0548933414421924, "y:26": 0.12615276161196856, "y:27": 0.05338803575709459, "y:28": 0.15604721387457154, "y:29": 0.06369847561214374}}