{"0": {"y:0": 0.010334943189534868, "y:1": 0.1572615336058466, "y:2": 0.271133939203449, "y:3": 0.11628296735831536, "y:4": 0.17897401361480744, "y:5": 0.3425775537589142, "y:6": 0.09659458900577102, "y:7": 0.5189541312761065, "y:8": 0.12654654343721625, "y:9": 0.18133978555003866}}