{"0": {"y:0": 78.21066122835225, "y:1": 5.186316211414284, "y:2": 3.8402202994983594, "y:3": 3.2598087180748854, "y:4": 2.9892121800872973, "y:5": 2.7912448050212606, "y:6": 2.664560311628649, "y:7": 2.585588522674693, "y:8": 2.5000130857671774, "y:9": 2.470826700691962}, "1": {"y:0": 71.55043776828285, "y:1": 7.902351985572582, "y:2": 5.858147672012868, "y:3": 5.02777928832532, "y:4": 4.650489005116933, "y:5": 4.067165146241216, "y:6": 3.8625483363320012, "y:7": 3.732232455215242, "y:8": 3.518090524791255, "y:9": 3.423322928455273}, "2": {"y:0": 76.7375013347001, "y:1": 12.330520659721786, "y:2": 9.07360958033624, "y:3": 7.689050198229834, "y:4": 6.834819723864457, "y:5": 6.148707681718405, "y:6": 5.942661950863944, "y:7": 5.7034409934952075, "y:8": 5.517109521966212, "y:9": 5.390893203330932}, "3": {"y:0": 69.14060177739228, "y:1": 10.267201072851465, "y:2": 8.387036825320104, "y:3": 7.477951280457193, "y:4": 6.989446165870302, "y:5": 6.528847195618529, "y:6": 6.269197795288165, "y:7": 6.045597959812589, "y:8": 5.870405162189775, "y:9": 5.6976088949437225}, "4": {"y:0": 74.36050064234006, "y:1": 9.92323149289065, "y:2": 10.127516561607488, "y:3": 9.867782420281408, "y:4": 9.980837212409508, "y:5": 9.970359273888068, "y:6": 9.533225331821384, "y:7": 9.086813748002053, "y:8": 8.808112392318595, "y:9": 8.304827253841719}, "5": {"y:0": 73.53303192946106, "y:1": 10.03880051798621, "y:2": 10.943091259124966, "y:3": 12.319440024503963, "y:4": 13.058351680289599, "y:5": 13.113410379543181, "y:6": 12.791257787607229, "y:7": 11.947924840238615, "y:8": 11.28919671974027, "y:9": 10.713077883248907}, "6": {"y:0": 72.85993351599828, "y:1": 11.759271730371873, "y:2": 11.923472516612346, "y:3": 13.747165881027582, "y:4": 14.880584829924913, "y:5": 15.164409458063156, "y:6": 14.870313752094928, "y:7": 14.283078231200177, "y:8": 13.709975740336224, "y:9": 12.70653575953105}, "7": {"y:0": 73.87963146787942, "y:1": 15.392053427103837, "y:2": 14.140105194434671, "y:3": 16.43366385771764, "y:4": 18.791044097521542, "y:5": 18.90334805789151, "y:6": 18.355009657237247, "y:7": 17.57583109600785, "y:8": 16.34720788376341, "y:9": 15.46589788872066}, "8": {"y:0": 76.46626715177283, "y:1": 22.342405674006972, "y:2": 19.774921483419863, "y:3": 23.5690029186932, "y:4": 29.147926992392364, "y:5": 29.755178569973896, "y:6": 29.639455299329708, "y:7": 27.817448145471047, "y:8": 25.538166087750295, "y:9": 23.299002771213942}, "9": {"y:0": 75.05532514681242, "y:1": 33.11184443337378, "y:2": 29.348348927912085, "y:3": 33.615473302546725, "y:4": 40.67851542767979, "y:5": 42.79047131754021, "y:6": 42.44222683299444, "y:7": 37.988632074258796, "y:8": 35.19433428070623, "y:9": 30.8168131950254}, "10": {"y:0": 76.30286718650896, "y:1": 39.237528825591426, "y:2": 34.815050676590744, "y:3": 39.30301779451116, "y:4": 46.05237955900087, "y:5": 50.49272371878614, "y:6": 52.106275130344535, "y:7": 48.66283616180067, "y:8": 44.87158647787036, "y:9": 40.966744422171395}, "11": {"y:0": 73.25006179473719, "y:1": 45.384301213398224, "y:2": 43.241410752980364, "y:3": 47.13836200242717, "y:4": 55.465997708611184, "y:5": 59.49795819974477, "y:6": 57.828955651102895, "y:7": 53.6825401341587, "y:8": 50.84307405941257, "y:9": 45.814607537566175}, "12": {"y:0": 76.64795893876052, "y:1": 53.65439063530575, "y:2": 49.20479655717493, "y:3": 51.89275013851107, "y:4": 56.81319479704495, "y:5": 61.10119009874439, "y:6": 60.368706572442065, "y:7": 56.23967716830802, "y:8": 54.63878427345102, "y:9": 52.328623225720996}, "13": {"y:0": 74.11629950225911, "y:1": 53.4431096043532, "y:2": 50.15774852221099, "y:3": 54.36512113118809, "y:4": 59.824663581945714, "y:5": 62.863192292211956, "y:6": 61.62411866622979, "y:7": 59.52845173722142, "y:8": 56.89710371512503, "y:9": 53.740947935209554}, "14": {"y:0": 73.05382923601266, "y:1": 57.071342973691294, "y:2": 52.23720114682404, "y:3": 57.316449478825255, "y:4": 61.5346139645349, "y:5": 64.45540893869489, "y:6": 63.00009404833498, "y:7": 61.39076345173614, "y:8": 60.18748701262251, "y:9": 56.51128627561528}, "15": {"y:0": 74.58009819993178, "y:1": 60.399293179704266, "y:2": 56.57201064786372, "y:3": 59.30115660551963, "y:4": 62.9837964354868, "y:5": 64.71953808682483, "y:6": 64.69417821207364, "y:7": 62.397905983931466, "y:8": 61.32242415133779, "y:9": 58.71848981928276}, "16": {"y:0": 75.05893244037551, "y:1": 61.257819635742656, "y:2": 57.13669981224288, "y:3": 60.70644700036058, "y:4": 65.99330550250629, "y:5": 66.12359118152371, "y:6": 64.45900617498313, "y:7": 62.49675484450699, "y:8": 59.95861403024873, "y:9": 58.83015753710297}, "17": {"y:0": 73.79933693944145, "y:1": 58.89767641953124, "y:2": 54.58535904160755, "y:3": 57.669681776359, "y:4": 61.064811061839116, "y:5": 62.626545184039685, "y:6": 62.0175124627737, "y:7": 61.472358387310855, "y:8": 59.88193869660498, "y:9": 58.255230987443305}, "18": {"y:0": 74.28082231391976, "y:1": 63.239388636315645, "y:2": 59.96007539839464, "y:3": 61.152123609162125, "y:4": 63.34428866749373, "y:5": 64.07598223548158, "y:6": 62.2572042667871, "y:7": 60.73730141332573, "y:8": 59.1173346595457, "y:9": 57.79616636029118}}