{"0": {"y:0": 0.2140469843886919, "y:1": 0.19623548409188826, "y:2": 0.20857721971761684, "y:3": 0.2054886821257467, "y:4": 0.20714829597918208, "y:5": 0.20709084701706892, "y:6": 0.2059531994773516, "y:7": 0.2126539459290054, "y:8": 0.2043885415062699, "y:9": 0.21096479419850114, "y:10": 0.4831554124311627}, "1": {"y:0": 0.20721512237859424, "y:1": 0.1995534305458388, "y:2": 0.20370888700818873, "y:3": 0.2045433610975428, "y:4": 0.2020297632008871, "y:5": 0.20838230441429595, "y:6": 0.2013499174391271, "y:7": 0.19722330018644949, "y:8": 0.1951569283734913, "y:9": 0.2006881191732741, "y:10": 0.48265311719803616}, "2": {"y:0": 0.3763848883724177, "y:1": 0.2960348866890582, "y:2": 0.37167963448222446, "y:3": 0.39456194765813485, "y:4": 0.36392555237269947, "y:5": 0.382678178663247, "y:6": 0.38676238160147663, "y:7": 0.33962867430298116, "y:8": 0.3506864934170875, "y:9": 0.3753959751391184, "y:10": 0.4831925644563468}, "3": {"y:0": 0.5480927085670878, "y:1": 0.3274199315061281, "y:2": 0.551197535192666, "y:3": 0.5004611616829129, "y:4": 0.504356106026768, "y:5": 0.5382688810338572, "y:6": 0.5558510002384456, "y:7": 0.48210111587006527, "y:8": 0.4339551072100699, "y:9": 0.5616722348267247, "y:10": 0.48488377742478994}, "4": {"y:0": 0.6157989295378441, "y:1": 0.33619141490098536, "y:2": 0.6236628904838114, "y:3": 0.5564900775358806, "y:4": 0.5443032607063397, "y:5": 0.5838708621125657, "y:6": 0.6108374381753502, "y:7": 0.5063881884140407, "y:8": 0.4792426801181538, "y:9": 0.5980128850433796, "y:10": 0.48319619020676496}, "5": {"y:0": 0.6626659766755181, "y:1": 0.3419961156658524, "y:2": 0.6670537487783778, "y:3": 0.5949591746821253, "y:4": 0.5826342931390769, "y:5": 0.619157524354913, "y:6": 0.6629833636321597, "y:7": 0.5403467775607087, "y:8": 0.49339294596865696, "y:9": 0.650804229861067, "y:10": 0.48367023362903533}, "6": {"y:0": 0.6572536839025178, "y:1": 0.34002937559866403, "y:2": 0.6680447322061177, "y:3": 0.582231171610834, "y:4": 0.5869442670449005, "y:5": 0.6109128195078162, "y:6": 0.6788450227221441, "y:7": 0.5604906939688757, "y:8": 0.4945142304843946, "y:9": 0.645200137988756, "y:10": 0.48394383315053263}, "7": {"y:0": 0.6770791036145815, "y:1": 0.3416392600776507, "y:2": 0.673197223849104, "y:3": 0.6019634580517256, "y:4": 0.5903077459738121, "y:5": 0.6263994520185098, "y:6": 0.6783442677372638, "y:7": 0.5564375060401807, "y:8": 0.5046793193702427, "y:9": 0.6637186097909743, "y:10": 0.48365385764710134}, "8": {"y:0": 0.67640262744221, "y:1": 0.3309848192963786, "y:2": 0.6609876548770073, "y:3": 0.590497626395086, "y:4": 0.6056271880728558, "y:5": 0.6118316189177293, "y:6": 0.6797238228344467, "y:7": 0.5705911505333138, "y:8": 0.5198358880403883, "y:9": 0.6670382474647152, "y:10": 0.48401942271773596}, "9": {"y:0": 0.6788767621389393, "y:1": 0.33576860901473654, "y:2": 0.6647529859982596, "y:3": 0.5958247991478199, "y:4": 0.5954676254731279, "y:5": 0.6260426069058511, "y:6": 0.6831588192590529, "y:7": 0.5630433083618941, "y:8": 0.5128594015258302, "y:9": 0.6695239402951553, "y:10": 0.4837863528161943}}