{"0": {"y:0": 0.19369938801714184, "y:1": 0.19201061418368842, "y:2": 0.19321827111599194, "y:3": 0.19232785558346113, "y:4": 0.19352243589857737, "y:5": 0.1938739643274418, "y:6": 0.19142280014623433, "y:7": 0.1927369345783056, "y:8": 0.19701903584780298, "y:9": 0.1958546984978424}, "1": {"y:0": 0.2083391721137282, "y:1": 0.20785680005837742, "y:2": 0.20910392065497937, "y:3": 0.20835335354117074, "y:4": 0.20993895545272448, "y:5": 0.20776258046912321, "y:6": 0.2069739729646717, "y:7": 0.20719404195565466, "y:8": 0.2076891564835477, "y:9": 0.20738171019218746}, "2": {"y:0": 0.3994692962203109, "y:1": 0.39978912327908733, "y:2": 0.39895483357944117, "y:3": 0.3954685842982167, "y:4": 0.40149567293866445, "y:5": 0.39308995944154695, "y:6": 0.3991084931906229, "y:7": 0.3911553079908319, "y:8": 0.3968717309264169, "y:9": 0.3883644315931362}, "3": {"y:0": 0.7986193400610975, "y:1": 0.7827041670141706, "y:2": 0.7760929047885411, "y:3": 0.7717624562512632, "y:4": 0.7872455833234051, "y:5": 0.7625944863586477, "y:6": 0.7776465579906302, "y:7": 0.7765315691409554, "y:8": 0.785370428823148, "y:9": 0.7658513257632598}, "4": {"y:0": 1.4571361280177704, "y:1": 1.5054454121173195, "y:2": 1.4455425581953516, "y:3": 1.4496092162935912, "y:4": 1.3349611792262328, "y:5": 1.463972292984981, "y:6": 1.4422622767783935, "y:7": 1.4560482044092526, "y:8": 1.4945039631442483, "y:9": 1.4199683090939295}, "5": {"y:0": 2.379599643139634, "y:1": 2.419569700850309, "y:2": 2.056883747355707, "y:3": 2.4169250588815667, "y:4": 1.7233990794884102, "y:5": 2.1542777174326133, "y:6": 2.50726519697224, "y:7": 2.2744493689368315, "y:8": 2.4627482701763816, "y:9": 2.1709968060259186}, "6": {"y:0": 3.0073170606669404, "y:1": 2.9620529249835763, "y:2": 2.3583682662389354, "y:3": 2.897011716693454, "y:4": 1.8405446553313916, "y:5": 2.506991761893641, "y:6": 2.856058705794544, "y:7": 2.551062732922039, "y:8": 2.9836694640495436, "y:9": 2.543962982969159}, "7": {"y:0": 3.2289553771619337, "y:1": 3.1371510852526647, "y:2": 2.3725004432669476, "y:3": 2.970340919816402, "y:4": 1.8578856020720174, "y:5": 2.593114482172185, "y:6": 3.038149456094358, "y:7": 2.879193016444995, "y:8": 3.2249722639339873, "y:9": 2.6696880413762476}, "8": {"y:0": 3.36258851842674, "y:1": 3.2791914728124816, "y:2": 2.4834379126548645, "y:3": 3.2054210007524304, "y:4": 1.856261866179688, "y:5": 2.703632107175675, "y:6": 3.0971145026173224, "y:7": 2.9232320512912677, "y:8": 3.305198823763738, "y:9": 2.738539028418154}, "9": {"y:0": 3.341832928004725, "y:1": 3.251719334961317, "y:2": 2.5039204749718045, "y:3": 3.095154163042913, "y:4": 1.8728466514229019, "y:5": 2.701620157274983, "y:6": 3.1493627597846374, "y:7": 2.86350497278074, "y:8": 3.2337405258471597, "y:9": 2.6834883424743197}, "10": {"y:0": 3.3569706173091993, "y:1": 3.2904467734723437, "y:2": 2.4552335417259847, "y:3": 3.2228598924927003, "y:4": 1.8662398274148049, "y:5": 2.755699249837164, "y:6": 3.1968784587197, "y:7": 2.930277063194554, "y:8": 3.278478761419715, "y:9": 2.7452780083590347}, "11": {"y:0": 3.3625227196712677, "y:1": 3.3090454246554963, "y:2": 2.4649720957470977, "y:3": 3.2306492194871668, "y:4": 1.8755158245468304, "y:5": 2.7489735662401777, "y:6": 3.21643383680619, "y:7": 2.925697556757382, "y:8": 3.318620363383897, "y:9": 2.754457253395667}}