{"0": {"y:0": 0.005366070440602613, "y:1": 0.009029639970337509, "y:2": 0.0657561326639896, "y:3": 0.00703310062676383, "y:4": 0.012761474406794036, "y:5": 0.003208490997430621, "y:6": 0.06429178780091564, "y:7": 0.011479977208582778, "y:8": 0.005909197214814817, "y:9": 0.005418424064081037, "y:10": 0.0070298628917500215, "y:11": 0.004373470821210044, "y:12": 0.009146268022133123, "y:13": 0.003582234876462717, "y:14": 0.0700704308016156, "y:15": 0.022995180305825494, "y:16": 0.009907408322858635, "y:17": 0.009065002766852185, "y:18": 0.003843165393037627, "y:19": 0.006509599394159403, "y:20": 0.009916798544615213, "y:21": 0.0022357427935963477, "y:22": 0.02917925018861315, "y:23": 0.0049565036783225875, "y:24": 0.020879319801640223, "y:25": 0.012691321851610234, "y:26": 0.004474847555837305, "y:27": 0.01570475091961908, "y:28": 0.002294198186188872, "y:29": 0.002636333945109973}, "1": {"y:0": 0.005275358554789243, "y:1": 0.009453862575319966, "y:2": 0.06415305362379713, "y:3": 0.006694266928881931, "y:4": 0.013112953410384811, "y:5": 0.003273064025855519, "y:6": 0.06589500827528186, "y:7": 0.009671432930735769, "y:8": 0.005917667361074393, "y:9": 0.005427230835196237, "y:10": 0.006893307643731764, "y:11": 0.004370668691806913, "y:12": 0.009224123618314093, "y:13": 0.0035795200089829135, "y:14": 0.06684755726818405, "y:15": 0.02079565852401278, "y:16": 0.009791125671541027, "y:17": 0.008931456736054338, "y:18": 0.003842020368317409, "y:19": 0.006357387559015882, "y:20": 0.009775575576984356, "y:21": 0.0022273034831227245, "y:22": 0.029802852469961935, "y:23": 0.004785016306794742, "y:24": 0.01985862028438017, "y:25": 0.012923536556367778, "y:26": 0.004427826612903129, "y:27": 0.01628739190762622, "y:28": 0.002290158365093414, "y:29": 0.0026576543945358937}, "2": {"y:0": 0.005299239212770725, "y:1": 0.010328203895906739, "y:2": 0.06286421881490202, "y:3": 0.008309209924260446, "y:4": 0.012854001902424153, "y:5": 0.003338033235478882, "y:6": 0.07219255647460547, "y:7": 0.015646051736862288, "y:8": 0.005917975825892015, "y:9": 0.005840136231768795, "y:10": 0.006940399078665809, "y:11": 0.004585036832887965, "y:12": 0.009256702601539081, "y:13": 0.003676013570992387, "y:14": 0.07146425866428019, "y:15": 0.029931888792911986, "y:16": 0.00984959401283439, "y:17": 0.009676396809779718, "y:18": 0.0038376308046883844, "y:19": 0.0067177212649141785, "y:20": 0.009821354743135953, "y:21": 0.0022587413093497037, "y:22": 0.02926984891873131, "y:23": 0.004947676259071475, "y:24": 0.020073371558447194, "y:25": 0.01526401814627075, "y:26": 0.004436209089359414, "y:27": 0.019982252408030036, "y:28": 0.002295307775939036, "y:29": 0.0026674304089389653}, "3": {"y:0": 0.005308486842453383, "y:1": 0.011427631307094507, "y:2": 0.06526089324864727, "y:3": 0.007798110993753718, "y:4": 0.012894828304772753, "y:5": 0.0034973703684845646, "y:6": 0.07307325656638929, "y:7": 0.010925748161235769, "y:8": 0.005922447196586594, "y:9": 0.005959054470075618, "y:10": 0.006958717549887793, "y:11": 0.004613860363551767, "y:12": 0.009329118510792721, "y:13": 0.0036985150404694536, "y:14": 0.0715917575528997, "y:15": 0.022791427583350617, "y:16": 0.009861893553877996, "y:17": 0.009590814645953547, "y:18": 0.0038456045627141655, "y:19": 0.006730136764293808, "y:20": 0.009897258279462641, "y:21": 0.0022511769416252085, "y:22": 0.030142047050163438, "y:23": 0.004951335777459762, "y:24": 0.020365403644117534, "y:25": 0.014928559473743426, "y:26": 0.004433816388696186, "y:27": 0.02021828356007612, "y:28": 0.0022923239563652975, "y:29": 0.0026697907405917884}, "4": {"y:0": 0.005310169179277077, "y:1": 0.011857358570437066, "y:2": 0.06788002659169058, "y:3": 0.013443738146296237, "y:4": 0.012871910684059797, "y:5": 0.003344235234040421, "y:6": 0.06918597259072083, "y:7": 0.028964750159612973, "y:8": 0.005965164246120738, "y:9": 0.00593422914387734, "y:10": 0.007004091386812413, "y:11": 0.004634693597121431, "y:12": 0.009302828344925324, "y:13": 0.00370938897910073, "y:14": 0.06579507160533696, "y:15": 0.05223440755372763, "y:16": 0.009904345579848576, "y:17": 0.009694767690174405, "y:18": 0.00385133649569443, "y:19": 0.0067593535297364145, "y:20": 0.009885044344293548, "y:21": 0.0022529635143870358, "y:22": 0.029683192609537154, "y:23": 0.004947084281256535, "y:24": 0.01991809638447507, "y:25": 0.01527623143393734, "y:26": 0.004430020525183022, "y:27": 0.021624347901907877, "y:28": 0.002291557672104962, "y:29": 0.00266899787963057}, "5": {"y:0": 0.005326340720794409, "y:1": 0.013160134388358112, "y:2": 0.0691347019775663, "y:3": 0.00784983721901345, "y:4": 0.012845838479521005, "y:5": 0.00393815275885639, "y:6": 0.0715819293116875, "y:7": 0.010119887013765344, "y:8": 0.005964639273799697, "y:9": 0.006439649797140953, "y:10": 0.007058211196512623, "y:11": 0.004896096904981535, "y:12": 0.009264340994564248, "y:13": 0.003839711362861375, "y:14": 0.07397100768959325, "y:15": 0.01927344997026114, "y:16": 0.00986442505664059, "y:17": 0.01005578535281791, "y:18": 0.003851280399377602, "y:19": 0.006895308441149157, "y:20": 0.009900918070494692, "y:21": 0.002263475233633293, "y:22": 0.029796762343970017, "y:23": 0.005018195191815974, "y:24": 0.020084337285823182, "y:25": 0.015171764277620289, "y:26": 0.004429889303447879, "y:27": 0.022422094605847806, "y:28": 0.0022951666947081447, "y:29": 0.002686300003699253}, "6": {"y:0": 0.00529177577991729, "y:1": 0.013172269500059336, "y:2": 0.06957928653549678, "y:3": 0.035743290765614784, "y:4": 0.012766595562669097, "y:5": 0.003324539841609624, "y:6": 0.07024911765385006, "y:7": 0.05453202847619605, "y:8": 0.005941186258832325, "y:9": 0.0059182419585471, "y:10": 0.007081871135568329, "y:11": 0.004571698206598722, "y:12": 0.00923591312438076, "y:13": 0.0036739438951042904, "y:14": 0.0656005134583604, "y:15": 0.0646124292279164, "y:16": 0.009935521281053397, "y:17": 0.009578071610870202, "y:18": 0.0038509103282741244, "y:19": 0.006726760006297292, "y:20": 0.009842153820688846, "y:21": 0.0022511496001206563, "y:22": 0.029212275014869754, "y:23": 0.004939921646384382, "y:24": 0.020786073397836648, "y:25": 0.015177365675206925, "y:26": 0.00445353688099726, "y:27": 0.02103543258552922, "y:28": 0.0022942712248480717, "y:29": 0.0026648516270208005}, "7": {"y:0": 0.005268342652035454, "y:1": 0.011585745719975036, "y:2": 0.07036680991199451, "y:3": 0.007631404723221486, "y:4": 0.012843590372264034, "y:5": 0.003507150126155221, "y:6": 0.07379750366435797, "y:7": 0.011215248901081132, "y:8": 0.005947327070563589, "y:9": 0.006067191809119829, "y:10": 0.007001358429920739, "y:11": 0.00466162858131256, "y:12": 0.009161201244818295, "y:13": 0.003720358043087194, "y:14": 0.07563991280796425, "y:15": 0.0238593279814949, "y:16": 0.009912098736096745, "y:17": 0.009680392431970497, "y:18": 0.003853646836710789, "y:19": 0.006676026392675528, "y:20": 0.009899898798316693, "y:21": 0.0022586035079589814, "y:22": 0.031279063253943105, "y:23": 0.00498586648847178, "y:24": 0.020562135054279645, "y:25": 0.01560175295190462, "y:26": 0.004435845181987033, "y:27": 0.020280776115621506, "y:28": 0.002286704120494251, "y:29": 0.0026721936245762655}, "8": {"y:0": 0.005263044690202186, "y:1": 0.012255342665513385, "y:2": 0.07385461923525768, "y:3": 0.031243190449984477, "y:4": 0.012786154399529811, "y:5": 0.003315237251459433, "y:6": 0.07329447002399711, "y:7": 0.05032409465470169, "y:8": 0.005950677263480363, "y:9": 0.005880785962387397, "y:10": 0.0069105035057245995, "y:11": 0.004589107412922358, "y:12": 0.009280825772917967, "y:13": 0.003695673480846482, "y:14": 0.0720856335074157, "y:15": 0.06523026734957103, "y:16": 0.009816345457572, "y:17": 0.009707977217649781, "y:18": 0.0038583394459619303, "y:19": 0.0066573730260997, "y:20": 0.009923341607368285, "y:21": 0.002251417636241742, "y:22": 0.02862570090497174, "y:23": 0.0049378189247186914, "y:24": 0.020033542656934755, "y:25": 0.014836693618581327, "y:26": 0.004463396228613252, "y:27": 0.020816522951963037, "y:28": 0.0022947823294307856,