{"0": {"y:0": 76.14620119095086, "y:1": 7.491254630031307, "y:2": 5.669690910722395, "y:3": 4.769027695476071, "y:4": 4.390053744319279, "y:5": 3.990151911745533, "y:6": 3.929050689469201, "y:7": 3.8529049630993097, "y:8": 3.6868512271091323, "y:9": 3.7065249245992}, "1": {"y:0": 71.37563082563364, "y:1": 7.3336802070135825, "y:2": 5.766980282152652, "y:3": 4.9270102821214445, "y:4": 4.3833483742596275, "y:5": 4.077157670990709, "y:6": 3.862967079264432, "y:7": 3.6358022745703216, "y:8": 3.6561519014190593, "y:9": 3.4381718467669495}, "2": {"y:0": 72.88704157947494, "y:1": 13.987637126578816, "y:2": 10.268220513712267, "y:3": 8.606458038124577, "y:4": 7.5886297768241215, "y:5": 7.260603642478181, "y:6": 6.8113685702843885, "y:7": 6.364627770524951, "y:8": 6.117089033043547, "y:9": 6.085973449963887}, "3": {"y:0": 71.63214652186564, "y:1": 9.584106308321964, "y:2": 8.425349548714259, "y:3": 7.715160283338591, "y:4": 7.484272162466463, "y:5": 7.201505389696451, "y:6": 6.839239301769516, "y:7": 6.6432820872016745, "y:8": 6.616950758249601, "y:9": 6.409770044090995}, "4": {"y:0": 73.66755330041165, "y:1": 9.612688504131599, "y:2": 9.913499623539089, "y:3": 10.670712568401878, "y:4": 10.590045600584096, "y:5": 10.122094325393897, "y:6": 9.675107715666474, "y:7": 9.437704508157806, "y:8": 9.046056685199215, "y:9": 8.617468693314898}, "5": {"y:0": 74.92395161239051, "y:1": 10.56377585525082, "y:2": 11.256925185818352, "y:3": 11.902321272180592, "y:4": 12.513216543206434, "y:5": 12.10740265552135, "y:6": 11.660218518272963, "y:7": 11.065067809705669, "y:8": 10.623724472921253, "y:9": 10.03163565530756}, "6": {"y:0": 73.02500363245123, "y:1": 11.57363101161893, "y:2": 11.673945981543632, "y:3": 13.19442916218495, "y:4": 14.469723685533069, "y:5": 14.616526582745129, "y:6": 14.019542427513965, "y:7": 13.46624967612695, "y:8": 12.912982910784072, "y:9": 12.144818186586715}, "7": {"y:0": 76.36118999507168, "y:1": 16.234012676093514, "y:2": 15.163700432399489, "y:3": 17.280110995951325, "y:4": 18.65692330301235, "y:5": 17.98095877462381, "y:6": 16.803396276165493, "y:7": 16.231680892015216, "y:8": 15.643684268790066, "y:9": 14.33007097262658}, "8": {"y:0": 76.57221703917408, "y:1": 23.04774422004663, "y:2": 20.442073488781432, "y:3": 24.749533524413902, "y:4": 28.79357273101342, "y:5": 29.11720123490638, "y:6": 27.888496689088395, "y:7": 25.96776379498282, "y:8": 23.976964570362398, "y:9": 21.57091995925314}, "9": {"y:0": 73.1250938225544, "y:1": 33.96423635115701, "y:2": 28.843077216504238, "y:3": 32.296260369053634, "y:4": 37.819783151049286, "y:5": 40.83835041851475, "y:6": 38.18196109290833, "y:7": 36.32914828026681, "y:8": 31.645945911784096, "y:9": 28.787292355353504}, "10": {"y:0": 77.92154927656362, "y:1": 38.71350344136389, "y:2": 34.56393941868911, "y:3": 38.20794247158256, "y:4": 45.918615985184765, "y:5": 49.091079094739406, "y:6": 48.696268196583326, "y:7": 45.908744308263884, "y:8": 43.21843268007799, "y:9": 39.23581474005431}, "11": {"y:0": 72.15802020868712, "y:1": 46.27037105794863, "y:2": 43.40934050133273, "y:3": 46.817640477660206, "y:4": 52.64788171499374, "y:5": 51.547080063298985, "y:6": 53.343945474818064, "y:7": 49.049370931924905, "y:8": 44.649569816637474, "y:9": 42.18553751522301}, "12": {"y:0": 74.31901671546642, "y:1": 51.77311983755019, "y:2": 44.59371716145726, "y:3": 48.38274483824268, "y:4": 55.99204061799403, "y:5": 59.12329220102962, "y:6": 58.658134742270455, "y:7": 54.23636999572924, "y:8": 52.73592634124278, "y:9": 50.654251674797784}, "13": {"y:0": 74.49534965757461, "y:1": 55.22956505868408, "y:2": 51.916388394276325, "y:3": 55.8213614860298, "y:4": 60.80330311006418, "y:5": 60.0353261041273, "y:6": 60.718530800706716, "y:7": 60.10468021772384, "y:8": 55.19464653054427, "y:9": 52.356037639374286}, "14": {"y:0": 74.88585283355235, "y:1": 57.50041733022784, "y:2": 52.97228191859636, "y:3": 55.37141766313516, "y:4": 60.02324842199974, "y:5": 59.1813143399504, "y:6": 56.023198098247995, "y:7": 53.81812822386923, "y:8": 50.08695247465159, "y:9": 48.04786150678385}, "15": {"y:0": 74.49802116024418, "y:1": 58.07608509562798, "y:2": 55.82595576732584, "y:3": 58.13038472507124, "y:4": 61.221196231206804, "y:5": 62.10929766859189, "y:6": 61.13178000535542, "y:7": 59.47065556823948, "y:8": 57.95422203852971, "y:9": 54.79538432289991}, "16": {"y:0": 74.41458948143472, "y:1": 57.39897438641503, "y:2": 54.788610950198525, "y:3": 57.03119697655203, "y:4": 61.76052304384073, "y:5": 63.90977907047837, "y:6": 63.48740611771083, "y:7": 61.37964707403487, "y:8": 59.08052953233205, "y:9": 56.73044791339749}, "17": {"y:0": 73.55240774364918, "y:1": 61.623798865354104, "y:2": 57.23916008279257, "y:3": 60.42888828074069, "y:4": 62.31182657595193, "y:5": 63.278205865971536, "y:6": 62.36574840254854, "y:7": 60.609159457008, "y:8": 58.36385164865881, "y:9": 56.46366771609308}, "18": {"y:0": 74.16057722607525, "y:1": 62.72682765839104, "y:2": 58.435343767844685, "y:3": 60.32519151726188, "y:4": 63.40746802740181, "y:5": 64.07659935242869, "y:6": 63.59846385504449, "y:7": 61.90840261317624, "y:8": 58.78526579616795, "y:9": 57.01623638439249}, "19": {"y:0": 73.91295021578277, "y:1": 62.81601620667913, "y:2": 60.42512731880134, "y:3": 62.72402217314251, "y:4": 64.86880749152701, "y:5": 64.77217524012963, "y:6": 62.90488890732933, "y:7": 60.0067644884539, "y:8": 57.34343279049782, "y:9": 54.78085354913838}}