{"0": {"y:0": 0.0064410359186650576, "y:1": 0.009884121776625975, "y:2": 0.0035047902909253036, "y:3": 0.003697920569748737, "y:4": 0.01929190801232008, "y:5": 0.0032907673098956838, "y:6": 0.021885672179452635, "y:7": 0.006560005628835327, "y:8": 0.060611943859324786, "y:9": 0.010234675953906864, "y:10": 0.0028632819334945578, "y:11": 0.0054805737283877285, "y:12": 0.01374634161836444, "y:13": 0.0023771443623662983, "y:14": 0.027371020576585768, "y:15": 0.005095404804269206, "y:16": 0.020392139845781587, "y:17": 0.01047177423148277, "y:18": 0.005173498682690168, "y:19": 0.010877166960011729, "y:20": 0.0030842723401047992, "y:21": 0.00288128273100148, "y:22": 0.03045478424249274, "y:23": 0.002846562481665107, "y:24": 0.019462148688434277, "y:25": 0.006584409637017426, "y:26": 0.008277896478809596, "y:27": 0.01374071479348823, "y:28": 0.002800915102769077, "y:29": 0.005373603989065818}, "1": {"y:0": 0.006447791298994522, "y:1": 0.010149331487911166, "y:2": 0.003482173858399534, "y:3": 0.003504430694064597, "y:4": 0.019482842897906152, "y:5": 0.0031499048001248473, "y:6": 0.022405346223815764, "y:7": 0.006315798669919417, "y:8": 0.06777977826776166, "y:9": 0.011251977173388153, "y:10": 0.002843847452823978, "y:11": 0.0053520967889908065, "y:12": 0.013563480477976805, "y:13": 0.002372166871978026, "y:14": 0.027628310095594962, "y:15": 0.0050833738312311035, "y:16": 0.02044870045372554, "y:17": 0.011074330163766972, "y:18": 0.005140849576777463, "y:19": 0.011250149287668466, "y:20": 0.003076250203063844, "y:21": 0.002896638249602328, "y:22": 0.03132029282717645, "y:23": 0.0028402476682187696, "y:24": 0.020050074835042578, "y:25": 0.0065318051456986085, "y:26": 0.008201799055607474, "y:27": 0.014568076929056905, "y:28": 0.0028092322252182165, "y:29": 0.005440291749631767}, "2": {"y:0": 0.00643810178780251, "y:1": 0.015278097337739941, "y:2": 0.003489500584771681, "y:3": 0.005382971673287206, "y:4": 0.018847601373640683, "y:5": 0.004738979321199836, "y:6": 0.022519403975392777, "y:7": 0.01911533854730434, "y:8": 0.07686948174321964, "y:9": 0.006998116939229699, "y:10": 0.002837511910245571, "y:11": 0.009602425955248255, "y:12": 0.013611845721109357, "y:13": 0.002841848429676443, "y:14": 0.028394088567733036, "y:15": 0.007334902698849499, "y:16": 0.020550018948200542, "y:17": 0.010289421679661464, "y:18": 0.005126001545986636, "y:19": 0.010319668547821459, "y:20": 0.0030704928381531187, "y:21": 0.0032395382288307826, "y:22": 0.032165464642807874, "y:23": 0.0031266633827885713, "y:24": 0.019579623177288688, "y:25": 0.007965028761541223, "y:26": 0.008293901834401428, "y:27": 0.010217010457509064, "y:28": 0.002804791732736897, "y:29": 0.006047165936308857}, "3": {"y:0": 0.0064688428140027105, "y:1": 0.015660294982120668, "y:2": 0.003491768528292571, "y:3": 0.005685066224448109, "y:4": 0.019063663019821472, "y:5": 0.0051562098597024925, "y:6": 0.02259559309873745, "y:7": 0.029139189126263666, "y:8": 0.07189912156808269, "y:9": 0.007145973588861345, "y:10": 0.002843257848817833, "y:11": 0.012995734341848914, "y:12": 0.013353956812494286, "y:13": 0.0030673977511531544, "y:14": 0.028016740749058307, "y:15": 0.00947723756528237, "y:16": 0.020606181066155315, "y:17": 0.014025552416961596, "y:18": 0.005144617724876758, "y:19": 0.013675160356082613, "y:20": 0.003070122410126402, "y:21": 0.0036047596263347895, "y:22": 0.03237396817799556, "y:23": 0.00350460042269296, "y:24": 0.01993504372897358, "y:25": 0.010634390077671195, "y:26": 0.008266032369484458, "y:27": 0.012245956704374802, "y:28": 0.00280915463735316, "y:29": 0.007470914676427227}, "4": {"y:0": 0.006435980279391879, "y:1": 0.015217835511381816, "y:2": 0.003481503051566459, "y:3": 0.006075132673463519, "y:4": 0.01935922118449288, "y:5": 0.0056705138801197855, "y:6": 0.022477443787241147, "y:7": 0.05316997916510996, "y:8": 0.07531624321438381, "y:9": 0.006868295083690981, "y:10": 0.0028448707225030147, "y:11": 0.020882539727072442, "y:12": 0.01377955134467845, "y:13": 0.0034209952120230268, "y:14": 0.0287846885802173, "y:15": 0.014408263080627497, "y:16": 0.020526642358780624, "y:17": 0.014801162382039088, "y:18": 0.005146006259497309, "y:19": 0.015859673044267077, "y:20": 0.003083193093541317, "y:21": 0.004287524628941628, "y:22": 0.03215603200996028, "y:23": 0.004148400276305218, "y:24": 0.019460809587395003, "y:25": 0.022689653419610746, "y:26": 0.00824869592553916, "y:27": 0.01236865744544705, "y:28": 0.002802856970805649, "y:29": 0.011798575293613695}, "5": {"y:0": 0.006485456219272375, "y:1": 0.015246911800567664, "y:2": 0.003481711071100448, "y:3": 0.006033728256626658, "y:4": 0.01900104285977088, "y:5": 0.005641823526795182, "y:6": 0.022618868416938033, "y:7": 0.052487155793975025, "y:8": 0.07527083981011991, "y:9": 0.0068677371850692686, "y:10": 0.0028413206105610423, "y:11": 0.019949659318287145, "y:12": 0.01355778850666401, "y:13": 0.003401063508996349, "y:14": 0.02856658832768457, "y:15": 0.013718353366759972, "y:16": 0.020230856719726697, "y:17": 0.015222978282302945, "y:18": 0.0051367461793369274, "y:19": 0.0164989693255228, "y:20": 0.003080606839766413, "y:21": 0.004272691424366618, "y:22": 0.03298563208157963, "y:23": 0.004105205646771521, "y:24": 0.019789739163882027, "y:25": 0.02102820692729367, "y:26": 0.00824192176987729, "y:27": 0.012666175261693165, "y:28": 0.0028064900356029264, "y:29": 0.011658071760969274}, "6": {"y:0": 0.006477665451254947, "y:1": 0.014905339957474627, "y:2": 0.0034834509763262697, "y:3": 0.006191798078858584, "y:4": 0.01917739051600936, "y:5": 0.005834815290682689, "y:6": 0.022447866077085, "y:7": 0.05695330202507936, "y:8": 0.07293388384844865, "y:9": 0.006701137955245084, "y:10": 0.002843231030486377, "y:11": 0.026006224932229486, "y:12": 0.01371487968400039, "y:13": 0.0035411186500171276, "y:14": 0.027637975545315708, "y:15": 0.017135707022053578, "y:16": 0.020363143105320416, "y:17": 0.013965972333870856, "y:18": 0.005134062302281899, "y:19": 0.014949114398109475, "y:20": 0.003080259322124244, "y:21": 0.004628755210192996, "y:22": 0.03286921468830287, "y:23": 0.004448163463493203, "y:24": 0.019621649891181005, "y:25": 0.036588079102973285, "y:26": 0.008244176094401057, "y:27": 0.011504509020008779, "y:28": 0.0028101027278923086, "y:29": 0.015800216435418034}, "7": {"y:0": 0.006475643962038034, "y:1": 0.015010829557456582, "y:2": 0.0034869710547744334, "y:3": 0.00617676175190393, "y:4": 0.019225319981051234, "y:5": 0.005820723585261341, "y:6": 0.02262551335708891, "y:7": 0.05895994899400384, "y:8": 0.07456316865390879, "y:9": 0.006687987428720671, "y:10": 0.002838975976429728, "y:11": 0.02450588128880756, "y:12": 0.013557825528761445, "y:13": 0.003522402543961706, "y:14": 0.027492760505531247, "y:15": 0.016368729708128124, "y:16": 0.02036405493371231, "y:17": 0.014071536676092889, "y:18": 0.0051488241781511975, "y:19": 0.01544589959183471, "y:20": 0.003079793390694371, "y:21": 0.004564824959773437, "y:22": 0.032865761935015524, "y:23": 0.00439322481666345, "y:24": 0.019641890254791405, "y:25": 0.03169661409629087, "y:26": 0.00825811415262048, "y:27": 0.011853146279313437, "y:28": 0.0028082607568687863, "y:29": 0.01498728450337402}, "8": {"y:0": 0.006496485042581036, "y:1": 0.0147154994684205, "y:2": 0.0034870581113916528, "y:3": 0.00626613581419841, "y:4": 0.01928529042575422, "y:5": 0.005899760172776636, "y:6": 0.022303844381246263, "y:7": 0.0540407196097101, "y:8": 0.07728952570013028, "y:9": 0.006545698472020045, "y:10": 0.0028411288658340334, "y:11": 0.028409531524168016, "y:12": 0.013602744380644507, "y:13": 0.0035947217374699, "y:14": 0.027493663981242332, "y:15": 0.0186796888265669, "y:16": 0.020246222563657965, "y:17": 0.013209287397247985, "y:18": 0.005153188689606422, "y:19": 0.014139208626794573, "y:20": 0.003078461895849869, "y:21": 0.004757444306940382, "y:22": 0.03258923350099763, "y:23": 0.004606696275445405, "y:24": 0.01967496019945323, "y:25": 0.04532713120632259, "y:26": 0.00829311031045144, "y:27": 0.010955514153313268,