{"0": {"y:0": 35.26094423265479, "y:1": 2.9845130991897264, "y:2": 1.978723484935624, "y:3": 1.6144180118908689, "y:4": 1.5113525444435965, "y:5": 1.4407833431486756, "y:6": 1.3521289712453135, "y:7": 1.2896619022071256, "y:8": 1.3221525283711495, "y:9": 1.2884088577056065}, "1": {"y:0": 37.37605180518022, "y:1": 3.2268672677886157, "y:2": 2.1538245341369726, "y:3": 1.7251766032116116, "y:4": 1.595976725120654, "y:5": 1.5071786338342454, "y:6": 1.410684433193203, "y:7": 1.330542818990286, "y:8": 1.3371368239979413, "y:9": 1.3039283278316278}, "2": {"y:0": 35.585626456131735, "y:1": 5.41733477475786, "y:2": 3.3772670961642577, "y:3": 2.62284284632328, "y:4": 2.4855730214127125, "y:5": 2.288943193161393, "y:6": 2.150078676438494, "y:7": 1.9574145378067003, "y:8": 2.055014875546801, "y:9": 2.0031535961356792}, "3": {"y:0": 36.70714443461075, "y:1": 5.604542595206207, "y:2": 3.8623453181390213, "y:3": 3.117758354635566, "y:4": 2.9617539833897344, "y:5": 2.7821052216486435, "y:6": 2.6244682212262123, "y:7": 2.3673221900520947, "y:8": 2.5315223749554225, "y:9": 2.42365265299572}, "4": {"y:0": 38.22367499084124, "y:1": 6.227296921636623, "y:2": 5.44190366957589, "y:3": 4.601705162585715, "y:4": 4.431223287437832, "y:5": 4.106435034306928, "y:6": 3.7558537021872076, "y:7": 3.31821503650753, "y:8": 3.479700354221427, "y:9": 3.324592177077795}, "5": {"y:0": 37.56472697131561, "y:1": 8.122338506385866, "y:2": 6.753466424793104, "y:3": 5.926151165347026, "y:4": 5.8033786595335455, "y:5": 5.29796937264616, "y:6": 4.788863245378881, "y:7": 4.23018981119512, "y:8": 4.239622386423301, "y:9": 3.918874441005302}, "6": {"y:0": 36.35078629292141, "y:1": 11.839127897455395, "y:2": 9.10887736643595, "y:3": 7.983519370790532, "y:4": 8.80279342931762, "y:5": 8.589385538030516, "y:6": 7.937319505929782, "y:7": 7.123859803383791, "y:8": 6.244141837027697, "y:9": 5.727482218653258}, "7": {"y:0": 38.00269457748708, "y:1": 14.277286815598247, "y:2": 11.48974669660632, "y:3": 10.156712698984503, "y:4": 12.670244431477805, "y:5": 12.016923055578609, "y:6": 11.08694264217904, "y:7": 9.52228451140288, "y:8": 7.26052839190148, "y:9": 6.303780380761448}, "8": {"y:0": 36.34604762709589, "y:1": 17.12619203586334, "y:2": 13.857721968894527, "y:3": 13.014840097142288, "y:4": 16.237183288806463, "y:5": 15.740634396521187, "y:6": 14.585095745529056, "y:7": 12.700127542571899, "y:8": 9.56556318304099, "y:9": 8.511961514803076}, "9": {"y:0": 38.118128241197674, "y:1": 20.541100732604782, "y:2": 17.718534439272645, "y:3": 16.363305363862732, "y:4": 22.050545917320132, "y:5": 20.785329825392378, "y:6": 19.891001655592945, "y:7": 15.040691034017577, "y:8": 12.5704249819127, "y:9": 11.820637127216067}, "10": {"y:0": 36.498750337836206, "y:1": 24.38633729132751, "y:2": 20.442387296024226, "y:3": 19.05225965013945, "y:4": 23.889854957172574, "y:5": 24.822331600020107, "y:6": 23.43126064349979, "y:7": 15.951280746016863, "y:8": 16.41188698645374, "y:9": 16.051423612801273}, "11": {"y:0": 36.86876023183705, "y:1": 26.904593123218405, "y:2": 23.805870362907243, "y:3": 20.902202334427326, "y:4": 27.0771542312514, "y:5": 28.312696186319105, "y:6": 26.748445309749766, "y:7": 16.274783075527367, "y:8": 19.878276396571774, "y:9": 19.451510538724147}, "12": {"y:0": 37.99431325081121, "y:1": 29.2267483744162, "y:2": 26.171739395284806, "y:3": 22.94924769027181, "y:4": 28.751681195087674, "y:5": 29.39419907795202, "y:6": 28.989947771022077, "y:7": 16.16275696140035, "y:8": 22.34685596073335, "y:9": 22.708893997014304}, "13": {"y:0": 37.60410810351913, "y:1": 29.742495767685494, "y:2": 27.821558496749013, "y:3": 23.570758769664625, "y:4": 29.09675234831373, "y:5": 29.959259512238216, "y:6": 30.079764883709338, "y:7": 15.97297020940461, "y:8": 25.836998001371523, "y:9": 26.011432476377166}, "14": {"y:0": 36.7717993097945, "y:1": 29.757846002423054, "y:2": 29.219521048253768, "y:3": 24.980684411147273, "y:4": 30.230471272485484, "y:5": 30.477567145617787, "y:6": 31.187279220424013, "y:7": 15.434738017187069, "y:8": 25.895126494719488, "y:9": 26.089413292954426}, "15": {"y:0": 37.137739413487616, "y:1": 30.6577676075041, "y:2": 29.29600596846773, "y:3": 25.232515713246407, "y:4": 27.554750472543216, "y:5": 27.653230193495222, "y:6": 28.035104014173015, "y:7": 16.135561841873628, "y:8": 23.815891098720268, "y:9": 24.178146005540153}, "16": {"y:0": 37.52958776330007, "y:1": 30.87603971667666, "y:2": 29.74460742571109, "y:3": 25.75301284901032, "y:4": 30.774618371223994, "y:5": 31.863863004654753, "y:6": 32.82948297130195, "y:7": 16.136085989028444, "y:8": 28.690615446493336, "y:9": 29.357868312143115}}