{"0": {"y:0": 0.11217985096036366, "y:1": 0.02481282979351849, "y:2": 0.11139085646980539, "y:3": 0.017009002180050716, "y:4": 0.11860267122198025, "y:5": 0.01525117877963842, "y:6": 0.13784752181797819, "y:7": 0.017045714843013066, "y:8": 0.12204803328682472, "y:9": 0.019115068517234532, "y:10": 0.13816328314873752, "y:11": 0.019908368718540764, "y:12": 0.1327257543058451, "y:13": 0.02523274107067449, "y:14": 0.13916053026028452, "y:15": 0.02644807479479957, "y:16": 0.13367950736705353, "y:17": 0.029080447296647393, "y:18": 0.14152116284989563, "y:19": 0.036422764435843, "y:20": 0.13640117326084827, "y:21": 0.038175803946450856, "y:22": 0.12698576933800157, "y:23": 0.038500724415240786, "y:24": 0.12541352977965065, "y:25": 0.04118530633492191, "y:26": 0.12851776484607758, "y:27": 0.04495457619831489, "y:28": 0.13410223661580956, "y:29": 0.044528712551689845, "y:30": 0.1304173227086468, "y:31": 0.046912947671210424}, "1": {"y:0": 0.12258327509717315, "y:1": 0.03084981844579766, "y:2": 0.12464756801975095, "y:3": 0.020394571780773117, "y:4": 0.13241072119574956, "y:5": 0.015900750210861125, "y:6": 0.12664742152700276, "y:7": 0.015271484736748699, "y:8": 0.12439841506571668, "y:9": 0.016216274077370103, "y:10": 0.1327614508275411, "y:11": 0.017548682902448983, "y:12": 0.14298047138798375, "y:13": 0.018995966010343413, "y:14": 0.1395307953211905, "y:15": 0.021396554093054174, "y:16": 0.12999752792031813, "y:17": 0.025700704134700356, "y:18": 0.13309742130337188, "y:19": 0.026782625411763614, "y:20": 0.1397751106112826, "y:21": 0.0294153685707448, "y:22": 0.13238254846477707, "y:23": 0.031986490874958466, "y:24": 0.1346565881880229, "y:25": 0.032836450478397776, "y:26": 0.12311895990668195, "y:27": 0.03486259554748113, "y:28": 0.1300811769632606, "y:29": 0.039023879659068235, "y:30": 0.13205710374557664, "y:31": 0.04055578649061312}, "2": {"y:0": 0.11491961756475556, "y:1": 0.07224148090212529, "y:2": 0.12682657606523076, "y:3": 0.06502797939642153, "y:4": 0.12862039331057165, "y:5": 0.0554111645805419, "y:6": 0.13335175320878428, "y:7": 0.04933675806121554, "y:8": 0.13283871190319776, "y:9": 0.044864471072423376, "y:10": 0.13441162347992325, "y:11": 0.041560357615737946, "y:12": 0.13359817610500704, "y:13": 0.03686326863886125, "y:14": 0.13744129715466402, "y:15": 0.03487223940159941, "y:16": 0.12398773496657703, "y:17": 0.03118416216122824, "y:18": 0.12829152260381732, "y:19": 0.030557842415268942, "y:20": 0.13770630732834085, "y:21": 0.0289183771108053, "y:22": 0.13276171443945728, "y:23": 0.026480526318973234, "y:24": 0.13178406833982406, "y:25": 0.026079068212249444, "y:26": 0.12182347951503447, "y:27": 0.024744754576883857, "y:28": 0.12573205314620672, "y:29": 0.023871259267038467, "y:30": 0.12852457637988796, "y:31": 0.023195207105288683}, "3": {"y:0": 0.09152271159595805, "y:1": 0.0560696718130913, "y:2": 0.10651488321283294, "y:3": 0.05554961159141602, "y:4": 0.11887662825181573, "y:5": 0.04700554847112838, "y:6": 0.11319920093480469, "y:7": 0.041546016855002664, "y:8": 0.11477637617070918, "y:9": 0.038833378952086904, "y:10": 0.10855653915113393, "y:11": 0.03477338442568491, "y:12": 0.11326655636678275, "y:13": 0.03413693810113551, "y:14": 0.11454917261000815, "y:15": 0.03143879562692555, "y:16": 0.12018095665917002, "y:17": 0.030242197191545687, "y:18": 0.1250468197433904, "y:19": 0.029514428810329656, "y:20": 0.11467143803498436, "y:21": 0.02769122616906905, "y:22": 0.11023494647892672, "y:23": 0.026399191265048246, "y:24": 0.1186322587358795, "y:25": 0.02628796986948928, "y:26": 0.12088528735791937, "y:27": 0.02527293792524217, "y:28": 0.1094656010428855, "y:29": 0.02333049844350716, "y:30": 0.11648231537731021, "y:31": 0.022773559958333668}, "4": {"y:0": 0.06919006698981181, "y:1": 0.03710315294064061, "y:2": 0.08463100385182015, "y:3": 0.031458095618613, "y:4": 0.09148970907402461, "y:5": 0.02683347454698555, "y:6": 0.09440063682768612, "y:7": 0.02380108057129108, "y:8": 0.09259753016429775, "y:9": 0.022525000644344022, "y:10": 0.09625759395056932, "y:11": 0.020177680283029176, "y:12": 0.09670542788644779, "y:13": 0.019684432410489613, "y:14": 0.09562338494985671, "y:15": 0.0188423197673791, "y:16": 0.0975050801774061, "y:17": 0.018078666460741497, "y:18": 0.09526739472519831, "y:19": 0.017700917854995016, "y:20": 0.09419039802507834, "y:21": 0.01722319471228217, "y:22": 0.09642845380483282, "y:23": 0.01659699307546858, "y:24": 0.09489542268571462, "y:25": 0.015685522097228385, "y:26": 0.0953393329410817, "y:27": 0.016262206254452703, "y:28": 0.09186474703344286, "y:29": 0.01623309786261077, "y:30": 0.08891446297493838, "y:31": 0.01638725796979587}, "5": {"y:0": 0.05509989113615196, "y:1": 0.017666323189256074, "y:2": 0.05067009677266338, "y:3": 0.024272162229750874, "y:4": 0.04757360825558964, "y:5": 0.031565604988068534, "y:6": 0.047168457567589916, "y:7": 0.035488040986474734, "y:8": 0.04526485254433561, "y:9": 0.03780940013170075, "y:10": 0.046017855090747226, "y:11": 0.040545113152763636, "y:12": 0.04222980554957125, "y:13": 0.04201816566526713, "y:14": 0.04188150027388431, "y:15": 0.043954909346577455, "y:16": 0.0399355760663355, "y:17": 0.04668002413018641, "y:18": 0.039957761349173566, "y:19": 0.04488301197855768, "y:20": 0.03922186467653237, "y:21": 0.04916342185839581, "y:22": 0.03951842437398173, "y:23": 0.05112143778385721, "y:24": 0.03674868021868523, "y:25": 0.054100001894725164, "y:26": 0.03798494030016515, "y:27": 0.05185341726600908, "y:28": 0.037101100120837185, "y:29": 0.05699776834237672, "y:30": 0.03677851341049666, "y:31": 0.057629613875033465}, "6": {"y:0": 0.07641068002454876, "y:1": 0.039776627646479955, "y:2": 0.06891876472806242, "y:3": 0.055341843025030105, "y:4": 0.06742718570353079, "y:5": 0.0611333604604485, "y:6": 0.05795248493984559, "y:7": 0.06859322979928438, "y:8": 0.05395584015998924, "y:9": 0.06698314468302263, "y:10": 0.04656527430965025, "y:11": 0.06856895713309918, "y:12": 0.04399786039221893, "y:13": 0.07868227582370235, "y:14": 0.045503157768754625, "y:15": 0.07776408179147695, "y:16": 0.04084672799509152, "y:17": 0.07361973659290433, "y:18": 0.03443261274701878, "y:19": 0.07891406420403607, "y:20": 0.032133841704043625, "y:21": 0.07648548189769026, "y:22": 0.030315682873220475, "y:23": 0.07440695541011197, "y:24": 0.027579031843819102, "y:25": 0.08065978938997895, "y:26": 0.02441005751267446, "y:27": 0.0894761831270702, "y:28": 0.023476062778951586, "y:29": 0.0934497063993643, "y:30": 0.023852118625015496, "y:31": 0.09366787332318006}, "7": {"y:0": 0.04214488164177182, "y:1": 0.013271845647995387, "y:2": 0.04560241809295795, "y:3": 0.009614424752129246, "y:4": 0.052876510974276314, "y:5": 0.010283415699441602, "y:6": 0.054250422643594864, "y:7": 0.011375635856929378, "y:8": 0.05552435462270363, "y:9": 0.012811541732022425, "y:10": 0.05733552874331353, "y:11": 0.01313879413911504, "y:12": 0.059261471249893435, "y:13": 0.015251091558413086, "y:14": 0.057057278514019795, "y:15": 0.017412544390454286, "y:16": 0.05434329890995692, "y:17": 0.020133335984161206, "y:18": 0.05635625208567373, "y:19": 0.020590408607249727, "y:20": 0.060207542083951994, "y:21": 0.022829906064672622, "y:22": 0.05927889946839347, "y:23": 0.02641403046737172, "y:24": 0.05966980664015005, "y:25": 0.02855655533961219, "y:26": 0.06137937444016551, "y:27": 0.03345032849658449, "y:28": 0.06437920738868454, "y:29": 0.0341690326642667, "y:30": 0.06201664699606945, "y:31": 0.03726711885225887}, "8": {"y:0": 0.03887162036506808, "y:1": 0.02611523411495264, "y:2": 0.035781286680361665, "y:3": 0.016263384060874922, "y:4": 0.04385400479081156, "y:5": 0.015397604624426617, "y:6": 0.048627431828579606, "y:7": 0.015928035243306334, "y:8": 0.0505683575197146, "y:9": 0.016281969869882493, "y:10": 0.0553442738635905, "y:11": 0.016040542836116, "y:12": 0.05408449244585077, "y:13": 0.017399508211131724, "y:14": 0.05482912987710986, "y:15": 0.01734601169538173, "y:16": 0.05486097528328345, "y:17": 0.016943846035130133,