{"13": {"y:0": 0.049986125920844275, "y:1": 0.11424700748660366, "y:2": 0.060004759971625986, "y:3": 0.04008861541690416, "y:4": 0.07019534974454873, "y:5": 0.07068751785037392, "y:6": 0.1478251123545613, "y:7": 0.09350934247403472, "y:8": 0.06683171449534941, "y:9": 0.07547800466112732, "y:10": 0.0977820603256101, "y:11": 0.0705698123519671, "y:12": 0.07934386267474491, "y:13": 0.08457579855887275, "y:14": 0.12798976473101403, "y:15": 0.14348913043724737, "y:16": 0.10353606732480189, "y:17": 0.09090675466459411, "y:18": 0.11314041296559642, "y:19": 0.05719869942363605, "y:20": 0.15024303357386795, "y:21": 0.11477751746227605, "y:22": 0.09872990865196653, "y:23": 0.18114721710457446, "y:24": 0.07085129431829311, "y:25": 0.1297297316346233, "y:26": 0.07789743772324795, "y:27": 0.10459421770477852, "y:28": 0.04234827030769481, "y:29": 0.050509077979606506, "y:30": 0.17322886199584536, "y:31": 0.048557517709167386}}