{"0": {"y:0": 0.13175377893318355, "y:1": 0.02388891550577809, "y:2": 0.12815394598424085, "y:3": 0.015866709231536262, "y:4": 0.13449140024569428, "y:5": 0.01521303143596452, "y:6": 0.13713674957923574, "y:7": 0.01768659143265892, "y:8": 0.13763250583470288, "y:9": 0.020407508775881468, "y:10": 0.14985219697871863, "y:11": 0.02535497846522075, "y:12": 0.13173435751484655, "y:13": 0.029831702230836858, "y:14": 0.12118574385566246, "y:15": 0.029072305241107894, "y:16": 0.13661931097638214, "y:17": 0.03571667679358158, "y:18": 0.11967663022941281, "y:19": 0.037049240511844286, "y:20": 0.12187182218587564, "y:21": 0.035788095207861255, "y:22": 0.14248810154951833, "y:23": 0.04278786580419228, "y:24": 0.12792791058441913, "y:25": 0.04523986021670049, "y:26": 0.11720486510571879, "y:27": 0.04104296859228539, "y:28": 0.13828988616546428, "y:29": 0.05593624960206546, "y:30": 0.13482663779100296, "y:31": 0.04130341509409225}}