{"0": {"y:0": 0.009003619373236068, "y:1": 0.010565242600564528, "y:2": 0.003532062719961613, "y:3": 0.004306509671596204, "y:4": 0.015237040783726013, "y:5": 0.0028316254715251886, "y:6": 0.035303171639016084, "y:7": 0.007000946533041492, "y:8": 0.024405246514564896, "y:9": 0.009717543180734112, "y:10": 0.004360614346917411, "y:11": 0.01098789396356273, "y:12": 0.0028585825955543855, "y:13": 0.0017793041759122674, "y:14": 0.04598060805900492, "y:15": 0.002815910368903915, "y:16": 0.021063476891939423, "y:17": 0.008028268049371234, "y:18": 0.008527787898776798, "y:19": 0.01117334266030626, "y:20": 0.0026102869685109913, "y:21": 0.005570028822500543, "y:22": 0.015351684605370659, "y:23": 0.0025522312213545214, "y:24": 0.04876145742138123, "y:25": 0.004628825648091635, "y:26": 0.027492683786362805, "y:27": 0.008853906377692441, "y:28": 0.015201728744660145, "y:29": 0.01603301045380811, "y:30": 0.0034290684562243395, "y:31": 0.012734210664117554}, "1": {"y:0": 0.008991109210751259, "y:1": 0.010477685712349668, "y:2": 0.0035210312628721, "y:3": 0.005068719299000441, "y:4": 0.0149081680669928, "y:5": 0.0031756685283159656, "y:6": 0.03373400479498592, "y:7": 0.007749126851212067, "y:8": 0.025199365869237045, "y:9": 0.008554644954413425, "y:10": 0.004342552021067867, "y:11": 0.008447720342435594, "y:12": 0.002838902802762786, "y:13": 0.0017942559380671103, "y:14": 0.04783175826534925, "y:15": 0.0028314813112246353, "y:16": 0.02213654492434492, "y:17": 0.007457402206754924, "y:18": 0.008442105098234195, "y:19": 0.009245838978237353, "y:20": 0.0026059475513121777, "y:21": 0.0054494068001142435, "y:22": 0.015206545262044081, "y:23": 0.002523160443354407, "y:24": 0.04628982776630078, "y:25": 0.0044456145253991336, "y:26": 0.02768508497170398, "y:27": 0.008291856156341015, "y:28": 0.01511017062546461, "y:29": 0.014597422353643552, "y:30": 0.0034361050195397843, "y:31": 0.012072615931127788}, "2": {"y:0": 0.00901741153403131, "y:1": 0.013206074854411541, "y:2": 0.003504974230485427, "y:3": 0.006488590120767132, "y:4": 0.014706808396430831, "y:5": 0.0038480450197708573, "y:6": 0.03524888186066287, "y:7": 0.020835188033681416, "y:8": 0.02599769834609742, "y:9": 0.01044983712510889, "y:10": 0.0043692534065932235, "y:11": 0.011244028784606076, "y:12": 0.002849703019185497, "y:13": 0.0020538322375311096, "y:14": 0.04689470722953118, "y:15": 0.0034506050698958, "y:16": 0.021889498591930658, "y:17": 0.013518586158053587, "y:18": 0.008487507962286062, "y:19": 0.01103661436496689, "y:20": 0.0026104933380205297, "y:21": 0.007740667375668186, "y:22": 0.015235284761583562, "y:23": 0.0028201763449493683, "y:24": 0.0463266532300447, "y:25": 0.005336351750934683, "y:26": 0.027147215672810154, "y:27": 0.011197966470899086, "y:28": 0.015401179115647022, "y:29": 0.011469835963575833, "y:30": 0.0034414935356389988, "y:31": 0.011053191072779207}, "3": {"y:0": 0.008972254574783569, "y:1": 0.013046195709070545, "y:2": 0.0034899464104878463, "y:3": 0.0068493106039789085, "y:4": 0.014798956560687039, "y:5": 0.003931430281427517, "y:6": 0.03475184979742391, "y:7": 0.02511466724007281, "y:8": 0.025490887680156005, "y:9": 0.010702967462855343, "y:10": 0.004359890334273149, "y:11": 0.011424910470640126, "y:12": 0.00284399700729539, "y:13": 0.002104672306750489, "y:14": 0.04926689924390629, "y:15": 0.0036548850300737188, "y:16": 0.021759267576584473, "y:17": 0.016296746041459084, "y:18": 0.008476733142293831, "y:19": 0.012930123682136141, "y:20": 0.0026006662221562823, "y:21": 0.008510184098659331, "y:22": 0.015220909012258225, "y:23": 0.0029613020437953847, "y:24": 0.04837481592857087, "y:25": 0.005859012129475282, "y:26": 0.027554423571478637, "y:27": 0.013313431486269237, "y:28": 0.015275138739578715, "y:29": 0.01256029166459588, "y:30": 0.0034371045963349934, "y:31": 0.01244698858830951}, "4": {"y:0": 0.008955191981586183, "y:1": 0.013090227017496755, "y:2": 0.003508401442773114, "y:3": 0.007227710882681198, "y:4": 0.014813621875298657, "y:5": 0.004129495290606146, "y:6": 0.03660435784457281, "y:7": 0.03824318787745617, "y:8": 0.026213459423733782, "y:9": 0.01054430773600124, "y:10": 0.004371011193725656, "y:11": 0.01167489167118246, "y:12": 0.0028499780022331017, "y:13": 0.0022172779319726637, "y:14": 0.051166370625125156, "y:15": 0.003999756670879074, "y:16": 0.021806053613553093, "y:17": 0.024850782829642967, "y:18": 0.008509738723081776, "y:19": 0.015311269062336371, "y:20": 0.002611295610834181, "y:21": 0.011431928505052641, "y:22": 0.015362836589716336, "y:23": 0.0032559934995561317, "y:24": 0.04815560136306005, "y:25": 0.00717474020070319, "y:26": 0.028373753807052527, "y:27": 0.01988851937825136, "y:28": 0.0153294452765874, "y:29": 0.013164172193207471, "y:30": 0.0034412472179102247, "y:31": 0.016643860523030355}, "5": {"y:0": 0.00896340866163072, "y:1": 0.012851645638117543, "y:2": 0.0035066797096081283, "y:3": 0.007287614206179098, "y:4": 0.01495735333632066, "y:5": 0.004146558145074034, "y:6": 0.03505745185127294, "y:7": 0.0420261838802522, "y:8": 0.02607285817339199, "y:9": 0.010638214601905432, "y:10": 0.004366186179018174, "y:11": 0.011696078418820786, "y:12": 0.002839914883595174, "y:13": 0.0022270004890905175, "y:14": 0.051920651991674636, "y:15": 0.004089711282055924, "y:16": 0.02195576665765348, "y:17": 0.03157917435251168, "y:18": 0.008491388086696626, "y:19": 0.016614469414925476, "y:20": 0.0026099473410763556, "y:21": 0.011951655527742116, "y:22": 0.015312321718842307, "y:23": 0.0032980813691679957, "y:24": 0.04792705322584995, "y:25": 0.007475799447935947, "y:26": 0.029055917867813686, "y:27": 0.02301125199966516, "y:28": 0.015362253100973973, "y:29": 0.013778551884172839, "y:30": 0.0034372554126573377, "y:31": 0.018923461401702566}, "6": {"y:0": 0.008912827072302818, "y:1": 0.013039196969626961, "y:2": 0.0035059807420668213, "y:3": 0.007320128337135112, "y:4": 0.014668174239997996, "y:5": 0.004166360861791047, "y:6": 0.03493608132094623, "y:7": 0.04859348388355416, "y:8": 0.026024886766468112, "y:9": 0.011026797125223899, "y:10": 0.0043797460767963725, "y:11": 0.012035384354238999, "y:12": 0.0028386929193840627, "y:13": 0.0022456836987810214, "y:14": 0.0501309601572736, "y:15": 0.004147746922597112, "y:16": 0.021848776196693058, "y:17": 0.03818579143430863, "y:18": 0.008525592970688538, "y:19": 0.017693127586286207, "y:20": 0.0026050504505785643, "y:21": 0.012879833204795903, "y:22": 0.01523149565557924, "y:23": 0.0033546308584902406, "y:24": 0.049390934119041226, "y:25": 0.007775641505878151, "y:26": 0.028888235077408706, "y:27": 0.03150703094551106, "y:28": 0.015380855987789713, "y:29": 0.014677117626303672, "y:30": 0.0034356255122359918, "y:31": 0.020918892400595742}, "7": {"y:0": 0.008962255761967377, "y:1": 0.01298532025998173, "y:2": 0.0035034140292675106, "y:3": 0.0073634281772279875, "y:4": 0.014825813563382905, "y:5": 0.004195383502322154, "y:6": 0.03568576965081305, "y:7": 0.0509504880660357, "y:8": 0.025912538459748453, "y:9": 0.01109212503148868, "y:10": 0.004369476306078365, "y:11": 0.012118956124190868, "y:12": 0.0028475969661594367, "y:13": 0.002252208564617498, "y:14": 0.05043724898783457, "y:15": 0.00418066007974513, "y:16": 0.02217251855890647, "y:17": 0.043717779268752685, "y:18": 0.008475257899820983, "y:19": 0.01806811825942776, "y:20": 0.0026022228365971656, "y:21": 0.013098747461872432, "y:22": 0.015364035661522576, "y:23": 0.003371256449499505, "y:24": 0.048475455414708976, "y:25": 0.007901879129192185, "y:26": 0.02906895329402554, "y:27": 0.03501618174251211, "y:28": 0.015443417620214601, "y:29": 0.015199493653579668, "y:30": 0.00344090525731525, "y:31": 0.02302315746675223}, "8": {"y:0": 0.009024422625230151, "y:1": 0.012740145853725343, "y:2": 0.003506112484796289, "y:3": 0.007371534609282386, "y:4": 0.014939251961441259, "y:5": 0.004201666512775149, "y:6": 0.03507045707535116, "y:7": 0.050560835630929876, "y:8": 0.025871469034960043, "y:9": 0.010842352754404504, "y:10": 0.004365480864704304, "y:11": 0.011898946830117978,