{"0": {"y:0": 0.005542451978159796, "y:1": 0.09573942224054188, "y:2": 0.2129249981138069, "y:3": 0.20920895741193699, "y:4": 0.12090891066668488, "y:5": 0.01621023957204347, "y:6": 0.0008229459056538817}, "1": {"y:0": 0.006010943270262883, "y:1": 0.09707812526475687, "y:2": 0.20260827861209227, "y:3": 0.20349176972419006, "y:4": 0.12202740307480331, "y:5": 0.018305328046582848, "y:6": 0.0009237454377224689}, "2": {"y:0": 0.04456692894584097, "y:1": 0.19059197406158232, "y:2": 0.2588868944184145, "y:3": 0.2633961137955178, "y:4": 0.17318097639208632, "y:5": 0.045444346521418946, "y:6": 0.006666225050138348}, "3": {"y:0": 0.09245931419966978, "y:1": 0.29962130313441865, "y:2": 0.3847327213962705, "y:3": 0.3894754873331717, "y:4": 0.26068380319038675, "y:5": 0.07003564347050455, "y:6": 0.01332227229533771}, "4": {"y:0": 0.176853151413688, "y:1": 0.39323637107964504, "y:2": 0.46068653920017233, "y:3": 0.4698339387433348, "y:4": 0.3480405912284211, "y:5": 0.12261800156676866, "y:6": 0.02913626534271435}, "5": {"y:0": 0.2759915589308682, "y:1": 0.4233115392820501, "y:2": 0.5902450598592948, "y:3": 0.61160807897084, "y:4": 0.47303528193006605, "y:5": 0.1868328319941982, "y:6": 0.046583246083963664}, "6": {"y:0": 0.4166956766695888, "y:1": 0.38858816682035957, "y:2": 0.7275882076299243, "y:3": 0.7769419524821994, "y:4": 0.6611530936131119, "y:5": 0.30055137758516803, "y:6": 0.08270597813634109}, "7": {"y:0": 0.6313555758835555, "y:1": 0.3712919858387297, "y:2": 1.040712789536024, "y:3": 1.0852515411726258, "y:4": 0.9899360084627971, "y:5": 0.484715155776554, "y:6": 0.1373288310436951}, "8": {"y:0": 0.9553375252406197, "y:1": 0.352477782197761, "y:2": 1.4671983546001746, "y:3": 1.5117241715782357, "y:4": 1.3693654167948592, "y:5": 0.6829008591328302, "y:6": 0.21276199282010208}, "9": {"y:0": 1.3051217385251137, "y:1": 0.34802427427057947, "y:2": 2.153701175594961, "y:3": 2.211890090000618, "y:4": 1.884249316738642, "y:5": 0.9810092783717254, "y:6": 0.2958512568143398}, "10": {"y:0": 1.643780687995805, "y:1": 0.35292378113428907, "y:2": 2.949281693711492, "y:3": 2.961165436845077, "y:4": 2.3591749095134045, "y:5": 1.1763520881334164, "y:6": 0.35105935312387276}, "11": {"y:0": 2.0851885309944698, "y:1": 0.3541450888254745, "y:2": 3.5103713843621853, "y:3": 3.908762915814005, "y:4": 3.5114645827914934, "y:5": 1.5857852604436018, "y:6": 0.4910870409068022}, "12": {"y:0": 2.469445701170779, "y:1": 0.36140964903972744, "y:2": 4.80556768123949, "y:3": 4.914853130107436, "y:4": 4.105148709723794, "y:5": 2.042683498843969, "y:6": 0.6687357422280229}, "13": {"y:0": 2.5165981504062613, "y:1": 0.3620343043227271, "y:2": 5.4898431466639215, "y:3": 5.731089684818589, "y:4": 5.874606578235474, "y:5": 3.0219269018362946, "y:6": 0.9538197525339053}, "14": {"y:0": 2.51012161589812, "y:1": 0.36570172737134027, "y:2": 7.094701783832186, "y:3": 6.725943436762828, "y:4": 7.019820969662905, "y:5": 3.6945564220782705, "y:6": 1.1826496009977674}, "15": {"y:0": 2.3767053593873384, "y:1": 0.36537446020541225, "y:2": 8.189904834599776, "y:3": 7.752722996626059, "y:4": 8.740228262459985, "y:5": 4.501676075299962, "y:6": 1.561685353551381}, "16": {"y:0": 2.3366403623359533, "y:1": 0.36528270609330515, "y:2": 9.501675847182039, "y:3": 8.879847727065911, "y:4": 10.172689867033748, "y:5": 5.415566013799945, "y:6": 1.7660355999049717}, "17": {"y:0": 2.346393677489259, "y:1": 0.36840729135429856, "y:2": 11.148348197475691, "y:3": 10.200144197930875, "y:4": 11.936050592933972, "y:5": 6.076620960519029, "y:6": 2.0249224460034796}, "18": {"y:0": 2.347581633215251, "y:1": 0.3746681844103793, "y:2": 12.581202308662862, "y:3": 12.91466062813675, "y:4": 13.202339264784126, "y:5": 6.84586242242382, "y:6": 2.0785741533537125}, "19": {"y:0": 2.588467806535127, "y:1": 0.38163950436869815, "y:2": 13.799418928221929, "y:3": 17.479802561763588, "y:4": 14.485384703729887, "y:5": 7.942596576702593, "y:6": 2.322251493665541}, "20": {"y:0": 3.0327768499212127, "y:1": 0.3874703441765778, "y:2": 15.867081862112396, "y:3": 20.440467800797936, "y:4": 17.07339416017415, "y:5": 9.180888483181976, "y:6": 2.484577723308205}, "21": {"y:0": 3.4621372858803827, "y:1": 0.3903552016895665, "y:2": 19.64489181582517, "y:3": 24.01929256226877, "y:4": 18.890587154120382, "y:5": 10.014148865637702, "y:6": 2.7170283119860605}, "22": {"y:0": 4.222155599026633, "y:1": 0.3927069708908734, "y:2": 22.90291525241905, "y:3": 28.155763715691013, "y:4": 19.97260918642597, "y:5": 10.885421642388408, "y:6": 3.1236948264934212}, "23": {"y:0": 5.0004206241880045, "y:1": 0.3938879111035091, "y:2": 28.098448750555885, "y:3": 31.016945453108367, "y:4": 22.456547272596183, "y:5": 11.9083601290106, "y:6": 3.57850105178891}, "24": {"y:0": 6.594316280123329, "y:1": 0.39569999115392024, "y:2": 32.10263141354431, "y:3": 33.682880443742874, "y:4": 23.800700705313886, "y:5": 12.57544278243558, "y:6": 4.0656365529415215}, "25": {"y:0": 7.6135750105848485, "y:1": 0.39757374691659825, "y:2": 36.14010840226301, "y:3": 37.28174819200412, "y:4": 24.005549206588878, "y:5": 13.344527439076254, "y:6": 4.351075271514467}, "26": {"y:0": 9.89900218230146, "y:1": 0.39901056404592067, "y:2": 40.679733165786544, "y:3": 37.05594101190109, "y:4": 23.082840396793465, "y:5": 13.043849101289945, "y:6": 4.942183638011079}, "27": {"y:0": 12.32609819700508, "y:1": 0.3998297966252026, "y:2": 45.251385959322164, "y:3": 39.553463795088305, "y:4": 24.143980546933367, "y:5": 14.242023402892029, "y:6": 5.334346326233548}, "28": {"y:0": 16.18949440771368, "y:1": 0.39995148954910154, "y:2": 46.87284894639019, "y:3": 40.35455036627484, "y:4": 26.604738384986863, "y:5": 15.221415612814443, "y:6": 5.813314274541784}, "29": {"y:0": 21.13961645642359, "y:1": 0.4004418405255747, "y:2": 50.575388289220335, "y:3": 43.08110888546609, "y:4": 27.273702665535403, "y:5": 15.583703953055998, "y:6": 6.361802253102293}}