{"0": {"y:0": 1.976239670194306, "y:1": 0.8298982530171439, "y:2": 0.5250976069586304, "y:3": 0.38675323964943303, "y:4": 0.3010410632213425, "y:5": 0.24148989664484732, "y:6": 0.20672308864408576, "y:7": 0.1843196921733801, "y:8": 0.15697049451654288, "y:9": 0.14054104853704447}, "1": {"y:0": 1.998754415265515, "y:1": 0.7818512742002642, "y:2": 0.4878768112222921, "y:3": 0.3639532760747765, "y:4": 0.28156425126273127, "y:5": 0.2341570713819406, "y:6": 0.19664535565388436, "y:7": 0.16536725864990603, "y:8": 0.1474302752796651, "y:9": 0.13002088266143821}, "2": {"y:0": 3.146436727332935, "y:1": 1.534134217354957, "y:2": 1.025362252413335, "y:3": 0.767376279062332, "y:4": 0.5996822005647917, "y:5": 0.5050342622582713, "y:6": 0.4307153046150713, "y:7": 0.38068901951652945, "y:8": 0.33217002050679323, "y:9": 0.29388362698756215}, "3": {"s_theta_0": 1.6362087544012043, "s_theta_1": 1.6023368711478452}, "4": {"s_theta_0": 2.3319661466281842, "s_theta_1": 2.2781265915795914}, "5": {"s_theta_0": 4.189685155667666, "s_theta_1": 4.117935463287947}, "6": {"s_theta_0": 5.076393187610325, "s_theta_1": 4.967211165600105}}