{"3": {"y:0": 0.0057188886573971524, "y:1": 0.016052055993436374, "y:2": 0.01534637783175648, "y:3": 0.04369092814943392, "y:4": 0.011417921093986289, "y:5": 0.09333180425678969, "y:6": 0.07006371402863468, "y:7": 0.07217474809882764, "y:8": 0.07553041700481139, "y:9": 0.5966731448849264}}