{"0": {"y:0": 2.1263018581857995, "y:1": 0.8027620172603126, "y:2": 0.5060604121303158, "y:3": 0.3743413402426303, "y:4": 0.2993372700285749, "y:5": 0.2413967876129629, "y:6": 0.20390952141920424, "y:7": 0.17683388248773646, "y:8": 0.15135896647322714, "y:9": 0.13662861574142152}, "1": {"y:0": 2.0360950959094875, "y:1": 0.8530769403553751, "y:2": 0.5256839809473399, "y:3": 0.3887978452401826, "y:4": 0.3119286484084024, "y:5": 0.255769100857377, "y:6": 0.21695258373558657, "y:7": 0.18386640514187116, "y:8": 0.1661949373889091, "y:9": 0.14903372068080212}, "2": {"y:0": 3.1631512053879662, "y:1": 1.5574854198366845, "y:2": 1.0849858679426303, "y:3": 0.8272634898586897, "y:4": 0.6642202784664402, "y:5": 0.5512237378702711, "y:6": 0.4770417376822278, "y:7": 0.4140462825254941, "y:8": 0.362965297872171, "y:9": 0.3301125084104211}, "3": {"y:0": 2.3145288972926323, "y:1": 1.3089458301044312, "y:2": 0.9749296777856878, "y:3": 0.7931943380413993, "y:4": 0.6589751777598336, "y:5": 0.5645944497472445, "y:6": 0.5071351096641471, "y:7": 0.45419095786919517, "y:8": 0.4039414089767757, "y:9": 0.36865203263436824}, "4": {"y:0": 2.0738948558608006, "y:1": 1.2322440877238257, "y:2": 0.9714321717473685, "y:3": 0.818879760197395, "y:4": 0.7443861900579987, "y:5": 0.676033889914747, "y:6": 0.6372088237095889, "y:7": 0.5820189253157219, "y:8": 0.5366594605711187, "y:9": 0.49871185262749607}, "5": {"y:0": 2.085798348702424, "y:1": 1.2666788818323171, "y:2": 0.9795603551681517, "y:3": 0.8701153651822612, "y:4": 0.794280203210619, "y:5": 0.7428528766769067, "y:6": 0.7137599429986472, "y:7": 0.6822414446888333, "y:8": 0.6621948595304605, "y:9": 0.643419202912259}, "6": {"y:0": 2.0854059944324583, "y:1": 1.2834567832189525, "y:2": 1.0301156324909915, "y:3": 0.9253295225593998, "y:4": 0.846870552862336, "y:5": 0.8096908076950551, "y:6": 0.7903392593924413, "y:7": 0.7906011278193246, "y:8": 0.7909814871869552, "y:9": 0.8042269551859955}}