{"0": {"y:0": 0.0026147140271465495, "y:1": 0.010527399481570906, "y:2": 0.009799076519282138, "y:3": 0.001880362484494089, "y:4": 0.05504086943708833, "y:5": 0.06388030179728234, "y:6": 0.032471275730185746, "y:7": 0.11376484202635032, "y:8": 0.02296480018726328, "y:9": 0.6870563583093363}}