{"0": {"y:0": 0.20300558726757073, "y:1": 0.18643309320212728, "y:2": 0.19948347022833815, "y:3": 0.19695906696090631, "y:4": 0.21253486102358998, "y:5": 0.1944010649583285, "y:6": 0.2079133031932396, "y:7": 0.19847206515302146, "y:8": 0.19661410314652547, "y:9": 0.20235719827876544, "y:10": 7.255665945150732}, "1": {"y:0": 0.19972428346052698, "y:1": 0.18690635293418612, "y:2": 0.2000985440549836, "y:3": 0.19297604681917857, "y:4": 0.2011185811500931, "y:5": 0.1974202248615021, "y:6": 0.1971856884978458, "y:7": 0.19706923547985689, "y:8": 0.19917775548105632, "y:9": 0.1978336149709486, "y:10": 7.32484798122479}, "2": {"y:0": 0.37342214874835594, "y:1": 0.24659960427792363, "y:2": 0.3713015303279708, "y:3": 0.2801138370514915, "y:4": 0.38193099460362345, "y:5": 0.3330507118198722, "y:6": 0.3751177398041068, "y:7": 0.3871266839481154, "y:8": 0.3507178808216207, "y:9": 0.38130507459506996, "y:10": 7.338712942998883}, "3": {"y:0": 0.45726685616129414, "y:1": 0.2885415758014677, "y:2": 0.48805817114107813, "y:3": 0.3013989262628135, "y:4": 0.5283234760329225, "y:5": 0.3954413662733577, "y:6": 0.4961708935137873, "y:7": 0.5183954653559771, "y:8": 0.4319423359015946, "y:9": 0.5277822397849173, "y:10": 7.4203537096692225}, "4": {"y:0": 0.5339950914845022, "y:1": 0.291273718009122, "y:2": 0.5680482716341488, "y:3": 0.32546176155948847, "y:4": 0.6041255490045792, "y:5": 0.4128409365312326, "y:6": 0.5781412452331205, "y:7": 0.6057602251757683, "y:8": 0.4627661555050825, "y:9": 0.5919417065553867, "y:10": 7.404625682121121}, "5": {"y:0": 0.5408578372114504, "y:1": 0.303969264367267, "y:2": 0.5991013056998683, "y:3": 0.3236269022882244, "y:4": 0.6121669176099206, "y:5": 0.43555107799152676, "y:6": 0.5882977321499566, "y:7": 0.6325934852109443, "y:8": 0.4983410693271163, "y:9": 0.6303965746341199, "y:10": 7.353851746668019}, "6": {"y:0": 0.5656242396054267, "y:1": 0.2995906136168694, "y:2": 0.623273394999738, "y:3": 0.3306084328937015, "y:4": 0.6531576424189862, "y:5": 0.43507926085820947, "y:6": 0.6180527831386855, "y:7": 0.6517241196892027, "y:8": 0.4920572127576912, "y:9": 0.6524697985359799, "y:10": 7.354812966903616}, "7": {"y:0": 0.5673197165825394, "y:1": 0.3033874930719243, "y:2": 0.6298904302960133, "y:3": 0.3314607387694394, "y:4": 0.655044764537101, "y:5": 0.4391259247616778, "y:6": 0.6218447714772403, "y:7": 0.6682422045169674, "y:8": 0.49937915042999437, "y:9": 0.6722295558300191, "y:10": 7.293046608546358}, "8": {"y:0": 0.5680941659274786, "y:1": 0.30647268393694477, "y:2": 0.6388615921653302, "y:3": 0.3324845997021607, "y:4": 0.6673851286264899, "y:5": 0.4452134661060256, "y:6": 0.6298546855084872, "y:7": 0.6713473655523822, "y:8": 0.507926863918394, "y:9": 0.6855060029450301, "y:10": 7.398666057640728}, "9": {"y:0": 0.5723519251140662, "y:1": 0.3028722245942517, "y:2": 0.6386712180489147, "y:3": 0.3333358733110308, "y:4": 0.6655731942619005, "y:5": 0.43878643557660546, "y:6": 0.6276214512500372, "y:7": 0.6728492170465215, "y:8": 0.5024443133884768, "y:9": 0.6776018900672777, "y:10": 7.401735418427406}}