{"0": {"y:0": 2.979524459557303e-06, "y:1": 5.0460733038374124e-06, "y:2": 4.611568985172491e-05, "y:3": 7.084303664410934e-05, "y:4": 6.268027657560912e-05, "y:5": 0.0001447678053179802, "y:6": 0.000320488552698363, "y:7": 0.00028981502961143534, "y:8": 0.0005419045308062004, "y:9": 0.0005588396527912317, "y:10": 0.001205063658530278, "y:11": 0.0010527177613219852, "y:12": 0.000980524680951723, "y:13": 0.0020143053279906586, "y:14": 0.0013682309252174842, "y:15": 0.0011879701578769335, "y:16": 0.0029219858404948146, "y:17": 0.005036228718088446, "y:18": 0.0018790416668838785, "y:19": 0.0032000397270190136, "y:20": 0.005698712960028514, "y:21": 0.0043346656189709705, "y:22": 0.0051209535688119725, "y:23": 0.00887616279743808, "y:24": 0.005950508706487774, "y:25": 0.011008271459257542, "y:26": 0.012628781660859192, "y:27": 0.020961547721232834, "y:28": 0.016347423301762178, "y:29": 0.019657766595363165, "y:30": 0.034387889505145215, "y:31": 0.028978834587245327, "y:32": 0.03771792911421386, "y:33": 0.035039610545939695, "y:34": 0.05995584110922811, "y:35": 0.13603742331479532, "y:36": 0.0423048922163738, "y:37": 0.08654488258800436, "y:38": 0.09422050695750953, "y:39": 0.19213035815689272, "y:40": 0.134178359016664, "y:41": 0.2174120251520886, "y:42": 0.20399404378688268, "y:43": 0.1282896525118394, "y:44": 0.20055714522562643, "y:45": 0.36288120021763415, "y:46": 0.18542893321084483, "y:47": 0.14078946127592865, "y:48": 0.12057179921417388, "y:49": 0.1499484367232694, "y:50": 0.11675741385446702, "y:51": 0.10233428885964659, "y:52": 0.05669285613144221, "y:53": 0.18223305078263158, "y:54": 0.124104166756868, "y:55": 0.048450274856073255, "y:56": 0.052880849186460264, "y:57": 0.03319228273787022, "y:58": 0.017359043448225017, "y:59": 0.09240030776203051, "y:60": 0.047025630344458134, "y:61": 0.0641096755479125, "y:62": 0.02475314335700629, "y:63": 0.020923448683357167, "y:64": 0.015416739290713553, "y:65": 0.040508799583737536, "y:66": 0.038350618981342594, "y:67": 0.022311081295908763, "y:68": 0.026474855015518415, "y:69": 0.008254012289501365, "y:70": 0.012577738446954725, "y:71": 0.012803130035661057, "y:72": 0.015003587006025932, "y:73": 0.008583702623055854, "y:74": 0.01163451680391098, "y:75": 0.014548077645230655, "y:76": 0.006502924636272866, "y:77": 0.011367458770799616, "y:78": 0.00906017338015066, "y:79": 0.011712260354286807, "y:80": 0.0047740522648706055, "y:81": 0.0030886569952009845, "y:82": 0.003179141716766932, "y:83": 0.002601477210624447, "y:84": 0.0041717413920261785, "y:85": 0.003525954098877927, "y:86": 0.0010669575764503771, "y:87": 0.0006779105635186865, "y:88": 0.0009054193046082913, "y:89": 0.00038300504806346375, "y:90": 0.0009950138141511362, "y:91": 0.00045869763021041916, "y:92": 0.00041711393808407124, "y:93": 0.0002933485672326994, "y:94": 0.0001284635592023435, "y:95": 8.312736491579683e-05, "y:96": 4.716750230989704e-05, "y:97": 2.316060984275844e-05, "y:98": 7.862120297179972e-06, "y:99": 2.0127982781221374e-06}}