{"0": {"y:0": 0.2037613082858798, "y:1": 0.19971851471794444, "y:2": 0.2056921095924385, "y:3": 0.20588655917104806, "y:4": 0.2032761180446136, "y:5": 0.2015918792877793, "y:6": 0.1984589933946288, "y:7": 0.20517107666967133, "y:8": 0.1994189304101658, "y:9": 0.19814248589260183, "y:10": 0.48460591951517074}, "1": {"y:0": 0.20606453760473553, "y:1": 0.20227789673125046, "y:2": 0.20142416669827506, "y:3": 0.20634820257009767, "y:4": 0.2052974762536094, "y:5": 0.19856568495344415, "y:6": 0.19544438083682086, "y:7": 0.20386030469813762, "y:8": 0.20006002353030494, "y:9": 0.2090882177310863, "y:10": 0.48420613754038294}, "2": {"y:0": 0.3881577095488052, "y:1": 0.3679459022039237, "y:2": 0.3679958708395121, "y:3": 0.3843697587232197, "y:4": 0.37274692353551925, "y:5": 0.3746293094487421, "y:6": 0.32087588706069353, "y:7": 0.37060834963357625, "y:8": 0.38596744585697706, "y:9": 0.38404101981318967, "y:10": 0.48451514716810884}, "3": {"y:0": 0.5350618861094687, "y:1": 0.4415805321396051, "y:2": 0.5053143695345957, "y:3": 0.5421868616215159, "y:4": 0.48852837952026523, "y:5": 0.4963410537889694, "y:6": 0.38975292332605976, "y:7": 0.5105223618296476, "y:8": 0.5111788965632981, "y:9": 0.557992009317081, "y:10": 0.48278215149006254}, "4": {"y:0": 0.59057057019463, "y:1": 0.47529252983095116, "y:2": 0.5376426455292415, "y:3": 0.6196737166181411, "y:4": 0.540706284765734, "y:5": 0.5226077350484025, "y:6": 0.4011101046855751, "y:7": 0.5585589859507245, "y:8": 0.572818908044261, "y:9": 0.6371298058448919, "y:10": 0.4846556676687694}, "5": {"y:0": 0.6008427221758992, "y:1": 0.4893052308770628, "y:2": 0.5530736356451401, "y:3": 0.6245543448864705, "y:4": 0.5566644912205977, "y:5": 0.5410688627680659, "y:6": 0.4080699014571309, "y:7": 0.5711180089246986, "y:8": 0.586329110820126, "y:9": 0.6486096735552427, "y:10": 0.4834605405443087}, "6": {"y:0": 0.6272016088978124, "y:1": 0.504905402971275, "y:2": 0.5707156344470639, "y:3": 0.6391582987980386, "y:4": 0.567625584108905, "y:5": 0.5499445363110819, "y:6": 0.4151900488870402, "y:7": 0.584786130110219, "y:8": 0.5986645891336938, "y:9": 0.668715376463326, "y:10": 0.48372749203111487}, "7": {"y:0": 0.6425935129668641, "y:1": 0.49832659247252353, "y:2": 0.5825440344908502, "y:3": 0.6575130657053008, "y:4": 0.5753003336071999, "y:5": 0.5583232482284329, "y:6": 0.4211398076448645, "y:7": 0.5954774156129226, "y:8": 0.6120123110810949, "y:9": 0.6778543277377304, "y:10": 0.483806817760272}, "8": {"y:0": 0.6323970674364432, "y:1": 0.49133934353202874, "y:2": 0.5828490001046854, "y:3": 0.6456822248782565, "y:4": 0.5750365015043803, "y:5": 0.5515152151148554, "y:6": 0.4232927926687625, "y:7": 0.6003533934828404, "y:8": 0.60384576250955, "y:9": 0.6757236219319043, "y:10": 0.4834748242237813}, "9": {"y:0": 0.6444881283494843, "y:1": 0.5004898337702635, "y:2": 0.5711796505639912, "y:3": 0.6555250137016048, "y:4": 0.5721013917246244, "y:5": 0.5592404715426945, "y:6": 0.41400603278822423, "y:7": 0.591136203134391, "y:8": 0.6108222391645812, "y:9": 0.6734219549346627, "y:10": 0.4837856728761928}}