{"0": {"y:0": 0.4217029407072298, "y:1": 0.4278987881264718, "y:2": 0.40298319007091155, "y:3": 0.40102816160883353, "y:4": 0.4105952665973547, "y:5": 0.3975020370566817, "y:6": 0.3965931519736459, "y:7": 0.39843097163361946, "y:8": 0.410320051220308, "y:9": 0.4076166155497655, "y:10": 15.179412244279302}, "1": {"y:0": 0.403130809109916, "y:1": 0.40001869974804366, "y:2": 0.4021754915450319, "y:3": 0.40812371183703855, "y:4": 0.4058788938229581, "y:5": 0.40643791821906633, "y:6": 0.4031277639655731, "y:7": 0.4036890843338117, "y:8": 0.3943656123870329, "y:9": 0.40544477946347507, "y:10": 14.714066153091974}, "2": {"y:0": 0.7672902485395929, "y:1": 0.7485227587209634, "y:2": 0.7914241166324446, "y:3": 0.7472670926152991, "y:4": 0.7643529137136263, "y:5": 0.7732938272665637, "y:6": 0.7706521652421034, "y:7": 0.772577304435802, "y:8": 0.7809047987595389, "y:9": 0.7666238956421391, "y:10": 14.77220239750868}, "3": {"y:0": 1.0010948261431873, "y:1": 1.0223426866217573, "y:2": 1.0453641103446443, "y:3": 1.0006713818567323, "y:4": 1.0310227341503635, "y:5": 1.0466137026005664, "y:6": 1.0431611624948245, "y:7": 1.028579078639356, "y:8": 0.9872379828986086, "y:9": 0.9982923298866994, "y:10": 14.520349382492501}, "4": {"y:0": 1.1597525308380499, "y:1": 1.2008005371420651, "y:2": 1.17342167981281, "y:3": 1.1612028930249034, "y:4": 1.2179529467729528, "y:5": 1.2286031003487805, "y:6": 1.1552715746911888, "y:7": 1.1640621063551813, "y:8": 1.1879949384957589, "y:9": 1.2201425733455489, "y:10": 14.516493289238067}, "5": {"y:0": 1.2491727165031985, "y:1": 1.2475216815850003, "y:2": 1.2548621923182806, "y:3": 1.2636784900288438, "y:4": 1.2470737482505085, "y:5": 1.2687413761210165, "y:6": 1.2539445674067349, "y:7": 1.2313136749426403, "y:8": 1.2573916486474725, "y:9": 1.2402057309526637, "y:10": 15.130163067188152}, "6": {"y:0": 1.3089306128737097, "y:1": 1.3199314598016778, "y:2": 1.2949268465615364, "y:3": 1.3019846960390884, "y:4": 1.349405034381474, "y:5": 1.3152808872616344, "y:6": 1.3160065536751033, "y:7": 1.289310875402198, "y:8": 1.3060536103544629, "y:9": 1.3025503987199716, "y:10": 15.09819318366772}, "7": {"y:0": 1.3064347727229482, "y:1": 1.30607558701773, "y:2": 1.2988616934162054, "y:3": 1.3158890850201632, "y:4": 1.3208927923065907, "y:5": 1.313437216693831, "y:6": 1.298295245282364, "y:7": 1.3011950949320326, "y:8": 1.3408274538893679, "y:9": 1.2942140895357628, "y:10": 14.742845651944839}, "8": {"y:0": 1.3411415112638947, "y:1": 1.3370375938145398, "y:2": 1.3287645878426992, "y:3": 1.3276433860187096, "y:4": 1.3314532960073129, "y:5": 1.3322508544467444, "y:6": 1.3262683616079378, "y:7": 1.3187139593693726, "y:8": 1.317313983758948, "y:9": 1.3256557371985493, "y:10": 14.84874271774826}, "9": {"y:0": 1.3573806900886949, "y:1": 1.3545003280968386, "y:2": 1.367101795124159, "y:3": 1.3549961962244366, "y:4": 1.3613554700604633, "y:5": 1.3468779433398128, "y:6": 1.3556094492657784, "y:7": 1.3599786840195078, "y:8": 1.3534882494337213, "y:9": 1.3550228456841653, "y:10": 14.747502857151446}}