{"0": {"y:0": 0.19912363626797314, "y:1": 0.1955050960183378, "y:2": 0.20380160944188483, "y:3": 0.19889976055890166, "y:4": 0.19671359731954619, "y:5": 0.19390251559126662, "y:6": 0.19271610625279356, "y:7": 0.1994437553027023, "y:8": 0.19908793824587828, "y:9": 0.19364791623967056, "y:10": 0.4842661591125848}, "1": {"y:0": 0.2077122370382871, "y:1": 0.20769613288635866, "y:2": 0.20710349430396968, "y:3": 0.21418084899223241, "y:4": 0.2072926089275416, "y:5": 0.2080105281652584, "y:6": 0.19938526644438212, "y:7": 0.20963933391489256, "y:8": 0.20648793011529804, "y:9": 0.20844579767212185, "y:10": 0.4832978352728242}, "2": {"y:0": 0.37077015478845166, "y:1": 0.35336269434987827, "y:2": 0.3637859149090587, "y:3": 0.3712638150007175, "y:4": 0.3625123457608369, "y:5": 0.3521309450087278, "y:6": 0.31743782198406856, "y:7": 0.36517832538995126, "y:8": 0.37463594399005956, "y:9": 0.3807431257208999, "y:10": 0.4838881793249089}, "3": {"y:0": 0.567105853437631, "y:1": 0.4580405864029051, "y:2": 0.5121885460715475, "y:3": 0.5113243650580201, "y:4": 0.5089517386760118, "y:5": 0.49377321269584956, "y:6": 0.37682762122040264, "y:7": 0.5084601122564039, "y:8": 0.5225210740354769, "y:9": 0.5427807672271654, "y:10": 0.4837992928346856}, "4": {"y:0": 0.5993242376654593, "y:1": 0.4680702937727487, "y:2": 0.5562033481603823, "y:3": 0.618858537357992, "y:4": 0.5600627106972352, "y:5": 0.5119463055772843, "y:6": 0.414096719693557, "y:7": 0.5946380761576124, "y:8": 0.5640258391292707, "y:9": 0.6407014340776198, "y:10": 0.48348630891034156}, "5": {"y:0": 0.6125144594182304, "y:1": 0.48654034981850186, "y:2": 0.5689224997016737, "y:3": 0.6202696207326592, "y:4": 0.5665338366960442, "y:5": 0.5425936522378767, "y:6": 0.4196534819608893, "y:7": 0.5782261171344834, "y:8": 0.6060799366042813, "y:9": 0.6729435250485198, "y:10": 0.48387698963471115}, "6": {"y:0": 0.6145220992895806, "y:1": 0.481743949071216, "y:2": 0.5711253013956785, "y:3": 0.6378663888923233, "y:4": 0.566988497292177, "y:5": 0.5434408668958857, "y:6": 0.4170022995850161, "y:7": 0.5874944683866185, "y:8": 0.6042382337311992, "y:9": 0.6669350821466203, "y:10": 0.4841605529516519}, "7": {"y:0": 0.6381479106571162, "y:1": 0.4988789860876167, "y:2": 0.5745468827032832, "y:3": 0.6492144100299573, "y:4": 0.5703245180780193, "y:5": 0.5560336976811731, "y:6": 0.41229738662477605, "y:7": 0.5958210804496923, "y:8": 0.6021103987041349, "y:9": 0.6670160556911419, "y:10": 0.48310305087326033}, "8": {"y:0": 0.6481765530920468, "y:1": 0.49969291371155194, "y:2": 0.5846633640989739, "y:3": 0.6616874919668057, "y:4": 0.5822120697292086, "y:5": 0.5629811775728425, "y:6": 0.41867565309484694, "y:7": 0.6023096641706309, "y:8": 0.6121163656499525, "y:9": 0.6807898775039648, "y:10": 0.48374959782040716}}