{"0": {"y:0": 0.20717386989487738, "y:1": 0.20992006246889341, "y:2": 0.20305219190439572, "y:3": 0.2170696767385085, "y:4": 0.20013010794920966, "y:5": 0.20524152460576636, "y:6": 0.20131000332142354, "y:7": 0.20839720959176805, "y:8": 0.2148892990551625, "y:9": 0.21395850143080683, "y:10": 0.4852130221428539}, "1": {"y:0": 0.2081477046352221, "y:1": 0.2115474550160507, "y:2": 0.20651089665825043, "y:3": 0.21004214866971255, "y:4": 0.2131242974608416, "y:5": 0.21350501641337508, "y:6": 0.2022086640898002, "y:7": 0.20462466114876465, "y:8": 0.21228662513395527, "y:9": 0.20741669642699861, "y:10": 0.48559784858443183}, "2": {"y:0": 0.4013710052124177, "y:1": 0.34760708068427404, "y:2": 0.35833515799743965, "y:3": 0.39032294471062534, "y:4": 0.3706185851976985, "y:5": 0.37923153302300283, "y:6": 0.31990871447922326, "y:7": 0.3746331832042086, "y:8": 0.3717463909559067, "y:9": 0.3843303816827288, "y:10": 0.48380804078114964}, "3": {"y:0": 0.547682078199105, "y:1": 0.44961958002339, "y:2": 0.5050518828988968, "y:3": 0.5571392363050988, "y:4": 0.4953214848499074, "y:5": 0.48012982576382707, "y:6": 0.39392054116427394, "y:7": 0.502068322054434, "y:8": 0.5328642607580236, "y:9": 0.5709826207864047, "y:10": 0.48410875947199034}, "4": {"y:0": 0.5923154541795882, "y:1": 0.4743553074548309, "y:2": 0.5398385158817142, "y:3": 0.5919897797147271, "y:4": 0.5474051675277192, "y:5": 0.5253298092900427, "y:6": 0.4035255916761165, "y:7": 0.5591295962485355, "y:8": 0.5596953989618768, "y:9": 0.6006376211231175, "y:10": 0.48298943455407095}, "5": {"y:0": 0.6132295925455779, "y:1": 0.4798792839868189, "y:2": 0.5617891277328751, "y:3": 0.6388986121916631, "y:4": 0.5540365419995397, "y:5": 0.5322562054302633, "y:6": 0.417956078845984, "y:7": 0.5820417705425237, "y:8": 0.5824250402620474, "y:9": 0.6319678290856436, "y:10": 0.48317361624010086}, "6": {"y:0": 0.6601472307777304, "y:1": 0.4993947742918621, "y:2": 0.5781182223806101, "y:3": 0.6701990103355979, "y:4": 0.5688084276479808, "y:5": 0.5607806876411117, "y:6": 0.4159196518692496, "y:7": 0.596332027133816, "y:8": 0.6054672219778076, "y:9": 0.6810058811589844, "y:10": 0.483307807631315}, "7": {"y:0": 0.6432253086891853, "y:1": 0.5018126364746249, "y:2": 0.582171618029875, "y:3": 0.6604540892158255, "y:4": 0.5741028556584936, "y:5": 0.5576433235667508, "y:6": 0.4134883326163806, "y:7": 0.5998278074087027, "y:8": 0.6123081946041575, "y:9": 0.6863448729249104, "y:10": 0.48305537755560546}, "8": {"y:0": 0.6564083959309386, "y:1": 0.5045505917096758, "y:2": 0.5846512485762462, "y:3": 0.6672324926219041, "y:4": 0.5743862257012958, "y:5": 0.5643986908733881, "y:6": 0.4172385345201798, "y:7": 0.6016045465784519, "y:8": 0.6232196519287269, "y:9": 0.6884234322105428, "y:10": 0.48301640558038494}, "9": {"y:0": 0.6518614494894677, "y:1": 0.5071956568501718, "y:2": 0.577022150498626, "y:3": 0.6619970808635234, "y:4": 0.5771063753946856, "y:5": 0.5690337138661992, "y:6": 0.41451638112768924, "y:7": 0.5985106701962939, "y:8": 0.6184272674153588, "y:9": 0.6829077260459876, "y:10": 0.48368668984357355}}