{"0": {"y:0": 0.40888783783720295, "y:1": 0.41000810705527535, "y:2": 0.40688877805289164, "y:3": 0.40686759121495397, "y:4": 0.40574367772311454, "y:5": 0.40319349063150045, "y:6": 0.4026355071388679, "y:7": 0.4015649681790743, "y:8": 0.40513612459656334, "y:9": 0.40716599089384814}, "1": {"y:0": 0.3941970112164946, "y:1": 0.39241720718326795, "y:2": 0.3979015151066011, "y:3": 0.4003149165057862, "y:4": 0.39821265796094013, "y:5": 0.3927710157676406, "y:6": 0.399181396255474, "y:7": 0.40080095670361204, "y:8": 0.3995127481869095, "y:9": 0.3995539088792836}, "2": {"y:0": 0.8196233015166945, "y:1": 0.8180562011002217, "y:2": 0.8259768239164921, "y:3": 0.8140523758899686, "y:4": 0.8317725778181092, "y:5": 0.8362087009057974, "y:6": 0.8268260207116345, "y:7": 0.8377353813613355, "y:8": 0.8268198078039833, "y:9": 0.8293034061437401}, "3": {"y:0": 1.6109481469388254, "y:1": 1.6519645746654055, "y:2": 1.5965377016302102, "y:3": 1.644706675079539, "y:4": 1.6198671814703156, "y:5": 1.5974973591973745, "y:6": 1.5853635061863456, "y:7": 1.6138205025243286, "y:8": 1.6087414688970358, "y:9": 1.624924082721916}, "4": {"y:0": 3.148129049462158, "y:1": 3.26133813469733, "y:2": 3.2351179624134985, "y:3": 3.1256332967972242, "y:4": 3.1469788877738893, "y:5": 3.3534574106370107, "y:6": 3.2373902611951895, "y:7": 3.3005864895828587, "y:8": 3.2443186463155467, "y:9": 3.1653634370749306}, "5": {"y:0": 4.88328481138189, "y:1": 5.048429488082004, "y:2": 4.797838041232354, "y:3": 4.955860916445424, "y:4": 4.801720051646686, "y:5": 4.925135072426651, "y:6": 4.827413138708505, "y:7": 4.805113539002177, "y:8": 4.909595090272775, "y:9": 4.803968296632959}, "6": {"y:0": 5.9596853631889, "y:1": 5.909410312393866, "y:2": 5.7273817091561785, "y:3": 5.79754892933079, "y:4": 5.899165622778561, "y:5": 5.768696361245693, "y:6": 5.759873612465888, "y:7": 5.801754714508224, "y:8": 5.967678162711176, "y:9": 6.015188838078794}, "7": {"y:0": 6.18345498531437, "y:1": 6.1723498782970285, "y:2": 6.353748563268116, "y:3": 6.265606519375788, "y:4": 6.3012588530404745, "y:5": 6.217214273620572, "y:6": 6.060119198267525, "y:7": 6.26803646660369, "y:8": 6.32208231290184, "y:9": 6.316495667951863}, "8": {"y:0": 6.35408866328371, "y:1": 6.229072663854139, "y:2": 6.260343261411171, "y:3": 6.347692721791928, "y:4": 6.402531963066552, "y:5": 6.3062940854944864, "y:6": 6.30774285048044, "y:7": 6.300339239815818, "y:8": 6.256820479838162, "y:9": 6.283755030214809}, "9": {"y:0": 6.43006460534772, "y:1": 6.456541131331728, "y:2": 6.404787079353307, "y:3": 6.578749770252304, "y:4": 6.6052249837725165, "y:5": 6.564622789712874, "y:6": 6.44949078164648, "y:7": 6.527375168665929, "y:8": 6.5235522203768435, "y:9": 6.5415896511144025}, "10": {"y:0": 6.614649101651817, "y:1": 6.5997612393615155, "y:2": 6.5950647263793245, "y:3": 6.676127545740562, "y:4": 6.650474382894189, "y:5": 6.600820418604825, "y:6": 6.6401204279210475, "y:7": 6.642509552346196, "y:8": 6.623943832508196, "y:9": 6.6422715648847355}, "11": {"y:0": 6.763104617843801, "y:1": 6.794723974791418, "y:2": 6.774193140555349, "y:3": 6.759896358801416, "y:4": 6.756077315406526, "y:5": 6.733130139917571, "y:6": 6.780851341944549, "y:7": 6.758268982276069, "y:8": 6.742196067089344, "y:9": 6.746142775324122}}