{"0": {"y:0": 0.13528768514446904, "y:1": 0.13464828129185907, "y:2": 0.19599928856097265, "y:3": 0.1980645870035748, "y:4": 0.19727801752489257, "y:5": 0.19677011704069836, "y:6": 0.1986404427629511, "y:7": 0.1975394643150481, "y:8": 0.19832458632717656, "y:9": 0.1967182738343883}, "1": {"y:0": 0.1337688779028124, "y:1": 0.13354223966912646, "y:2": 0.20351398367363555, "y:3": 0.20355947058498325, "y:4": 0.2018893407657396, "y:5": 0.2032336660355084, "y:6": 0.20295102065479803, "y:7": 0.20381889882890245, "y:8": 0.20301663368470288, "y:9": 0.2024878684505109}, "2": {"y:0": 0.146899906963695, "y:1": 0.14795790065717013, "y:2": 0.39476916995748657, "y:3": 0.38727694825080405, "y:4": 0.38739535925778823, "y:5": 0.3905474927896124, "y:6": 0.38846722469599493, "y:7": 0.3900100966674986, "y:8": 0.39509446457104275, "y:9": 0.39182859414572635}, "3": {"y:0": 0.16181148914020207, "y:1": 0.16199532132401, "y:2": 0.6701304547137964, "y:3": 0.7245005795095578, "y:4": 0.7131631837782505, "y:5": 0.7292830838249713, "y:6": 0.669318656000128, "y:7": 0.724546524360908, "y:8": 0.7089277281095003, "y:9": 0.7173195081739554}, "4": {"y:0": 0.16188280087670048, "y:1": 0.16195525993075782, "y:2": 1.1951211498387995, "y:3": 1.3937455017545468, "y:4": 1.3986066959652665, "y:5": 1.4254016180632554, "y:6": 1.2497536297243237, "y:7": 1.450147627783025, "y:8": 1.3811678443487931, "y:9": 1.3448072971109306}, "5": {"y:0": 0.16163987926988949, "y:1": 0.16213202259258522, "y:2": 1.8414376633587628, "y:3": 2.3528942435320173, "y:4": 2.335498286665768, "y:5": 2.390120602607863, "y:6": 2.016378035894038, "y:7": 2.2837835018563193, "y:8": 2.4420965891274014, "y:9": 2.3099980655642556}, "6": {"y:0": 0.16157802559363055, "y:1": 0.16150062974777626, "y:2": 2.339320983958774, "y:3": 2.9598611813621862, "y:4": 2.919248284164115, "y:5": 2.839390261551219, "y:6": 2.4854801577239254, "y:7": 2.93838341116842, "y:8": 2.998496588153385, "y:9": 3.012512522020978}, "7": {"y:0": 0.16162171038945575, "y:1": 0.1614022893686221, "y:2": 2.4607548468728786, "y:3": 3.003096024254125, "y:4": 3.114858361409799, "y:5": 2.9353603883719543, "y:6": 2.5809348209652003, "y:7": 3.057709661917195, "y:8": 3.1524672902314594, "y:9": 3.183795209215426}, "8": {"y:0": 0.16156006048161903, "y:1": 0.1614687974618659, "y:2": 2.5087450689817925, "y:3": 3.197726145103682, "y:4": 3.3257504531502904, "y:5": 3.031520329748947, "y:6": 2.7477584787806704, "y:7": 3.064912054961296, "y:8": 3.3813959477385875, "y:9": 3.344229083501051}, "9": {"y:0": 0.1614596567525865, "y:1": 0.16136396688350613, "y:2": 2.489937206237489, "y:3": 3.147498423278729, "y:4": 3.302930566319114, "y:5": 2.977319734460769, "y:6": 2.733315650817722, "y:7": 2.9677897341107764, "y:8": 3.269388102457922, "y:9": 3.2461264377028436}, "10": {"y:0": 0.16142766104918516, "y:1": 0.1614968548705939, "y:2": 2.4872844637527427, "y:3": 3.1650436983465116, "y:4": 3.339826346049058, "y:5": 3.0401748668284223, "y:6": 2.7084812917278454, "y:7": 3.062307148129462, "y:8": 3.275016128927794, "y:9": 3.3017587072199177}, "11": {"y:0": 0.1615741255968833, "y:1": 0.16155188078775498, "y:2": 2.542126524493468, "y:3": 3.2225454840129424, "y:4": 3.402751557299312, "y:5": 3.090131125118656, "y:6": 2.7587702141177406, "y:7": 3.1049946723793975, "y:8": 3.434303711999512, "y:9": 3.414379151166075}}