{"0": {"y:0": 0.40051793303229316, "y:1": 0.3931942665547783, "y:2": 0.3992476334206016, "y:3": 0.4022261074397783, "y:4": 0.3917866559915213, "y:5": 0.40250691028849206, "y:6": 0.39314566852124994, "y:7": 0.38618742894124625, "y:8": 0.3886240854592347, "y:9": 0.3941340149119057}}