{"0": {"y:0": 72.99847787340494, "y:1": 6.379848065587736, "y:2": 4.69304889645443, "y:3": 4.032531177133512, "y:4": 3.623490144908589, "y:5": 3.2915512311796173, "y:6": 3.236941133612282, "y:7": 3.067622912167324, "y:8": 2.9147785191416733, "y:9": 2.8070820755843684}, "1": {"y:0": 76.32851507860933, "y:1": 7.515101733045131, "y:2": 5.372491022771189, "y:3": 4.519072092990934, "y:4": 4.207589526441978, "y:5": 3.8535698944922734, "y:6": 3.7253650009793033, "y:7": 3.5559734375632734, "y:8": 3.3703506134882297, "y:9": 3.2760582224163675}, "2": {"y:0": 75.9613124770268, "y:1": 17.10892442351109, "y:2": 12.148900772209505, "y:3": 10.464209394061193, "y:4": 9.053006442455414, "y:5": 8.354218526168356, "y:6": 7.711928838100585, "y:7": 7.183483366813439, "y:8": 6.893703790449923, "y:9": 6.686182000855489}, "3": {"y:0": 74.94599075949843, "y:1": 9.948472903851922, "y:2": 8.143513362928873, "y:3": 7.43899221332565, "y:4": 7.089193955846894, "y:5": 6.797172029262649, "y:6": 6.594818192355447, "y:7": 6.375478455068208, "y:8": 6.249492329925455, "y:9": 6.038460901377479}, "4": {"y:0": 73.76772115061084, "y:1": 10.769459285234385, "y:2": 10.839800516918297, "y:3": 9.984034486226204, "y:4": 9.33202533935329, "y:5": 8.610083482733435, "y:6": 8.288298741979043, "y:7": 7.726566394437874, "y:8": 7.268452523487544, "y:9": 7.018810765985235}, "5": {"y:0": 75.83573279667836, "y:1": 11.67470874336712, "y:2": 11.650275115589544, "y:3": 12.144413126789045, "y:4": 11.6105121355042, "y:5": 11.035266102726702, "y:6": 10.267140819618488, "y:7": 9.782685682815934, "y:8": 9.145729718580146, "y:9": 8.487337595213868}, "6": {"y:0": 74.13754078075212, "y:1": 22.91790832040927, "y:2": 18.017103475913697, "y:3": 17.097905181731637, "y:4": 16.965398607755436, "y:5": 15.634793782028284, "y:6": 14.629560511821456, "y:7": 13.19038272847764, "y:8": 12.188247851237291, "y:9": 11.325306641175548}, "7": {"y:0": 75.3205919471623, "y:1": 29.495951662901764, "y:2": 22.962620882366913, "y:3": 24.06888756455638, "y:4": 23.4538915569872, "y:5": 22.555757925343112, "y:6": 21.484455700625553, "y:7": 19.40292296541078, "y:8": 16.983749595854132, "y:9": 15.261667518059301}, "8": {"y:0": 75.09967568782815, "y:1": 33.650586104708474, "y:2": 27.20392688829855, "y:3": 29.278032011608264, "y:4": 31.574597339226013, "y:5": 29.654543816312085, "y:6": 27.645152120443832, "y:7": 22.846537709706926, "y:8": 20.563452130645917, "y:9": 17.72324378688338}, "9": {"y:0": 75.4477132817016, "y:1": 39.06795086262514, "y:2": 33.71635646052163, "y:3": 36.050928882424074, "y:4": 40.12269539795572, "y:5": 38.69864901384674, "y:6": 36.62504639559312, "y:7": 33.02796324806558, "y:8": 27.673243856487822, "y:9": 24.204764123825402}, "10": {"y:0": 73.57168876617503, "y:1": 46.60063047212138, "y:2": 40.611126636479554, "y:3": 44.08997498547172, "y:4": 48.510411785678954, "y:5": 48.977157432466, "y:6": 45.662165674344806, "y:7": 41.18901492955001, "y:8": 35.763646456453536, "y:9": 32.61406530791994}, "11": {"y:0": 73.61068737805327, "y:1": 51.575695365802886, "y:2": 47.20885152874407, "y:3": 50.62235208234782, "y:4": 54.52394642755491, "y:5": 56.78809506607148, "y:6": 52.746147013459186, "y:7": 47.46728176711853, "y:8": 43.17237853014954, "y:9": 40.011849468989745}, "12": {"y:0": 75.33172241392252, "y:1": 56.424304518427164, "y:2": 51.467432235355886, "y:3": 54.59571153721507, "y:4": 59.92262758368159, "y:5": 64.63049547091316, "y:6": 59.17482770943127, "y:7": 53.41195220924648, "y:8": 50.162452770664366, "y:9": 45.789656171096595}, "13": {"y:0": 74.22038115378624, "y:1": 60.03208251405386, "y:2": 54.64100602439154, "y:3": 57.14286628552885, "y:4": 61.93994627800423, "y:5": 61.80947993084551, "y:6": 59.315111095324355, "y:7": 57.11455599050436, "y:8": 53.72713458901754, "y:9": 48.82343408829592}, "14": {"y:0": 73.91264567603135, "y:1": 58.976649875904975, "y:2": 53.883944318886314, "y:3": 57.43527537301192, "y:4": 61.738446489898756, "y:5": 63.688373526375145, "y:6": 62.06665452902583, "y:7": 58.205114577130345, "y:8": 55.441783255603966, "y:9": 51.99148451884591}, "15": {"y:0": 74.31491348161174, "y:1": 59.920578804914776, "y:2": 54.59644668028064, "y:3": 57.74827071143572, "y:4": 61.022051599582426, "y:5": 63.194823017692734, "y:6": 63.26729440251301, "y:7": 60.3868506214509, "y:8": 58.72622115313108, "y:9": 56.659113428191596}, "16": {"y:0": 74.17147176859899, "y:1": 58.00567891146687, "y:2": 53.74394412753467, "y:3": 57.111993969760015, "y:4": 62.39437980270283, "y:5": 66.2932338027814, "y:6": 65.08348433015027, "y:7": 62.49676151729473, "y:8": 57.02758756417062, "y:9": 53.66591416991629}}