{"0": {"y:0": 73.6411771803426, "y:1": 7.719157127220392, "y:2": 5.307187091442699, "y:3": 4.536943282724996, "y:4": 3.865511261478163, "y:5": 3.569131988481663, "y:6": 3.4022473349303763, "y:7": 3.254499590279805, "y:8": 3.0470806949800573, "y:9": 3.0018148261011217}, "1": {"y:0": 71.54125324670623, "y:1": 7.182435299948721, "y:2": 5.033502437068073, "y:3": 4.333720729838791, "y:4": 4.0106836519244515, "y:5": 3.80615154741477, "y:6": 3.5936448094793176, "y:7": 3.4026564821314027, "y:8": 3.217745501744436, "y:9": 3.196843935500379}, "2": {"y:0": 77.34333126614244, "y:1": 13.160509991586132, "y:2": 9.689832031974163, "y:3": 7.939356101125459, "y:4": 7.0112571894431825, "y:5": 6.631032397965446, "y:6": 6.1454394643408445, "y:7": 5.928936468941624, "y:8": 5.61788433568882, "y:9": 5.3236499214183}, "3": {"y:0": 73.65386193162318, "y:1": 8.79981649868641, "y:2": 7.597686620896228, "y:3": 6.886911060828133, "y:4": 6.539103950891487, "y:5": 6.374027999227067, "y:6": 6.169024897357849, "y:7": 5.941419128175302, "y:8": 5.993049111063586, "y:9": 5.802229923006766}, "4": {"y:0": 76.92280631893045, "y:1": 8.372924095238341, "y:2": 9.319021970595578, "y:3": 9.922133967694617, "y:4": 9.910807733029918, "y:5": 9.728304969732651, "y:6": 9.207348080062433, "y:7": 9.073587239206786, "y:8": 9.005701252440414, "y:9": 8.847476369532725}, "5": {"y:0": 75.04162213674213, "y:1": 10.17067012289114, "y:2": 12.665299799608523, "y:3": 13.492407961344513, "y:4": 13.858368084563171, "y:5": 13.59163882701417, "y:6": 13.761878703973505, "y:7": 13.87155424280686, "y:8": 13.399423300960951, "y:9": 13.295154574738792}, "6": {"y:0": 72.23416929995476, "y:1": 15.284403632759023, "y:2": 19.60136133766061, "y:3": 21.625489673978542, "y:4": 22.376822367743564, "y:5": 22.77121463710787, "y:6": 23.071000239169138, "y:7": 23.26295975448525, "y:8": 22.73966998853313, "y:9": 23.242737669443695}, "7": {"y:0": 73.64434538645745, "y:1": 21.769874448449386, "y:2": 26.25700294598323, "y:3": 31.546510154651738, "y:4": 32.3417900280049, "y:5": 34.56748255759657, "y:6": 34.23923554597627, "y:7": 33.17430589974883, "y:8": 33.93431929979682, "y:9": 33.45676784227871}, "8": {"y:0": 72.57326765972344, "y:1": 26.12173316643685, "y:2": 34.11525997006381, "y:3": 37.649967076513754, "y:4": 40.70862958225343, "y:5": 40.92634277353188, "y:6": 40.44254332664009, "y:7": 40.77376847067413, "y:8": 42.37171303203116, "y:9": 41.341355902694204}, "9": {"y:0": 74.80362711490051, "y:1": 28.963040507687133, "y:2": 36.56967882061512, "y:3": 41.982017617875485, "y:4": 43.79316114771946, "y:5": 45.78169649303936, "y:6": 47.02183361617609, "y:7": 46.58474880858007, "y:8": 46.54936343931156, "y:9": 45.575394362841564}, "10": {"y:0": 73.27656129262469, "y:1": 32.64930092463346, "y:2": 39.822914973668894, "y:3": 43.50566090772473, "y:4": 45.82972481836732, "y:5": 47.74484885931563, "y:6": 47.88559270360089, "y:7": 47.6595937098809, "y:8": 48.420394635986355, "y:9": 48.05609210756608}, "11": {"y:0": 74.6972481426903, "y:1": 36.875994698954806, "y:2": 43.022738787631745, "y:3": 46.61525109376978, "y:4": 49.6035636435902, "y:5": 50.16264271932096, "y:6": 50.649990692738704, "y:7": 51.54437622433013, "y:8": 50.996531140942345, "y:9": 51.49235108065908}, "12": {"y:0": 74.67412378100607, "y:1": 38.63670804221935, "y:2": 45.010451314688126, "y:3": 49.10324913450423, "y:4": 50.61100285350716, "y:5": 51.723221072372425, "y:6": 52.19151190946853, "y:7": 51.8356367269119, "y:8": 51.94085445558324, "y:9": 51.580523093077964}}