{"0": {"y:0": 34.01838479016351, "y:1": 2.8352377597333747, "y:2": 2.002323078284022, "y:3": 1.8310776328372644, "y:4": 1.5231387778644825, "y:5": 1.4348736930527146, "y:6": 1.338857442230856, "y:7": 1.280271753139944, "y:8": 1.2945802201457906, "y:9": 1.257421485407097}, "1": {"y:0": 32.78208550038992, "y:1": 2.8054254261164346, "y:2": 2.02110378442837, "y:3": 1.8140071960295874, "y:4": 1.5592409124677504, "y:5": 1.451428381265935, "y:6": 1.3500572654227811, "y:7": 1.301028157973702, "y:8": 1.2990732021491476, "y:9": 1.2769378279977022}, "2": {"y:0": 32.00574519344465, "y:1": 3.981891566730854, "y:2": 2.8987331707831396, "y:3": 2.6985594029745714, "y:4": 2.3571508652183986, "y:5": 2.2077608899377292, "y:6": 2.0458148279975874, "y:7": 1.9949016428011945, "y:8": 2.004232357353915, "y:9": 1.962884129852983}, "3": {"y:0": 32.8413679509606, "y:1": 4.5058275345449745, "y:2": 3.8629487399236657, "y:3": 3.671855209881848, "y:4": 3.340723387082437, "y:5": 3.2342934116998503, "y:6": 3.0551399195012743, "y:7": 2.9479753348400224, "y:8": 2.9668394109941643, "y:9": 2.89690065568708}, "4": {"y:0": 32.28877425868903, "y:1": 4.795481550958461, "y:2": 5.1335447626901765, "y:3": 5.2480291810568716, "y:4": 5.077676664398307, "y:5": 4.8799665819175315, "y:6": 4.505626835797173, "y:7": 4.320382795208354, "y:8": 4.312376558133598, "y:9": 4.127133043822875}, "5": {"y:0": 33.36389199142444, "y:1": 4.999020978230523, "y:2": 5.462153284209356, "y:3": 5.955979018630574, "y:4": 6.105595957368377, "y:5": 6.061165367404608, "y:6": 5.746873341041025, "y:7": 5.315078053946343, "y:8": 5.411080316978183, "y:9": 4.95110256492892}, "6": {"y:0": 33.159493385946995, "y:1": 6.1137576309717145, "y:2": 6.21996127796164, "y:3": 7.015226151875316, "y:4": 7.328175034649977, "y:5": 7.1720869554040085, "y:6": 6.757206174506528, "y:7": 6.402493574428982, "y:8": 6.128852186318878, "y:9": 5.5998450985115955}, "7": {"y:0": 34.07728869060539, "y:1": 8.212024225198052, "y:2": 8.079518203903978, "y:3": 9.324406979483605, "y:4": 9.837973270290421, "y:5": 9.726371220223925, "y:6": 9.416339508530998, "y:7": 8.780865319487265, "y:8": 7.961082902880306, "y:9": 7.2830561090857575}, "8": {"y:0": 33.60061355147203, "y:1": 10.506661452967423, "y:2": 10.684032891915797, "y:3": 13.47832809791726, "y:4": 14.738141225462758, "y:5": 15.699335665478081, "y:6": 14.870981311885267, "y:7": 13.128872347389212, "y:8": 11.047081364366905, "y:9": 9.782260586517484}, "9": {"y:0": 34.12828568166912, "y:1": 12.688398100787397, "y:2": 13.1353824694663, "y:3": 13.870269351876766, "y:4": 19.42819446113616, "y:5": 21.553983725833163, "y:6": 20.629692070291775, "y:7": 17.89857424197517, "y:8": 17.181932687576108, "y:9": 14.967033931892363}, "10": {"y:0": 33.92806803123877, "y:1": 14.074923992179004, "y:2": 16.164659125834266, "y:3": 16.27385521534486, "y:4": 24.239631405525987, "y:5": 25.543133068616104, "y:6": 24.552057667503437, "y:7": 20.360690417323, "y:8": 19.877759530984633, "y:9": 17.970286973408946}, "11": {"y:0": 33.647969621545855, "y:1": 15.194027101005732, "y:2": 17.495819746121835, "y:3": 15.776620395684368, "y:4": 23.92920038895002, "y:5": 27.360782108953163, "y:6": 26.918725090799537, "y:7": 22.830855385099312, "y:8": 23.934648077833778, "y:9": 22.470446865703646}, "12": {"y:0": 32.82191313730566, "y:1": 15.969246433319167, "y:2": 19.471816750609346, "y:3": 16.537552931192682, "y:4": 26.472322469851363, "y:5": 29.463872201322538, "y:6": 29.057693242671178, "y:7": 24.24933364045485, "y:8": 26.245578155751726, "y:9": 25.10531014899325}, "13": {"y:0": 32.351345989625756, "y:1": 16.925539437321923, "y:2": 21.463024926388258, "y:3": 17.122336672640017, "y:4": 27.677286767203977, "y:5": 30.06728301407581, "y:6": 29.758592981176935, "y:7": 24.87486220188777, "y:8": 27.598872214497064, "y:9": 26.85105960149145}, "14": {"y:0": 33.4613093346181, "y:1": 17.051475888009993, "y:2": 21.917506273513002, "y:3": 16.74023664767988, "y:4": 28.63942189531882, "y:5": 30.992736746099155, "y:6": 30.329345760203953, "y:7": 25.191960195904656, "y:8": 27.853109883205388, "y:9": 26.191364534660742}, "15": {"y:0": 32.952090416582124, "y:1": 18.078834172016908, "y:2": 23.16509464848553, "y:3": 16.418022377063217, "y:4": 28.405196058029514, "y:5": 30.74714441803621, "y:6": 30.888051330007485, "y:7": 25.32167493937654, "y:8": 29.6424803831671, "y:9": 28.42397724077536}}