{"3": {"y:0": 0.020740751874620458, "y:1": 0.04360894170412419, "y:2": 0.007453673804998333, "y:3": 0.07275254622387303, "y:4": 0.20521539079030185, "y:5": 0.0546665455611499, "y:6": 0.15984092726775193, "y:7": 0.11091703622145932, "y:8": 0.2917763821837912, "y:9": 1.0330278043679297}}