{"0": {"y:0": 1.9704089672961482, "y:1": 0.8002062006788402, "y:2": 0.49232757583228426, "y:3": 0.3474159596186958, "y:4": 0.27288451153864535, "y:5": 0.2213711750180904, "y:6": 0.1907388351486686, "y:7": 0.16712840975843618, "y:8": 0.14625442148467901, "y:9": 0.13329385670923108}, "1": {"y:0": 1.9890549525277486, "y:1": 0.8439195416342586, "y:2": 0.5118030566675581, "y:3": 0.3849462493595024, "y:4": 0.3010298979191804, "y:5": 0.24938166934403608, "y:6": 0.20796998357980093, "y:7": 0.1810481689578697, "y:8": 0.16187561754242857, "y:9": 0.14328712603892332}, "2": {"y:0": 3.644506112250275, "y:1": 1.8690781036609438, "y:2": 1.2455397922325264, "y:3": 0.9335333347997443, "y:4": 0.7394170153253192, "y:5": 0.6137203503154164, "y:6": 0.5299998860362725, "y:7": 0.4537964173521474, "y:8": 0.4075487057207829, "y:9": 0.36470767344941707}, "3": {"s_theta_0": 0.932098667023164, "s_theta_1": 0.932114863180473}, "4": {"s_theta_0": 1.2775163420350204, "s_theta_1": 1.2829738326612687}, "5": {"s_theta_0": 2.5139537059386217, "s_theta_1": 2.521295799073384}, "6": {"s_theta_0": 3.56129416912719, "s_theta_1": 3.5907291771821925}}