{"0": {"y:0": 1.9265535991718803, "y:1": 0.7842231022942413, "y:2": 0.4860236725490819, "y:3": 0.3427943134447954, "y:4": 0.27317219066249815, "y:5": 0.22315886494581563, "y:6": 0.18842137058786793, "y:7": 0.1608947014323964, "y:8": 0.14404072974059917, "y:9": 0.12732393363498437}, "1": {"y:0": 2.167509495829745, "y:1": 0.8784896980759643, "y:2": 0.5442126363723446, "y:3": 0.3795947326544129, "y:4": 0.297217999146726, "y:5": 0.24433925698175094, "y:6": 0.2065099276574223, "y:7": 0.17864464720913795, "y:8": 0.15582358382923378, "y:9": 0.13950973941241798}, "2": {"y:0": 3.5571085212346056, "y:1": 1.794416227823352, "y:2": 1.1911198917124206, "y:3": 0.8867872226567315, "y:4": 0.7181617482298536, "y:5": 0.5939144258324935, "y:6": 0.5040428200549963, "y:7": 0.43355937012552237, "y:8": 0.3839839676555928, "y:9": 0.34643173366767893}, "3": {"s_theta_0": 0.8185249215449298, "s_theta_1": 0.9038699798850109}, "4": {"s_theta_0": 1.22192544142584, "s_theta_1": 1.2361780440023153}, "5": {"s_theta_0": 2.044809559517789, "s_theta_1": 2.0804157584220855}, "6": {"s_theta_0": 2.7747170134069705, "s_theta_1": 2.808805049642803}}