{"0": {"y:0": 0.01070628290497518, "y:1": 0.08868358069000548, "y:2": 0.009803128253354205, "y:3": 0.1017730697018896, "y:4": 0.20754643059762556, "y:5": 0.1504180760014086, "y:6": 0.16276757289002955, "y:7": 0.016893857103916127, "y:8": 0.05484838395673739, "y:9": 0.19655961790005827}}