{"0": {"y:0": 0.12662468921292874, "y:1": 0.028671888029668805, "y:2": 0.13152390217364446, "y:3": 0.01894573709398571, "y:4": 0.15386872131299514, "y:5": 0.015902018418736365, "y:6": 0.13317220518347622, "y:7": 0.01621905200363745, "y:8": 0.13903579248188777, "y:9": 0.018695857645233713, "y:10": 0.13189085016907764, "y:11": 0.022191177052329206, "y:12": 0.16690048817644776, "y:13": 0.026578158255947965, "y:14": 0.1265634596901001, "y:15": 0.027009886227711367, "y:16": 0.15329909275933745, "y:17": 0.03291975933574186, "y:18": 0.15472489662584207, "y:19": 0.036021558513964526, "y:20": 0.1381334276225934, "y:21": 0.039914770646772055, "y:22": 0.1384940192254103, "y:23": 0.04157051251515422, "y:24": 0.13305502422196758, "y:25": 0.038433686657827586, "y:26": 0.12747985810468485, "y:27": 0.044484194547015694, "y:28": 0.12928669912862156, "y:29": 0.04362082083961237, "y:30": 0.15048154968700767, "y:31": 0.05138410305080883}}