{"0": {"y:0": 0.10382015874930163, "y:1": 0.024955152610101252, "y:2": 0.10714963759242065, "y:3": 0.019012226248641337, "y:4": 0.12293904656243188, "y:5": 0.016617721394431954, "y:6": 0.15789635715090478, "y:7": 0.014886869653464816, "y:8": 0.1378680917918393, "y:9": 0.015977800994842212, "y:10": 0.12547103737582116, "y:11": 0.0168047533154915, "y:12": 0.1493853106641577, "y:13": 0.020502512381453116, "y:14": 0.1419729609314805, "y:15": 0.024230639866191655, "y:16": 0.13461044415276355, "y:17": 0.02822159803584666, "y:18": 0.1083936391185658, "y:19": 0.029712653050834245, "y:20": 0.10562674889398292, "y:21": 0.03571156894730399, "y:22": 0.13089983963803078, "y:23": 0.032357096583042234, "y:24": 0.1259658803995673, "y:25": 0.035084808855924195, "y:26": 0.14938174954502156, "y:27": 0.04290111548643618, "y:28": 0.1341567718228037, "y:29": 0.0405815449329582, "y:30": 0.16598441321722152, "y:31": 0.05010954895567061}, "1": {"y:0": 0.10842679875565933, "y:1": 0.02799013178196931, "y:2": 0.13406499680631034, "y:3": 0.01986337037688525, "y:4": 0.1300452224499917, "y:5": 0.017306598821765457, "y:6": 0.12740597111083315, "y:7": 0.015118503858224481, "y:8": 0.14042776003649976, "y:9": 0.016399431855159737, "y:10": 0.13948624730707207, "y:11": 0.018485307143963382, "y:12": 0.13833158732838904, "y:13": 0.019306553090157975, "y:14": 0.13636612447651505, "y:15": 0.0216947462403844, "y:16": 0.12168459582088448, "y:17": 0.025033773562402873, "y:18": 0.1332952656687939, "y:19": 0.031775058083505545, "y:20": 0.126401340916779, "y:21": 0.032685360015851234, "y:22": 0.11989204223953863, "y:23": 0.03084388685005994, "y:24": 0.13670628157883966, "y:25": 0.033765646116904045, "y:26": 0.11946780126189609, "y:27": 0.040615246304866556, "y:28": 0.12865214411033232, "y:29": 0.03730427363109443, "y:30": 0.13059260335633707, "y:31": 0.03773164878878282}, "2": {"y:0": 0.11958661238139207, "y:1": 0.0579419863564022, "y:2": 0.12831561985489995, "y:3": 0.04446616625965159, "y:4": 0.13108450330185764, "y:5": 0.03867530465756707, "y:6": 0.132199196282178, "y:7": 0.0326088002194223, "y:8": 0.12225138805464997, "y:9": 0.029479951111840513, "y:10": 0.12022341054483543, "y:11": 0.02613122339864238, "y:12": 0.1384310959605432, "y:13": 0.023667560558214538, "y:14": 0.13528671497921801, "y:15": 0.022209583058602645, "y:16": 0.1315824652399984, "y:17": 0.019615683850069593, "y:18": 0.1309992415615955, "y:19": 0.020327692996833034, "y:20": 0.14034040036104523, "y:21": 0.01819962261626205, "y:22": 0.13594050583902767, "y:23": 0.018597179668408292, "y:24": 0.14299224964625795, "y:25": 0.018065095841161952, "y:26": 0.14397323369540568, "y:27": 0.017867769316971236, "y:28": 0.13277457365990136, "y:29": 0.017540002919849425, "y:30": 0.13343463337541722, "y:31": 0.018100257606306482}, "3": {"y:0": 0.11571617978618902, "y:1": 0.06361327799170688, "y:2": 0.1233206929227887, "y:3": 0.05600436164631999, "y:4": 0.126649932618984, "y:5": 0.04486722973771493, "y:6": 0.12585259427789952, "y:7": 0.041031176310461125, "y:8": 0.12323084700041764, "y:9": 0.03581938251217941, "y:10": 0.14122882601735273, "y:11": 0.0318408747478703, "y:12": 0.1288358062543374, "y:13": 0.029113215556316532, "y:14": 0.12989752910723887, "y:15": 0.027471499431580858, "y:16": 0.12302099141725292, "y:17": 0.024972825494785546, "y:18": 0.12941121272617934, "y:19": 0.023512860331962256, "y:20": 0.1267396087367167, "y:21": 0.022924234477512635, "y:22": 0.13109445403461942, "y:23": 0.020981622271169776, "y:24": 0.12536912435743897, "y:25": 0.020352920958504835, "y:26": 0.12527494006742104, "y:27": 0.019360841474863246, "y:28": 0.12503334054704773, "y:29": 0.019659209982224913, "y:30": 0.1252527660718956, "y:31": 0.01896946570376147}, "4": {"y:0": 0.09314051390780781, "y:1": 0.028458746478031646, "y:2": 0.09940947060854595, "y:3": 0.02202574768809217, "y:4": 0.10668402038691371, "y:5": 0.0186094148717695, "y:6": 0.10081458406929004, "y:7": 0.016053642783599057, "y:8": 0.10713684074571381, "y:9": 0.015303380593878911, "y:10": 0.09774414257643167, "y:11": 0.01592147228767701, "y:12": 0.10112984262419637, "y:13": 0.016966195099212752, "y:14": 0.0987740575971702, "y:15": 0.019138161501072, "y:16": 0.10483896275339005, "y:17": 0.020198822050231414, "y:18": 0.10065532865102787, "y:19": 0.02193899891356931, "y:20": 0.09809807710634075, "y:21": 0.025980233406570147, "y:22": 0.09823882980436828, "y:23": 0.027940853556278813, "y:24": 0.10098904870530342, "y:25": 0.030026702241190775, "y:26": 0.09881112547742012, "y:27": 0.03149302630505002, "y:28": 0.106675737601862, "y:29": 0.03201281458275769, "y:30": 0.09434446275867701, "y:31": 0.035745979809583675}, "5": {"y:0": 0.06523583811401068, "y:1": 0.02660999345682399, "y:2": 0.058563063545647116, "y:3": 0.04550395231036335, "y:4": 0.0626427643540574, "y:5": 0.05927894818848371, "y:6": 0.06352151305887431, "y:7": 0.06523481803146017, "y:8": 0.05684027967985755, "y:9": 0.06971019937493708, "y:10": 0.05608508398509073, "y:11": 0.07266268038508113, "y:12": 0.05314026549035779, "y:13": 0.08180913942024264, "y:14": 0.05632984732594254, "y:15": 0.07585176247254732, "y:16": 0.05100943525809619, "y:17": 0.07986252773553251, "y:18": 0.049306372764175564, "y:19": 0.08367360685092376, "y:20": 0.047714221208197405, "y:21": 0.08513742277137773, "y:22": 0.04849049072380345, "y:23": 0.08931298006569716, "y:24": 0.047550930543545394, "y:25": 0.08437520013141461, "y:26": 0.04625028714305929, "y:27": 0.09425680732503783, "y:28": 0.04526159055492617, "y:29": 0.08707324437497627, "y:30": 0.04315791431351652, "y:31": 0.08384854180488052}, "6": {"y:0": 0.07721683965793519, "y:1": 0.0824869396362387, "y:2": 0.065709605560428, "y:3": 0.10141569624054389, "y:4": 0.06820494947159683, "y:5": 0.113352841128026, "y:6": 0.059669208237101014, "y:7": 0.1222595432091629, "y:8": 0.059125304084845905, "y:9": 0.12661277422066697, "y:10": 0.05484515308876438, "y:11": 0.1261829378461051, "y:12": 0.055501111207455656, "y:13": 0.12667195413857135, "y:14": 0.05014836079303853, "y:15": 0.12256696369836637, "y:16": 0.04848351629044515, "y:17": 0.1280777676120068, "y:18": 0.04860410171575381, "y:19": 0.14220168791747556, "y:20": 0.04622945549981722, "y:21": 0.14303427016096693, "y:22": 0.04116484291712458, "y:23": 0.1343378735174884, "y:24": 0.03935896394445357, "y:25": 0.13118202933918924, "y:26": 0.036126164271128455, "y:27": 0.13516250645766625, "y:28": 0.03560824866341097, "y:29": 0.1403637716593104, "y:30": 0.031782548750852804, "y:31": 0.1430875303865571}, "7": {"y:0": 0.08970010608806832, "y:1": 0.05275409666499756, "y:2": 0.0727750275147519, "y:3": 0.07306985070567021, "y:4": 0.07100714514059832, "y:5": 0.09011868875513959, "y:6": 0.06702057333396448, "y:7": 0.0961077466260418, "y:8": 0.0612675936807814, "y:9": 0.10919507726706343, "y:10": 0.059328284712463306, "y:11": 0.10877897309567397, "y:12": 0.054099428894804506, "y:13": 0.12010259073227841, "y:14": 0.05364923473905569, "y:15": 0.11433671556995081, "y:16": 0.05266881063274079, "y:17": 0.11005045343208375, "y:18": 0.04818851976804596, "y:19": 0.12258814561322318, "y:20": 0.04248922597618905, "y:21": 0.10830636999803465, "y:22": 0.04305890767154535, "y:23": 0.11711922089714999, "y:24": 0.04208079771142008, "y:25": 0.12639492084459295, "y:26": 0.038460804620729955, "y:27": 0.11736884160956636, "y:28": 0.03754178743449295, "y:29": 0.11879068186134938, "y:30": 0.035551966289283525, "y:31": 0.12046578247153168}, "8": {"y:0": 0.0685281761889828, "y:1": 0.021554799336346474, "y:2": 0.06461102114498962, "y:3": 0.031222069765423525, "y:4": 0.057040060696875845, "y:5": 0.04000904494026153, "y:6": 0.05262806792971789, "y:7": 0.04689428159574026, "y:8": 0.046995998775332046, "y:9": 0.04859723852933288, "y:10": 0.046222693545914635, "y:11": 0.05423738183889951, "y:12": 0.04469134530853649, "y:13": 0.05683363807094115, "y:14": 0.041461276490233734, "y:15": 0.05821194750596296, "y:16": 0.03767564250869174, "y:17": 0.063169158468049, "y:18": 0.037649238443822904, "y:19": 0.06142112291470859,