{"0": {"y:0": 0.11487490331868079, "y:1": 0.02278591335466854, "y:2": 0.11845866011262275, "y:3": 0.017327927830215962, "y:4": 0.1239096682855109, "y:5": 0.01542426231184455, "y:6": 0.1318012212908342, "y:7": 0.01629216319462634, "y:8": 0.1432930841107769, "y:9": 0.02030173700216335, "y:10": 0.12580574392582097, "y:11": 0.02109690422183784, "y:12": 0.12304562190148802, "y:13": 0.025926055390230796, "y:14": 0.14135059005035952, "y:15": 0.03226180484038696, "y:16": 0.12631893851949877, "y:17": 0.0334863320901331, "y:18": 0.12932429462401474, "y:19": 0.0377554060662999, "y:20": 0.13683862330513813, "y:21": 0.04082860034903433, "y:22": 0.1271094224420114, "y:23": 0.04522950276122094, "y:24": 0.13974170765471913, "y:25": 0.044678890213106184, "y:26": 0.15179380745205717, "y:27": 0.04937208547894487, "y:28": 0.15161371262594153, "y:29": 0.054785735522925434, "y:30": 0.11772778135119849, "y:31": 0.05342689206810624}}