{"0": {"y:0": 0.1206096210868743, "y:1": 0.029068622260818834, "y:2": 0.12347335916978722, "y:3": 0.022585387332615343, "y:4": 0.1307760167682397, "y:5": 0.018247180684359175, "y:6": 0.14140058959654098, "y:7": 0.01655078146433988, "y:8": 0.1428425198135076, "y:9": 0.015983054543680375, "y:10": 0.13488103831481668, "y:11": 0.016367687553488074, "y:12": 0.13237940331518006, "y:13": 0.0174942783833374, "y:14": 0.1300226147716596, "y:15": 0.017640978972493164, "y:16": 0.15096203340797026, "y:17": 0.021546053099005404, "y:18": 0.14597741723555846, "y:19": 0.024299046575658276, "y:20": 0.15091723430257395, "y:21": 0.028521455119153345, "y:22": 0.1506077984028662, "y:23": 0.03128260319097065, "y:24": 0.14331669857646095, "y:25": 0.03239755255104198, "y:26": 0.1487430287328261, "y:27": 0.033717505256856586, "y:28": 0.14203258824456041, "y:29": 0.03664363340671651, "y:30": 0.1264251832419387, "y:31": 0.043034988919158565}}