{"0": {"s1": 0.014592965273515338, "s2": 1.5361209722006486}, "1": {"s1": 0.015539112700346108, "s2": 1.513977538870017}, "2": {"s1": 0.031738071348258914, "s2": 1.4590153583613863}, "3": {"s1": 0.06108126627226947, "s2": 1.4454820720343327}, "4": {"s1": 0.1241051093325904, "s2": 1.465201670044863}, "5": {"s1": 0.24443841338739772, "s2": 1.4746721211577651}, "6": {"s1": 0.45349873810816027, "s2": 1.5043041928664407}, "7": {"s1": 0.8923432042227166, "s2": 1.5421515038607025}}