{"0": {"y:0": 33.266228469077866, "y:1": 3.150720054303018, "y:2": 2.1513087191601863, "y:3": 1.8134599460042056, "y:4": 1.666868880446515, "y:5": 1.4900416102723875, "y:6": 1.4299684994515813, "y:7": 1.3823849146924994, "y:8": 1.337900759117268, "y:9": 1.3476939296575834}, "1": {"y:0": 33.622031990813, "y:1": 3.123635500733849, "y:2": 2.183345322524321, "y:3": 1.7768520067303657, "y:4": 1.592061575116335, "y:5": 1.4479745423977648, "y:6": 1.40792230777146, "y:7": 1.3281039871879006, "y:8": 1.307826691808146, "y:9": 1.3004591864938342}, "2": {"y:0": 34.124870850346696, "y:1": 4.64703340049259, "y:2": 3.181799527396239, "y:3": 2.62365714381211, "y:4": 2.38116573711563, "y:5": 2.1611039162311183, "y:6": 2.1285334576358848, "y:7": 2.018447795275988, "y:8": 1.9397244192256555, "y:9": 1.9908394409888912}, "3": {"y:0": 33.94305852458555, "y:1": 4.73029134864131, "y:2": 3.768082420639444, "y:3": 3.3261746006467137, "y:4": 3.0901859459273906, "y:5": 2.9158384773786072, "y:6": 2.876804069695697, "y:7": 2.7769783843876836, "y:8": 2.684264842156522, "y:9": 2.790092284652129}, "4": {"y:0": 33.79200581184025, "y:1": 4.99917162275614, "y:2": 5.127473205162857, "y:3": 5.204334903623299, "y:4": 5.104417596762549, "y:5": 4.602414179241505, "y:6": 4.626473325626816, "y:7": 4.276544573591629, "y:8": 4.003911208082191, "y:9": 4.167492971530891}, "5": {"y:0": 34.55859332859434, "y:1": 5.844944365477023, "y:2": 5.7271331186984815, "y:3": 5.942776992164207, "y:4": 6.0923469012639515, "y:5": 5.648113752769895, "y:6": 5.639485797394558, "y:7": 5.284216983485275, "y:8": 4.9111223232018615, "y:9": 4.950574230205265}, "6": {"y:0": 33.310648207123954, "y:1": 9.489508202363817, "y:2": 7.760681065710982, "y:3": 7.798962593061066, "y:4": 7.819356587257438, "y:5": 7.274501957966381, "y:6": 7.172324446235026, "y:7": 6.738657538286845, "y:8": 6.226838004394441, "y:9": 5.4309724833184845}, "7": {"y:0": 35.57775956639511, "y:1": 12.717509673488065, "y:2": 11.198458065998782, "y:3": 11.455211217364656, "y:4": 12.84885462787934, "y:5": 11.821572230067028, "y:6": 11.934036138741535, "y:7": 10.527438593584007, "y:8": 9.354599770629108, "y:9": 6.576653398498377}, "8": {"y:0": 34.203227072320466, "y:1": 15.527675134859004, "y:2": 13.799456947344183, "y:3": 14.127333531381439, "y:4": 15.779715510692363, "y:5": 14.588793820267183, "y:6": 14.555484392332753, "y:7": 12.764095997253431, "y:8": 11.091137693418979, "y:9": 8.36608660700975}, "9": {"y:0": 33.26269980684952, "y:1": 18.766845637313537, "y:2": 17.501711031757775, "y:3": 19.09210895360486, "y:4": 21.59885984352998, "y:5": 19.744055833209153, "y:6": 19.51384526628043, "y:7": 17.679132534000257, "y:8": 14.746734391446514, "y:9": 12.016820398582604}, "10": {"y:0": 34.47422410702131, "y:1": 23.283693758039995, "y:2": 21.777956252260942, "y:3": 23.31412260436369, "y:4": 25.11830787685791, "y:5": 23.304334956381453, "y:6": 23.770951852562717, "y:7": 21.749869111358578, "y:8": 18.329443071197225, "y:9": 14.065432820263155}, "11": {"y:0": 34.094567732503556, "y:1": 24.77609202397049, "y:2": 23.54915870527312, "y:3": 25.03251905207847, "y:4": 26.993336490907083, "y:5": 25.32180171306365, "y:6": 27.354923584322098, "y:7": 25.25013035483791, "y:8": 21.59013461500315, "y:9": 17.23675308878547}, "12": {"y:0": 34.270805052401975, "y:1": 27.53483409900581, "y:2": 26.24507401054652, "y:3": 27.954326891454652, "y:4": 28.624486872815208, "y:5": 25.58542729659539, "y:6": 27.844952379093872, "y:7": 26.876804933731126, "y:8": 21.963317147129864, "y:9": 17.968119393832588}, "13": {"y:0": 33.60079652112143, "y:1": 28.935439645732604, "y:2": 27.763509463083356, "y:3": 29.409518002086926, "y:4": 29.559102485560327, "y:5": 27.58447885803918, "y:6": 30.007043271773103, "y:7": 29.704162390795503, "y:8": 24.14138940926271, "y:9": 20.27021146580392}, "14": {"y:0": 33.68512328718022, "y:1": 29.952477093514336, "y:2": 29.235230186492075, "y:3": 30.57259399276467, "y:4": 30.832479063014713, "y:5": 27.926378411528393, "y:6": 30.857045009107445, "y:7": 29.651595886739095, "y:8": 24.5830839015303, "y:9": 20.90284580411805}, "15": {"y:0": 33.72099501892568, "y:1": 30.50477758734658, "y:2": 29.647890806726384, "y:3": 30.377865175718355, "y:4": 30.71481715823079, "y:5": 28.314161775793764, "y:6": 30.14452615067606, "y:7": 29.428962963850573, "y:8": 23.862868514334224, "y:9": 21.44650765327202}, "16": {"y:0": 33.98799506251237, "y:1": 30.745216421744757, "y:2": 29.894786202703642, "y:3": 30.99528644746502, "y:4": 31.150899604722316, "y:5": 28.95224535357418, "y:6": 31.62178884921067, "y:7": 31.00923974607129, "y:8": 25.37083948276064, "y:9": 22.299685951109783}}