{"0": {"y:0": 0.42636565697338935, "y:1": 0.4260785067505262, "y:2": 0.4226772911017406, "y:3": 0.42243700219763675, "y:4": 0.42616160787563945, "y:5": 0.4204731408727169, "y:6": 0.4175997410603098, "y:7": 0.41799800970504425, "y:8": 0.42162101538712515, "y:9": 0.42056104521801657}, "1": {"y:0": 0.4045210388374875, "y:1": 0.39891900148251724, "y:2": 0.3996333290661102, "y:3": 0.40070317343485323, "y:4": 0.4024457161901219, "y:5": 0.4022887230926823, "y:6": 0.40114453687612217, "y:7": 0.39778752278857304, "y:8": 0.4013368966542114, "y:9": 0.3990671757368289}, "2": {"y:0": 0.8213291912183196, "y:1": 0.8242190805426243, "y:2": 0.812880948535294, "y:3": 0.823928668141239, "y:4": 0.8221921739902548, "y:5": 0.8244569111246559, "y:6": 0.8343679579701772, "y:7": 0.8202875439804008, "y:8": 0.8162854993516003, "y:9": 0.827156841251308}, "3": {"y:0": 1.6026363789781315, "y:1": 1.6315218830064449, "y:2": 1.5945272695265666, "y:3": 1.6231011378872475, "y:4": 1.6325055850664567, "y:5": 1.6183787937334657, "y:6": 1.5924959627721176, "y:7": 1.6028852574135108, "y:8": 1.6020822365474259, "y:9": 1.636916783322753}, "4": {"y:0": 2.7410614002664335, "y:1": 2.698125262165831, "y:2": 2.7117825055262275, "y:3": 2.7178434011331727, "y:4": 2.7494578152475495, "y:5": 2.705726570207308, "y:6": 2.7437021703105016, "y:7": 2.6994313256922693, "y:8": 2.7868654671900615, "y:9": 2.730141006077626}, "5": {"y:0": 3.4936437564858616, "y:1": 3.349622006124935, "y:2": 3.3876297993829434, "y:3": 3.3911472503315614, "y:4": 3.4089407188369787, "y:5": 3.4097548163678604, "y:6": 3.4561695711820613, "y:7": 3.4795303456269076, "y:8": 3.563833813012088, "y:9": 3.5528708487512115}, "6": {"y:0": 4.015798616938619, "y:1": 3.97124702100227, "y:2": 3.924050665288834, "y:3": 3.945857171629443, "y:4": 4.0218070900452325, "y:5": 4.007448515637763, "y:6": 3.8736912993716492, "y:7": 3.8890082667769503, "y:8": 4.045128408225014, "y:9": 3.9887640785094436}, "7": {"y:0": 4.144748230703438, "y:1": 4.154807805568776, "y:2": 4.148291636548837, "y:3": 4.150296224429736, "y:4": 4.124264553994059, "y:5": 4.107339218979277, "y:6": 4.147098202760448, "y:7": 4.137010407181319, "y:8": 4.155954743659087, "y:9": 4.145964621116679}, "8": {"y:0": 4.274177272487683, "y:1": 4.227879356584303, "y:2": 4.224922809406653, "y:3": 4.220185612821761, "y:4": 4.166959666329229, "y:5": 4.2049401828860935, "y:6": 4.320219465782521, "y:7": 4.187616122346052, "y:8": 4.23070575231955, "y:9": 4.279034777220603}, "9": {"y:0": 4.6546891646706205, "y:1": 4.618971839626017, "y:2": 4.719913554177007, "y:3": 4.643580526131472, "y:4": 4.659991958346313, "y:5": 4.671482371919587, "y:6": 4.647482300180807, "y:7": 4.673575503110402, "y:8": 4.68605573219643, "y:9": 4.675195836225447}}