{"0": {"y:0": 0.10810889307614735, "y:1": 0.02380335775736202, "y:2": 0.13043679464019528, "y:3": 0.015226429316598658, "y:4": 0.13781784301552344, "y:5": 0.015841525209179325, "y:6": 0.13647012507590472, "y:7": 0.01767552068091066, "y:8": 0.1349243617694932, "y:9": 0.020608454334387648, "y:10": 0.12810504491509328, "y:11": 0.026213812893134267, "y:12": 0.13379472415829438, "y:13": 0.028081638120474355, "y:14": 0.12989278325525755, "y:15": 0.03645582516620843, "y:16": 0.13154971567090773, "y:17": 0.04184448021697717, "y:18": 0.13552401335945738, "y:19": 0.03665447381037297, "y:20": 0.12699315997174707, "y:21": 0.0460993236124225, "y:22": 0.15826658749251812, "y:23": 0.04127357853467542, "y:24": 0.1186439261430175, "y:25": 0.04600706327502934, "y:26": 0.13567129484346893, "y:27": 0.044859046306825835, "y:28": 0.12049856671016952, "y:29": 0.04604278653046954, "y:30": 0.11954348230264238, "y:31": 0.05390230353876705}}