{"0": {"y:0": 0.40127033163315917, "y:1": 0.40751070117298616, "y:2": 0.4165717126913828, "y:3": 0.4103918444439701, "y:4": 0.42331433959935516, "y:5": 0.41156527738742205, "y:6": 0.4192597758028694, "y:7": 0.40471760754655056, "y:8": 0.4033463303807327, "y:9": 0.41623871491288467, "y:10": 15.43349729130226}}