{"0": {"y:0": 0.3946370321094365, "y:1": 0.3905119734446214, "y:2": 0.39436585497704574, "y:3": 0.393795724447333, "y:4": 0.39230077395665747, "y:5": 0.40003638559169646, "y:6": 0.39564123888244723, "y:7": 0.39743493099467947, "y:8": 0.3953577889957659, "y:9": 0.39581055610385596}}