{"0": {"y:0": 0.006427817879354734, "y:1": 0.008956310247021395, "y:2": 0.003337532283452121, "y:3": 0.00279726963288089, "y:4": 0.026417741647512604, "y:5": 0.0033513387501635863, "y:6": 0.07678632066442191, "y:7": 0.015589253181899323, "y:8": 0.008196659288590473, "y:9": 0.010440837586990909, "y:10": 0.06575911615917598, "y:11": 0.022727910212027993, "y:12": 0.008933445037707818, "y:13": 0.0025280845853376476, "y:14": 0.02478748912455132, "y:15": 0.004238100603912031, "y:16": 0.03417091752654721, "y:17": 0.011998943598684357, "y:18": 0.007978404398108981, "y:19": 0.014638659390111634, "y:20": 0.06884475697949669, "y:21": 0.03446915800199957, "y:22": 0.010400685694896177, "y:23": 0.0025045422631557396, "y:24": 0.036836056939425904, "y:25": 0.0048903966899580325, "y:26": 0.013211226377979036, "y:27": 0.012699750615031905, "y:28": 0.005434691264251805, "y:29": 0.010473150439334422, "y:30": 0.003992359767843434, "y:31": 0.002899529119336829}, "1": {"y:0": 0.006448485281056381, "y:1": 0.00926526707631225, "y:2": 0.003339369185130431, "y:3": 0.002906810982031418, "y:4": 0.02665538294295261, "y:5": 0.0033943416169486987, "y:6": 0.06856714920309694, "y:7": 0.008782034263690768, "y:8": 0.008341563388930042, "y:9": 0.008549706897965718, "y:10": 0.07200653817179865, "y:11": 0.012838637199951087, "y:12": 0.008969142605812183, "y:13": 0.002491786602522558, "y:14": 0.02500707792458209, "y:15": 0.004111921354362807, "y:16": 0.03264802872358201, "y:17": 0.010767125291272486, "y:18": 0.008117868084099806, "y:19": 0.01255659866360829, "y:20": 0.07063192989669707, "y:21": 0.023680531689433806, "y:22": 0.010477056921217968, "y:23": 0.002481960573085348, "y:24": 0.03689925269171518, "y:25": 0.004914429825959296, "y:26": 0.013117677581959739, "y:27": 0.011927629638246347, "y:28": 0.005437379730648017, "y:29": 0.01028832159801875, "y:30": 0.0039474091800162535, "y:31": 0.0028921881866471127}, "2": {"y:0": 0.006473310888369875, "y:1": 0.010220008837270051, "y:2": 0.003325507135046826, "y:3": 0.002784689008912258, "y:4": 0.02694652369958586, "y:5": 0.003445323646512316, "y:6": 0.06722582106335422, "y:7": 0.03766526550514761, "y:8": 0.008332498636464762, "y:9": 0.011242904169441684, "y:10": 0.07124625983719639, "y:11": 0.0483287403115657, "y:12": 0.00905833773495638, "y:13": 0.0025565402144877335, "y:14": 0.02413245215824496, "y:15": 0.004311615424676777, "y:16": 0.03278756939817695, "y:17": 0.013084227973564299, "y:18": 0.008071210034823414, "y:19": 0.01747289653230281, "y:20": 0.07330778161379643, "y:21": 0.05798675576126936, "y:22": 0.010433018436125763, "y:23": 0.002507579965887068, "y:24": 0.03693420601134816, "y:25": 0.004962277513210748, "y:26": 0.013158263384622886, "y:27": 0.013461664471383259, "y:28": 0.005462051778465052, "y:29": 0.010960290258938995, "y:30": 0.0039591508520706075, "y:31": 0.0029228217368234256}, "3": {"y:0": 0.0064974794523384415, "y:1": 0.011818871429126857, "y:2": 0.003323604301322989, "y:3": 0.002908923685648944, "y:4": 0.026779626317876146, "y:5": 0.003526459752492443, "y:6": 0.07400213551195406, "y:7": 0.019787564066626684, "y:8": 0.008345675863739967, "y:9": 0.011278589007794227, "y:10": 0.0714465362793763, "y:11": 0.03145559380978509, "y:12": 0.008945999513044254, "y:13": 0.002561989219373858, "y:14": 0.025033305347671293, "y:15": 0.004315175422891827, "y:16": 0.032994139435359594, "y:17": 0.0130411147343208, "y:18": 0.008024131091427366, "y:19": 0.017872712995588975, "y:20": 0.06985528046560438, "y:21": 0.04831261501270003, "y:22": 0.010507074633185272, "y:23": 0.0025147762586393944, "y:24": 0.037083948134823456, "y:25": 0.00500717757198899, "y:26": 0.013141808460539688, "y:27": 0.013648363542585785, "y:28": 0.005447416032240539, "y:29": 0.01104403421029958, "y:30": 0.003982219012118797, "y:31": 0.0029194935765292597}, "4": {"y:0": 0.006438483451112304, "y:1": 0.013363493456308244, "y:2": 0.003308170992411737, "y:3": 0.0027859836720042466, "y:4": 0.0263019429832304, "y:5": 0.0034562257232948522, "y:6": 0.07185058618168988, "y:7": 0.05618900666326453, "y:8": 0.008313255158475525, "y:9": 0.011281956878633292, "y:10": 0.06791354218163369, "y:11": 0.06421850767150843, "y:12": 0.009013633172718747, "y:13": 0.002547603542177605, "y:14": 0.025385454708607393, "y:15": 0.004303469532440626, "y:16": 0.034059749307705355, "y:17": 0.012779245898950516, "y:18": 0.00804821401588588, "y:19": 0.01751302182093053, "y:20": 0.06936232907667275, "y:21": 0.0703145255224026, "y:22": 0.01054281030997108, "y:23": 0.002502683817919216, "y:24": 0.037046222030704824, "y:25": 0.004958670048875992, "y:26": 0.01343669990315711, "y:27": 0.013387479588815313, "y:28": 0.005467718944949306, "y:29": 0.010739804620851839, "y:30": 0.003968151210512901, "y:31": 0.002908504151157669}, "5": {"y:0": 0.006490298466525671, "y:1": 0.016671215509144986, "y:2": 0.0033130529205488753, "y:3": 0.0028264439502781666, "y:4": 0.026783780941505714, "y:5": 0.0034830163777429314, "y:6": 0.0673307143020944, "y:7": 0.047705310628737556, "y:8": 0.008391236556032147, "y:9": 0.01140723454243303, "y:10": 0.06289631719111559, "y:11": 0.05767029744227686, "y:12": 0.008973112992047312, "y:13": 0.002549740300873204, "y:14": 0.024832271475946043, "y:15": 0.004301739444283356, "y:16": 0.03359738077195077, "y:17": 0.012930236540375542, "y:18": 0.008085323061546603, "y:19": 0.017647482689355815, "y:20": 0.06418795152708155, "y:21": 0.07027622319473592, "y:22": 0.010541833670890899, "y:23": 0.002504092348343551, "y:24": 0.03666158483815418, "y:25": 0.004950681447499262, "y:26": 0.013251562553393995, "y:27": 0.013361565197365751, "y:28": 0.005462977141139589, "y:29": 0.010752278571544345, "y:30": 0.003971935910091399, "y:31": 0.002901689992984095}, "6": {"y:0": 0.006513241353460094, "y:1": 0.014332299116486542, "y:2": 0.003324409512525902, "y:3": 0.002799299177099233, "y:4": 0.026474830469483828, "y:5": 0.003465237800997413, "y:6": 0.06434761170216954, "y:7": 0.05185531485881001, "y:8": 0.008386423340324526, "y:9": 0.0113273107297338, "y:10": 0.06267861589047233, "y:11": 0.06288994099411054, "y:12": 0.008974206948058939, "y:13": 0.0025480042812682886, "y:14": 0.024509006182943216, "y:15": 0.0042862239857737695, "y:16": 0.03328957845887062, "y:17": 0.012915885217296868, "y:18": 0.008023280819874577, "y:19": 0.01748525609419534, "y:20": 0.06048340371834176, "y:21": 0.07286025775081154, "y:22": 0.010533958980720433, "y:23": 0.002500067938250251, "y:24": 0.03520136492079385, "y:25": 0.004961284063863343, "y:26": 0.013216886722045667, "y:27": 0.01332452654647122, "y:28": 0.005456610569310344, "y:29": 0.010797373329895759, "y:30": 0.00395782495587016, "y:31": 0.002905543468155556}, "7": {"y:0": 0.006531264054167884, "y:1": 0.01841076297054774, "y:2": 0.003320861251099816, "y:3": 0.0028418798028788236, "y:4": 0.027652367225100106, "y:5": 0.003492327883836613, "y:6": 0.06144594106557051, "y:7": 0.05098071180609546, "y:8": 0.008405587919980135, "y:9": 0.01139520500066373, "y:10": 0.058899953642830793, "y:11": 0.0639487332802121, "y:12": 0.009005341429106691, "y:13": 0.0025514819755017883, "y:14": 0.02550736016157509, "y:15": 0.004289049959170339, "y:16": 0.03322834390778874, "y:17": 0.01299033906573691, "y:18": 0.008126707741706037, "y:19": 0.017447537389971908, "y:20": 0.05839549474986653, "y:21": 0.07671350109641994, "y:22": 0.010681632139846733, "y:23": 0.002505005006063155, "y:24": 0.03652638462992374, "y:25": 0.004950683746294911, "y:26": 0.013387399896908944, "y:27": 0.013253456382475687, "y:28": 0.005465396581883254, "y:29": 0.010751552939156136, "y:30": 0.003976983596991135, "y:31": 0.00290265256577677}, "8": {"y:0": 0.006544310084813722, "y:1": 0.017470604580164816, "y:2": 0.0033268915217087632, "y:3": 0.002828062509226341, "y:4": 0.027307532690588103, "y:5": 0.003480325868627388, "y:6": 0.060040451012456954, "y:7": 0.05108086286344602, "y:8": 0.00841973504106414, "y:9": 0.0113705559707841, "y:10": 0.05695127306655833, "y:11": 0.06317833604210314, "y:12": 0.009025736562792857,