{"0": {"y:0": 0.0064894333121389225, "y:1": 0.009601810768830255, "y:2": 0.003311239924572986, "y:3": 0.0032810938643780944, "y:4": 0.024708649504946948, "y:5": 0.003739587485375026, "y:6": 0.06475171179169632, "y:7": 0.0076849463600529066, "y:8": 0.008081988915014613, "y:9": 0.008378052134793227, "y:10": 0.07059487099951542, "y:11": 0.010474026871524652, "y:12": 0.009049159803086342, "y:13": 0.0025487944696652187, "y:14": 0.02504651624188833, "y:15": 0.004183695304959865, "y:16": 0.033526690650961206, "y:17": 0.010240916958944067, "y:18": 0.00799492029721096, "y:19": 0.012465743803351095, "y:20": 0.06344131834868398, "y:21": 0.020628318227537603, "y:22": 0.010409203804033715, "y:23": 0.0024800159801310327, "y:24": 0.03710067633806728, "y:25": 0.004880068720966136, "y:26": 0.013387702718328023, "y:27": 0.012024138442428074, "y:28": 0.005408460767718196, "y:29": 0.010569565548614894, "y:30": 0.0039624353903843475, "y:31": 0.002879178569967994}, "1": {"y:0": 0.006442105750491875, "y:1": 0.009249637821222085, "y:2": 0.0033049218229147877, "y:3": 0.0030400512361983046, "y:4": 0.026156671550758057, "y:5": 0.0034698490541778255, "y:6": 0.06801374502659217, "y:7": 0.008374352003130064, "y:8": 0.008407593079437906, "y:9": 0.008072738282632727, "y:10": 0.06820284641679226, "y:11": 0.013109156391050768, "y:12": 0.008933686590381157, "y:13": 0.002514482623970887, "y:14": 0.025870478606399183, "y:15": 0.004158463628241893, "y:16": 0.03231341833759523, "y:17": 0.0109369993254373, "y:18": 0.008076321418222628, "y:19": 0.01242587622627135, "y:20": 0.06913165779144485, "y:21": 0.023044945578329028, "y:22": 0.010463245771701865, "y:23": 0.0024823952789383196, "y:24": 0.037341009071378425, "y:25": 0.004804694545385254, "y:26": 0.012917093103752273, "y:27": 0.011692184003231892, "y:28": 0.005492871932918939, "y:29": 0.010286503740173618, "y:30": 0.003939406881969664, "y:31": 0.0028940961648862137}, "2": {"y:0": 0.006524154823628188, "y:1": 0.01009855339587179, "y:2": 0.0033269542031776826, "y:3": 0.0030103560290350457, "y:4": 0.026185218181706583, "y:5": 0.0035609054486123474, "y:6": 0.06649426113475497, "y:7": 0.010471898251446043, "y:8": 0.008363520545185854, "y:9": 0.010033326767098484, "y:10": 0.06955916208499378, "y:11": 0.01611085306919368, "y:12": 0.00896218784238081, "y:13": 0.002547288310872868, "y:14": 0.025165107762509818, "y:15": 0.0042445741142916145, "y:16": 0.034335244491613355, "y:17": 0.012263592413673603, "y:18": 0.00799865828016664, "y:19": 0.015102207426234858, "y:20": 0.06834028503552518, "y:21": 0.03083979038143237, "y:22": 0.010437926290899185, "y:23": 0.0025157208259353374, "y:24": 0.03705507244898264, "y:25": 0.00497190198051864, "y:26": 0.01319669014803558, "y:27": 0.013190723568958135, "y:28": 0.005437696717522912, "y:29": 0.010832382608682106, "y:30": 0.003968495580690162, "y:31": 0.002913112466503263}, "3": {"y:0": 0.006491695681430022, "y:1": 0.011071712440158709, "y:2": 0.0033087427866658877, "y:3": 0.00308674677602092, "y:4": 0.02678704564045645, "y:5": 0.003611928777658359, "y:6": 0.07354189421481826, "y:7": 0.011465598089668742, "y:8": 0.008327143265203315, "y:9": 0.010584304667601624, "y:10": 0.07323273586746668, "y:11": 0.01839767141136863, "y:12": 0.00903248623815641, "y:13": 0.0025564041722779354, "y:14": 0.025255580956860594, "y:15": 0.004308978204164146, "y:16": 0.035298513227360405, "y:17": 0.012734907984402842, "y:18": 0.00800669235604467, "y:19": 0.016603873293719484, "y:20": 0.0732368120206756, "y:21": 0.031493531735639, "y:22": 0.010508252785338885, "y:23": 0.0025103853538967283, "y:24": 0.03694466441727446, "y:25": 0.0050184125431031405, "y:26": 0.013263277068330446, "y:27": 0.013520965869522205, "y:28": 0.005434384227909698, "y:29": 0.011068566602054491, "y:30": 0.003968740996952168, "y:31": 0.00291810557421595}, "4": {"y:0": 0.0064636256467628835, "y:1": 0.013203452244184833, "y:2": 0.0033146149202834345, "y:3": 0.003428188229354196, "y:4": 0.026675691079138225, "y:5": 0.004084546672284244, "y:6": 0.06794849989588114, "y:7": 0.009719881962192598, "y:8": 0.00832290735034741, "y:9": 0.012679710050224736, "y:10": 0.07241488924656575, "y:11": 0.013473145952875618, "y:12": 0.008960850499309938, "y:13": 0.0026120343089219454, "y:14": 0.02479310931322559, "y:15": 0.004406149594912807, "y:16": 0.03324298270193845, "y:17": 0.013742387836081161, "y:18": 0.008012684403042338, "y:19": 0.017037496233716254, "y:20": 0.07275498987896456, "y:21": 0.028387824699533437, "y:22": 0.010497889503676623, "y:23": 0.0025328479379358782, "y:24": 0.03828958542831336, "y:25": 0.005043549632996316, "y:26": 0.01325370923933385, "y:27": 0.013802982974040439, "y:28": 0.005456935499842152, "y:29": 0.011132636192174682, "y:30": 0.003967712177524127, "y:31": 0.0029353053413130226}, "5": {"y:0": 0.006474879265878686, "y:1": 0.012517489559342175, "y:2": 0.003308971010282111, "y:3": 0.0032191258986802485, "y:4": 0.0263285038056879, "y:5": 0.0037706874665001952, "y:6": 0.07151739171186168, "y:7": 0.010860638849878767, "y:8": 0.008377743693069963, "y:9": 0.011582799742207184, "y:10": 0.07278584085285389, "y:11": 0.017645565377576663, "y:12": 0.009010908876698191, "y:13": 0.0025729435493407815, "y:14": 0.024962622558122607, "y:15": 0.004341075914601624, "y:16": 0.03359268949383678, "y:17": 0.01305104648886116, "y:18": 0.00804315049105055, "y:19": 0.0171130374437055, "y:20": 0.06980536829716336, "y:21": 0.03419868829680072, "y:22": 0.010476024366609554, "y:23": 0.002520730687304831, "y:24": 0.03790014035596996, "y:25": 0.005008144917272985, "y:26": 0.013156688565050713, "y:27": 0.013731280760195214, "y:28": 0.005454481545283388, "y:29": 0.011134712225785675, "y:30": 0.003962154740379227, "y:31": 0.0029209960129230592}, "6": {"y:0": 0.0064773295709654455, "y:1": 0.014116571613236917, "y:2": 0.0033142417738864383, "y:3": 0.0037803749694918227, "y:4": 0.02651003085529546, "y:5": 0.0046915542970145645, "y:6": 0.06998140669030666, "y:7": 0.009053124534114184, "y:8": 0.008347203617568171, "y:9": 0.018816656070525375, "y:10": 0.07173723872444392, "y:11": 0.011011145611853766, "y:12": 0.008954433116714827, "y:13": 0.0027826317864761943, "y:14": 0.02491197887628416, "y:15": 0.004823353141582035, "y:16": 0.03365651708844237, "y:17": 0.016633015394234764, "y:18": 0.008023318772441368, "y:19": 0.01955786855265404, "y:20": 0.0685808949820858, "y:21": 0.018911007402196877, "y:22": 0.010516168308840723, "y:23": 0.002578100628323343, "y:24": 0.03764725402253276, "y:25": 0.005255190383397663, "y:26": 0.01324361069584565, "y:27": 0.015106553590897546, "y:28": 0.005452811135026999, "y:29": 0.011856359281031487, "y:30": 0.0039624530395286385, "y:31": 0.0029687248940735234}, "7": {"y:0": 0.00650491146764303, "y:1": 0.015066331516018034, "y:2": 0.0033224021648300115, "y:3": 0.0035298048470458372, "y:4": 0.026721789322342576, "y:5": 0.004251866746016985, "y:6": 0.06842058021394394, "y:7": 0.009954964470590705, "y:8": 0.008339865470907103, "y:9": 0.014734994181978845, "y:10": 0.06677141502914376, "y:11": 0.012869934696030566, "y:12": 0.008939684970587725, "y:13": 0.002650023820592287, "y:14": 0.024865271766835912, "y:15": 0.004517974263025175, "y:16": 0.03327718976689591, "y:17": 0.014366167081568815, "y:18": 0.008061017094482016, "y:19": 0.018231176815997646, "y:20": 0.0673706407796278, "y:21": 0.02637379747229108, "y:22": 0.01054997583492084, "y:23": 0.00254320470564127, "y:24": 0.036941465313962904, "y:25": 0.0050881349097815585, "y:26": 0.013279352131797397, "y:27": 0.014060491207825421, "y:28": 0.005462724706247435, "y:29": 0.011332456568965853, "y:30": 0.003959893932011412, "y:31": 0.002942562594442194}, "8": {"y:0": 0.006486869925950441, "y:1": 0.014510865466679087, "y:2": 0.0033134233967491208, "y:3": 0.00397188978827692, "y:4": 0.02637060403202975, "y:5": 0.005104434198094938, "y:6": 0.07121105285980697, "y:7": 0.009498799597870788, "y:8": 0.008328165844154922, "y:9": 0.032694650425170224, "y:10": 0.07311229999853244, "y:11": 0.011609503937898018,