{"0": {"y:0": 0.19059623062356765, "y:1": 0.19781097871543035, "y:2": 0.19411933338495763, "y:3": 0.19320050316548293, "y:4": 0.19516068436434997, "y:5": 0.1925655885509451, "y:6": 0.1903550905420372, "y:7": 0.18931131876903343, "y:8": 0.1956063298174376, "y:9": 0.19081478872447524, "y:10": 0.48544114697051227}, "1": {"y:0": 0.19377057583398893, "y:1": 0.20357358579482238, "y:2": 0.1995056725520974, "y:3": 0.20422308858049257, "y:4": 0.20350217652719577, "y:5": 0.20044100103190068, "y:6": 0.19866676867004662, "y:7": 0.19807368900261418, "y:8": 0.20171801540081646, "y:9": 0.2001216556524669, "y:10": 0.4834314913636681}, "2": {"y:0": 0.35030139319760717, "y:1": 0.35235142783328016, "y:2": 0.34772100330988326, "y:3": 0.35684257224949884, "y:4": 0.34355730568698767, "y:5": 0.3374979043366881, "y:6": 0.36300602600076226, "y:7": 0.33266607713085244, "y:8": 0.35646877819997475, "y:9": 0.341253508083208, "y:10": 0.48446069105327505}, "3": {"y:0": 0.5045847114939818, "y:1": 0.4966251003320899, "y:2": 0.547514591314828, "y:3": 0.5202919609329129, "y:4": 0.5318793789316791, "y:5": 0.52592209501662, "y:6": 0.5358659781712598, "y:7": 0.44759829745462476, "y:8": 0.5084002590360778, "y:9": 0.5105005308647672, "y:10": 0.48364300055744675}, "4": {"y:0": 0.5733364835478282, "y:1": 0.5996446758098193, "y:2": 0.6316815251525245, "y:3": 0.6216329857116085, "y:4": 0.635185772681313, "y:5": 0.599881161390026, "y:6": 0.6251935028877181, "y:7": 0.4973992929197239, "y:8": 0.6054916805899055, "y:9": 0.5902317195642941, "y:10": 0.4844129161930344}, "5": {"y:0": 0.6182681954374779, "y:1": 0.5989180161239359, "y:2": 0.6570734037428585, "y:3": 0.650334333329967, "y:4": 0.6513532677007399, "y:5": 0.6195543912404361, "y:6": 0.6514682604909763, "y:7": 0.5173530632849671, "y:8": 0.6277949687792896, "y:9": 0.6259570992919726, "y:10": 0.4840353865839321}, "6": {"y:0": 0.6383452538394416, "y:1": 0.6390332899065088, "y:2": 0.6748602467843319, "y:3": 0.663357918626962, "y:4": 0.6618278859757505, "y:5": 0.653233705626557, "y:6": 0.6809037073669048, "y:7": 0.522185850358509, "y:8": 0.6662403914046899, "y:9": 0.6612703450798759, "y:10": 0.48415059882253514}, "7": {"y:0": 0.6092333497753828, "y:1": 0.6324093259030763, "y:2": 0.6676138276856309, "y:3": 0.6589895065781601, "y:4": 0.6685569344800891, "y:5": 0.660890393379675, "y:6": 0.6741488591610003, "y:7": 0.5166587287926866, "y:8": 0.6599455913469398, "y:9": 0.6361886611234916, "y:10": 0.4836776534729527}, "8": {"y:0": 0.6224433524551212, "y:1": 0.6240559930240023, "y:2": 0.6746716083102307, "y:3": 0.6602816683148504, "y:4": 0.6738935493479018, "y:5": 0.6494176739832068, "y:6": 0.6772851678125912, "y:7": 0.5250966777888644, "y:8": 0.6600509443340157, "y:9": 0.6425323260543355, "y:10": 0.483906350265353}, "9": {"y:0": 0.6368380600912433, "y:1": 0.6403488444933708, "y:2": 0.6964634190878615, "y:3": 0.6757074091071382, "y:4": 0.6854676541299755, "y:5": 0.6608027567706475, "y:6": 0.6873695266567148, "y:7": 0.5305728079019, "y:8": 0.669088627159767, "y:9": 0.6559152812662913, "y:10": 0.4835762974279298}}