{"23": {"y:0": 0.0689756923612028, "y:1": 0.01829352380842915, "y:2": 0.041999497632839375, "y:3": 0.06279183802805366, "y:4": 0.06598429468832516, "y:5": 0.047113251084379054, "y:6": 0.05586490086052724, "y:7": 0.06827180525762011, "y:8": 0.06022117958189299, "y:9": 0.06166287848613653, "y:10": 0.06832716074937133, "y:11": 0.10818682754198697, "y:12": 0.044075415993344524, "y:13": 0.089257134206117, "y:14": 0.0922204409150436, "y:15": 0.032493667772442586, "y:16": 0.15682110014423264, "y:17": 0.08949946297092376, "y:18": 0.04065676513066062, "y:19": 0.17854075286415177, "y:20": 0.13952663508991656, "y:21": 0.07549283183199734, "y:22": 0.09408890124498445, "y:23": 0.042874094646282085, "y:24": 0.033109227880508026, "y:25": 0.05055341300016726, "y:26": 0.040908164930378556, "y:27": 0.08914317026625616, "y:28": 0.06800138208143795, "y:29": 0.03463037192835575, "y:30": 0.05861243241583151, "y:31": 0.0775952099722926, "y:32": 0.08954752817694048, "y:33": 0.008293899524304198, "y:34": 0.01800964112812691, "y:35": 0.015186682513759056, "y:36": 0.06992864000803026, "y:37": 0.07803170971969532, "y:38": 0.027054397739978114, "y:39": 0.011876147387722004, "y:40": 0.027746376538389586, "y:41": 0.07095870234084314, "y:42": 0.07809511931734109, "y:43": 0.04119409678520226, "y:44": 0.023810100459863114, "y:45": 0.0576310787992309, "y:46": 0.034431635305390396, "y:47": 0.02848386149446228, "y:48": 0.030622317678531418, "y:49": 0.02828039358224487, "y:50": 0.02513260996779569, "y:51": 0.03176985500129406, "y:52": 0.035763257219706246, "y:53": 0.004155064261250993, "y:54": 0.025754435190546255, "y:55": 0.04840743823036478, "y:56": 0.03969350508580438, "y:57": 0.009250549018408471, "y:58": 0.013247857161294351, "y:59": 0.010839354622535678, "y:60": 0.011370389737375634, "y:61": 0.024576288554502765, "y:62": 0.017533469502250962, "y:63": 0.022581659212663703, "y:64": 0.022645605662394253, "y:65": 0.030975565908687063, "y:66": 0.018776623835855523, "y:67": 0.006747284954687583, "y:68": 0.010109321969442746, "y:69": 0.007414305734271374, "y:70": 0.015247775466103508, "y:71": 0.009782374505517541, "y:72": 0.02170454577601663, "y:73": 0.011070097429103878, "y:74": 0.013112598022733044, "y:75": 0.025309301754834125, "y:76": 0.02396850777280714, "y:77": 0.010370071045307709, "y:78": 0.031424632016163356, "y:79": 0.025869134239401483, "y:80": 0.015398414901205727, "y:81": 0.013700218977494545, "y:82": 0.013911823270760527, "y:83": 0.010362756361058986, "y:84": 0.01610135025503382, "y:85": 0.01610736855059416, "y:86": 0.01486246481254082, "y:87": 0.03462898586906271, "y:88": 0.01930362221177684, "y:89": 0.0077815774112659965, "y:90": 0.02274546940357714, "y:91": 0.03361770466744428, "y:92": 0.01050720085866257, "y:93": 0.007397225611616268, "y:94": 0.013174886285528126, "y:95": 0.02544579752415797, "y:96": 0.03153570117022772, "y:97": 0.022949522853667647, "y:98": 0.036221739874805856, "y:99": 0.034666936404253085}}