{"0": {"y:0": 29.137270225885132, "y:1": 3.2478176800981067, "y:2": 2.0659828458351415, "y:3": 1.6952324908170613, "y:4": 1.5367569107111132, "y:5": 1.451033067054201, "y:6": 1.415289446455038, "y:7": 1.3349460833721007, "y:8": 1.3273485559832559, "y:9": 1.2979646411145327}, "1": {"y:0": 29.110087843405513, "y:1": 3.0133195210494432, "y:2": 1.9676500606789376, "y:3": 1.6591133910065778, "y:4": 1.476745620468872, "y:5": 1.3762571949104005, "y:6": 1.3336604472291025, "y:7": 1.2827288885796837, "y:8": 1.2580357744464155, "y:9": 1.2464210108721039}, "2": {"y:0": 30.14888721845151, "y:1": 4.991638519432153, "y:2": 3.0072155893233545, "y:3": 2.531937728908926, "y:4": 2.287376100111397, "y:5": 2.1734561772638776, "y:6": 2.151255161799906, "y:7": 2.032190663881815, "y:8": 1.986974259835866, "y:9": 1.9463566671614119}, "3": {"y:0": 30.39973967902048, "y:1": 5.137199543023049, "y:2": 3.5811599896951125, "y:3": 3.209966159711932, "y:4": 2.963344929145559, "y:5": 2.8656338939278783, "y:6": 2.837434141479635, "y:7": 2.7118875513651437, "y:8": 2.6877905083155005, "y:9": 2.6512919327870446}, "4": {"y:0": 28.980925114455225, "y:1": 6.197549491314497, "y:2": 5.317931377189456, "y:3": 4.79536108144167, "y:4": 4.480041910311507, "y:5": 4.163993246199423, "y:6": 4.122789058716989, "y:7": 3.749773567541202, "y:8": 3.6573710763874137, "y:9": 3.52567082888387}, "5": {"y:0": 29.905130973161725, "y:1": 7.110346008084136, "y:2": 6.261591077369298, "y:3": 6.186017627126515, "y:4": 5.941908290056969, "y:5": 5.632209430062344, "y:6": 5.3685634194965175, "y:7": 5.016497493447651, "y:8": 4.688321460106185, "y:9": 4.375917797443203}, "6": {"y:0": 28.658850675174413, "y:1": 12.363632094128853, "y:2": 8.540705577649007, "y:3": 8.823731755154478, "y:4": 9.111716460839158, "y:5": 8.917167406436715, "y:6": 8.068447232584802, "y:7": 7.240505550926532, "y:8": 6.306256947409645, "y:9": 5.463124321553535}, "7": {"y:0": 28.893426927794682, "y:1": 12.920556120058144, "y:2": 9.41157489519095, "y:3": 10.482433122809189, "y:4": 11.236320965218079, "y:5": 11.77091759690532, "y:6": 10.689705229976513, "y:7": 9.575243211605663, "y:8": 8.042378001536187, "y:9": 6.874907531964184}, "8": {"y:0": 30.262091146761268, "y:1": 15.508858144731098, "y:2": 12.711703301286137, "y:3": 14.316565727647172, "y:4": 15.241651133598028, "y:5": 16.013151312359316, "y:6": 13.931043707967598, "y:7": 12.906412657574787, "y:8": 10.638337058633681, "y:9": 9.186542351915717}, "9": {"y:0": 29.503372418793823, "y:1": 19.1446422395349, "y:2": 15.451272554368382, "y:3": 17.67882308175983, "y:4": 19.669330675696905, "y:5": 20.07659055085338, "y:6": 18.99626364025208, "y:7": 17.640745848622064, "y:8": 15.55378290487623, "y:9": 13.989998648461903}, "10": {"y:0": 28.195016367589858, "y:1": 21.54049891322475, "y:2": 19.63401889518307, "y:3": 22.189070433536084, "y:4": 24.068217021522564, "y:5": 24.905633243094595, "y:6": 22.787533787425502, "y:7": 20.858507221293884, "y:8": 19.393619931724043, "y:9": 18.38105327444537}, "11": {"y:0": 29.429381767956478, "y:1": 24.119894686848237, "y:2": 21.570491771505782, "y:3": 24.257355227182487, "y:4": 26.182650611431818, "y:5": 27.95309989371205, "y:6": 25.59736527128448, "y:7": 26.299353634524806, "y:8": 24.659660810073106, "y:9": 22.78585011086634}, "12": {"y:0": 30.066934924879572, "y:1": 25.0635034256728, "y:2": 22.888286187836577, "y:3": 26.83575149304207, "y:4": 28.423478145697473, "y:5": 30.78177779502801, "y:6": 26.825251938756864, "y:7": 27.684244169459625, "y:8": 25.62884962401779, "y:9": 24.048363357881748}, "13": {"y:0": 29.32220071621408, "y:1": 26.689580578591137, "y:2": 25.70564931189325, "y:3": 28.629553096776473, "y:4": 30.137455148406, "y:5": 32.16109208115133, "y:6": 28.816427451853713, "y:7": 29.191591980836908, "y:8": 28.02844482458575, "y:9": 27.721732454655108}, "14": {"y:0": 29.15200775187988, "y:1": 25.847622240709835, "y:2": 27.03778686367842, "y:3": 29.64805155480281, "y:4": 30.6764544978925, "y:5": 32.0248321754102, "y:6": 29.218288614786307, "y:7": 29.560656042474076, "y:8": 29.23561707699337, "y:9": 27.508035531705346}, "15": {"y:0": 29.020033937471435, "y:1": 27.181137417622423, "y:2": 27.786983551864587, "y:3": 30.40996780497783, "y:4": 31.96118158848652, "y:5": 33.155791717771905, "y:6": 29.73029722082997, "y:7": 31.69281791784981, "y:8": 31.26957820765906, "y:9": 30.126017146822207}, "16": {"y:0": 29.19379038876751, "y:1": 27.76331775971406, "y:2": 28.58318740838468, "y:3": 31.178262926436297, "y:4": 31.99791154803417, "y:5": 33.139412320657016, "y:6": 29.384416887431776, "y:7": 30.92672739146656, "y:8": 30.648076728552848, "y:9": 29.529741225113547}}