{"0": {"y:0": 0.006551655347449942, "y:1": 0.09818582165299183, "y:2": 0.20456200309550507, "y:3": 0.2019037470091368, "y:4": 0.12166913765069716, "y:5": 0.018687240599075842, "y:6": 0.0009125207364046409}, "1": {"y:0": 0.00678737581461882, "y:1": 0.09606303301845238, "y:2": 0.19655469887694915, "y:3": 0.19467807114508984, "y:4": 0.11871919281007183, "y:5": 0.019069019005781743, "y:6": 0.0010604726865384511}, "2": {"y:0": 0.05423821443924347, "y:1": 0.19804925799140452, "y:2": 0.23970580895456198, "y:3": 0.24020650605266236, "y:4": 0.160096376093681, "y:5": 0.04660252181854179, "y:6": 0.006993495523491158}, "3": {"y:0": 0.09939009570769783, "y:1": 0.28713405881801013, "y:2": 0.34803597389458113, "y:3": 0.34428223450645284, "y:4": 0.25342427144576146, "y:5": 0.06928801749607559, "y:6": 0.012249533758630686}, "4": {"y:0": 0.22034165778685302, "y:1": 0.3819340558146513, "y:2": 0.426819065724391, "y:3": 0.42359262783318796, "y:4": 0.31708905027647494, "y:5": 0.11793572135077886, "y:6": 0.02850030894593047}, "5": {"y:0": 0.2813774750446582, "y:1": 0.5134010477844426, "y:2": 0.5606559112554202, "y:3": 0.5697002942383614, "y:4": 0.4570404428698076, "y:5": 0.17844081083715996, "y:6": 0.04558145358894884}, "6": {"y:0": 0.4015015630473238, "y:1": 0.7611403215450283, "y:2": 0.7991946484712887, "y:3": 0.8408368881496515, "y:4": 0.6473873909982751, "y:5": 0.28762629042449, "y:6": 0.07551911568525796}, "7": {"y:0": 0.41561457862232504, "y:1": 1.0482764971661258, "y:2": 1.133753889520715, "y:3": 1.164156983121048, "y:4": 0.9974772652439687, "y:5": 0.43774138996204126, "y:6": 0.11288357875850961}, "8": {"y:0": 0.40853333785532636, "y:1": 1.5672939113710027, "y:2": 1.6618416308555979, "y:3": 1.6949237629435256, "y:4": 1.4148703756267818, "y:5": 0.5880874091993139, "y:6": 0.14600634045030467}, "9": {"y:0": 0.4076146511777274, "y:1": 2.0812929549401082, "y:2": 2.2674000765985873, "y:3": 2.203540588804905, "y:4": 1.8169137113283216, "y:5": 0.8853518053966246, "y:6": 0.2334137938330577}, "10": {"y:0": 0.3979068939487291, "y:1": 2.862558836460132, "y:2": 3.4919908256581267, "y:3": 3.186637741508391, "y:4": 2.422046513879052, "y:5": 1.1573974943497713, "y:6": 0.30221085251956803}, "11": {"y:0": 0.39784636966577613, "y:1": 3.2296506640955167, "y:2": 4.203628945799261, "y:3": 3.6692766453073355, "y:4": 2.8785896861325324, "y:5": 1.5200805918666214, "y:6": 0.46008432075325756}, "12": {"y:0": 0.3960126352668445, "y:1": 3.7931119805332276, "y:2": 5.963582081632024, "y:3": 4.7314922806493875, "y:4": 3.7347680004014308, "y:5": 1.8975270270438218, "y:6": 0.5485007851391746}, "13": {"y:0": 0.392037254776432, "y:1": 3.9183102359804747, "y:2": 7.199174608026543, "y:3": 5.635120905365216, "y:4": 4.961928588936631, "y:5": 2.429567017404522, "y:6": 0.7746866826086044}, "14": {"y:0": 0.38872127574484777, "y:1": 4.063819904092101, "y:2": 9.115836392311817, "y:3": 6.587208600599596, "y:4": 5.943545751419277, "y:5": 2.9292531627670146, "y:6": 0.9698659654044978}, "15": {"y:0": 0.3875282957174101, "y:1": 4.137313463861825, "y:2": 9.787759052364343, "y:3": 7.343699154624869, "y:4": 7.504848995531765, "y:5": 3.5406632371948628, "y:6": 1.1730824915661315}, "16": {"y:0": 0.3892430509144624, "y:1": 4.257654032816672, "y:2": 11.908355507514752, "y:3": 9.149151258970518, "y:4": 8.235241397830409, "y:5": 4.02851351922969, "y:6": 1.3268794839513867}, "17": {"y:0": 0.3980880955420514, "y:1": 5.004521844151097, "y:2": 13.558870269806107, "y:3": 11.0253389780854, "y:4": 9.25898580470526, "y:5": 5.136415796354102, "y:6": 1.496751656273472}, "18": {"y:0": 0.405679640886356, "y:1": 5.588683966479909, "y:2": 15.52861174067957, "y:3": 14.08095257067733, "y:4": 11.292982463786522, "y:5": 5.885283794687554, "y:6": 1.7002469325115959}, "19": {"y:0": 0.4100390881317081, "y:1": 6.397150152467208, "y:2": 18.28579824960533, "y:3": 16.880658977335873, "y:4": 12.933500012886762, "y:5": 7.031838087260711, "y:6": 2.0295109670624973}, "20": {"y:0": 0.41642273810805325, "y:1": 7.3218746855849695, "y:2": 21.57146272325888, "y:3": 20.43931866761409, "y:4": 14.277897654118622, "y:5": 8.114851711910337, "y:6": 2.2174515806742816}, "21": {"y:0": 0.4173421405388514, "y:1": 8.53696117315841, "y:2": 24.028970789022985, "y:3": 22.805400534745825, "y:4": 16.08889151151383, "y:5": 9.341547526697013, "y:6": 2.5920837494946403}, "22": {"y:0": 0.42582365604328304, "y:1": 10.527292578708444, "y:2": 28.506075706226994, "y:3": 26.420776280402084, "y:4": 17.83092495232676, "y:5": 10.212968538365502, "y:6": 3.0258335660452094}, "23": {"y:0": 0.42441610373858957, "y:1": 11.651751952677138, "y:2": 31.85811033723231, "y:3": 27.916919723569304, "y:4": 19.772115464635526, "y:5": 10.850027357522398, "y:6": 3.4969866854434257}, "24": {"y:0": 0.43192042350800897, "y:1": 16.38529169334855, "y:2": 36.07306911352925, "y:3": 30.84730468512893, "y:4": 20.027249106270933, "y:5": 11.636432752844538, "y:6": 3.8087745432374995}, "25": {"y:0": 0.43398744922113397, "y:1": 17.85999822813196, "y:2": 36.44904186311321, "y:3": 29.974690743615287, "y:4": 20.385635410118773, "y:5": 12.141471967225158, "y:6": 4.67046471159977}, "26": {"y:0": 0.4378394858570605, "y:1": 24.307052998053603, "y:2": 39.93508540007849, "y:3": 32.840841409572285, "y:4": 20.947826160803025, "y:5": 12.772842318266616, "y:6": 4.9721172345642595}, "27": {"y:0": 0.43929272379273326, "y:1": 27.883534998739826, "y:2": 45.47595884540212, "y:3": 35.69889378547819, "y:4": 22.635431438130563, "y:5": 13.893370192757809, "y:6": 5.950716204357798}, "28": {"y:0": 0.4421185067215121, "y:1": 38.304128087669554, "y:2": 44.52490234530773, "y:3": 35.72375654874934, "y:4": 23.084600867385454, "y:5": 14.242902509788664, "y:6": 6.354602700017371}, "29": {"y:0": 0.4428979984176506, "y:1": 41.90759170909847, "y:2": 47.07181479863665, "y:3": 36.455357576432235, "y:4": 23.170589290956134, "y:5": 13.618482756580427, "y:6": 6.165098379797387}}