{"0": {"y:0": 0.4008878744868205, "y:1": 0.3946480695327419, "y:2": 0.3921678347680305, "y:3": 0.4001889614971412, "y:4": 0.4203466183669506, "y:5": 0.393019714128735, "y:6": 0.40637590616141117, "y:7": 0.40787445078221124, "y:8": 0.39351551461362777, "y:9": 0.3939168639437225, "y:10": 15.349998507444171}, "1": {"y:0": 0.41671871638947694, "y:1": 0.40853453538737305, "y:2": 0.40613343434510957, "y:3": 0.39043520504084855, "y:4": 0.40153531284975136, "y:5": 0.39854004089289846, "y:6": 0.3975864468242878, "y:7": 0.4071741819366098, "y:8": 0.39558186498104875, "y:9": 0.4155287466803894, "y:10": 15.091524254335766}, "2": {"y:0": 0.7077548743168806, "y:1": 0.7134791468028645, "y:2": 0.6999802768532154, "y:3": 0.7117646305453469, "y:4": 0.7146281776444563, "y:5": 0.7002816469482744, "y:6": 0.6847796743200615, "y:7": 0.7077470874870712, "y:8": 0.7149819661229592, "y:9": 0.7038903822995786, "y:10": 14.795396782328785}, "3": {"y:0": 1.0038128222805769, "y:1": 0.993982652002195, "y:2": 0.959232460618918, "y:3": 0.981219887552238, "y:4": 0.9979529132707169, "y:5": 1.002189322423764, "y:6": 0.9906969670633984, "y:7": 0.9839237951931522, "y:8": 0.9930514503943888, "y:9": 1.016248117823119, "y:10": 14.666004385293379}, "4": {"y:0": 1.2460377614933065, "y:1": 1.2162128446903155, "y:2": 1.2304224050073906, "y:3": 1.236430362528717, "y:4": 1.197865636518408, "y:5": 1.1957447920581699, "y:6": 1.200626783825474, "y:7": 1.230714971136346, "y:8": 1.2157562815384582, "y:9": 1.220305090526246, "y:10": 15.064968439863023}, "5": {"y:0": 1.2834474726965728, "y:1": 1.303401607659259, "y:2": 1.318503112456606, "y:3": 1.3058337048320805, "y:4": 1.2941030012176262, "y:5": 1.3197658873902989, "y:6": 1.27870659904922, "y:7": 1.2954657293805973, "y:8": 1.2754782395895339, "y:9": 1.3002843552569678, "y:10": 14.594296245965431}, "6": {"y:0": 1.3228477507422913, "y:1": 1.3168493530741736, "y:2": 1.3238508585048712, "y:3": 1.3320151274230565, "y:4": 1.3449640795431632, "y:5": 1.332830559181486, "y:6": 1.347683621715278, "y:7": 1.3505398979205192, "y:8": 1.3218006188642113, "y:9": 1.3197388266660106, "y:10": 14.998647057749434}, "7": {"y:0": 1.3288793547211872, "y:1": 1.3300211226183951, "y:2": 1.3277500552937307, "y:3": 1.3344068708273977, "y:4": 1.3339761424691674, "y:5": 1.3498038263413776, "y:6": 1.3319298248184883, "y:7": 1.3461191385221951, "y:8": 1.3430197198483231, "y:9": 1.3258439091088439, "y:10": 14.788809384128522}, "8": {"y:0": 1.347096171178012, "y:1": 1.3426989638587177, "y:2": 1.3552731789470278, "y:3": 1.3619317306477379, "y:4": 1.347804389059864, "y:5": 1.357286129492703, "y:6": 1.3459242302765084, "y:7": 1.3574850495332842, "y:8": 1.3384535727645965, "y:9": 1.34986342785483, "y:10": 14.865120005089135}, "9": {"y:0": 1.373041518010796, "y:1": 1.3714634229486335, "y:2": 1.3658976943510728, "y:3": 1.3811746975738106, "y:4": 1.3863881372157678, "y:5": 1.3773137444591224, "y:6": 1.3848096262152256, "y:7": 1.3706511479786159, "y:8": 1.3696567893035685, "y:9": 1.3700795335785376, "y:10": 14.906101538052363}}