{"0": {"y:0": 0.19341267527913117, "y:1": 0.1946700139347363, "y:2": 0.19007926790725146, "y:3": 0.18812510216111647, "y:4": 0.1958466574595228, "y:5": 0.19530458155417876, "y:6": 0.1984850887884541, "y:7": 0.20412696366654082, "y:8": 0.19321236365267985, "y:9": 0.19093187917225685, "y:10": 6.432632666786506}, "1": {"y:0": 0.20407691791369353, "y:1": 0.20107847064127382, "y:2": 0.19503949777866558, "y:3": 0.20187417131842303, "y:4": 0.19768954852283524, "y:5": 0.19984963543071532, "y:6": 0.197895420050615, "y:7": 0.2049118186237981, "y:8": 0.19872273366341614, "y:9": 0.2014320616564779, "y:10": 6.410480222392223}, "2": {"y:0": 0.34597088588648567, "y:1": 0.3475047797469302, "y:2": 0.36619798015839644, "y:3": 0.38582550464056226, "y:4": 0.31749234083424827, "y:5": 0.37225279741737505, "y:6": 0.3397610590381812, "y:7": 0.3698842161998128, "y:8": 0.3681173443329203, "y:9": 0.37414813283076076, "y:10": 6.448440795651337}, "3": {"y:0": 0.416292693697447, "y:1": 0.46395568013928157, "y:2": 0.4796959642797384, "y:3": 0.4915256714422712, "y:4": 0.39085207830649, "y:5": 0.513904460065034, "y:6": 0.4588741819756694, "y:7": 0.4873344891550865, "y:8": 0.481032013600323, "y:9": 0.49780112138667515, "y:10": 6.389489876865568}, "4": {"y:0": 0.456947882188834, "y:1": 0.5265715725450972, "y:2": 0.5719220816585103, "y:3": 0.618148581601863, "y:4": 0.42105839683908475, "y:5": 0.5973115358650672, "y:6": 0.5176348872907641, "y:7": 0.615848481950679, "y:8": 0.5998665690307207, "y:9": 0.6073597647165504, "y:10": 6.503267795071025}, "5": {"y:0": 0.45955471417192384, "y:1": 0.5760768653210345, "y:2": 0.5964694125965636, "y:3": 0.6405142594346293, "y:4": 0.4399122660303788, "y:5": 0.6442784858219518, "y:6": 0.546887421273589, "y:7": 0.6382838207564953, "y:8": 0.627126932650226, "y:9": 0.6247306199617149, "y:10": 6.401533545945246}, "6": {"y:0": 0.4617704371926729, "y:1": 0.5856613335167181, "y:2": 0.5912083515869898, "y:3": 0.6358206636611323, "y:4": 0.4535338133790824, "y:5": 0.6403405974254877, "y:6": 0.5567847777962304, "y:7": 0.6436916845635693, "y:8": 0.6354954041893484, "y:9": 0.6484262639096696, "y:10": 6.509486963723005}, "7": {"y:0": 0.4764022207071788, "y:1": 0.577626719128996, "y:2": 0.6168896514611976, "y:3": 0.6735797035472357, "y:4": 0.44724336608237264, "y:5": 0.662981236348077, "y:6": 0.5559132111587732, "y:7": 0.6563457850069156, "y:8": 0.6529234523322205, "y:9": 0.6700745527386021, "y:10": 6.464641039012609}, "8": {"y:0": 0.4644781718346997, "y:1": 0.5997940291757471, "y:2": 0.6115336216320256, "y:3": 0.6732888097809531, "y:4": 0.4618040157504195, "y:5": 0.6776748702367446, "y:6": 0.5702725931644417, "y:7": 0.6757002201389954, "y:8": 0.6542795299981875, "y:9": 0.6801990723118341, "y:10": 6.420568653918181}, "9": {"y:0": 0.47979601245920983, "y:1": 0.5796452102740548, "y:2": 0.6195708445031085, "y:3": 0.6776700290061412, "y:4": 0.4467320922053533, "y:5": 0.6705367399001843, "y:6": 0.5536468261544292, "y:7": 0.6722390904356478, "y:8": 0.6620772255245365, "y:9": 0.6768314634086126, "y:10": 6.408350494732693}}