{"0": {"y:0": 0.20453335911072804, "y:1": 0.19040154244163177, "y:2": 0.20228853537835687, "y:3": 0.20831022619681008, "y:4": 0.19489834356218266, "y:5": 0.19779745243032404, "y:6": 0.19552353642474532, "y:7": 0.2010585121556967, "y:8": 0.2037875444370347, "y:9": 0.19759432920009265, "y:10": 6.5865117419260395}, "1": {"y:0": 0.194160887864605, "y:1": 0.20139172445190928, "y:2": 0.19684706924719875, "y:3": 0.1977095941764523, "y:4": 0.19716534482895667, "y:5": 0.19884978272928983, "y:6": 0.19982542159434333, "y:7": 0.19497917845896334, "y:8": 0.19982504591670083, "y:9": 0.1944437738976639, "y:10": 6.430527485891399}, "2": {"y:0": 0.32474417308304276, "y:1": 0.36733340677083476, "y:2": 0.3620715568526832, "y:3": 0.3677244432420095, "y:4": 0.3438214572872917, "y:5": 0.3844823457019122, "y:6": 0.3720816883470843, "y:7": 0.37306843577652177, "y:8": 0.3784622403476666, "y:9": 0.3783899132281251, "y:10": 6.522591578866909}, "3": {"y:0": 0.4256465298179264, "y:1": 0.49600181126132714, "y:2": 0.49823365530653135, "y:3": 0.5230715264838153, "y:4": 0.395147565260049, "y:5": 0.5242763628444751, "y:6": 0.4743566255643534, "y:7": 0.5252696275602596, "y:8": 0.5216779746573817, "y:9": 0.5262439871616882, "y:10": 6.386298197870301}, "4": {"y:0": 0.45480782363028033, "y:1": 0.5454231877092822, "y:2": 0.5753548568403768, "y:3": 0.6293872576602546, "y:4": 0.44358458913927806, "y:5": 0.6120854738833146, "y:6": 0.5345462668487264, "y:7": 0.604412539633235, "y:8": 0.5987939343092392, "y:9": 0.6120984239238558, "y:10": 6.426416133157847}, "5": {"y:0": 0.48708383763799, "y:1": 0.5686735834262386, "y:2": 0.606379135781744, "y:3": 0.6477882822839865, "y:4": 0.44436297972088906, "y:5": 0.6331524902215523, "y:6": 0.5434071753874823, "y:7": 0.649536032863244, "y:8": 0.6432745586392606, "y:9": 0.6421816986497592, "y:10": 6.431827466009928}, "6": {"y:0": 0.4755137202892102, "y:1": 0.5783525425610498, "y:2": 0.6004235025572304, "y:3": 0.656741601943321, "y:4": 0.45007592256471685, "y:5": 0.6546031067067105, "y:6": 0.5564280993492041, "y:7": 0.6667929570866824, "y:8": 0.6339940079968848, "y:9": 0.6611455345605065, "y:10": 6.46815229683806}, "7": {"y:0": 0.45866771822216135, "y:1": 0.5879477362504595, "y:2": 0.6043254277813592, "y:3": 0.6537771468377486, "y:4": 0.452459599789485, "y:5": 0.6600606127774864, "y:6": 0.5604730392933048, "y:7": 0.6627466896104215, "y:8": 0.6385332598747007, "y:9": 0.6565526383763174, "y:10": 6.425951294524805}, "8": {"y:0": 0.4744342104507391, "y:1": 0.5927699368082909, "y:2": 0.6141611122474518, "y:3": 0.6729762533923868, "y:4": 0.4532629733914461, "y:5": 0.6726416138290305, "y:6": 0.5564493592382194, "y:7": 0.6670541911156703, "y:8": 0.6544865060577216, "y:9": 0.6747584380010277, "y:10": 6.430547289915996}}