{"0": {"y:0": 0.11550829336329033, "y:1": 0.016196994486372445, "y:2": 0.12477277467592775, "y:3": 0.015422835403360369, "y:4": 0.16076725342860873, "y:5": 0.020733594792204206, "y:6": 0.1233957847959242, "y:7": 0.025189893292444476, "y:8": 0.13360169341954922, "y:9": 0.03186355438194104, "y:10": 0.11908322412594051, "y:11": 0.03143781104791007, "y:12": 0.11601792928010807, "y:13": 0.04243211090738295, "y:14": 0.13823552584984317, "y:15": 0.03545027735815635, "y:16": 0.1465272937867316, "y:17": 0.04947806144066315, "y:18": 0.12969588618466857, "y:19": 0.044095561403909696, "y:20": 0.1511662298708632, "y:21": 0.045978083764914246, "y:22": 0.14105652152592615, "y:23": 0.049045178582944576, "y:24": 0.12331847008107949, "y:25": 0.04922750398813326, "y:26": 0.12344525837818499, "y:27": 0.04795734674549997, "y:28": 0.12786581895676183, "y:29": 0.053178346362825056, "y:30": 0.14168931162697512, "y:31": 0.05584265924642427}, "1": {"y:0": 0.12580869403275563, "y:1": 0.03154522337624632, "y:2": 0.12358420527000745, "y:3": 0.02074621708830067, "y:4": 0.13343662710841178, "y:5": 0.016175033194348647, "y:6": 0.13099013942631238, "y:7": 0.01558833128867678, "y:8": 0.14323260671755322, "y:9": 0.015588488696457656, "y:10": 0.13728872284616075, "y:11": 0.01681502973384442, "y:12": 0.1324969557599376, "y:13": 0.02078238254191502, "y:14": 0.14280984648106307, "y:15": 0.023203361920355152, "y:16": 0.12983757505479, "y:17": 0.0240479621353583, "y:18": 0.12342451385926317, "y:19": 0.02642674543272188, "y:20": 0.12981976240653328, "y:21": 0.028003008586959633, "y:22": 0.1315669478846967, "y:23": 0.03106900290688376, "y:24": 0.14322993915129673, "y:25": 0.03180808207738339, "y:26": 0.12517557873405263, "y:27": 0.03591366068869375, "y:28": 0.14122572663349683, "y:29": 0.039367010296350695, "y:30": 0.12350568651619259, "y:31": 0.04041081536218429}, "2": {"y:0": 0.13040624979115123, "y:1": 0.06688473295302161, "y:2": 0.12293197013046288, "y:3": 0.05295162376533822, "y:4": 0.12458173417858096, "y:5": 0.04335224325507792, "y:6": 0.13087300226089332, "y:7": 0.03590871040680636, "y:8": 0.13205548312310444, "y:9": 0.03129326315859648, "y:10": 0.15219174559553447, "y:11": 0.028881738085594102, "y:12": 0.1404235786181906, "y:13": 0.026092074762716497, "y:14": 0.12274745218823091, "y:15": 0.024710825512736023, "y:16": 0.13695308315531077, "y:17": 0.02331066187802883, "y:18": 0.15269649344512287, "y:19": 0.021979735058334834, "y:20": 0.12481250824609429, "y:21": 0.020686994519493216, "y:22": 0.15447330064934134, "y:23": 0.019965858944949764, "y:24": 0.13726162105807552, "y:25": 0.018463535208394024, "y:26": 0.14175442682609765, "y:27": 0.018278300552697444, "y:28": 0.13551132915805159, "y:29": 0.01894977879837618, "y:30": 0.14384194126674196, "y:31": 0.018601898707984267}, "3": {"y:0": 0.10914936078359543, "y:1": 0.05157684081386891, "y:2": 0.12064776174251847, "y:3": 0.040897472636240245, "y:4": 0.1279050736865287, "y:5": 0.034865740297244784, "y:6": 0.1354918950472672, "y:7": 0.02858668543606724, "y:8": 0.12639814208869163, "y:9": 0.024761095464216152, "y:10": 0.12811685367824238, "y:11": 0.023492314126774553, "y:12": 0.12308597730639781, "y:13": 0.021282543461294434, "y:14": 0.12379841508027116, "y:15": 0.019994881209726034, "y:16": 0.12781954639383397, "y:17": 0.018594839053981856, "y:18": 0.11488546835903525, "y:19": 0.0172425281166601, "y:20": 0.1261426496117799, "y:21": 0.01789102633523316, "y:22": 0.12194695748066926, "y:23": 0.017666558185769916, "y:24": 0.1257339566248949, "y:25": 0.017617067299289562, "y:26": 0.12154611776780123, "y:27": 0.018674370354648834, "y:28": 0.12471973989782488, "y:29": 0.019132656371235388, "y:30": 0.1270673986758098, "y:31": 0.01995961301346768}, "4": {"y:0": 0.09204885569940685, "y:1": 0.03959277118567531, "y:2": 0.10625824493732465, "y:3": 0.03192640767402858, "y:4": 0.11321890890242933, "y:5": 0.024659632426954473, "y:6": 0.10684488415624005, "y:7": 0.02063756132262736, "y:8": 0.11840139668669958, "y:9": 0.01818559699517288, "y:10": 0.11336323005858152, "y:11": 0.01650107550912794, "y:12": 0.11263952469024616, "y:13": 0.016071094603825407, "y:14": 0.11740824660168342, "y:15": 0.01659817479737719, "y:16": 0.11020254600199446, "y:17": 0.01728137354234052, "y:18": 0.11513132143082948, "y:19": 0.017715719836208163, "y:20": 0.10968107318618323, "y:21": 0.019282492199098212, "y:22": 0.10721390011784243, "y:23": 0.020959337681527898, "y:24": 0.11518665332815721, "y:25": 0.023191740987992662, "y:26": 0.1157358656569501, "y:27": 0.024771596860759547, "y:28": 0.11267066823367788, "y:29": 0.024388211102544705, "y:30": 0.11583390337790933, "y:31": 0.025985992148846754}, "5": {"y:0": 0.05648277343155924, "y:1": 0.01726521600952022, "y:2": 0.06838901406929357, "y:3": 0.02873602671414158, "y:4": 0.06844606637794415, "y:5": 0.035622438981812485, "y:6": 0.06668645587657893, "y:7": 0.044168251551436305, "y:8": 0.06590915000717514, "y:9": 0.05146005987100228, "y:10": 0.06352845249979505, "y:11": 0.053062373991664774, "y:12": 0.06479154539617281, "y:13": 0.05457983583872766, "y:14": 0.06126991972003476, "y:15": 0.06372486468308931, "y:16": 0.062825831149893, "y:17": 0.06761550856718988, "y:18": 0.05772869599896646, "y:19": 0.07057414157746349, "y:20": 0.06322389559523128, "y:21": 0.06751413083544917, "y:22": 0.058732073108767185, "y:23": 0.06607266423928831, "y:24": 0.05885725446409203, "y:25": 0.07421127358363822, "y:26": 0.061600896759214395, "y:27": 0.07195357956362579, "y:28": 0.05616318242152925, "y:29": 0.07764383521255913, "y:30": 0.05736563946055882, "y:31": 0.07959270445049609}, "6": {"y:0": 0.07963545639923596, "y:1": 0.06169126868282773, "y:2": 0.07005548127889388, "y:3": 0.08015862148395335, "y:4": 0.0659127069555902, "y:5": 0.09286463876929632, "y:6": 0.060944991095397145, "y:7": 0.10390556957517792, "y:8": 0.06058734179185551, "y:9": 0.11558980219022678, "y:10": 0.05618107575600521, "y:11": 0.11541876593528752, "y:12": 0.05524923869588635, "y:13": 0.12286770037577796, "y:14": 0.048851328334849245, "y:15": 0.11754066633246059, "y:16": 0.04506004685534471, "y:17": 0.1230874578031189, "y:18": 0.045259869708869145, "y:19": 0.1156992244995048, "y:20": 0.041921667732740295, "y:21": 0.12440783103740972, "y:22": 0.04063966982568897, "y:23": 0.12399727363416638, "y:24": 0.03721565631578551, "y:25": 0.11742982506986169, "y:26": 0.035708974004956616, "y:27": 0.11539742062085724, "y:28": 0.03363313417588366, "y:29": 0.12916275702757027, "y:30": 0.03252961107314, "y:31": 0.12390022391729702}, "7": {"y:0": 0.08079022360313412, "y:1": 0.02643784845147961, "y:2": 0.06465127979055696, "y:3": 0.042058544694349005, "y:4": 0.05816862285457064, "y:5": 0.04774391966020858, "y:6": 0.05430849108429488, "y:7": 0.054910916497411796, "y:8": 0.05382446598225387, "y:9": 0.061897011281330044, "y:10": 0.0432651678867327, "y:11": 0.06618746657851961, "y:12": 0.04237028290815377, "y:13": 0.08019510296008527, "y:14": 0.03998561038225864, "y:15": 0.07575328391471628, "y:16": 0.03643967337032254, "y:17": 0.07904703597561132, "y:18": 0.03455912703516765, "y:19": 0.08189286683903738, "y:20": 0.032379209278340274, "y:21": 0.07746168499722592, "y:22": 0.03289524359100135, "y:23": 0.08048941159248314, "y:24": 0.027981986210325223, "y:25": 0.08481206691217862, "y:26": 0.02551837459835133, "y:27": 0.08120056492153455, "y:28": 0.024070910763018243, "y:29": 0.08658339872925304, "y:30": 0.022241259127147323, "y:31": 0.08527106795858698}, "8": {"y:0": 0.045989600037906087, "y:1": 0.02997969023981304, "y:2": 0.04218196968906185, "y:3": 0.017633105775346613, "y:4": 0.04616992755338408, "y:5": 0.01603442348528626, "y:6": 0.04347591618314014, "y:7": 0.018020725994705673, "y:8": 0.04029416490441862, "y:9": 0.0175698687020425, "y:10": 0.03809348985084961, "y:11": 0.01871949663080292, "y:12": 0.03528841471978705, "y:13": 0.020029641804019067, "y:14": 0.03271103891581337, "y:15": 0.02059475361315748, "y:16": 0.03417915013254719, "y:17": 0.022646268875685216, "y:18": 0.03164988991232409,