{"0": {"y:0": 0.11665957105647892, "y:1": 0.01987323854974933, "y:2": 0.12439812625345523, "y:3": 0.01443732777933815, "y:4": 0.11472202337720548, "y:5": 0.016178762242211674, "y:6": 0.14171799858780143, "y:7": 0.020187375799592035, "y:8": 0.14048881642301617, "y:9": 0.02500870378779039, "y:10": 0.15123104043154603, "y:11": 0.03230870820873244, "y:12": 0.12686848308678275, "y:13": 0.028786215618171976, "y:14": 0.134832355027539, "y:15": 0.03817828885707963, "y:16": 0.1362187720164742, "y:17": 0.049063280976157086, "y:18": 0.14020319264565093, "y:19": 0.040786881606596014, "y:20": 0.1438404136391035, "y:21": 0.04355500679224376, "y:22": 0.13445928226977844, "y:23": 0.049000651242058865, "y:24": 0.14090743487602891, "y:25": 0.04955837646973929, "y:26": 0.13183445397139257, "y:27": 0.04881390444534088, "y:28": 0.12413376550729865, "y:29": 0.05566169784224044, "y:30": 0.1364088163384129, "y:31": 0.0621557700407723}, "1": {"y:0": 0.11339333865769526, "y:1": 0.028135299048939272, "y:2": 0.13359329833915962, "y:3": 0.02131248113357307, "y:4": 0.1192774614428477, "y:5": 0.01723413431778859, "y:6": 0.13071592830373321, "y:7": 0.014903377972773345, "y:8": 0.13137991292738743, "y:9": 0.01572288695174944, "y:10": 0.12702485113691303, "y:11": 0.01672449383862456, "y:12": 0.15046471788690796, "y:13": 0.01851097242650528, "y:14": 0.1439301128064076, "y:15": 0.021062572118996363, "y:16": 0.13719249046457502, "y:17": 0.024235538178932606, "y:18": 0.1381635606633365, "y:19": 0.02727041100060595, "y:20": 0.12509382196103347, "y:21": 0.030291813199780464, "y:22": 0.13446021615543294, "y:23": 0.03196244417509228, "y:24": 0.13142685585242536, "y:25": 0.037716523848950405, "y:26": 0.12585271214295296, "y:27": 0.03791745169632971, "y:28": 0.14550585187975573, "y:29": 0.03710168845440783, "y:30": 0.138602972819849, "y:31": 0.03946854808035817}, "2": {"y:0": 0.11927475984855838, "y:1": 0.07190944681431007, "y:2": 0.1437126545638245, "y:3": 0.05845163551819409, "y:4": 0.14137762384961525, "y:5": 0.05219082579874802, "y:6": 0.13543480547197145, "y:7": 0.044301431646942044, "y:8": 0.1334270887622965, "y:9": 0.036293622191470976, "y:10": 0.12437228193109216, "y:11": 0.03496636230363386, "y:12": 0.1319490946111566, "y:13": 0.030789704511203605, "y:14": 0.14646314357837875, "y:15": 0.02537159334023651, "y:16": 0.13509579091146834, "y:17": 0.027275213949215154, "y:18": 0.13268554515875552, "y:19": 0.024822714158841314, "y:20": 0.1334386534910983, "y:21": 0.024213180214645507, "y:22": 0.13706497749901447, "y:23": 0.021240097387185145, "y:24": 0.12506910711086597, "y:25": 0.02215228455358336, "y:26": 0.13250140400202073, "y:27": 0.019733632197740048, "y:28": 0.13178643763957204, "y:29": 0.02018640583826658, "y:30": 0.14567035075139806, "y:31": 0.019384111178078662}, "3": {"y:0": 0.11613120065972411, "y:1": 0.08398997913210109, "y:2": 0.12146726877593836, "y:3": 0.07062532813721303, "y:4": 0.129087195832766, "y:5": 0.0629280944869849, "y:6": 0.12258265982674083, "y:7": 0.0589295990391259, "y:8": 0.14064237920268424, "y:9": 0.05140211293106993, "y:10": 0.12443120441516577, "y:11": 0.04960741780007343, "y:12": 0.1305893207731841, "y:13": 0.04604528850326089, "y:14": 0.13123977382031085, "y:15": 0.039957780795229145, "y:16": 0.1344040428095378, "y:17": 0.03784361719353111, "y:18": 0.12209601109360207, "y:19": 0.03636571612965166, "y:20": 0.1285036729634555, "y:21": 0.03410998474497937, "y:22": 0.13068791959642384, "y:23": 0.03249612187165699, "y:24": 0.12619452758552885, "y:25": 0.03198472520108909, "y:26": 0.11914653085881304, "y:27": 0.030330489161594806, "y:28": 0.12140464029416921, "y:29": 0.0282648284843773, "y:30": 0.12498218840635456, "y:31": 0.02689545642478466}, "4": {"y:0": 0.08969771149127641, "y:1": 0.04995630223302351, "y:2": 0.10790212965358703, "y:3": 0.04403744800715322, "y:4": 0.1138182138173717, "y:5": 0.03621830302229154, "y:6": 0.11397519841640735, "y:7": 0.032346316540692116, "y:8": 0.10843587178543666, "y:9": 0.031114282391430773, "y:10": 0.11191625447876093, "y:11": 0.027829318389351737, "y:12": 0.10745647693005526, "y:13": 0.025479370544270713, "y:14": 0.10732892957940329, "y:15": 0.023882074089635788, "y:16": 0.11142085604124911, "y:17": 0.021850369412915932, "y:18": 0.11233706704121013, "y:19": 0.021323668950807253, "y:20": 0.1113017889934001, "y:21": 0.01955048999563304, "y:22": 0.11257561986282189, "y:23": 0.019041917974951833, "y:24": 0.10618696672701604, "y:25": 0.01897879958737098, "y:26": 0.11254472926988617, "y:27": 0.017795435847911878, "y:28": 0.10978021636226629, "y:29": 0.01799004076725475, "y:30": 0.10916519971197386, "y:31": 0.01773243598578834}, "5": {"y:0": 0.08210945054111123, "y:1": 0.04258806459791879, "y:2": 0.09856084839851952, "y:3": 0.03294170404731098, "y:4": 0.10470770879415021, "y:5": 0.027752329514475, "y:6": 0.09617733555777454, "y:7": 0.02536963924874023, "y:8": 0.09781758371263483, "y:9": 0.022671187827736687, "y:10": 0.09229434095348153, "y:11": 0.019198300813070352, "y:12": 0.10073932187900708, "y:13": 0.018764566691744398, "y:14": 0.10019744461609918, "y:15": 0.017731233707523775, "y:16": 0.09710924151379362, "y:17": 0.01690427903868981, "y:18": 0.09830136641564709, "y:19": 0.01633551322706926, "y:20": 0.09602887066250798, "y:21": 0.016235747220292224, "y:22": 0.09377639851509512, "y:23": 0.016554764182861427, "y:24": 0.09933016515361771, "y:25": 0.01695996701935128, "y:26": 0.09431278617225879, "y:27": 0.017656653309328176, "y:28": 0.09683864203949412, "y:29": 0.017591696655747394, "y:30": 0.09257325783112196, "y:31": 0.018556604303660643}, "6": {"y:0": 0.05619876692697309, "y:1": 0.03259008531730068, "y:2": 0.04866425510905812, "y:3": 0.04636025234282856, "y:4": 0.049123747685363595, "y:5": 0.05680157858256315, "y:6": 0.0433782594138071, "y:7": 0.06485702989053303, "y:8": 0.04259000549780238, "y:9": 0.07795478010110675, "y:10": 0.04005207168512004, "y:11": 0.07331750231759394, "y:12": 0.03853342903481055, "y:13": 0.0767302080004015, "y:14": 0.03559444885201909, "y:15": 0.07807253434093245, "y:16": 0.034163331171968174, "y:17": 0.08546302235735594, "y:18": 0.03310263946430086, "y:19": 0.08641835782434094, "y:20": 0.03068949117578022, "y:21": 0.09005994306620009, "y:22": 0.03019752513362901, "y:23": 0.08850410713524025, "y:24": 0.02886543273766608, "y:25": 0.08712324840850087, "y:26": 0.02775533525932686, "y:27": 0.09221412903584118, "y:28": 0.02750315185771691, "y:29": 0.09479644425617736, "y:30": 0.025807034423757143, "y:31": 0.09241355271069336}, "7": {"y:0": 0.08497757437939216, "y:1": 0.05079217041928006, "y:2": 0.06886555400286597, "y:3": 0.06539907414272915, "y:4": 0.06847165900180303, "y:5": 0.07525895035699481, "y:6": 0.07293746389459534, "y:7": 0.07769235579686103, "y:8": 0.06110754563302964, "y:9": 0.07888857531671556, "y:10": 0.051939128644578066, "y:11": 0.08260497578481607, "y:12": 0.050606601277761155, "y:13": 0.08349593916651855, "y:14": 0.05089288544806893, "y:15": 0.08327145589215246, "y:16": 0.04485965670744372, "y:17": 0.07979275542613906, "y:18": 0.04086108855130194, "y:19": 0.08642003738970709, "y:20": 0.03589873186970402, "y:21": 0.08829374092383259, "y:22": 0.036791583389446804, "y:23": 0.08881165754878952, "y:24": 0.03300512680180367, "y:25": 0.09480743807268711, "y:26": 0.028732496053048482, "y:27": 0.09669933709942055, "y:28": 0.026438815043763532, "y:29": 0.09118713265384694, "y:30": 0.024720741937037497, "y:31": 0.10230064683874499}, "8": {"y:0": 0.05780305820410502, "y:1": 0.02098406623631336, "y:2": 0.05122437696005166, "y:3": 0.020356116579589956, "y:4": 0.04837969570445979, "y:5": 0.02384289259385699, "y:6": 0.04402612001839742, "y:7": 0.025512094665904664, "y:8": 0.040514995715132666, "y:9": 0.02752680656189734, "y:10": 0.036993518378599474, "y:11": 0.028768984832857912, "y:12": 0.03487336554510222, "y:13": 0.03138816941828406, "y:14": 0.03808210724408959, "y:15": 0.03236411866758576, "y:16": 0.0335869776605141, "y:17": 0.03496196326283285, "y:18": 0.02927691465616434,