{"0": {"y:0": 0.2048404667339636, "y:1": 0.2085185589209599, "y:2": 0.20377866209463863, "y:3": 0.21160007068828804, "y:4": 0.21069441058079866, "y:5": 0.2023550057828767, "y:6": 0.2029465611323631, "y:7": 0.2044855880802059, "y:8": 0.20337582518920327, "y:9": 0.20757200145905938, "y:10": 7.16213426565444}, "1": {"y:0": 0.20700831925213095, "y:1": 0.20260466115097986, "y:2": 0.2045989020949356, "y:3": 0.20051555377207675, "y:4": 0.20236352838250393, "y:5": 0.20416689513962322, "y:6": 0.20572375533891699, "y:7": 0.20502683141335593, "y:8": 0.20506315201660988, "y:9": 0.19824960726511254, "y:10": 7.480926790031074}, "2": {"y:0": 0.37074898044632415, "y:1": 0.3537525163033946, "y:2": 0.36917560630142926, "y:3": 0.3720085662507716, "y:4": 0.3801166015406887, "y:5": 0.3730996009464987, "y:6": 0.3776505144053373, "y:7": 0.3662725125716128, "y:8": 0.35258189837522325, "y:9": 0.3791790011418078, "y:10": 7.19181366441059}, "3": {"y:0": 0.5021723284201407, "y:1": 0.4673742742155216, "y:2": 0.49281825655227235, "y:3": 0.5475859206026521, "y:4": 0.5131215202592054, "y:5": 0.5040462687336968, "y:6": 0.5392218866894001, "y:7": 0.5202933567963154, "y:8": 0.4691314137770747, "y:9": 0.5272568978642044, "y:10": 7.5196015453521206}, "4": {"y:0": 0.5731091141431612, "y:1": 0.5296114296453633, "y:2": 0.549639461449873, "y:3": 0.5951001549921892, "y:4": 0.618741065233837, "y:5": 0.6354168328389119, "y:6": 0.6442476672115924, "y:7": 0.6174636115191807, "y:8": 0.5261180696159128, "y:9": 0.5985406509753253, "y:10": 7.245026634326833}, "5": {"y:0": 0.5869245654188913, "y:1": 0.5462491333000714, "y:2": 0.5737840650201534, "y:3": 0.6570943609150929, "y:4": 0.6344446725842507, "y:5": 0.6494756065254311, "y:6": 0.6578710680538761, "y:7": 0.6538266420340896, "y:8": 0.5357058603989637, "y:9": 0.6488374947319459, "y:10": 7.361254099325625}, "6": {"y:0": 0.5915793834755159, "y:1": 0.5740585149783992, "y:2": 0.5789632222779086, "y:3": 0.6656792152264387, "y:4": 0.6613138444939943, "y:5": 0.6749764005513758, "y:6": 0.6492911589653761, "y:7": 0.6770005463584657, "y:8": 0.5322968127331252, "y:9": 0.6765872021367412, "y:10": 7.278552804422682}, "7": {"y:0": 0.5996875299279633, "y:1": 0.5804330571207508, "y:2": 0.5916731260446196, "y:3": 0.6706487960064117, "y:4": 0.658282843352887, "y:5": 0.671217275462966, "y:6": 0.6761569900555492, "y:7": 0.6587526096562402, "y:8": 0.5395966401436101, "y:9": 0.6658145086823586, "y:10": 7.171779194066945}, "8": {"y:0": 0.6101750266744291, "y:1": 0.5754190952617673, "y:2": 0.5800019695965289, "y:3": 0.6829450892616379, "y:4": 0.6682934777623146, "y:5": 0.6856795921546016, "y:6": 0.6845411636595007, "y:7": 0.6796572751431176, "y:8": 0.5502606810410522, "y:9": 0.6721016490112692, "y:10": 7.260300585017498}, "9": {"y:0": 0.6227539960368945, "y:1": 0.5759904057251305, "y:2": 0.5825419851872233, "y:3": 0.6921861209803885, "y:4": 0.6827068466578441, "y:5": 0.6959150377474557, "y:6": 0.691355814273088, "y:7": 0.6881596816104225, "y:8": 0.5618027216554902, "y:9": 0.6774435355558738, "y:10": 7.222227212303923}}