{"0": {"y:0": 0.006568454849236071, "y:1": 0.10129662162080173, "y:2": 0.20671123270802616, "y:3": 0.199949998025708, "y:4": 0.11807388250583525, "y:5": 0.02003567784130817, "y:6": 0.000979302300925507}, "1": {"y:0": 0.00827546634446173, "y:1": 0.10209903085820178, "y:2": 0.2068121330320428, "y:3": 0.20398314960603042, "y:4": 0.12256447235520206, "y:5": 0.021302208143904596, "y:6": 0.0012639596667428127}, "2": {"y:0": 0.05109937609676292, "y:1": 0.20309130109796533, "y:2": 0.24795989652724015, "y:3": 0.24923169636107, "y:4": 0.16280952758465403, "y:5": 0.04722896536093334, "y:6": 0.007105018350104973}, "3": {"y:0": 0.08799197664933658, "y:1": 0.2796962724930472, "y:2": 0.3483539395356759, "y:3": 0.3531706516242611, "y:4": 0.25395166136576564, "y:5": 0.07360889943242303, "y:6": 0.013001480653155598}, "4": {"y:0": 0.2040867757594062, "y:1": 0.3611413369796072, "y:2": 0.39851304671233617, "y:3": 0.4048494854323657, "y:4": 0.32110846947250393, "y:5": 0.12054606313297177, "y:6": 0.02981842371527405}, "5": {"y:0": 0.3016412854649298, "y:1": 0.522958347691019, "y:2": 0.5641605726295186, "y:3": 0.5784039485838821, "y:4": 0.4443637025350848, "y:5": 0.17656012666131046, "y:6": 0.04719975144962442}, "6": {"y:0": 0.4658897815494173, "y:1": 0.7304420852653625, "y:2": 0.7730835111426264, "y:3": 0.7791832350731318, "y:4": 0.642908131883266, "y:5": 0.3104577473084576, "y:6": 0.07937233856595793}, "7": {"y:0": 0.744172084545542, "y:1": 1.1101709961634585, "y:2": 1.1654733038957668, "y:3": 1.1695689295998513, "y:4": 0.9129421155047748, "y:5": 0.4583666782903101, "y:6": 0.13958344239826792}, "8": {"y:0": 1.0896927454517344, "y:1": 1.5341864134935757, "y:2": 1.6236496254298347, "y:3": 1.6512121993798567, "y:4": 1.3409198031265313, "y:5": 0.6540581191806424, "y:6": 0.21699889412712026}, "9": {"y:0": 1.5252241393993498, "y:1": 2.139344879918268, "y:2": 2.3706564154944543, "y:3": 2.343757199860278, "y:4": 1.7406685400716877, "y:5": 0.8542834382428591, "y:6": 0.2801962735732949}, "10": {"y:0": 1.731256645734017, "y:1": 2.6077660184203424, "y:2": 3.1333371413106508, "y:3": 3.193467610030935, "y:4": 2.2340246535496115, "y:5": 1.0418908268339027, "y:6": 0.3315213607268967}, "11": {"y:0": 2.412655833501311, "y:1": 3.320221471970093, "y:2": 4.216252698849716, "y:3": 3.9651978924805453, "y:4": 2.770165653329386, "y:5": 1.3369290059318353, "y:6": 0.4892573358538908}, "12": {"y:0": 2.6938274462857863, "y:1": 3.8428500102558094, "y:2": 5.508347092865401, "y:3": 4.609288744071723, "y:4": 3.537255433448513, "y:5": 1.726684585547766, "y:6": 0.5816249867335634}, "13": {"y:0": 2.763874689779934, "y:1": 4.425774196904733, "y:2": 7.110588461949093, "y:3": 5.0185918125017785, "y:4": 4.245859498954871, "y:5": 2.1285470250983196, "y:6": 0.8018562769326414}, "14": {"y:0": 3.005248068641813, "y:1": 5.033387396425944, "y:2": 8.835278292749786, "y:3": 5.438426653050884, "y:4": 5.277513723074286, "y:5": 2.6015850112556973, "y:6": 0.9658722839780047}, "15": {"y:0": 2.8349720197409427, "y:1": 5.013978365926007, "y:2": 10.277162089106456, "y:3": 6.286212338772741, "y:4": 6.139382118642649, "y:5": 3.205768355069737, "y:6": 1.1617310168400712}, "16": {"y:0": 2.8023126048793756, "y:1": 5.4074103585027204, "y:2": 10.567765852804648, "y:3": 7.390348793296571, "y:4": 7.030366059769218, "y:5": 3.5848112424894816, "y:6": 1.2212437969759569}, "17": {"y:0": 3.02949200791734, "y:1": 6.800187095630023, "y:2": 11.997578002819562, "y:3": 9.545297820851722, "y:4": 7.641354435979969, "y:5": 4.30047670305255, "y:6": 1.4103920742133795}, "18": {"y:0": 3.51563977549712, "y:1": 8.493879628082738, "y:2": 13.161978783143496, "y:3": 11.9923958204661, "y:4": 9.064064058314157, "y:5": 5.0707349852299215, "y:6": 1.5393895524764505}, "19": {"y:0": 4.225234876240534, "y:1": 10.660298786802516, "y:2": 16.359488166422334, "y:3": 13.87204958185, "y:4": 10.203492054243098, "y:5": 5.959587321724135, "y:6": 1.7837793268173}, "20": {"y:0": 4.883632097453157, "y:1": 12.949901766810022, "y:2": 18.228201155483468, "y:3": 16.85241762410965, "y:4": 12.186102317925927, "y:5": 7.229394119000125, "y:6": 1.9884560579573745}, "21": {"y:0": 5.842951388602328, "y:1": 14.790954775869734, "y:2": 22.386998181338004, "y:3": 20.51099513825619, "y:4": 12.867049673469896, "y:5": 7.981217921042141, "y:6": 2.2095731663380094}, "22": {"y:0": 6.934061812139123, "y:1": 18.96075399974443, "y:2": 25.58466763221037, "y:3": 24.59182969760696, "y:4": 15.326876589633866, "y:5": 9.138600351704486, "y:6": 2.527182135879069}, "23": {"y:0": 8.233296610189806, "y:1": 21.7863658306749, "y:2": 27.09945280781203, "y:3": 27.10226837408221, "y:4": 17.361092582456248, "y:5": 10.196056865759367, "y:6": 2.825163826577468}, "24": {"y:0": 9.91382426760778, "y:1": 27.342805690334714, "y:2": 34.151212837234354, "y:3": 30.323498617688617, "y:4": 17.723598232348703, "y:5": 10.932745295644752, "y:6": 3.16267611708266}, "25": {"y:0": 12.55039398290291, "y:1": 31.02346455862622, "y:2": 35.0512579309155, "y:3": 31.169502164323063, "y:4": 20.213627357879474, "y:5": 11.516997187948348, "y:6": 3.7396370821326297}, "26": {"y:0": 14.70228887937889, "y:1": 36.699526467991646, "y:2": 39.6652125691156, "y:3": 32.916824807862255, "y:4": 20.576648232000302, "y:5": 12.371018731217985, "y:6": 4.049002655748443}, "27": {"y:0": 18.116267830032417, "y:1": 38.39080303195867, "y:2": 39.370913652741876, "y:3": 33.245603514025326, "y:4": 22.688053484019985, "y:5": 12.860949322334342, "y:6": 4.531624066292432}, "28": {"y:0": 22.220345857281032, "y:1": 45.74578788207136, "y:2": 44.95111239178218, "y:3": 35.15127482665181, "y:4": 22.090675950406613, "y:5": 13.849978083749816, "y:6": 5.220292165630349}, "29": {"y:0": 27.47512557740028, "y:1": 48.93267242405602, "y:2": 48.10210720290338, "y:3": 37.76027650647949, "y:4": 23.284464121503234, "y:5": 13.634876401394862, "y:6": 5.503947431902729}, "30": {"y:0": 32.68482224852748, "y:1": 47.07937574326797, "y:2": 43.43422130949689, "y:3": 35.34727896352182, "y:4": 23.565487846688733, "y:5": 14.670809286591258, "y:6": 5.844327073053213}}