{"0": {"y:0": 0.012101327171602824, "y:1": 0.17416311177301258, "y:2": 0.4240029355728326, "y:3": 0.41036404526251125, "y:4": 0.3725503622895405, "y:5": 0.046494522952652904, "y:6": 0.002054727058158819}}