{"0": {"y:0": 0.008175608378196036, "y:1": 0.09916341981279793, "y:2": 0.19507487365707138, "y:3": 0.20522296137514287, "y:4": 0.12174259460707167, "y:5": 0.021801178956570348, "y:6": 0.001272102052976098}, "1": {"y:0": 0.006936007079183306, "y:1": 0.09173979944270567, "y:2": 0.20434468416500517, "y:3": 0.2010601401326611, "y:4": 0.12004241032324801, "y:5": 0.019111067448087105, "y:6": 0.0010819268259000983}, "2": {"y:0": 0.049065782983161055, "y:1": 0.19679513286531553, "y:2": 0.2379101290543732, "y:3": 0.2402508623001513, "y:4": 0.16652388718939787, "y:5": 0.049951427431647835, "y:6": 0.006664945960906773}, "3": {"y:0": 0.08489222510065611, "y:1": 0.2729471101130931, "y:2": 0.34908401879006073, "y:3": 0.35525877544438333, "y:4": 0.2608942923607035, "y:5": 0.07409629494004312, "y:6": 0.013028109483961289}, "4": {"y:0": 0.1967559292964991, "y:1": 0.35841689656908376, "y:2": 0.3948918112430747, "y:3": 0.4062316414586247, "y:4": 0.2991361242855338, "y:5": 0.11906395270067398, "y:6": 0.030372393427971402}, "5": {"y:0": 0.2980768631511817, "y:1": 0.5270895921559713, "y:2": 0.5626600101000191, "y:3": 0.5927440468167754, "y:4": 0.44986297505904216, "y:5": 0.17849164828409175, "y:6": 0.04643000988148618}, "6": {"y:0": 0.5027668676573677, "y:1": 0.7636721224463973, "y:2": 0.7943334267772922, "y:3": 0.8036340330734134, "y:4": 0.6107288428383932, "y:5": 0.29353473282861153, "y:6": 0.08218421857169304}, "7": {"y:0": 0.7410096059860013, "y:1": 1.1480136408773816, "y:2": 1.2209902153041128, "y:3": 1.2269384210221006, "y:4": 0.9101329117377078, "y:5": 0.4333313527615966, "y:6": 0.1234213057208227}, "8": {"y:0": 1.0341940443729782, "y:1": 1.5559258924539452, "y:2": 1.6592146045505518, "y:3": 1.664340029024713, "y:4": 1.2792365266777888, "y:5": 0.5997102501206913, "y:6": 0.1832213895679188}, "9": {"y:0": 1.401259167442408, "y:1": 2.1388449896755213, "y:2": 2.39433405905902, "y:3": 2.4009712004655333, "y:4": 1.6636967707948773, "y:5": 0.7067437215683834, "y:6": 0.23891014715840364}, "10": {"y:0": 1.805316392612309, "y:1": 2.5421753343085642, "y:2": 3.0442804150693865, "y:3": 3.17160441724617, "y:4": 2.1426331504845226, "y:5": 0.9904474548301394, "y:6": 0.333203054145815}, "11": {"y:0": 2.3597346838698647, "y:1": 3.448775138258931, "y:2": 4.451233970471371, "y:3": 3.8220586953048463, "y:4": 2.493117161745013, "y:5": 1.2268463460783336, "y:6": 0.43341344332815485}, "12": {"y:0": 2.8723301811339694, "y:1": 3.917125757688896, "y:2": 5.143147690080904, "y:3": 4.321298217642164, "y:4": 3.362965467508653, "y:5": 1.7401757285154753, "y:6": 0.5921810614139924}, "13": {"y:0": 3.228233539826523, "y:1": 4.533925229759164, "y:2": 6.591005688671238, "y:3": 4.746253920471647, "y:4": 4.428617603829851, "y:5": 2.2112102179469764, "y:6": 0.7462979320078673}, "14": {"y:0": 3.266448876422899, "y:1": 4.924908163338632, "y:2": 7.151312579757783, "y:3": 4.81281347190236, "y:4": 5.799169653466317, "y:5": 2.87757827492878, "y:6": 0.9827742985421858}, "15": {"y:0": 2.9987467512205175, "y:1": 4.935298199501899, "y:2": 9.1738135168193, "y:3": 5.812295066362801, "y:4": 7.271375231002808, "y:5": 3.4931117601178445, "y:6": 1.110863351909317}, "16": {"y:0": 2.822622187389342, "y:1": 4.923780565173071, "y:2": 9.644950172844785, "y:3": 6.860231193298034, "y:4": 7.792300833422572, "y:5": 4.000573228787431, "y:6": 1.4290563171783508}, "17": {"y:0": 2.6269755465691245, "y:1": 5.107790988875038, "y:2": 12.54236380795595, "y:3": 8.83341889458485, "y:4": 8.768412098805385, "y:5": 4.502156636477554, "y:6": 1.4115005960099767}, "18": {"y:0": 3.1186262040411794, "y:1": 6.744567415942426, "y:2": 13.597665829463839, "y:3": 11.822369376715088, "y:4": 10.053508850867253, "y:5": 5.455806435668106, "y:6": 1.6369260589294088}, "19": {"y:0": 3.651151927742101, "y:1": 8.691202198982856, "y:2": 16.15942240998734, "y:3": 14.991447493347557, "y:4": 10.933056757404584, "y:5": 6.365759322573195, "y:6": 1.6427003870810823}, "20": {"y:0": 4.474704027185401, "y:1": 10.265206541334646, "y:2": 17.373388553968717, "y:3": 18.041541345158713, "y:4": 13.363653895319473, "y:5": 7.331977086559447, "y:6": 2.0222714302252016}, "21": {"y:0": 5.4465316046988015, "y:1": 13.56417618219922, "y:2": 20.356256868889172, "y:3": 22.073199637250347, "y:4": 14.091842974153836, "y:5": 8.503610267416473, "y:6": 2.103586097278514}, "22": {"y:0": 6.551523134887503, "y:1": 16.43942884309872, "y:2": 23.92409488379408, "y:3": 23.620601741987315, "y:4": 16.21035960751552, "y:5": 9.16249244489008, "y:6": 2.3955654530083184}, "23": {"y:0": 8.245452211672564, "y:1": 20.127152176032993, "y:2": 27.171891109695427, "y:3": 27.64737137414925, "y:4": 17.39437061948089, "y:5": 9.681013245008643, "y:6": 2.4925926117516597}, "24": {"y:0": 9.708309315796553, "y:1": 22.791528533188092, "y:2": 28.50651550040512, "y:3": 27.04084079978019, "y:4": 17.464674914759925, "y:5": 10.190360235017678, "y:6": 3.062951849878073}, "25": {"y:0": 12.444372159600077, "y:1": 28.759010881844347, "y:2": 33.285351907008334, "y:3": 31.509430696027767, "y:4": 19.71068998664624, "y:5": 10.52745604931607, "y:6": 3.2484034527752788}, "26": {"y:0": 14.702790423285084, "y:1": 33.91618005774691, "y:2": 36.053837647510946, "y:3": 31.499982381804255, "y:4": 20.486202142190578, "y:5": 11.164661302584811, "y:6": 3.660011702262107}, "27": {"y:0": 19.41220475490126, "y:1": 38.40489236405511, "y:2": 41.26231406567999, "y:3": 33.911560058410565, "y:4": 21.52733347383993, "y:5": 12.782974312357467, "y:6": 4.111154853660565}, "28": {"y:0": 22.16278393806807, "y:1": 47.680481457332434, "y:2": 45.75367524756766, "y:3": 35.88074467955213, "y:4": 21.54740910403869, "y:5": 12.244730078203396, "y:6": 4.571601305937022}, "29": {"y:0": 26.80695291249179, "y:1": 47.455959261579245, "y:2": 44.175132547500446, "y:3": 35.0430072386765, "y:4": 22.736739006464447, "y:5": 12.71413397258354, "y:6": 4.879819107728333}, "30": {"y:0": 32.970875842414955, "y:1": 54.19077851737004, "y:2": 50.04900904729318, "y:3": 39.480989347567444, "y:4": 24.38356485610168, "y:5": 12.91951428940468, "y:6": 5.327605307218347}}