{"0": {"y:0": 0.012376595971655949, "y:1": 0.16837219310547838, "y:2": 0.39096089624709174, "y:3": 0.400516723306315, "y:4": 0.3493964475494669, "y:5": 0.04532536207302276, "y:6": 0.002149638851090011}, "1": {"y:0": 0.015747849310615507, "y:1": 0.1822662835255684, "y:2": 0.3948731352572748, "y:3": 0.402992463460122, "y:4": 0.365278438040378, "y:5": 0.04700526194996844, "y:6": 0.002546072951328657}, "2": {"y:0": 0.08497244239606071, "y:1": 0.36862132934386743, "y:2": 0.4687799324796562, "y:3": 0.4883569540424842, "y:4": 0.4541790222902809, "y:5": 0.12580134766804812, "y:6": 0.013803786946529114}, "3": {"y:0": 0.15885368005201497, "y:1": 0.522934398041524, "y:2": 0.6515915022786348, "y:3": 0.6846155251402721, "y:4": 0.6454626312199866, "y:5": 0.19969009221653392, "y:6": 0.02786395183291607}, "4": {"y:0": 0.3604744105497352, "y:1": 0.703464287884398, "y:2": 0.7733939473478272, "y:3": 0.7928471308070606, "y:4": 0.7532975565393335, "y:5": 0.3398028604215307, "y:6": 0.06465837225303595}, "5": {"y:0": 0.6093190768208105, "y:1": 0.9739134679513238, "y:2": 1.050071051434032, "y:3": 1.0849880358481756, "y:4": 0.899484271926303, "y:5": 0.4325195318896164, "y:6": 0.10659970386556222}, "6": {"y:0": 0.9339538590805854, "y:1": 1.2493593232231064, "y:2": 1.3466835187488966, "y:3": 1.3823890318872551, "y:4": 1.2669658342222714, "y:5": 0.6874335571676257, "y:6": 0.19352802211186626}, "7": {"y:0": 1.3305593310413093, "y:1": 1.8589611991664947, "y:2": 1.9053971062106172, "y:3": 2.0782954290525657, "y:4": 1.8503597971928007, "y:5": 0.8791857845156863, "y:6": 0.23738838355565375}, "8": {"y:0": 1.7223241749075646, "y:1": 2.554671683050482, "y:2": 2.782228507024609, "y:3": 2.935537152280518, "y:4": 2.5289723621670395, "y:5": 1.1971849256407054, "y:6": 0.34383385251252135}, "9": {"y:0": 2.3810328620041954, "y:1": 3.815055537256014, "y:2": 4.0462924009368555, "y:3": 4.243235757545361, "y:4": 3.284262261463406, "y:5": 1.4745851370792005, "y:6": 0.42414937553624377}, "10": {"y:0": 2.545541647854402, "y:1": 4.595772039807005, "y:2": 5.149178461159638, "y:3": 5.006799585158765, "y:4": 3.953202410042042, "y:5": 1.925300024790279, "y:6": 0.5168693658607986}, "11": {"y:0": 2.179329332139372, "y:1": 4.589139461593512, "y:2": 5.5580197881966384, "y:3": 5.21045133370669, "y:4": 4.066985929143767, "y:5": 2.0515406970058696, "y:6": 0.4684604988236806}, "12": {"y:0": 1.7390911716280932, "y:1": 4.338910124758087, "y:2": 5.6632698185252845, "y:3": 5.239318554378456, "y:4": 4.292725129330735, "y:5": 2.28848657179727, "y:6": 0.5523268829634173}, "13": {"y:0": 1.8072137313103636, "y:1": 4.916625520789701, "y:2": 6.6826824465176875, "y:3": 7.081979666702273, "y:4": 5.089614272684496, "y:5": 2.639381428738921, "y:6": 0.6206489889758731}, "14": {"y:0": 1.8099526634131848, "y:1": 5.957885056531169, "y:2": 8.411013736732881, "y:3": 9.129398277478838, "y:4": 6.2213383238255355, "y:5": 3.474666590122367, "y:6": 0.8606486874685719}, "15": {"y:0": 1.9617220427590325, "y:1": 6.962862533865652, "y:2": 10.060670628071351, "y:3": 12.189090576710415, "y:4": 7.677344961871862, "y:5": 4.3124763622151505, "y:6": 0.9728122628829654}, "16": {"y:0": 2.0512968457450715, "y:1": 8.58835186224401, "y:2": 12.21021023187588, "y:3": 14.22019880276828, "y:4": 9.634797245494472, "y:5": 5.638455717969106, "y:6": 1.261540033331656}, "17": {"y:0": 2.339222210285739, "y:1": 10.410457841247442, "y:2": 14.935465170545479, "y:3": 18.445616493165637, "y:4": 11.739633466678612, "y:5": 6.723271791927236, "y:6": 1.4910507922378793}, "18": {"y:0": 2.5020461589586285, "y:1": 12.689202570918875, "y:2": 18.34147716234954, "y:3": 22.955810820495824, "y:4": 15.081398775530683, "y:5": 9.037637077274377, "y:6": 2.010038469298205}, "19": {"y:0": 2.9311402132086863, "y:1": 15.742260207507599, "y:2": 23.210493231488652, "y:3": 28.245175394310476, "y:4": 18.556527185924256, "y:5": 10.560215807950113, "y:6": 2.099204416556835}, "20": {"y:0": 3.2961821056495517, "y:1": 17.82090759027033, "y:2": 26.06395896443135, "y:3": 35.240818417952646, "y:4": 23.911038828624235, "y:5": 12.45799846041425, "y:6": 2.552000995077656}, "21": {"y:0": 3.5184919285328293, "y:1": 21.557098326353547, "y:2": 33.39678371884288, "y:3": 44.09622376272621, "y:4": 26.730610433756944, "y:5": 14.301460871518872, "y:6": 2.9127822589748096}, "22": {"y:0": 3.8895525371262987, "y:1": 23.199587859464522, "y:2": 37.31109489389168, "y:3": 45.20279085450452, "y:4": 33.16146838331928, "y:5": 17.07690979268957, "y:6": 3.3639575366862178}, "23": {"y:0": 4.381431306223307, "y:1": 26.576851007638304, "y:2": 45.655258139592355, "y:3": 59.02973388119485, "y:4": 35.442437412848705, "y:5": 16.426412831962818, "y:6": 3.7810192479346183}, "24": {"y:0": 4.9477840920492175, "y:1": 28.023589572138285, "y:2": 48.85359418649511, "y:3": 61.16787809770611, "y:4": 44.47105389081187, "y:5": 20.247945280459295, "y:6": 4.148574351647088}, "25": {"y:0": 5.272157002517817, "y:1": 29.647502845192637, "y:2": 55.986090863497914, "y:3": 67.7036962697948, "y:4": 43.48487676514107, "y:5": 21.051615988459787, "y:6": 4.923864228511407}, "26": {"y:0": 5.905393618946041, "y:1": 30.91883879760169, "y:2": 55.21876887187737, "y:3": 65.5075415662876, "y:4": 45.49514494150855, "y:5": 22.335910621511104, "y:6": 4.83024993098114}, "27": {"y:0": 6.36719083468992, "y:1": 31.36177611830821, "y:2": 58.29879264828888, "y:3": 68.63151555562168, "y:4": 46.577126114907514, "y:5": 24.154243331794426, "y:6": 5.422648548165543}}