{"0": {"y:0": 0.0074973285542718525, "y:1": 0.10209325313673648, "y:2": 0.197215524007687, "y:3": 0.20190497964127635, "y:4": 0.12254738242588666, "y:5": 0.020890351359691698, "y:6": 0.0011928566314162112}, "1": {"y:0": 0.006804281118810619, "y:1": 0.09545940987707088, "y:2": 0.19620712400263982, "y:3": 0.1995987810207169, "y:4": 0.12057006463704587, "y:5": 0.020361275055778057, "y:6": 0.001118660268155672}, "2": {"y:0": 0.05446751014776629, "y:1": 0.1928968665742575, "y:2": 0.2332523501095265, "y:3": 0.23483161132817712, "y:4": 0.1646745958651937, "y:5": 0.048574771475272616, "y:6": 0.00663236164418458}, "3": {"y:0": 0.0935576090586504, "y:1": 0.2963052907036825, "y:2": 0.3738757091355867, "y:3": 0.39037919071492627, "y:4": 0.25080587663551385, "y:5": 0.06603227524298805, "y:6": 0.010396433519129618}, "4": {"y:0": 0.2294782449862213, "y:1": 0.3845715813529886, "y:2": 0.42000666120103564, "y:3": 0.42806139269612814, "y:4": 0.315098146440898, "y:5": 0.11067328949060655, "y:6": 0.02729933946877089}, "5": {"y:0": 0.18044463551119688, "y:1": 0.5251678370742715, "y:2": 0.556758242915555, "y:3": 0.5808823703033894, "y:4": 0.41606529837235523, "y:5": 0.12343861074862357, "y:6": 0.02179155034883011}, "6": {"y:0": 0.40724472376298837, "y:1": 0.7004831766541465, "y:2": 0.7349597939160275, "y:3": 0.7442890059365939, "y:4": 0.6256642525420805, "y:5": 0.27370750417205153, "y:6": 0.06987811843808313}, "7": {"y:0": 0.3052839251493319, "y:1": 1.0237541213206804, "y:2": 1.0820942760570853, "y:3": 1.1933622531624524, "y:4": 0.9645296992147994, "y:5": 0.2877718074235011, "y:6": 0.052486950170996007}, "8": {"y:0": 0.4087582135028395, "y:1": 1.2667500341728781, "y:2": 1.397238262721687, "y:3": 1.4261205714284062, "y:4": 1.2356631417535127, "y:5": 0.5275895360934341, "y:6": 0.1364804092882625}, "9": {"y:0": 0.3976393025560043, "y:1": 2.0771896070799145, "y:2": 2.4108705556777843, "y:3": 2.5253507764827527, "y:4": 1.7048539877947397, "y:5": 0.6513805320407383, "y:6": 0.17198096888432962}, "10": {"y:0": 0.39706651710009294, "y:1": 2.585473088849923, "y:2": 3.044892348978355, "y:3": 2.9813856352953825, "y:4": 2.1604618894658696, "y:5": 0.9541075849981194, "y:6": 0.27796642655280857}, "11": {"y:0": 0.3923404001499973, "y:1": 3.227071665409116, "y:2": 4.390051770899859, "y:3": 3.9161540177874237, "y:4": 2.5766860866883485, "y:5": 1.2235391914543858, "y:6": 0.36172551511468576}, "12": {"y:0": 0.39349678946514344, "y:1": 3.5886713203577605, "y:2": 5.551377119666874, "y:3": 4.787142263256448, "y:4": 3.2269008609507415, "y:5": 1.6069190791162176, "y:6": 0.5370089053360083}, "13": {"y:0": 0.391149541875419, "y:1": 3.9365157934083257, "y:2": 6.825817864540572, "y:3": 5.643725795181591, "y:4": 4.14773543345894, "y:5": 1.9710150727116977, "y:6": 0.677460263706738}, "14": {"y:0": 0.3896438846582405, "y:1": 3.97860514301956, "y:2": 7.775044588072647, "y:3": 6.254861528053642, "y:4": 5.309535348192634, "y:5": 2.690860986681592, "y:6": 0.9177571382453206}, "15": {"y:0": 0.38809801417526896, "y:1": 4.165851156322204, "y:2": 9.900724168338634, "y:3": 7.200404869641834, "y:4": 5.95652933007575, "y:5": 3.012231921485627, "y:6": 1.061555939849131}, "16": {"y:0": 0.3873518687782218, "y:1": 4.051536719347491, "y:2": 11.100813670051803, "y:3": 8.243433532351403, "y:4": 7.438635177953963, "y:5": 3.6722505226127917, "y:6": 1.3984200810347984}, "17": {"y:0": 0.39372879790442206, "y:1": 4.3917332765255885, "y:2": 12.440866565776371, "y:3": 10.160791051948966, "y:4": 8.180232016194934, "y:5": 4.445950847286925, "y:6": 1.4492688327519514}, "18": {"y:0": 0.39633250365251005, "y:1": 4.945147084821072, "y:2": 13.991239208941195, "y:3": 11.575041222684048, "y:4": 9.9089322390191, "y:5": 5.578717999807658, "y:6": 1.7861731326401997}, "19": {"y:0": 0.40508323996270335, "y:1": 5.574340540136929, "y:2": 16.437566638554443, "y:3": 15.700713931911285, "y:4": 12.182834439789891, "y:5": 6.6962308877408665, "y:6": 1.8784626624961072}, "20": {"y:0": 0.4103861742465533, "y:1": 6.255047667700534, "y:2": 18.666844217254425, "y:3": 16.937155758506986, "y:4": 14.151461129526734, "y:5": 8.299111070584933, "y:6": 2.19168431425645}, "21": {"y:0": 0.41610724668491594, "y:1": 7.72535639623743, "y:2": 24.086317611124297, "y:3": 21.034050239714777, "y:4": 15.486753902858897, "y:5": 9.434705769356375, "y:6": 2.2529751777738554}, "22": {"y:0": 0.42074586121792534, "y:1": 8.74978453269222, "y:2": 26.202540792343594, "y:3": 23.090100664442463, "y:4": 17.68614007740071, "y:5": 10.720519119099428, "y:6": 2.736747965557504}, "23": {"y:0": 0.42274170619693974, "y:1": 11.234178307678349, "y:2": 30.820281182725196, "y:3": 27.668262932414972, "y:4": 19.21847420139811, "y:5": 11.142109871085815, "y:6": 2.9998824084262115}, "24": {"y:0": 0.4278436622004632, "y:1": 12.848302704502727, "y:2": 34.05832122847053, "y:3": 30.00373632124209, "y:4": 20.8862004564739, "y:5": 11.783393461683794, "y:6": 3.6594635488516807}, "25": {"y:0": 0.4354479622600806, "y:1": 13.660505848873663, "y:2": 26.186546350697185, "y:3": 26.968051250528482, "y:4": 19.923733662087475, "y:5": 12.499911503323151, "y:6": 3.421685172162553}, "26": {"y:0": 0.43519251105637335, "y:1": 18.99290105334659, "y:2": 42.026162956847216, "y:3": 34.2343215215702, "y:4": 21.153741668367974, "y:5": 12.282122699148918, "y:6": 4.724626369456663}, "27": {"y:0": 0.4400526744523153, "y:1": 23.740801367764266, "y:2": 41.981885241721535, "y:3": 35.024199981729645, "y:4": 23.573875607998403, "y:5": 13.870968085639387, "y:6": 5.2988127514379295}, "28": {"y:0": 0.4402164356742012, "y:1": 29.884406310150162, "y:2": 46.633636170123985, "y:3": 37.36783423235382, "y:4": 22.724622018614248, "y:5": 14.103186129924152, "y:6": 6.118866194605085}, "29": {"y:0": 0.44156898953993856, "y:1": 34.23519832084626, "y:2": 44.46214669722268, "y:3": 34.49543765622285, "y:4": 21.792733801332712, "y:5": 13.751320824914721, "y:6": 6.309145759926089}}