{"2": {"s1": 1.9833830348100543, "s2": 0.016616965189945695}}