{"0": {"y:0": 0.11166546842842422, "y:1": 0.03265018083869726, "y:2": 0.12979246165097075, "y:3": 0.025097557071196066, "y:4": 0.11651183473520743, "y:5": 0.01873813473160446, "y:6": 0.12548770703174367, "y:7": 0.01583980724286608, "y:8": 0.13922699180484716, "y:9": 0.0163624314529734, "y:10": 0.1529500208784096, "y:11": 0.018029565461985888, "y:12": 0.13561570370908513, "y:13": 0.01856380038314328, "y:14": 0.13511651965079163, "y:15": 0.020719673956546916, "y:16": 0.16971127600321712, "y:17": 0.02352043931150882, "y:18": 0.12850894502802648, "y:19": 0.024466101189921735, "y:20": 0.1496469161314153, "y:21": 0.027137547156843803, "y:22": 0.13739430950372705, "y:23": 0.02720405784084563, "y:24": 0.13328183562283905, "y:25": 0.030737444491801293, "y:26": 0.14283684984252817, "y:27": 0.033833707386805786, "y:28": 0.11201837465113372, "y:29": 0.03460133733537215}}