{"0": {"y:0": 0.11536575705874914, "y:1": 0.02510042914877787, "y:2": 0.12590697106497512, "y:3": 0.01725679841762591, "y:4": 0.13666062265720413, "y:5": 0.015716947907359044, "y:6": 0.13284851132489958, "y:7": 0.017973847749347554, "y:8": 0.15598247302216658, "y:9": 0.020424345955450337, "y:10": 0.12569582139809982, "y:11": 0.024853681223818744, "y:12": 0.14013940201638245, "y:13": 0.030650193739040054, "y:14": 0.13812700993774338, "y:15": 0.034484352470488006, "y:16": 0.14910665778728904, "y:17": 0.04453787562542622, "y:18": 0.13514435734179586, "y:19": 0.04335697003641127, "y:20": 0.12348208353539045, "y:21": 0.04290574048028186, "y:22": 0.16639361059672259, "y:23": 0.04471842504919864, "y:24": 0.14187493033305973, "y:25": 0.0584706501435054, "y:26": 0.12606973374650335, "y:27": 0.06263703567261109, "y:28": 0.13008387565319374, "y:29": 0.056836874614737354, "y:30": 0.1455961839462458, "y:31": 0.05485231864474675}, "1": {"y:0": 0.13092746606518818, "y:1": 0.031314458539715984, "y:2": 0.1261150318762604, "y:3": 0.020790255848890295, "y:4": 0.13469052785785213, "y:5": 0.017525062439765808, "y:6": 0.13918817536256317, "y:7": 0.015585646975525485, "y:8": 0.14247310445151365, "y:9": 0.014911448054998585, "y:10": 0.1291709240221246, "y:11": 0.01621065374943999, "y:12": 0.12601325488594084, "y:13": 0.020252133681005462, "y:14": 0.12966444046358785, "y:15": 0.02244869964694497, "y:16": 0.14106629785161118, "y:17": 0.022559187776797072, "y:18": 0.1394086753561144, "y:19": 0.027388614676435767, "y:20": 0.14960980321952916, "y:21": 0.030315279327590944, "y:22": 0.1369525070114585, "y:23": 0.028986498458771756, "y:24": 0.13678013274927717, "y:25": 0.031271864123083214, "y:26": 0.1401631773767187, "y:27": 0.03366077245740916, "y:28": 0.14336153319174064, "y:29": 0.033325207696848845, "y:30": 0.11927403595262044, "y:31": 0.03634850527410074}, "2": {"y:0": 0.12615414700808558, "y:1": 0.06870267369227195, "y:2": 0.13520430563617503, "y:3": 0.05323719884965114, "y:4": 0.1287730715547494, "y:5": 0.04428396998338396, "y:6": 0.1368986548267058, "y:7": 0.037107025178318195, "y:8": 0.1381272213598457, "y:9": 0.03256885573778956, "y:10": 0.118444831362204, "y:11": 0.029514323481983313, "y:12": 0.12787136960425136, "y:13": 0.027904558637068613, "y:14": 0.13654774350326723, "y:15": 0.028198428772206643, "y:16": 0.134932227844194, "y:17": 0.02410439229338528, "y:18": 0.12203644602069631, "y:19": 0.02494205817133707, "y:20": 0.1387627261766099, "y:21": 0.02057735875284001, "y:22": 0.13532724843053723, "y:23": 0.0211614790659582, "y:24": 0.1304741845208878, "y:25": 0.0202723299670198, "y:26": 0.13824244182442902, "y:27": 0.019793730422698746, "y:28": 0.1253218048848096, "y:29": 0.018623936891322745, "y:30": 0.13099014189306205, "y:31": 0.018982041050104013}, "3": {"y:0": 0.09085231785870547, "y:1": 0.03581526092605623, "y:2": 0.10123543797243709, "y:3": 0.029097363894049478, "y:4": 0.11764886807394827, "y:5": 0.023536828527710243, "y:6": 0.11055427450931024, "y:7": 0.021373962018625525, "y:8": 0.1163271919581497, "y:9": 0.01809546634139041, "y:10": 0.11088103197227733, "y:11": 0.016819894556857933, "y:12": 0.10962187926567853, "y:13": 0.015517805561782713, "y:14": 0.11351903139833905, "y:15": 0.015551420395938736, "y:16": 0.11208617103205874, "y:17": 0.015350820768155783, "y:18": 0.11244104937255647, "y:19": 0.01620015608849848, "y:20": 0.10500601869892587, "y:21": 0.0170194669724367, "y:22": 0.1175058130801006, "y:23": 0.01784882152524059, "y:24": 0.11626851102584791, "y:25": 0.01837572199382548, "y:26": 0.11432484170931037, "y:27": 0.019190176750244498, "y:28": 0.10359415883036868, "y:29": 0.02106933030555812, "y:30": 0.10775813517745882, "y:31": 0.021294615957659635}, "4": {"y:0": 0.07251075716827998, "y:1": 0.025281061783830383, "y:2": 0.08861023314082657, "y:3": 0.01856435070241034, "y:4": 0.09666583010324235, "y:5": 0.01632979621943763, "y:6": 0.10464045278149847, "y:7": 0.014908602318419319, "y:8": 0.10750486311129094, "y:9": 0.014624236025318592, "y:10": 0.10771947341898731, "y:11": 0.015244860941206747, "y:12": 0.09179276561071943, "y:13": 0.01628399680882086, "y:14": 0.09887337455892502, "y:15": 0.017638710705874115, "y:16": 0.09318081724873453, "y:17": 0.019387231758124665, "y:18": 0.09787670538810923, "y:19": 0.02071761431135786, "y:20": 0.09237305057173964, "y:21": 0.022726668840417203, "y:22": 0.09895090914746334, "y:23": 0.023778341351301597, "y:24": 0.08898849963022165, "y:25": 0.025580675171409387, "y:26": 0.09120667748226838, "y:27": 0.028665242946264626, "y:28": 0.0957589949783313, "y:29": 0.030247820970127973, "y:30": 0.09427031503100965, "y:31": 0.031215545813674302}, "5": {"y:0": 0.06641469733289207, "y:1": 0.03599884538587303, "y:2": 0.054703311506156, "y:3": 0.05603184518932784, "y:4": 0.05530857994122423, "y:5": 0.06303048604264225, "y:6": 0.05687147392729435, "y:7": 0.06962266487648601, "y:8": 0.04827342746626442, "y:9": 0.07841173646677953, "y:10": 0.04706549727090402, "y:11": 0.07576736634813178, "y:12": 0.04506582032242927, "y:13": 0.08501078521712678, "y:14": 0.04229975375138987, "y:15": 0.0766435076831014, "y:16": 0.04535627381859748, "y:17": 0.08501817861843694, "y:18": 0.03847689316824304, "y:19": 0.08961654945799585, "y:20": 0.03713507579771923, "y:21": 0.0860152377264511, "y:22": 0.03434976771975199, "y:23": 0.08916025430203017, "y:24": 0.03730851991353333, "y:25": 0.08872521632905692, "y:26": 0.03546854296220676, "y:27": 0.09428008271684492, "y:28": 0.03330646618948693, "y:29": 0.11011462032646499, "y:30": 0.031568282573904774, "y:31": 0.10003179977847503}, "6": {"y:0": 0.08008031775621485, "y:1": 0.04784884440374068, "y:2": 0.07262094474314583, "y:3": 0.06806228555292078, "y:4": 0.05970062959514272, "y:5": 0.07425334991075405, "y:6": 0.055534416686445584, "y:7": 0.07679430617858292, "y:8": 0.05269423628548489, "y:9": 0.08961089436992943, "y:10": 0.04901188322666475, "y:11": 0.088518108557793, "y:12": 0.0460760537671155, "y:13": 0.10021340717695056, "y:14": 0.04278239709222579, "y:15": 0.09673232690081653, "y:16": 0.040453744411392586, "y:17": 0.09403091853561875, "y:18": 0.0391947801488046, "y:19": 0.09718398188357202, "y:20": 0.03620946012582085, "y:21": 0.10973818419362408, "y:22": 0.03479646016646536, "y:23": 0.10747615618989152, "y:24": 0.03274196993283112, "y:25": 0.10559481960336953, "y:26": 0.031457852798477764, "y:27": 0.09890903384856667, "y:28": 0.029275751071180085, "y:29": 0.09943604169400393, "y:30": 0.02837492035444152, "y:31": 0.10821511122267062}, "7": {"y:0": 0.0627951707537406, "y:1": 0.017073708150355582, "y:2": 0.053381114321349205, "y:3": 0.018211370266460938, "y:4": 0.04692017656485971, "y:5": 0.02102076016379858, "y:6": 0.0471865516831024, "y:7": 0.02547446007605513, "y:8": 0.043604478433983955, "y:9": 0.027867433122603043, "y:10": 0.04188574557206557, "y:11": 0.031494254074655836, "y:12": 0.038511628767973816, "y:13": 0.03690951584311236, "y:14": 0.03610905290221679, "y:15": 0.037904232690151675, "y:16": 0.03333915312723158, "y:17": 0.042035668084465794, "y:18": 0.03193878964824463, "y:19": 0.0442238075881567, "y:20": 0.031350319458312625, "y:21": 0.044508114211735554, "y:22": 0.030825897918849706, "y:23": 0.046457130833811575, "y:24": 0.03019574053304992, "y:25": 0.047978045356674236, "y:26": 0.03118510479297135, "y:27": 0.0509277580267252, "y:28": 0.030106611215398767, "y:29": 0.05531697866428058, "y:30": 0.030752098378164252, "y:31": 0.05994178778412157}, "8": {"y:0": 0.04168105194457337, "y:1": 0.03107846141374444, "y:2": 0.0319248498685061, "y:3": 0.01813025036668525, "y:4": 0.03579290169337879, "y:5": 0.015187903951107478, "y:6": 0.03936996869350788, "y:7": 0.015112295914587655, "y:8": 0.0425380556317054, "y:9": 0.01570401847617581, "y:10": 0.04104728463037492, "y:11": 0.016356212942044757, "y:12": 0.04027817992791079, "y:13": 0.017252522373581592, "y:14": 0.037854835568323544, "y:15": 0.01809926258812241, "y:16": 0.04022688824290887, "y:17": 0.017525100239016204, "y:18": 0.038994223236851665,