{"0": {"y:0": 0.013626975847510638, "y:1": 0.18835316946535582, "y:2": 0.41460967225683293, "y:3": 0.41561168307025587, "y:4": 0.3595139391650264, "y:5": 0.04127811002176005, "y:6": 0.0019199678699713112}, "1": {"y:0": 0.01935184285150892, "y:1": 0.20323821106459816, "y:2": 0.38316918650991805, "y:3": 0.3943727216680641, "y:4": 0.35946532921881763, "y:5": 0.05734448154821486, "y:6": 0.003016854450046426}, "2": {"y:0": 0.10312603814482967, "y:1": 0.393986796077419, "y:2": 0.4900662823364806, "y:3": 0.49204788119826853, "y:4": 0.43600305144811663, "y:5": 0.1480303795004307, "y:6": 0.0156574752717849}, "3": {"y:0": 0.19884508188774444, "y:1": 0.580215067362946, "y:2": 0.6779369996339264, "y:3": 0.6903122225957434, "y:4": 0.6188716742473711, "y:5": 0.2308130181155636, "y:6": 0.0353755373553304}, "4": {"y:0": 0.4189317983896745, "y:1": 0.7237101332257527, "y:2": 0.7869197012696947, "y:3": 0.8204031227727923, "y:4": 0.7334363192079476, "y:5": 0.33066877554035895, "y:6": 0.07671412499626835}, "5": {"y:0": 0.6480427332879133, "y:1": 1.0028451407918826, "y:2": 1.0984858929868861, "y:3": 1.1119695699972147, "y:4": 0.9793127012653619, "y:5": 0.5018133913752028, "y:6": 0.12615678262776964}, "6": {"y:0": 0.9826925776282618, "y:1": 1.4386327100532545, "y:2": 1.4966717013719333, "y:3": 1.5026832351713149, "y:4": 1.307470658194094, "y:5": 0.6813529897200433, "y:6": 0.2007827905763868}, "7": {"y:0": 1.0394374901638268, "y:1": 1.9961599373756154, "y:2": 2.0457343768514535, "y:3": 2.032502533174604, "y:4": 1.7192361000100163, "y:5": 0.8150421228631524, "y:6": 0.18041896966075158}, "8": {"y:0": 2.0667906951387374, "y:1": 2.9532360213221027, "y:2": 3.0764264641193444, "y:3": 3.210846253837763, "y:4": 2.4966618963876295, "y:5": 1.2999636397900376, "y:6": 0.3807245536174337}, "9": {"y:0": 2.85324351151173, "y:1": 4.443202763302293, "y:2": 4.8751435001685195, "y:3": 4.95254174323809, "y:4": 3.641536255302077, "y:5": 1.576153986815745, "y:6": 0.4839287374723028}, "10": {"y:0": 3.7684322806968313, "y:1": 5.535140881603747, "y:2": 6.332397233799866, "y:3": 6.40233425397354, "y:4": 4.529369128724074, "y:5": 2.0719159952510484, "y:6": 0.7110710725517548}, "11": {"y:0": 5.216453492850816, "y:1": 7.7198414220971445, "y:2": 8.282692774402463, "y:3": 8.435882117916623, "y:4": 5.491930939438252, "y:5": 2.5085640770852273, "y:6": 0.918318061953367}, "12": {"y:0": 6.79552885341584, "y:1": 9.394848690305393, "y:2": 10.674214838839543, "y:3": 11.406713677631437, "y:4": 7.800526612866653, "y:5": 3.647958034264934, "y:6": 1.3120691399375226}, "13": {"y:0": 8.401092888027565, "y:1": 12.345210939711707, "y:2": 13.544853344417467, "y:3": 13.057837110935747, "y:4": 10.07032719469593, "y:5": 4.776866001744087, "y:6": 1.625525897161381}, "14": {"y:0": 9.229953010423136, "y:1": 13.894575716393417, "y:2": 15.520581604153216, "y:3": 12.244038250007124, "y:4": 13.452032803049615, "y:5": 6.416420161210082, "y:6": 1.9835300063775987}, "15": {"y:0": 8.137914818852158, "y:1": 13.390088733731142, "y:2": 16.282347592497594, "y:3": 12.198402360761557, "y:4": 13.116066840479133, "y:5": 6.493172294502203, "y:6": 2.223048834013598}, "16": {"y:0": 7.5001533537887894, "y:1": 12.146569889637759, "y:2": 19.280024014970348, "y:3": 14.7802211247238, "y:4": 14.89505073961628, "y:5": 7.574954634337836, "y:6": 2.769973867055921}, "17": {"y:0": 7.029787194651108, "y:1": 15.028966831881107, "y:2": 20.782124467808025, "y:3": 17.820476022646616, "y:4": 15.786562795235808, "y:5": 8.502816058111199, "y:6": 2.94588725707714}, "18": {"y:0": 7.803230273431006, "y:1": 17.05499698316287, "y:2": 25.593985521194277, "y:3": 22.731401713184773, "y:4": 18.741469315278938, "y:5": 10.274906964815651, "y:6": 3.150958439170938}, "19": {"y:0": 8.964301243514273, "y:1": 21.579751277490793, "y:2": 30.09994228288209, "y:3": 26.472333668688982, "y:4": 21.613093926058426, "y:5": 12.345849761075641, "y:6": 3.5579011185102725}, "20": {"y:0": 10.975137032566153, "y:1": 27.17057476252777, "y:2": 37.83894399219009, "y:3": 35.01553858893656, "y:4": 24.251301851597443, "y:5": 13.652949926388978, "y:6": 4.0369232078822135}, "21": {"y:0": 12.75250018511484, "y:1": 31.24383558555394, "y:2": 41.71859092863731, "y:3": 41.088672666122626, "y:4": 28.44551160376952, "y:5": 16.469548363914246, "y:6": 4.214711561319857}, "22": {"y:0": 14.567808237330928, "y:1": 36.5315640122634, "y:2": 49.57478310594403, "y:3": 46.31035699454826, "y:4": 31.056653396054788, "y:5": 17.331364926557956, "y:6": 4.688000380124936}, "23": {"s_A_0": 1.2382412587635958, "s_B_0": 1.2340663456634786, "s_g_0": 1.1109831727978194, "s_k_0": 1.145034154936374, "s_A_1": 1.196128967908986, "s_B_1": 1.2951837870468264, "s_g_1": 1.1251576552290592, "s_k_1": 1.1582048356123809}, "24": {"s_A_0": 1.3612282890680583, "s_B_0": 1.2903250765009147, "s_g_0": 1.2865023389576573, "s_k_0": 1.2410209952515725, "s_A_1": 1.338258434366595, "s_B_1": 1.3955909603125973, "s_g_1": 1.3026793945114177, "s_k_1": 1.257050853941244}, "25": {"s_A_0": 1.4284465325541391, "s_B_0": 1.5867621964951701, "s_g_0": 1.311010221051711, "s_k_0": 1.6646205396332752, "s_A_1": 1.43368431522694, "s_B_1": 1.9287342526526967, "s_g_1": 1.3764193891338399, "s_k_1": 1.7197738060573655}, "26": {"s_A_0": 1.3062717534788573, "s_B_0": 0.7851234597279847, "s_g_0": 1.7437612428091243, "s_k_0": 1.9436922817453663, "s_A_1": 1.186310255084306, "s_B_1": 1.2660747645654782, "s_g_1": 1.844344191027669, "s_k_1": 2.140096696981934}, "27": {"s_A_0": 1.5983396717332725, "s_B_0": 1.6388427813475588, "s_g_0": 1.4088055483539947, "s_k_0": 2.0006491997101703, "s_A_1": 1.5317696902705396, "s_B_1": 2.168748542234678, "s_g_1": 1.559853713239353, "s_k_1": 2.3532503640672786}, "28": {"s_A_0": 1.493383502647177, "s_B_0": 1.285923238882796, "s_g_0": 2.000719821696759, "s_k_0": 2.582834217779714, "s_A_1": 1.398721351725671, "s_B_1": 1.843108926301082, "s_g_1": 2.1722840325465484, "s_k_1": 2.7866994463075434}, "29": {"s_A_0": 1.568855917396338, "s_B_0": 1.82564032176865, "s_g_0": 1.9148728395768961, "s_k_0": 2.4091975777196732, "s_A_1": 1.4994677201889814, "s_B_1": 2.440648467746103, "s_g_1": 2.053952770351067, "s_k_1": 2.8359613870008444}, "30": {"s_A_0": 1.5601576258309666, "s_B_0": 1.6274243217839892, "s_g_0": 2.510422522193138, "s_k_0": 2.9125099569476562, "s_A_1": 1.4510246116947432, "s_B_1": 2.2407262052086487, "s_g_1": 2.673567208149541, "s_k_1": 3.2196953016754066}, "31": {"s_A_0": 1.5415075373187, "s_B_0": 1.947097956444322, "s_g_0": 2.7476482793639656, "s_k_0": 2.912209377066708, "s_A_1": 1.4613317467793654, "s_B_1": 2.6184876494557665, "s_g_1": 2.72860958309275, "s_k_1": 3.2226320415274254}, "32": {"s_A_0": 1.6327758710649225, "s_B_0": 2.1060381326270505, "s_g_0": 2.997285175276388, "s_k_0": 3.3595073869607415, "s_A_1": 1.5402327155925382, "s_B_1": 2.778909024263365, "s_g_1": 2.9809855553759497, "s_k_1": 3.620908859883015}, "33": {"s_A_0": 1.6953223989199244, "s_B_0": 2.286256925882632, "s_g_0": 3.3233543781205457, "s_k_0": 3.271691418902933, "s_A_1": 1.6501882759451294, "s_B_1": 2.8848528289373245, "s_g_1": 3.2148672933195934, "s_k_1": 3.5243269336311416}, "34": {"s_A_0": 1.5280561711101475, "s_B_0": 2.299128644034459, "s_g_0": 3.3764893342583076, "s_k_0": 3.382766703724421, "s_A_1": 1.4867931247970858, "s_B_1": 2.9597885248679945, "s_g_1": 3.109856252937273, "s_k_1": 3.619267682179819}, "35": {"s_A_0": 1.5734898280273741, "s_B_0": 2.1133500425453438, "s_g_0": 3.529254381072852, "s_k_0": 3.3605743604579073, "s_A_1": 1.563598487451857, "s_B_1": 2.6653289078943083, "s_g_1": 3.3416408925826087, "s_k_1": 3.271002041898768}, "36": {"s_A_0": 1.6302060570969674, "s_B_0": 2.3130563841702916, "s_g_0": 3.6282626690410535, "s_k_0": 3.4124993142566944, "s_A_1": 1.5883636569540065, "s_B_1": 2.894436403084051, "s_g_1": 3.43858466800847, "s_k_1": 3.3733850850697538}}