{"0": {"y:0": 0.12229706150869055, "y:1": 0.03230288058180286, "y:2": 0.1258120333258314, "y:3": 0.022126639334368835, "y:4": 0.12966546387806607, "y:5": 0.017506371717643507, "y:6": 0.1294409046760442, "y:7": 0.015373685455703459, "y:8": 0.11569784057363011, "y:9": 0.015532028330652776, "y:10": 0.13558669785362437, "y:11": 0.016728909385979766, "y:12": 0.12725157496542497, "y:13": 0.018344323734774747, "y:14": 0.1212697047970571, "y:15": 0.020755045312026942, "y:16": 0.11900406737745096, "y:17": 0.02219979840688972, "y:18": 0.129254034569044, "y:19": 0.025333327099011555, "y:20": 0.13152599869557347, "y:21": 0.028961952580628857, "y:22": 0.13141109350504004, "y:23": 0.028547198776976302, "y:24": 0.1375723693511231, "y:25": 0.03622660677656959, "y:26": 0.13479809252807248, "y:27": 0.035699334158284704, "y:28": 0.13582044643946312, "y:29": 0.037078116719398826, "y:30": 0.12994094421765834, "y:31": 0.04063073123866919}, "1": {"y:0": 0.12356528758671431, "y:1": 0.03267672786926696, "y:2": 0.1254999273746131, "y:3": 0.025593005403530524, "y:4": 0.14048134517119581, "y:5": 0.021307653323054832, "y:6": 0.14616776446868524, "y:7": 0.01793118557179079, "y:8": 0.13897886926520484, "y:9": 0.01607695145252288, "y:10": 0.13356434507828827, "y:11": 0.015418537651176867, "y:12": 0.13993611983621082, "y:13": 0.01593468661344913, "y:14": 0.1355534216951317, "y:15": 0.01699805651239962, "y:16": 0.12374460777501782, "y:17": 0.01911960389947723, "y:18": 0.1451852362298671, "y:19": 0.02003743211016247, "y:20": 0.13241073187410912, "y:21": 0.022093073808324672, "y:22": 0.1351740727054771, "y:23": 0.02501592650842139, "y:24": 0.14327769938014656, "y:25": 0.02691014437942978, "y:26": 0.1426610872540898, "y:27": 0.029966158758956946, "y:28": 0.13806817977581576, "y:29": 0.030910354433250357, "y:30": 0.12953928621544303, "y:31": 0.031032029818834662}, "2": {"y:0": 0.13278694364807417, "y:1": 0.09708854592299954, "y:2": 0.13797079007671903, "y:3": 0.08794127499609286, "y:4": 0.13764304897991872, "y:5": 0.06687046943042377, "y:6": 0.1497134702436736, "y:7": 0.058012960568738885, "y:8": 0.1388460376498908, "y:9": 0.05521423514121134, "y:10": 0.15459626364620122, "y:11": 0.04671862694610319, "y:12": 0.1464279916936022, "y:13": 0.044134352471523725, "y:14": 0.12968905571674602, "y:15": 0.0429655721800953, "y:16": 0.16717299961666846, "y:17": 0.03813585858478592, "y:18": 0.1503482828125136, "y:19": 0.03569027508296631, "y:20": 0.14707645266419878, "y:21": 0.03282524912986146, "y:22": 0.14419044194592806, "y:23": 0.031952622931703964, "y:24": 0.15785167773073636, "y:25": 0.028734635159758742, "y:26": 0.14624806594887335, "y:27": 0.028828942110918503, "y:28": 0.138808164175956, "y:29": 0.02893457523149075, "y:30": 0.13991787948792506, "y:31": 0.0276420649719911}, "3": {"y:0": 0.1348018477463472, "y:1": 0.10918653200832455, "y:2": 0.13272513596397936, "y:3": 0.09804453517478452, "y:4": 0.13947145303472547, "y:5": 0.08509153106413025, "y:6": 0.14139553202056335, "y:7": 0.07513915505000779, "y:8": 0.1415819070682689, "y:9": 0.06858601336914766, "y:10": 0.14103889490412075, "y:11": 0.05819015860218435, "y:12": 0.1462674250600046, "y:13": 0.055185355045290894, "y:14": 0.16009872456676083, "y:15": 0.05130235422802375, "y:16": 0.14829236839173426, "y:17": 0.04433190822590211, "y:18": 0.14875246155070782, "y:19": 0.042005599275154376, "y:20": 0.14597174002246024, "y:21": 0.04096028313197587, "y:22": 0.14045390342551367, "y:23": 0.03850297581255422, "y:24": 0.15339594281910443, "y:25": 0.036233057448421424, "y:26": 0.14354516633403516, "y:27": 0.035505030976611354, "y:28": 0.14924313299177328, "y:29": 0.035795289629890384, "y:30": 0.14472513313003432, "y:31": 0.03219434421755107}, "4": {"y:0": 0.13511779525592915, "y:1": 0.11302491076893018, "y:2": 0.1468743541520835, "y:3": 0.10257103566148688, "y:4": 0.1470413253439884, "y:5": 0.09006560316170277, "y:6": 0.13980080678684365, "y:7": 0.08586732665747594, "y:8": 0.146108141376309, "y:9": 0.0731000619633272, "y:10": 0.1397041517905929, "y:11": 0.0662152636534265, "y:12": 0.15493827095379373, "y:13": 0.061676387229893936, "y:14": 0.14198976859078294, "y:15": 0.054830579714463666, "y:16": 0.15268401432193635, "y:17": 0.052674635470390974, "y:18": 0.1431167306086335, "y:19": 0.048574240902449564, "y:20": 0.14952903849903293, "y:21": 0.0481092082353979, "y:22": 0.14896103360773527, "y:23": 0.04582402061543585, "y:24": 0.14825949010153086, "y:25": 0.04191353917056758, "y:26": 0.15336100177207934, "y:27": 0.0413113225217423, "y:28": 0.13905630086934265, "y:29": 0.03986520396593433, "y:30": 0.13815090214751777, "y:31": 0.04055197781068762}, "5": {"y:0": 0.13390883299569628, "y:1": 0.11203450239074968, "y:2": 0.1444813082853783, "y:3": 0.10436462281896783, "y:4": 0.14866838140361843, "y:5": 0.0918107297066938, "y:6": 0.13938827930902148, "y:7": 0.0836828265421477, "y:8": 0.147296307175296, "y:9": 0.07396489583721719, "y:10": 0.14716115711055325, "y:11": 0.0686136323692128, "y:12": 0.14902693062166525, "y:13": 0.061613848017746234, "y:14": 0.14633027666378587, "y:15": 0.05805741684250042, "y:16": 0.15197260451055053, "y:17": 0.05570717067488801, "y:18": 0.14780710983479017, "y:19": 0.05218467908274503, "y:20": 0.14807073583563543, "y:21": 0.04888282732371461, "y:22": 0.15502461005562665, "y:23": 0.04833989124019282, "y:24": 0.15052653574155975, "y:25": 0.04643541834561598, "y:26": 0.1539934936481361, "y:27": 0.04609292172845139, "y:28": 0.14979388728720475, "y:29": 0.044330391161272464, "y:30": 0.15394990466180652, "y:31": 0.04361554211207335}, "6": {"y:0": 0.12340021674918945, "y:1": 0.1073192774528599, "y:2": 0.14168891836981073, "y:3": 0.10022760276201233, "y:4": 0.14443522457333, "y:5": 0.08950430256917083, "y:6": 0.14720530713628846, "y:7": 0.08121243998486884, "y:8": 0.15144608272142981, "y:9": 0.07623703607594502, "y:10": 0.14840438738360137, "y:11": 0.07068608772415964, "y:12": 0.14457020927330524, "y:13": 0.067780087883676, "y:14": 0.1453336813895474, "y:15": 0.06211757862923943, "y:16": 0.14240485572380177, "y:17": 0.061504848713201464, "y:18": 0.14819311696575013, "y:19": 0.0572724588042826, "y:20": 0.14607207963996402, "y:21": 0.0552811635394173, "y:22": 0.14949992340868623, "y:23": 0.05478905691543612, "y:24": 0.14488589537175373, "y:25": 0.05365504370389704, "y:26": 0.14672007214554023, "y:27": 0.05197965346740072, "y:28": 0.1470502366398766, "y:29": 0.05083613461218577, "y:30": 0.1467587415438402, "y:31": 0.048911413600339924}, "7": {"y:0": 0.11763729395990552, "y:1": 0.09307358946580827, "y:2": 0.13365368736840982, "y:3": 0.08564599220019273, "y:4": 0.1395778503371888, "y:5": 0.07792961443009848, "y:6": 0.14163511691791625, "y:7": 0.06741284073300528, "y:8": 0.13800563921865724, "y:9": 0.06111197723440809, "y:10": 0.14002314644651115, "y:11": 0.05698786957788793, "y:12": 0.1429002645776778, "y:13": 0.05233237196094708, "y:14": 0.14206968797495423, "y:15": 0.04938902127997408, "y:16": 0.14378578291042074, "y:17": 0.04582566621579641, "y:18": 0.14392078577498305, "y:19": 0.04404203066876943, "y:20": 0.1437880633359543, "y:21": 0.04203151550516643, "y:22": 0.1422757589182443, "y:23": 0.040944826916779045, "y:24": 0.1435363868413917, "y:25": 0.03937861616933632, "y:26": 0.13866496979388945, "y:27": 0.038191038934860644, "y:28": 0.14102577856492873, "y:29": 0.03828610265968362, "y:30": 0.1417795686175269, "y:31": 0.037364360350159595}, "8": {"y:0": 0.09826052109544446, "y:1": 0.07700654306829875, "y:2": 0.11772393863532664, "y:3": 0.07119907030938863, "y:4": 0.12532886917389505, "y:5": 0.06262678034265547, "y:6": 0.12757383093916908, "y:7": 0.055850895802591394, "y:8": 0.12973866206920917, "y:9": 0.05088429482483764, "y:10": 0.13038967126626078, "y:11": 0.047334960099166275, "y:12": 0.13148497730638148, "y:13": 0.04390969908192374, "y:14": 0.1312478763205358, "y:15": 0.04132805063471525, "y:16": 0.1320966623604653, "y:17": 0.039832347710568, "y:18": 0.1339018628345138, "y:19": 0.03770298500633917, "y:20": 0.13353983779688838,