{"0": {"y:0": 72.98827170062185, "y:1": 5.933243803740582, "y:2": 4.4968083700388615, "y:3": 3.8508757776496982, "y:4": 3.6270410077409103, "y:5": 3.4071750615142804, "y:6": 3.244375204219669, "y:7": 3.3006602142447665, "y:8": 3.0953165770601334, "y:9": 3.0237134516979998}}