{"0": {"y:0": 77.9238030819903, "y:1": 5.987954245073384, "y:2": 4.585824520688893, "y:3": 3.9976185332475658, "y:4": 3.745448607729098, "y:5": 3.3041677787694392, "y:6": 3.1717346240397757, "y:7": 2.9801196603778446, "y:8": 2.99804659682417, "y:9": 2.9159040920507144}}