{"0": {"y:0": 0.3898056511943349, "y:1": 0.38546775085485013, "y:2": 0.3830083672678552, "y:3": 0.3894080928888932, "y:4": 0.3840877070959845, "y:5": 0.3857846817093434, "y:6": 0.38840964088108165, "y:7": 0.38754510138093806, "y:8": 0.3895714348237258, "y:9": 0.38988893043930756}}