{"0": {"y:0": 0.1330726663910398, "y:1": 0.024736384604251985, "y:2": 0.12635510359846275, "y:3": 0.016446938287641183, "y:4": 0.12382605988380418, "y:5": 0.014102022038018622, "y:6": 0.15724804026821634, "y:7": 0.016399421019464365, "y:8": 0.1127965977122858, "y:9": 0.018548282990299977, "y:10": 0.12665718047546587, "y:11": 0.023140896973193506, "y:12": 0.16534526367491326, "y:13": 0.02548091343238183, "y:14": 0.16099287978560176, "y:15": 0.0274975979253056, "y:16": 0.1346694427546653, "y:17": 0.032805134298367046, "y:18": 0.14402077674070085, "y:19": 0.03971752153868694, "y:20": 0.1293283291151351, "y:21": 0.04748651180304261, "y:22": 0.14012012468600415, "y:23": 0.04460990806473208, "y:24": 0.1456234994556817, "y:25": 0.04442852757287065, "y:26": 0.1376115511857618, "y:27": 0.04111299703414181, "y:28": 0.1329104933891097, "y:29": 0.05762101435890211, "y:30": 0.14650523857125738, "y:31": 0.06951876009097029}, "1": {"y:0": 0.12023110260924101, "y:1": 0.02350926653946588, "y:2": 0.11950970603170433, "y:3": 0.01663152927197631, "y:4": 0.12626964656798134, "y:5": 0.01489444924594051, "y:6": 0.13447985740352245, "y:7": 0.01676043265293827, "y:8": 0.12589703386223638, "y:9": 0.02057619997619614, "y:10": 0.11297865280133297, "y:11": 0.02322124465850851, "y:12": 0.12115826237453477, "y:13": 0.025028219271169407, "y:14": 0.13409465515949612, "y:15": 0.03108800879341923, "y:16": 0.13703723499537895, "y:17": 0.03543528165373043, "y:18": 0.1260805135201824, "y:19": 0.038920004336326364, "y:20": 0.12996583328535571, "y:21": 0.04295195244780935, "y:22": 0.11787454378099979, "y:23": 0.043816158568890734, "y:24": 0.10758172759045595, "y:25": 0.04567335430016712, "y:26": 0.12099199544599866, "y:27": 0.04787657633336167, "y:28": 0.12202453961938707, "y:29": 0.05586778483140809, "y:30": 0.12851200799272386, "y:31": 0.051422758472267245}, "2": {"y:0": 0.11470258488019398, "y:1": 0.07206667886005684, "y:2": 0.12058311893169626, "y:3": 0.06388124760825137, "y:4": 0.12293227913218711, "y:5": 0.05249664055879826, "y:6": 0.133610223380034, "y:7": 0.043047662850072985, "y:8": 0.13133256532469215, "y:9": 0.03835195022516373, "y:10": 0.13866995305213167, "y:11": 0.03503621770872075, "y:12": 0.15037762126733092, "y:13": 0.03431346792935847, "y:14": 0.1364776505241738, "y:15": 0.02987446924510366, "y:16": 0.13627669707940027, "y:17": 0.027308180350878557, "y:18": 0.12643929100091197, "y:19": 0.02504998484614637, "y:20": 0.1426037015658393, "y:21": 0.025309808232206656, "y:22": 0.12505644351389703, "y:23": 0.024944261665693905, "y:24": 0.1336091031293621, "y:25": 0.024102057756007877, "y:26": 0.11595354169811792, "y:27": 0.022148135746900208, "y:28": 0.13230783617076539, "y:29": 0.0227745307269319, "y:30": 0.12969319983734556, "y:31": 0.021281754662180914}, "3": {"y:0": 0.1098829504913651, "y:1": 0.11480929392280911, "y:2": 0.14299783396999355, "y:3": 0.1019584900647539, "y:4": 0.14884094474301282, "y:5": 0.10099222442462419, "y:6": 0.1425041421590923, "y:7": 0.07980019313508199, "y:8": 0.13948730503002463, "y:9": 0.08054422659795, "y:10": 0.1455194463437787, "y:11": 0.07404672904194406, "y:12": 0.14080640678646245, "y:13": 0.08049463772564008, "y:14": 0.14439072812960474, "y:15": 0.06865312991994461, "y:16": 0.1396506812195434, "y:17": 0.05824536702503696, "y:18": 0.14710461574282835, "y:19": 0.05594456507512177, "y:20": 0.14820048506210753, "y:21": 0.05212344541207739, "y:22": 0.1330344044598587, "y:23": 0.05013263250544714, "y:24": 0.14375224200668055, "y:25": 0.046300298709313376, "y:26": 0.15419449484560868, "y:27": 0.046057748188326565, "y:28": 0.14319539809203824, "y:29": 0.043220505626555855, "y:30": 0.149544862971218, "y:31": 0.042442457079153006}, "4": {"y:0": 0.1207580867919515, "y:1": 0.10306675028024377, "y:2": 0.13854995391914945, "y:3": 0.10802824616892703, "y:4": 0.14595088627954433, "y:5": 0.098931082841204, "y:6": 0.1396545675115145, "y:7": 0.09350669336579365, "y:8": 0.14424157977353422, "y:9": 0.09097879611307712, "y:10": 0.14179728483951445, "y:11": 0.0904773378081789, "y:12": 0.1644021454703471, "y:13": 0.08935434333888834, "y:14": 0.15170736692059625, "y:15": 0.08011202316909931, "y:16": 0.15615274741079907, "y:17": 0.08129033721608854, "y:18": 0.14008291995749358, "y:19": 0.07469281011383569, "y:20": 0.15592400382301833, "y:21": 0.07797004906338799, "y:22": 0.15003275219566561, "y:23": 0.07033272065483888, "y:24": 0.15486104075082385, "y:25": 0.06600134774699923, "y:26": 0.15450893112776445, "y:27": 0.06136894800849101, "y:28": 0.15422236472694165, "y:29": 0.06038045113664099, "y:30": 0.1511634779850715, "y:31": 0.05781879855619616}, "5": {"y:0": 0.1167715956354494, "y:1": 0.07661713101019173, "y:2": 0.13170011560033387, "y:3": 0.0659040143825828, "y:4": 0.13459049288346553, "y:5": 0.06323461910967051, "y:6": 0.13901503213314415, "y:7": 0.06217739061539943, "y:8": 0.13568882436111518, "y:9": 0.06209375150318336, "y:10": 0.156247970397003, "y:11": 0.05644562645398296, "y:12": 0.13121644455160666, "y:13": 0.05787652095673894, "y:14": 0.14504250590769066, "y:15": 0.051765702346491485, "y:16": 0.13432791786428022, "y:17": 0.05090948200859107, "y:18": 0.14439835262830103, "y:19": 0.04814684592992087, "y:20": 0.1503399828929536, "y:21": 0.04855849640438835, "y:22": 0.14639416755396037, "y:23": 0.04629071130807486, "y:24": 0.1374074247092341, "y:25": 0.04315425053005603, "y:26": 0.1352987274702932, "y:27": 0.04328498051201674, "y:28": 0.13341001642899591, "y:29": 0.04024254063319682, "y:30": 0.1391750928872249, "y:31": 0.04017592990581741}, "6": {"y:0": 0.11175957134358819, "y:1": 0.08171266445528168, "y:2": 0.13219722590691327, "y:3": 0.07342190737999026, "y:4": 0.13567844372679724, "y:5": 0.07030011487798299, "y:6": 0.1415570307237826, "y:7": 0.07452379916576987, "y:8": 0.1441484845227995, "y:9": 0.0717418749872183, "y:10": 0.13658383224152254, "y:11": 0.06941311154435811, "y:12": 0.14483001553537073, "y:13": 0.06878999402757889, "y:14": 0.1565339919744161, "y:15": 0.0686065438728692, "y:16": 0.15284989184356995, "y:17": 0.06838171914166334, "y:18": 0.14272668965206595, "y:19": 0.06520412900935739, "y:20": 0.15109804075989272, "y:21": 0.06306285107894187, "y:22": 0.1381249639412274, "y:23": 0.06549359284624734, "y:24": 0.15257416956684028, "y:25": 0.06024562686765654, "y:26": 0.13830740373982994, "y:27": 0.059182085792565634, "y:28": 0.1393334423221124, "y:29": 0.05756756776323119, "y:30": 0.14834487924954676, "y:31": 0.05884486754733371}, "7": {"y:0": 0.0995526824976054, "y:1": 0.07727185450435854, "y:2": 0.12266518990808711, "y:3": 0.06380695634665841, "y:4": 0.13568774328134708, "y:5": 0.05866393041821598, "y:6": 0.1344659188071403, "y:7": 0.0594783124773987, "y:8": 0.1395384239303599, "y:9": 0.05648805557368018, "y:10": 0.13802259926742408, "y:11": 0.053376595085011115, "y:12": 0.1349015985912827, "y:13": 0.04986997681481793, "y:14": 0.13920795497560154, "y:15": 0.04972166209312052, "y:16": 0.14044638378074253, "y:17": 0.04604740537757594, "y:18": 0.1414248278397892, "y:19": 0.046271713828048185, "y:20": 0.14539834725824125, "y:21": 0.046303505218934865, "y:22": 0.14469296799261336, "y:23": 0.04400486339881677, "y:24": 0.14407309257157186, "y:25": 0.043170921834653, "y:26": 0.1388301880946695, "y:27": 0.04272398067158217, "y:28": 0.1465907478067582, "y:29": 0.040268656787614585, "y:30": 0.1435056430945388, "y:31": 0.039948245788222245}, "8": {"y:0": 0.10074351796514129, "y:1": 0.07162783927283758, "y:2": 0.12351060509174316, "y:3": 0.058714424143177804, "y:4": 0.1285498775525419, "y:5": 0.055455800106540824, "y:6": 0.13809947957109903, "y:7": 0.054222782017762435, "y:8": 0.1373366900354384, "y:9": 0.05337740910389305, "y:10": 0.1395319289972269, "y:11": 0.05145102665667863, "y:12": 0.1384087786186579, "y:13": 0.050447312212030485, "y:14": 0.13623740524824268, "y:15": 0.050502107771202544, "y:16": 0.14053350153742267, "y:17": 0.04729218758270509, "y:18": 0.13998158263951238, "y:19": 0.04695120333874132, "y:20": 0.14031209845256049,