{"0": {"y:0": 0.004772845011988493, "y:1": 0.011904719514193408, "y:2": 0.005728014809069001, "y:3": 0.0028753063412080677, "y:4": 0.02176641372095411, "y:5": 0.0035452770837412387, "y:6": 0.01804184892234487, "y:7": 0.006243567063068914, "y:8": 0.006635180671836714, "y:9": 0.006486148612193266, "y:10": 0.005900027533468936, "y:11": 0.0034885075593835096, "y:12": 0.06905800965288808, "y:13": 0.0095877899173751, "y:14": 0.019626026476354752, "y:15": 0.005618891712187715, "y:16": 0.010196613864588042, "y:17": 0.007670755975735501, "y:18": 0.0036445329256853693, "y:19": 0.007241520932481206, "y:20": 0.008527720133588892, "y:21": 0.0025505987820636316, "y:22": 0.03035539217660224, "y:23": 0.004839317492209078, "y:24": 0.015715269638132596, "y:25": 0.009360765577114582, "y:26": 0.0042964867162155525, "y:27": 0.010939436546005465, "y:28": 0.07113429948284053, "y:29": 0.023540699181029547, "y:30": 0.07711447674885166, "y:31": 0.022662322862477418}, "1": {"y:0": 0.004733288610254708, "y:1": 0.011511572284344572, "y:2": 0.005750690233698007, "y:3": 0.0028515350486320876, "y:4": 0.02111459804069176, "y:5": 0.003532485186307013, "y:6": 0.017492854895981364, "y:7": 0.006906112344183237, "y:8": 0.006632234413405157, "y:9": 0.007095114862031527, "y:10": 0.00591161756236904, "y:11": 0.0035269106102313133, "y:12": 0.06903360592271439, "y:13": 0.014962271230437868, "y:14": 0.020037035889934912, "y:15": 0.006161524843889908, "y:16": 0.010157362567231504, "y:17": 0.009046854509381502, "y:18": 0.0036158083549766057, "y:19": 0.007748485590105298, "y:20": 0.00853139753933907, "y:21": 0.002587248232378616, "y:22": 0.03128611818928791, "y:23": 0.004983957558260748, "y:24": 0.01560260337723752, "y:25": 0.009946096961420955, "y:26": 0.004286164787843098, "y:27": 0.011751214177559246, "y:28": 0.0690694812751364, "y:29": 0.02690837558415564, "y:30": 0.05956490291704119, "y:31": 0.027496637494383018}, "2": {"y:0": 0.004725082886660823, "y:1": 0.019122153449596162, "y:2": 0.005759260640809464, "y:3": 0.00347639345263062, "y:4": 0.021369162637709573, "y:5": 0.004771262158334011, "y:6": 0.017539583810974535, "y:7": 0.012896871659182574, "y:8": 0.0066319783914075715, "y:9": 0.011711134441984829, "y:10": 0.005883122395708197, "y:11": 0.0042303605977699645, "y:12": 0.06700309218909921, "y:13": 0.008441224779215677, "y:14": 0.02009932497978858, "y:15": 0.006833446765245888, "y:16": 0.010323385659582305, "y:17": 0.010200630194076273, "y:18": 0.0036176696413047207, "y:19": 0.008756216692815984, "y:20": 0.008517584009097759, "y:21": 0.002654986035371827, "y:22": 0.030629298224347123, "y:23": 0.005162185224885211, "y:24": 0.015806688509854144, "y:25": 0.010633523256428721, "y:26": 0.00432387698089016, "y:27": 0.011319574537352528, "y:28": 0.07069536249226017, "y:29": 0.016021259124566607, "y:30": 0.06679962964981098, "y:31": 0.017654175364274785}, "3": {"y:0": 0.004741882480133641, "y:1": 0.023012620235799624, "y:2": 0.005704863791555552, "y:3": 0.0036022455942485245, "y:4": 0.021771813331922133, "y:5": 0.005121630529694955, "y:6": 0.017412686405801344, "y:7": 0.017661754683134894, "y:8": 0.006681120432618159, "y:9": 0.016166627806126106, "y:10": 0.0058619248376512445, "y:11": 0.0045967599042035625, "y:12": 0.07604070885377952, "y:13": 0.009498256313815085, "y:14": 0.020745922762164394, "y:15": 0.008443029379608908, "y:16": 0.010110394949392634, "y:17": 0.01323108805662013, "y:18": 0.00361502731542663, "y:19": 0.009777438650489526, "y:20": 0.008586526173325013, "y:21": 0.0027563461809300247, "y:22": 0.03237019270694393, "y:23": 0.005543293037104008, "y:24": 0.01584934648821268, "y:25": 0.011892742442529058, "y:26": 0.004293162754836294, "y:27": 0.014191860236108918, "y:28": 0.07354887140145937, "y:29": 0.01681611748719312, "y:30": 0.06955041626817776, "y:31": 0.017744549475756762}, "4": {"y:0": 0.004754214605019829, "y:1": 0.023953755563677938, "y:2": 0.005744588939706618, "y:3": 0.0038343637899802417, "y:4": 0.021858726175418747, "y:5": 0.005888252419717244, "y:6": 0.017665813542354008, "y:7": 0.036225869511832196, "y:8": 0.0066690275904303506, "y:9": 0.03389095969902414, "y:10": 0.005848820333041971, "y:11": 0.00553838134686031, "y:12": 0.07167502622573883, "y:13": 0.008663133804191257, "y:14": 0.02000772715579552, "y:15": 0.012250709479116625, "y:16": 0.01018181343702402, "y:17": 0.023930404464940897, "y:18": 0.0036097325496405354, "y:19": 0.01718025953057351, "y:20": 0.008536560201568616, "y:21": 0.0030763915220170072, "y:22": 0.031086177614360888, "y:23": 0.006921903265770458, "y:24": 0.015903143912021824, "y:25": 0.019778941430948885, "y:26": 0.0043006797786034985, "y:27": 0.022269489137674358, "y:28": 0.06827217030032329, "y:29": 0.012069955391505956, "y:30": 0.07231577248488454, "y:31": 0.012952266819802617}, "5": {"y:0": 0.004725209648651785, "y:1": 0.022766102973974904, "y:2": 0.005712139805739311, "y:3": 0.003937636280084611, "y:4": 0.02159282977880293, "y:5": 0.0061799305950586084, "y:6": 0.01749562527542378, "y:7": 0.043648165528948984, "y:8": 0.006688380756980481, "y:9": 0.039365546636194286, "y:10": 0.005860946528445771, "y:11": 0.005916666221536105, "y:12": 0.07265441374426836, "y:13": 0.008378478336477332, "y:14": 0.02008706957857813, "y:15": 0.014341252159611457, "y:16": 0.010169309113403068, "y:17": 0.030552578599403066, "y:18": 0.003618601823998137, "y:19": 0.020785180738070928, "y:20": 0.008556157985500999, "y:21": 0.003190864477170527, "y:22": 0.031893719453109315, "y:23": 0.00754516332976039, "y:24": 0.015935441878450644, "y:25": 0.023977153043902653, "y:26": 0.0042926055409224775, "y:27": 0.02544968947024958, "y:28": 0.07886575906989508, "y:29": 0.01160054478927586, "y:30": 0.07482752823630609, "y:31": 0.01201125459628888}, "6": {"y:0": 0.004737166430969595, "y:1": 0.022067036135327157, "y:2": 0.005753634100145147, "y:3": 0.003975874022573722, "y:4": 0.021533165297977313, "y:5": 0.006338376069139609, "y:6": 0.017695620965128177, "y:7": 0.04920589620042136, "y:8": 0.006680414151253298, "y:9": 0.04706629996136109, "y:10": 0.005839822690743828, "y:11": 0.006232925766490136, "y:12": 0.07707776281399825, "y:13": 0.008047206649935428, "y:14": 0.02013524685455086, "y:15": 0.016986694994446737, "y:16": 0.010202489140099668, "y:17": 0.03580754275304345, "y:18": 0.003611012854784439, "y:19": 0.028123626121334788, "y:20": 0.008566670060122107, "y:21": 0.0033433375774794744, "y:22": 0.031842391881332935, "y:23": 0.008455804986435392, "y:24": 0.01588167042794152, "y:25": 0.0328118589058631, "y:26": 0.0042978236756049, "y:27": 0.030217550898342126, "y:28": 0.08098705847815588, "y:29": 0.010672588675093696, "y:30": 0.07683018346739286, "y:31": 0.011051609722106115}, "7": {"y:0": 0.0047436340237126005, "y:1": 0.022183602648087285, "y:2": 0.005713132765974883, "y:3": 0.0040091887542951675, "y:4": 0.021517176151188158, "y:5": 0.006471505733087304, "y:6": 0.017676698282682618, "y:7": 0.053581586892817674, "y:8": 0.006635405673567673, "y:9": 0.04929791584668625, "y:10": 0.005860119885168001, "y:11": 0.006381762260931136, "y:12": 0.074220799716916, "y:13": 0.007993569523246192, "y:14": 0.020429455214688325, "y:15": 0.018858041836721358, "y:16": 0.010205961151119552, "y:17": 0.0401569810733545, "y:18": 0.003606274679686288, "y:19": 0.03245085623302916, "y:20": 0.00854698518506227, "y:21": 0.003405093747932747, "y:22": 0.03238207479165179, "y:23": 0.008908795362312318, "y:24": 0.015837261721976345, "y:25": 0.03658824417743377, "y:26": 0.004288634780742801, "y:27": 0.0327003520054155, "y:28": 0.07475151615390738, "y:29": 0.010305747585240652, "y:30": 0.07823693223518909, "y:31": 0.01065723177171149}, "8": {"y:0": 0.004731910550539036, "y:1": 0.022363341533936987, "y:2": 0.005720932210087393, "y:3": 0.004004549137214567, "y:4": 0.021742713731400774, "y:5": 0.006468346442192367, "y:6": 0.01776099089253359, "y:7": 0.056209175322126576, "y:8": 0.006669968395635019, "y:9": 0.0534085658658395, "y:10": 0.005857950938715716, "y:11": 0.0064066920526837726, "y:12": 0.07705195946472758,