{"0": {"y:0": 0.11605719025789675, "y:1": 0.027450006474413556, "y:2": 0.14399935917153314, "y:3": 0.019126650132801296, "y:4": 0.13167073727608178, "y:5": 0.016738711646474703, "y:6": 0.1430397974920096, "y:7": 0.014806378824440539, "y:8": 0.15190442649780553, "y:9": 0.015098448214139741, "y:10": 0.12818490611626845, "y:11": 0.017307381290257374, "y:12": 0.15062083354905356, "y:13": 0.019360989396576576, "y:14": 0.13291722911026768, "y:15": 0.023006377166821065, "y:16": 0.113608901573096, "y:17": 0.022801633374834013, "y:18": 0.13693242359411162, "y:19": 0.028162350896205713, "y:20": 0.11909019576407943, "y:21": 0.029925628072509584, "y:22": 0.1278685637201632, "y:23": 0.03346223537544085, "y:24": 0.13371721804583142, "y:25": 0.03798458129475246, "y:26": 0.13289991336121199, "y:27": 0.0350029495868502, "y:28": 0.1280529703880879, "y:29": 0.03808488994210554, "y:30": 0.16347543613410775, "y:31": 0.044831648274923766}, "1": {"y:0": 0.1234141985757019, "y:1": 0.022447430853224343, "y:2": 0.12534958717498065, "y:3": 0.016724001382076678, "y:4": 0.12956988819874996, "y:5": 0.015591911488364786, "y:6": 0.1448495879040841, "y:7": 0.0175864006038377, "y:8": 0.12744173628407557, "y:9": 0.020614875930478456, "y:10": 0.14042151273608416, "y:11": 0.02405069589797489, "y:12": 0.13274386663782917, "y:13": 0.02648784624613407, "y:14": 0.13656407085954467, "y:15": 0.03063131557222269, "y:16": 0.13266992005257677, "y:17": 0.036331689380688786, "y:18": 0.13685199609681642, "y:19": 0.03667536390377314, "y:20": 0.1325633651570296, "y:21": 0.04178438122439, "y:22": 0.121907343415842, "y:23": 0.042376389433178556, "y:24": 0.14417954036210828, "y:25": 0.04175070382791119, "y:26": 0.13285905370217616, "y:27": 0.04499419952236357, "y:28": 0.13172253733787648, "y:29": 0.04524052048350826, "y:30": 0.13245973477623765, "y:31": 0.0476931107295835}, "2": {"y:0": 0.11062515048492942, "y:1": 0.03695345313452053, "y:2": 0.11908896828254817, "y:3": 0.027148320364460434, "y:4": 0.120902315738764, "y:5": 0.020908120518046382, "y:6": 0.12478473693538851, "y:7": 0.01798096905759088, "y:8": 0.1300095421398313, "y:9": 0.016512983712490454, "y:10": 0.13095153347629043, "y:11": 0.01667515025547557, "y:12": 0.13334602476501814, "y:13": 0.01776801498218008, "y:14": 0.1330777054077509, "y:15": 0.019368581096571236, "y:16": 0.1290279420139585, "y:17": 0.02120092962984799, "y:18": 0.12871427112230144, "y:19": 0.022794951683658558, "y:20": 0.13818817572035347, "y:21": 0.025793273916123984, "y:22": 0.12500127001914918, "y:23": 0.027887392699701568, "y:24": 0.1271616329499737, "y:25": 0.0317018795424062, "y:26": 0.1296622183212514, "y:27": 0.03259668986208359, "y:28": 0.12207805995671042, "y:29": 0.03543810149351271, "y:30": 0.12255227975589959, "y:31": 0.03706885672927995}, "3": {"y:0": 0.1050504230193434, "y:1": 0.033314977945729046, "y:2": 0.10944146266422553, "y:3": 0.023107368111316303, "y:4": 0.11701985078289157, "y:5": 0.018577463354615596, "y:6": 0.12706629312525664, "y:7": 0.015938958360545707, "y:8": 0.1210738331175748, "y:9": 0.015780343467690573, "y:10": 0.1245062103349277, "y:11": 0.016425911002110907, "y:12": 0.11842982617193877, "y:13": 0.01712105834404517, "y:14": 0.1293124198300892, "y:15": 0.01967535495102494, "y:16": 0.12747744207358408, "y:17": 0.02141073351767264, "y:18": 0.11489739776008977, "y:19": 0.024279628868298153, "y:20": 0.1272319103024169, "y:21": 0.025923025852203664, "y:22": 0.12128008507769288, "y:23": 0.02780960740844028, "y:24": 0.11867800078219544, "y:25": 0.030416969000473654, "y:26": 0.12257957026240843, "y:27": 0.0347415385063071, "y:28": 0.13474791989964832, "y:29": 0.03715848227192304, "y:30": 0.11947421604301167, "y:31": 0.040540620690886604}, "4": {"y:0": 0.08508128892145167, "y:1": 0.021980577775088328, "y:2": 0.09022393463359349, "y:3": 0.016644596726938774, "y:4": 0.09764761979516612, "y:5": 0.014935823858554725, "y:6": 0.09993949525833652, "y:7": 0.01577857654046016, "y:8": 0.09900761824948658, "y:9": 0.01939868269019618, "y:10": 0.10604922255858311, "y:11": 0.0212064716167417, "y:12": 0.1019460243182546, "y:13": 0.02430958439166005, "y:14": 0.1022815454726071, "y:15": 0.02793046793892385, "y:16": 0.09722963187797268, "y:17": 0.030567751633022614, "y:18": 0.09888310431132094, "y:19": 0.03396269823845107, "y:20": 0.10223659224576342, "y:21": 0.03617062233288667, "y:22": 0.0971288207505509, "y:23": 0.03835842918413447, "y:24": 0.09538985757977936, "y:25": 0.041696525925295685, "y:26": 0.10320504275364303, "y:27": 0.04215123128831612, "y:28": 0.0929696514961822, "y:29": 0.04503275217829387, "y:30": 0.09510045907559762, "y:31": 0.04996206011290963}, "5": {"y:0": 0.0805593590738462, "y:1": 0.04287802776099391, "y:2": 0.06789881549537205, "y:3": 0.0688776092980211, "y:4": 0.0615236587537448, "y:5": 0.08196257870357654, "y:6": 0.05751101789549631, "y:7": 0.08545477968708798, "y:8": 0.05695338071614786, "y:9": 0.09948598591198471, "y:10": 0.05234996188938475, "y:11": 0.0923850006640877, "y:12": 0.05026319869566537, "y:13": 0.09721049131501079, "y:14": 0.0494521041508294, "y:15": 0.0949016315534025, "y:16": 0.043677424552163585, "y:17": 0.0962614712208431, "y:18": 0.04361600507422252, "y:19": 0.10589990078044584, "y:20": 0.04152392211731351, "y:21": 0.10899474544867924, "y:22": 0.041767825652635, "y:23": 0.10990175501227631, "y:24": 0.03875396257811559, "y:25": 0.1108670672751344, "y:26": 0.03939930140708371, "y:27": 0.10251778333755432, "y:28": 0.03651294885883219, "y:29": 0.10922698978781223, "y:30": 0.033947881332100846, "y:31": 0.1174126548051937}, "6": {"y:0": 0.09107006189832267, "y:1": 0.06549443769972674, "y:2": 0.07908112103025756, "y:3": 0.09086674015264257, "y:4": 0.08603490073734876, "y:5": 0.1003516710366937, "y:6": 0.07577236229219465, "y:7": 0.12081057269578523, "y:8": 0.08333606836589043, "y:9": 0.11495590175043736, "y:10": 0.06631837646655087, "y:11": 0.13218520976459167, "y:12": 0.06187831525018144, "y:13": 0.13096858748504062, "y:14": 0.056920737086128936, "y:15": 0.11394616966006707, "y:16": 0.05466229633030501, "y:17": 0.11626839432569831, "y:18": 0.04849911786301954, "y:19": 0.11693549140352341, "y:20": 0.04829594274631642, "y:21": 0.11852969194371736, "y:22": 0.04613942373157002, "y:23": 0.12659339921471177, "y:24": 0.04136102990501252, "y:25": 0.1259525566205928, "y:26": 0.03905050981472512, "y:27": 0.1227595427973393, "y:28": 0.038253684540942606, "y:29": 0.12224519861065594, "y:30": 0.03587284962129074, "y:31": 0.12100871973399319}, "7": {"y:0": 0.0817277095143139, "y:1": 0.025760667171223606, "y:2": 0.06333436012335086, "y:3": 0.04208101739682128, "y:4": 0.05375418353919883, "y:5": 0.05502949337997746, "y:6": 0.054101608977029786, "y:7": 0.061293569601920256, "y:8": 0.04735143722696051, "y:9": 0.06673857769451527, "y:10": 0.04688577756558396, "y:11": 0.06723522989273939, "y:12": 0.043299071255828284, "y:13": 0.07487859356425218, "y:14": 0.03753618650882349, "y:15": 0.07080397967717963, "y:16": 0.036438948903602546, "y:17": 0.07978701320816793, "y:18": 0.035754289332179064, "y:19": 0.07827971040161823, "y:20": 0.032510529780651935, "y:21": 0.08497878030552869, "y:22": 0.02992376840892009, "y:23": 0.08172832994513546, "y:24": 0.028120158689336525, "y:25": 0.08499000570891264, "y:26": 0.025712434641995803, "y:27": 0.08493519052701316, "y:28": 0.025356757158854795, "y:29": 0.08045597171203689, "y:30": 0.02417483950333021, "y:31": 0.08577322627845808}, "8": {"y:0": 0.04545582866627638, "y:1": 0.01940540034115154, "y:2": 0.03935722470302661, "y:3": 0.01788828735374662, "y:4": 0.03790365893296259, "y:5": 0.019622567982714598, "y:6": 0.03589929181720286, "y:7": 0.022911368216616684, "y:8": 0.033973315887431056, "y:9": 0.024086548166573987, "y:10": 0.03441374052862862, "y:11": 0.0261367228239877, "y:12": 0.031104327599063376, "y:13": 0.030649151108932182, "y:14": 0.030880551971112558, "y:15": 0.03344942552328394, "y:16": 0.028403815078253732, "y:17": 0.033600478550936654, "y:18": 0.02771536269970117, "y:19": 0.03402578966551624,