{"0": {"y:0": 0.00884762275157389, "y:1": 0.16150338889580867, "y:2": 1.1374364182501302, "y:3": 1.6978015450805546, "y:4": 0.7297326227728862, "y:5": 0.2524373996647523, "y:6": 0.012241002584293944}}