{"0": {"y:0": 0.007491841725070163, "y:1": 0.10156027582378108, "y:2": 0.16340067112444365, "y:3": 0.1994122958929069, "y:4": 0.12670433154708174, "y:5": 0.02124569010496985, "y:6": 0.001148482815091151}, "1": {"y:0": 0.0074354814851871846, "y:1": 0.10057738999221827, "y:2": 0.16419516984616095, "y:3": 0.20274738498223346, "y:4": 0.12239648617531061, "y:5": 0.02172597065365019, "y:6": 0.0011955246038036218}, "2": {"y:0": 0.05022284156368479, "y:1": 0.20463277984981118, "y:2": 0.1792883495933695, "y:3": 0.2452940876170195, "y:4": 0.1728062074876667, "y:5": 0.051022991414708216, "y:6": 0.007234844074224679}, "3": {"y:0": 0.08988876292737556, "y:1": 0.28081652443048516, "y:2": 0.3012862582152992, "y:3": 0.3799860185796841, "y:4": 0.28845004615531256, "y:5": 0.07460517901854412, "y:6": 0.01406341714881611}, "4": {"y:0": 0.19639089013884453, "y:1": 0.3461126334182613, "y:2": 0.3091426558016143, "y:3": 0.400716805871398, "y:4": 0.3364176889558892, "y:5": 0.1307009168786635, "y:6": 0.03262363674213557}, "5": {"y:0": 0.27208958947347417, "y:1": 0.44399104217022234, "y:2": 0.36394826393160246, "y:3": 0.5266018297614571, "y:4": 0.4828284654565969, "y:5": 0.20908936613180912, "y:6": 0.05494395571971193}, "6": {"y:0": 0.4288350470957819, "y:1": 0.6114096227663218, "y:2": 0.34898250361637434, "y:3": 0.6900917081126117, "y:4": 0.6230276487881012, "y:5": 0.3137192149180161, "y:6": 0.0910741689856244}, "7": {"y:0": 0.6106222936957385, "y:1": 0.8344840474752477, "y:2": 0.33868768108565867, "y:3": 0.9337063612194403, "y:4": 0.8981231974776939, "y:5": 0.5143562729160996, "y:6": 0.14745233417490805}, "8": {"y:0": 0.9385504941382424, "y:1": 1.251908887902881, "y:2": 0.33230448744243896, "y:3": 1.392703529463021, "y:4": 1.2525589656194753, "y:5": 0.6695989533227567, "y:6": 0.21782712626571316}, "9": {"y:0": 1.3242014335217813, "y:1": 1.8576498747241206, "y:2": 0.3412348966166274, "y:3": 2.1745482886217102, "y:4": 1.9005392436988389, "y:5": 0.920962034902917, "y:6": 0.29401612962525614}, "10": {"y:0": 1.9225789708844183, "y:1": 2.4558300502767154, "y:2": 0.34600991216981114, "y:3": 2.548476246536715, "y:4": 2.2802995751392183, "y:5": 1.1834931828719408, "y:6": 0.41557563955208116}, "11": {"y:0": 2.396384472821384, "y:1": 2.8903729203038084, "y:2": 0.3475004762338869, "y:3": 3.3389902723211775, "y:4": 3.1564146565428635, "y:5": 1.621214795978715, "y:6": 0.561719007219572}, "12": {"y:0": 2.87478701800816, "y:1": 3.493503580956972, "y:2": 0.35288438075687234, "y:3": 3.629484614980329, "y:4": 3.8570842463693134, "y:5": 2.074497202327212, "y:6": 0.7872303661988187}, "13": {"y:0": 2.937114838346774, "y:1": 3.872666553032371, "y:2": 0.3551722766042482, "y:3": 3.7890914629157812, "y:4": 4.904856803443574, "y:5": 2.7634535088592336, "y:6": 1.0123434486417124}, "14": {"y:0": 3.1595247449257906, "y:1": 4.705606926477673, "y:2": 0.3608256894771099, "y:3": 3.8245612054911136, "y:4": 5.906644638329528, "y:5": 3.4616256990175605, "y:6": 1.3675943720766262}, "15": {"y:0": 3.144287740971707, "y:1": 4.941857474064447, "y:2": 0.3610010489881497, "y:3": 4.198801005516257, "y:4": 7.165011302449152, "y:5": 3.96433917024548, "y:6": 1.8665878017357598}, "16": {"y:0": 3.3843177432781135, "y:1": 6.104102875767919, "y:2": 0.3630323210441082, "y:3": 4.340144949231416, "y:4": 7.510111866684892, "y:5": 4.655725842846005, "y:6": 2.1016685706210207}, "17": {"y:0": 3.2373029191264524, "y:1": 6.5404678023004035, "y:2": 0.3594933899155142, "y:3": 6.523913069095285, "y:4": 8.955045985181341, "y:5": 4.921559713516993, "y:6": 2.104918334667562}, "18": {"y:0": 4.246557620549594, "y:1": 8.73350063333198, "y:2": 0.360685888965546, "y:3": 7.965662089867776, "y:4": 10.001659931717976, "y:5": 6.421324359088025, "y:6": 2.5813577153472287}, "19": {"y:0": 4.955691247978571, "y:1": 10.066635949948035, "y:2": 0.36107713638065664, "y:3": 10.2728948717804, "y:4": 13.040498000210382, "y:5": 7.266864824460731, "y:6": 2.736424718680097}, "20": {"y:0": 5.829248686445447, "y:1": 12.042681366521991, "y:2": 0.361361581617742, "y:3": 12.31478752200615, "y:4": 13.542580814450682, "y:5": 7.799060717835027, "y:6": 2.8722439305487297}, "21": {"y:0": 6.648929641946045, "y:1": 13.772986650954376, "y:2": 0.36135192843818636, "y:3": 15.13909393336522, "y:4": 15.370420573027918, "y:5": 9.606750385834783, "y:6": 3.133100492029787}, "22": {"y:0": 8.590512981584718, "y:1": 17.0191848842983, "y:2": 0.3630209093380773, "y:3": 18.595717174855405, "y:4": 16.72062629390557, "y:5": 10.047212123939465, "y:6": 3.1931931956412427}, "23": {"y:0": 10.294472517496645, "y:1": 19.905097253061612, "y:2": 0.3633222399246383, "y:3": 22.044845460690883, "y:4": 18.964972546524987, "y:5": 11.417472421432713, "y:6": 3.668207427537294}, "24": {"y:0": 13.008855789704718, "y:1": 24.929327951120225, "y:2": 0.3637593636014431, "y:3": 25.225616750087017, "y:4": 20.06703107600696, "y:5": 12.078576026931689, "y:6": 3.9147459491182546}, "25": {"y:0": 17.856061862825253, "y:1": 27.685495248915327, "y:2": 0.36381652651343355, "y:3": 27.562336910115214, "y:4": 21.675285439680483, "y:5": 12.560364755308969, "y:6": 4.223374121660519}, "26": {"y:0": 20.177915523997818, "y:1": 32.74059563821987, "y:2": 0.3643126852482384, "y:3": 32.276097742452535, "y:4": 22.791635665593592, "y:5": 12.957141160302617, "y:6": 4.621420165765128}, "27": {"y:0": 25.94845772558613, "y:1": 38.992189899709885, "y:2": 0.36450329492121075, "y:3": 33.45016538717562, "y:4": 23.995423501974635, "y:5": 14.140811256467698, "y:6": 4.98462148132939}, "28": {"y:0": 29.8271903319429, "y:1": 42.9034891667184, "y:2": 0.365023874722218, "y:3": 33.222162000420255, "y:4": 22.54349675399362, "y:5": 13.991919667239907, "y:6": 5.340854261455956}, "29": {"y:0": 33.708795479825625, "y:1": 46.29680902669522, "y:2": 0.3649479058725938, "y:3": 34.47636452169412, "y:4": 22.734988839604657, "y:5": 13.307306111293803, "y:6": 5.77659220499887}, "30": {"y:0": 42.423354773407084, "y:1": 52.478743098056974, "y:2": 0.36512204886575145, "y:3": 37.5378711300148, "y:4": 24.618628117940535, "y:5": 14.082630669039037, "y:6": 6.476435245933942}}