{"0": {"y:0": 0.10155866238838326, "y:1": 0.022563151752026212, "y:2": 0.11512607206881331, "y:3": 0.01630896288791329, "y:4": 0.1337447404485452, "y:5": 0.016442079978544705, "y:6": 0.11794098847039376, "y:7": 0.017589474629270636, "y:8": 0.13818472749005323, "y:9": 0.023903273370972568, "y:10": 0.13574168472351666, "y:11": 0.028886787124099506, "y:12": 0.1341058524160303, "y:13": 0.03149793011787727, "y:14": 0.11642427182592366, "y:15": 0.03002396882332905, "y:16": 0.1401041136740331, "y:17": 0.037127463443237654, "y:18": 0.11625686827120274, "y:19": 0.035628827202332486, "y:20": 0.11789436607758458, "y:21": 0.05241607529272446, "y:22": 0.1275875775380885, "y:23": 0.04566124856986696, "y:24": 0.1255734506655428, "y:25": 0.046369732040995176, "y:26": 0.12651576597577965, "y:27": 0.046807472604753465, "y:28": 0.1346098992775244, "y:29": 0.0664316155316651, "y:30": 0.13439216138439772, "y:31": 0.05949685695337943}, "1": {"y:0": 0.11490119638148825, "y:1": 0.027973511819047094, "y:2": 0.13847609426449725, "y:3": 0.018714557686899398, "y:4": 0.12611903767398766, "y:5": 0.01591331244423763, "y:6": 0.1346509354240838, "y:7": 0.016176682738581177, "y:8": 0.12931149594676147, "y:9": 0.018668926071100638, "y:10": 0.1321933078895936, "y:11": 0.02231257161978348, "y:12": 0.1277128210734123, "y:13": 0.025569812158901084, "y:14": 0.1292179633901085, "y:15": 0.029196071914150083, "y:16": 0.14113188639942248, "y:17": 0.03105965446534882, "y:18": 0.1362546266507216, "y:19": 0.030966103427820732, "y:20": 0.1349971793823379, "y:21": 0.039765748516679994, "y:22": 0.14800752587379776, "y:23": 0.04128002094706689, "y:24": 0.12723327042760418, "y:25": 0.041816742493460714, "y:26": 0.13237323236112192, "y:27": 0.046410356596742676, "y:28": 0.1235612059441972, "y:29": 0.044162168332697434, "y:30": 0.12563416883414164, "y:31": 0.044162354659023184}, "2": {"y:0": 0.11996073563734796, "y:1": 0.06780441562847678, "y:2": 0.12199527039718314, "y:3": 0.05355723804634501, "y:4": 0.13925966746695462, "y:5": 0.0503700438386587, "y:6": 0.13079408164303952, "y:7": 0.039505858940688796, "y:8": 0.1425757495945106, "y:9": 0.03645622593387551, "y:10": 0.14054896736887462, "y:11": 0.032481490134528584, "y:12": 0.13527895647153523, "y:13": 0.02962906426502885, "y:14": 0.13145483336104924, "y:15": 0.0269731048036687, "y:16": 0.14123816354367333, "y:17": 0.024917341630129788, "y:18": 0.14297691367647586, "y:19": 0.02381699405218753, "y:20": 0.1419465643212344, "y:21": 0.021965588947336044, "y:22": 0.1364155582793421, "y:23": 0.021027976271976098, "y:24": 0.13929621990345356, "y:25": 0.020883950501942517, "y:26": 0.13467711842881674, "y:27": 0.02002147860340584, "y:28": 0.1340664948872662, "y:29": 0.01916531012319324, "y:30": 0.12538482645439916, "y:31": 0.01894446567483352}, "3": {"y:0": 0.10673190785708725, "y:1": 0.05403239037961522, "y:2": 0.11229037929210349, "y:3": 0.04869177698132304, "y:4": 0.11379746033634087, "y:5": 0.03742072417853392, "y:6": 0.11252956825429836, "y:7": 0.035692269521757664, "y:8": 0.13122450419359144, "y:9": 0.03050112467623639, "y:10": 0.12977090511760686, "y:11": 0.028554584026939465, "y:12": 0.12269160420769713, "y:13": 0.02594899840432361, "y:14": 0.12303549455754392, "y:15": 0.02430177685642432, "y:16": 0.12634736048559586, "y:17": 0.02194905511864601, "y:18": 0.12676563224363863, "y:19": 0.021071465195109544, "y:20": 0.11813329941457118, "y:21": 0.02076441136351967, "y:22": 0.11568659790414128, "y:23": 0.01955455269316469, "y:24": 0.12287887066157852, "y:25": 0.018083567073606106, "y:26": 0.12143733033702767, "y:27": 0.018259512102151584, "y:28": 0.11899346074632834, "y:29": 0.017898205521260566, "y:30": 0.12184624349206431, "y:31": 0.017404318502705397}, "4": {"y:0": 0.08010755879807652, "y:1": 0.025900222214801292, "y:2": 0.09115780541555099, "y:3": 0.01930578445320867, "y:4": 0.09505622092138488, "y:5": 0.016388936210650296, "y:6": 0.09375182673851058, "y:7": 0.015134971364628678, "y:8": 0.09300609453654458, "y:9": 0.014457075679062879, "y:10": 0.08766102107044113, "y:11": 0.014977827423375178, "y:12": 0.09758906736450362, "y:13": 0.01586851003882355, "y:14": 0.09264403779500342, "y:15": 0.01705031136475535, "y:16": 0.09174705166303378, "y:17": 0.019535726849026883, "y:18": 0.09954050761720204, "y:19": 0.020759911848955426, "y:20": 0.08893274037063788, "y:21": 0.022882020836707158, "y:22": 0.09295589302191351, "y:23": 0.024578828690783774, "y:24": 0.09275205519745293, "y:25": 0.026881011796470143, "y:26": 0.09506989521225673, "y:27": 0.029080829363066742, "y:28": 0.08951928789644951, "y:29": 0.030161171455341827, "y:30": 0.09093732382183518, "y:31": 0.03302925739609797}, "5": {"y:0": 0.07424187812062223, "y:1": 0.03997323021098716, "y:2": 0.06084923592995603, "y:3": 0.05737453582323534, "y:4": 0.055197842229225934, "y:5": 0.0773853209867323, "y:6": 0.05425685208230566, "y:7": 0.07610154564547321, "y:8": 0.04482821692413327, "y:9": 0.08537948637762197, "y:10": 0.04273438806586522, "y:11": 0.09776719159221627, "y:12": 0.04012107245863274, "y:13": 0.09430107651783413, "y:14": 0.03691049276190401, "y:15": 0.10261205271643531, "y:16": 0.03411854248998596, "y:17": 0.11090915349148735, "y:18": 0.03218532884475169, "y:19": 0.10802847824664501, "y:20": 0.03054729968253403, "y:21": 0.10165155683400572, "y:22": 0.029071223562798936, "y:23": 0.10551794922641099, "y:24": 0.026913546604172955, "y:25": 0.09977743357516264, "y:26": 0.025472102269857147, "y:27": 0.10663231161307135, "y:28": 0.023941891722138512, "y:29": 0.12419937636543271, "y:30": 0.023801912104212373, "y:31": 0.10407574910274042}, "6": {"y:0": 0.08510409139920083, "y:1": 0.07138026904791588, "y:2": 0.0820598383423614, "y:3": 0.09248332043926027, "y:4": 0.07513235403533397, "y:5": 0.10459372638685266, "y:6": 0.0692190776168161, "y:7": 0.10533632754829558, "y:8": 0.0632184487343422, "y:9": 0.10787817966859295, "y:10": 0.060342815393901364, "y:11": 0.10446395922109619, "y:12": 0.052763250148163104, "y:13": 0.11070185167181329, "y:14": 0.04901282064743724, "y:15": 0.11803142152420684, "y:16": 0.04500092716573109, "y:17": 0.10757620802368648, "y:18": 0.03678884410123823, "y:19": 0.10646515593595737, "y:20": 0.03691014092673846, "y:21": 0.1181056074373251, "y:22": 0.03198571775508709, "y:23": 0.10579032827384469, "y:24": 0.027600852314383067, "y:25": 0.11464146814508211, "y:26": 0.025429859539194324, "y:27": 0.10881165597717765, "y:28": 0.023624027458660355, "y:29": 0.11765362590497348, "y:30": 0.021985478513880108, "y:31": 0.10857754528021596}, "7": {"y:0": 0.04718512385499906, "y:1": 0.0204863522378177, "y:2": 0.03954381329153624, "y:3": 0.021496302024859762, "y:4": 0.036852006461039054, "y:5": 0.024521764379657918, "y:6": 0.03508819733411359, "y:7": 0.03070826115147079, "y:8": 0.033128934147694175, "y:9": 0.03382026314518185, "y:10": 0.02854857753664598, "y:11": 0.03547351938492805, "y:12": 0.024875708223028776, "y:13": 0.037553476642179145, "y:14": 0.025331416873141357, "y:15": 0.04270990061104969, "y:16": 0.024381591671072428, "y:17": 0.047516042171659924, "y:18": 0.02335202036860133, "y:19": 0.04935555965716115, "y:20": 0.02245078384894094, "y:21": 0.051659952248461365, "y:22": 0.021592448013286004, "y:23": 0.05043186759480757, "y:24": 0.021587157563613096, "y:25": 0.05919581161590617, "y:26": 0.02112643769455124, "y:27": 0.06291304071607438, "y:28": 0.019458693680158845, "y:29": 0.06512869828312205, "y:30": 0.01815096932797427, "y:31": 0.07090111139506342}, "8": {"y:0": 0.04901926857928602, "y:1": 0.02610045876631646, "y:2": 0.03665282411157366, "y:3": 0.019716978917920645, "y:4": 0.035446184104092296, "y:5": 0.019650632655051858, "y:6": 0.03212030592501993, "y:7": 0.02018829915267083, "y:8": 0.031932322956954654, "y:9": 0.019267494292635173, "y:10": 0.02912805125147451, "y:11": 0.020023841757343883, "y:12": 0.02672666287456565, "y:13": 0.019134679356107732, "y:14": 0.026811561554820052, "y:15": 0.021382418137444573, "y:16": 0.0249305513289955, "y:17": 0.024140386031917753,