{"0": {"y:0": 0.00642182203801709, "y:1": 0.009649446595104477, "y:2": 0.002865887716577709, "y:3": 0.005448668505502387, "y:4": 0.01216917697502332, "y:5": 0.0024462950132294486, "y:6": 0.030065181345373268, "y:7": 0.005184790429306517, "y:8": 0.016184066326398783, "y:9": 0.008053263552633099, "y:10": 0.006669811344300976, "y:11": 0.010199992191710958, "y:12": 0.0030097417828601307, "y:13": 0.003335215810170788, "y:14": 0.01635306612379633, "y:15": 0.0023846202044596676, "y:16": 0.01936740592066495, "y:17": 0.0054828531628525615, "y:18": 0.007396643391594095, "y:19": 0.009789547719849806, "y:20": 0.003266967142857895, "y:21": 0.0035632381070416935, "y:22": 0.013377176998814572, "y:23": 0.002908873606604469, "y:24": 0.025589692503659982, "y:25": 0.005561823437184525, "y:26": 0.008395116959478229, "y:27": 0.00949540732093372, "y:28": 0.0033590330385901077, "y:29": 0.003928148428667152, "y:30": 0.01591192641890767, "y:31": 0.002716443381179579}, "1": {"y:0": 0.006374686392891377, "y:1": 0.009599871557330615, "y:2": 0.002874552269968628, "y:3": 0.005777144364976037, "y:4": 0.012103967820639177, "y:5": 0.0025094384744875783, "y:6": 0.032297721714040765, "y:7": 0.005007830395623922, "y:8": 0.01634948963643117, "y:9": 0.007887511763704124, "y:10": 0.006667062898836477, "y:11": 0.009616812735280018, "y:12": 0.003003573940191868, "y:13": 0.0032770010038526117, "y:14": 0.01637448172710428, "y:15": 0.0023690051460096427, "y:16": 0.0203326485027313, "y:17": 0.005357322052278506, "y:18": 0.007469114711991901, "y:19": 0.00949066532564736, "y:20": 0.0032498515426615275, "y:21": 0.003545494976361262, "y:22": 0.01355547054860739, "y:23": 0.002896441596624575, "y:24": 0.02563205182665288, "y:25": 0.005608579772041243, "y:26": 0.008368437236418122, "y:27": 0.009443955537735155, "y:28": 0.0033668983832056227, "y:29": 0.003962667784139938, "y:30": 0.015801559337307185, "y:31": 0.002720621648186471}, "2": {"y:0": 0.006429674340313056, "y:1": 0.013404166795776279, "y:2": 0.002865131934342489, "y:3": 0.011949006519968055, "y:4": 0.012143099088244482, "y:5": 0.003265310511724104, "y:6": 0.03215218064209599, "y:7": 0.011117669442143931, "y:8": 0.01642204125083428, "y:9": 0.012196654904557985, "y:10": 0.006600555205227424, "y:11": 0.010178258224681904, "y:12": 0.0029970414815775185, "y:13": 0.004438125000276096, "y:14": 0.016825311678041514, "y:15": 0.0028568412797671, "y:16": 0.02036431901589945, "y:17": 0.008147786618176668, "y:18": 0.007485275744863466, "y:19": 0.010910125706606417, "y:20": 0.0032568335088385084, "y:21": 0.00417175720788969, "y:22": 0.013605287732768506, "y:23": 0.0032416734416425485, "y:24": 0.025336412274823417, "y:25": 0.006609331361953037, "y:26": 0.008328154415468525, "y:27": 0.010205635978002045, "y:28": 0.003381271571673478, "y:29": 0.004352074736544449, "y:30": 0.015556160058232033, "y:31": 0.0028857728650807483}, "3": {"y:0": 0.006438473748710954, "y:1": 0.01330857820463836, "y:2": 0.0028608921875244438, "y:3": 0.01620926078629936, "y:4": 0.012073275472172212, "y:5": 0.0035918906871281703, "y:6": 0.03193593643522741, "y:7": 0.01768755709936529, "y:8": 0.01581150239473761, "y:9": 0.014466067530454698, "y:10": 0.0065631750194841704, "y:11": 0.010035862265826196, "y:12": 0.0030053705484172134, "y:13": 0.005867889783452929, "y:14": 0.01677640813482825, "y:15": 0.0034083981494229527, "y:16": 0.020014393912252952, "y:17": 0.016509231918756816, "y:18": 0.0074334720621541134, "y:19": 0.017598169204428676, "y:20": 0.003258884118741963, "y:21": 0.006109903786447349, "y:22": 0.013747427197185212, "y:23": 0.004266257478062601, "y:24": 0.0266062592947406, "y:25": 0.013616699309779363, "y:26": 0.008373489528516635, "y:27": 0.018502961064889828, "y:28": 0.0033746879433583284, "y:29": 0.006585980372887699, "y:30": 0.015585428568542798, "y:31": 0.0036929957936161586}, "4": {"y:0": 0.006389784006154006, "y:1": 0.013174226784549629, "y:2": 0.00286745442237242, "y:3": 0.016977249904558348, "y:4": 0.012211849330108486, "y:5": 0.0036547090304505495, "y:6": 0.03216044060742984, "y:7": 0.019138587588803137, "y:8": 0.016238799080860372, "y:9": 0.01492733158795114, "y:10": 0.006647264435053959, "y:11": 0.00985238822302235, "y:12": 0.0029893464565741283, "y:13": 0.006097758145521162, "y:14": 0.016704158871348747, "y:15": 0.003502727232358361, "y:16": 0.020144521264620536, "y:17": 0.020262058044328127, "y:18": 0.007448079237692438, "y:19": 0.018036867318675442, "y:20": 0.0032550815852668406, "y:21": 0.006397643404057547, "y:22": 0.013561904816042159, "y:23": 0.004396803997107922, "y:24": 0.026100478681216156, "y:25": 0.015822220909776707, "y:26": 0.008364730867098047, "y:27": 0.020954017268477326, "y:28": 0.003374363886747519, "y:29": 0.007188232905933645, "y:30": 0.01555401631357107, "y:31": 0.0038399101942052454}, "5": {"y:0": 0.006378344248859025, "y:1": 0.012980930700426099, "y:2": 0.002871950431745765, "y:3": 0.018098161510968252, "y:4": 0.012123129218973601, "y:5": 0.003687844653989154, "y:6": 0.03219685765735553, "y:7": 0.021403732737130123, "y:8": 0.016069274717196158, "y:9": 0.014360350425876047, "y:10": 0.0065811229778808145, "y:11": 0.00956634759871006, "y:12": 0.003004915975572707, "y:13": 0.006350636548201871, "y:14": 0.01658439052673417, "y:15": 0.0035974364025314633, "y:16": 0.020256509780139875, "y:17": 0.023079312882227254, "y:18": 0.007448747279027415, "y:19": 0.017168691137630955, "y:20": 0.0032504022512254514, "y:21": 0.006763710836019399, "y:22": 0.01367678844897717, "y:23": 0.004612158949383133, "y:24": 0.025990641378605187, "y:25": 0.01877779035886302, "y:26": 0.008412620237892562, "y:27": 0.020544139687622056, "y:28": 0.0033772615279004624, "y:29": 0.007813040360421165, "y:30": 0.015402803856840942, "y:31": 0.004050278730220606}, "6": {"y:0": 0.006398188446691929, "y:1": 0.01301257536999867, "y:2": 0.0028662603620067855, "y:3": 0.0176898795343849, "y:4": 0.012240242181586038, "y:5": 0.0036970988849563727, "y:6": 0.032921072160525075, "y:7": 0.021393871222158266, "y:8": 0.016057411843061566, "y:9": 0.013955186660588302, "y:10": 0.0065959280411256194, "y:11": 0.009414043035580213, "y:12": 0.003000748409822539, "y:13": 0.006438375811683318, "y:14": 0.01667450534256527, "y:15": 0.0036257019444384513, "y:16": 0.020331380031424286, "y:17": 0.02558454755037957, "y:18": 0.0074605877943580865, "y:19": 0.01663938579046684, "y:20": 0.003253673196225073, "y:21": 0.00687352132219465, "y:22": 0.013621525618327001, "y:23": 0.004708176293071561, "y:24": 0.026273731930487668, "y:25": 0.019714271480026115, "y:26": 0.008385197938621362, "y:27": 0.019703381181677766, "y:28": 0.00336991638822342, "y:29": 0.007905086016785709, "y:30": 0.01573192229293977, "y:31": 0.0041039392687586985}, "7": {"y:0": 0.006399685191670773, "y:1": 0.012624070057040889, "y:2": 0.0028710466643724983, "y:3": 0.017856670807212524, "y:4": 0.01230696433480299, "y:5": 0.003720516402211972, "y:6": 0.03307017761890967, "y:7": 0.021343519922561806, "y:8": 0.01604799435599629, "y:9": 0.01309280262259344, "y:10": 0.006622910251088744, "y:11": 0.009064550600826584, "y:12": 0.003001154918699849, "y:13": 0.006470707296710914, "y:14": 0.0167097923767181, "y:15": 0.0036684230578038243, "y:16": 0.020136893555351153, "y:17": 0.025375553979400285, "y:18": 0.007473925325208422, "y:19": 0.015550109865696852, "y:20": 0.0032508572894910637, "y:21": 0.007008046839573021, "y:22": 0.013563134555344681, "y:23": 0.004756797669754461, "y:24": 0.02578932620954023, "y:25": 0.0207397071295067, "y:26": 0.008378168600640877, "y:27": 0.018712185133602625, "y:28": 0.0033683161404723387, "y:29": 0.008199256630310708, "y:30": 0.015651419215595902, "y:31": 0.004161497325783099}, "8": {"y:0": 0.0064296879187171144, "y:1": 0.012075478733183737, "y:2": 0.002878021524139431, "y:3": 0.018185808154522313, "y:4": 0.012288120111168817, "y:5": 0.003743013964053243, "y:6": 0.03303396970880374, "y:7": 0.022141585093160703, "y:8": 0.01602987810403371, "y:9": 0.012463500352216796, "y:10": 0.006600498884689038, "y:11": 0.008638769055236521,