{"0": {"y:0": 79.47349178385153, "y:1": 6.944607458183886, "y:2": 4.813300712339537, "y:3": 4.263484524457461, "y:4": 3.9535394209397343, "y:5": 3.5903311130997935, "y:6": 3.5464188048387664, "y:7": 3.4287476834593993, "y:8": 3.342957134035609, "y:9": 3.1701304764373517}}