{"0": {"y:0": 0.13376646417888383, "y:1": 0.131267477869951, "y:2": 0.213364678789835, "y:3": 0.21172583938452275, "y:4": 0.2116856022175017, "y:5": 0.20531593980262003, "y:6": 0.21122071945505785, "y:7": 0.20956738215540835, "y:8": 0.21123142658108918, "y:9": 0.21012766844188846}, "1": {"y:0": 0.13372483946954114, "y:1": 0.133183433263977, "y:2": 0.20211752007862901, "y:3": 0.1996180595795123, "y:4": 0.20311621791549292, "y:5": 0.19875680953027544, "y:6": 0.19864529082069082, "y:7": 0.19843384360064037, "y:8": 0.19958948163168894, "y:9": 0.19985945775287692}, "2": {"y:0": 0.14733859833942578, "y:1": 0.14667216849123954, "y:2": 0.4095249533303807, "y:3": 0.4157555563426866, "y:4": 0.40967359708905005, "y:5": 0.4162636243196783, "y:6": 0.41047457218244343, "y:7": 0.4175178301250998, "y:8": 0.41839446741127145, "y:9": 0.41681125613049336}, "3": {"y:0": 0.1572510582032519, "y:1": 0.15775496460725266, "y:2": 0.8218227938302937, "y:3": 0.8135480645985768, "y:4": 0.8245979782848184, "y:5": 0.8017776669282839, "y:6": 0.827412557417845, "y:7": 0.8144149667967528, "y:8": 0.8255166828623637, "y:9": 0.7977497542569489}, "4": {"y:0": 0.1595628392799163, "y:1": 0.1591870527240454, "y:2": 1.5043340738571935, "y:3": 1.4557039831605922, "y:4": 1.409705953904692, "y:5": 1.4742833845640169, "y:6": 1.5409369172634613, "y:7": 1.463703707742942, "y:8": 1.516238208180147, "y:9": 1.4338191454378777}, "5": {"y:0": 0.16105958479508833, "y:1": 0.16077709637298102, "y:2": 2.034724381979822, "y:3": 2.408573552097281, "y:4": 1.739409474271274, "y:5": 2.1646217787362674, "y:6": 2.394338729920852, "y:7": 2.186881229580605, "y:8": 2.4742785172638175, "y:9": 2.176228060140121}, "6": {"y:0": 0.1616760373501339, "y:1": 0.16147014382714353, "y:2": 2.3675660959911418, "y:3": 2.825021638377351, "y:4": 1.8166067376176391, "y:5": 2.505212823892053, "y:6": 2.8605897089593615, "y:7": 2.591152422021999, "y:8": 2.880355466801382, "y:9": 2.4873693357914908}, "7": {"y:0": 0.16166212877070174, "y:1": 0.16154036942437824, "y:2": 2.438160497810052, "y:3": 2.979045328724522, "y:4": 1.8557819329028356, "y:5": 2.6176711968698263, "y:6": 3.050435532668239, "y:7": 2.7251946040137653, "y:8": 3.123463737629807, "y:9": 2.5767269854782304}, "8": {"y:0": 0.16168418403948295, "y:1": 0.16163493712029792, "y:2": 2.4368084467666145, "y:3": 2.9724061662169667, "y:4": 1.8571878634763184, "y:5": 2.5865404560466128, "y:6": 3.0583044339141248, "y:7": 2.799797393438254, "y:8": 3.1105306597971287, "y:9": 2.6260495509887845}, "9": {"y:0": 0.16186101590389437, "y:1": 0.1617117037033311, "y:2": 2.4561942777228136, "y:3": 3.133725415007274, "y:4": 1.8734862837840953, "y:5": 2.664734034236925, "y:6": 3.1519502510752564, "y:7": 2.837103111069258, "y:8": 3.2053005079819585, "y:9": 2.6679487798245654}, "10": {"y:0": 0.1617752387138657, "y:1": 0.1618139057112948, "y:2": 2.4689560573649483, "y:3": 3.169300690264108, "y:4": 1.8552219279728144, "y:5": 2.7129499361099962, "y:6": 3.1543853581940136, "y:7": 2.884551606271946, "y:8": 3.303364996645673, "y:9": 2.7184671852061264}, "11": {"y:0": 0.1611446807649573, "y:1": 0.16113316447751427, "y:2": 2.3050243130322716, "y:3": 3.061483319834779, "y:4": 1.7828747015513515, "y:5": 2.688390000418069, "y:6": 2.980297513890328, "y:7": 2.846021677261163, "y:8": 3.1102257159672364, "y:9": 2.713492384965928}}