{"0": {"y:0": 0.12729129755221816, "y:1": 0.02840717172921339, "y:2": 0.129667592078516, "y:3": 0.019579182444944963, "y:4": 0.12365117948610697, "y:5": 0.017270303856580838, "y:6": 0.14981385446250636, "y:7": 0.014808098601051133, "y:8": 0.11730328103183833, "y:9": 0.014931511083288943, "y:10": 0.1054144424762108, "y:11": 0.01705369401921577, "y:12": 0.1283931099086044, "y:13": 0.01833187382897067, "y:14": 0.1365982924251267, "y:15": 0.0202025315051286, "y:16": 0.14702257472011035, "y:17": 0.020390203584031614, "y:18": 0.12779598337238468, "y:19": 0.023626422114005403, "y:20": 0.14055988280799162, "y:21": 0.026568619564103994, "y:22": 0.12105404308031317, "y:23": 0.02871335532553847, "y:24": 0.13300799132260202, "y:25": 0.03737032919526769, "y:26": 0.13400179884761962, "y:27": 0.03480271336287116, "y:28": 0.13452581043771625, "y:29": 0.04049616486700372}, "1": {"y:0": 0.11732079299494663, "y:1": 0.02762471738975705, "y:2": 0.12722875041723553, "y:3": 0.019398119503518753, "y:4": 0.1397267764251678, "y:5": 0.016001534055806985, "y:6": 0.14877756420041702, "y:7": 0.01500023383405384, "y:8": 0.14870424916991515, "y:9": 0.015442152248545431, "y:10": 0.13553763455409557, "y:11": 0.016788465732724345, "y:12": 0.12707554405365343, "y:13": 0.018849266332264664, "y:14": 0.1499788158250822, "y:15": 0.02227724192301786, "y:16": 0.13027833045528203, "y:17": 0.024952012536063443, "y:18": 0.12802274922631318, "y:19": 0.0301271451956233, "y:20": 0.1406830091350811, "y:21": 0.03160312439285288, "y:22": 0.14280758884535602, "y:23": 0.03212445417738666, "y:24": 0.13376456630887795, "y:25": 0.030530534190545962, "y:26": 0.15867697006638873, "y:27": 0.03964390824418029, "y:28": 0.14064644883229704, "y:29": 0.03840873945829198}, "2": {"y:0": 0.10734306456359516, "y:1": 0.05517141247501552, "y:2": 0.13647480991451177, "y:3": 0.049762037152058326, "y:4": 0.13392610078124392, "y:5": 0.039851432267920914, "y:6": 0.1284085734823666, "y:7": 0.03440775159112033, "y:8": 0.12856250253441265, "y:9": 0.02947023978531543, "y:10": 0.12778543075263804, "y:11": 0.028444094434020028, "y:12": 0.13591901947466004, "y:13": 0.02418850115495639, "y:14": 0.12637208192083615, "y:15": 0.02355737888583877, "y:16": 0.14167088453206694, "y:17": 0.02280458304846007, "y:18": 0.12938441472328455, "y:19": 0.021489656853694535, "y:20": 0.12104180739117518, "y:21": 0.020992405610414846, "y:22": 0.14821897657246905, "y:23": 0.019290800035896123, "y:24": 0.13440146460158905, "y:25": 0.018318968760474206, "y:26": 0.13717834548206384, "y:27": 0.01720510740368118, "y:28": 0.12713494407482698, "y:29": 0.0177452505965293}, "3": {"y:0": 0.09113150056725924, "y:1": 0.037588286470846693, "y:2": 0.10042125779961272, "y:3": 0.027813251510882705, "y:4": 0.10817648361612738, "y:5": 0.022401593729144624, "y:6": 0.1160224102512702, "y:7": 0.01979385231015214, "y:8": 0.118814357425955, "y:9": 0.017916923246592296, "y:10": 0.10686448241680041, "y:11": 0.015816701377458057, "y:12": 0.118593242318735, "y:13": 0.015744170183187592, "y:14": 0.10328803489072445, "y:15": 0.015905037979492057, "y:16": 0.11720818402720842, "y:17": 0.016253075700258704, "y:18": 0.11352259833686414, "y:19": 0.01674075032387364, "y:20": 0.12068496935003824, "y:21": 0.017389251866100828, "y:22": 0.112211287812517, "y:23": 0.019763881346105027, "y:24": 0.10729010666712793, "y:25": 0.020191116605020605, "y:26": 0.11105355997559714, "y:27": 0.02220962693203989, "y:28": 0.10994466941690725, "y:29": 0.022325873509224943}, "4": {"y:0": 0.06280400777278315, "y:1": 0.01593642796044898, "y:2": 0.07728487940802624, "y:3": 0.016948717162182467, "y:4": 0.07787159391638039, "y:5": 0.023630975157039793, "y:6": 0.08255457147715183, "y:7": 0.030233496065742785, "y:8": 0.08129894951891652, "y:9": 0.03757484770849736, "y:10": 0.08835795813546507, "y:11": 0.041124354540603376, "y:12": 0.0815020141396456, "y:13": 0.042678105939085165, "y:14": 0.08167125101268598, "y:15": 0.05330743769792212, "y:16": 0.07886302602318154, "y:17": 0.053560265468593216, "y:18": 0.07562613898494758, "y:19": 0.053492850192621004, "y:20": 0.08522013369872208, "y:21": 0.05616446812470389, "y:22": 0.07976514489672108, "y:23": 0.06273533137768898, "y:24": 0.07242235824034782, "y:25": 0.05728735107590647, "y:26": 0.07233917470226672, "y:27": 0.06115824305182062, "y:28": 0.07816987463415864, "y:29": 0.0649581353033876}, "5": {"y:0": 0.07062501472276946, "y:1": 0.059405417934513136, "y:2": 0.06117478855629948, "y:3": 0.09160417279964725, "y:4": 0.05890514049422056, "y:5": 0.09145474040818072, "y:6": 0.05556217475788972, "y:7": 0.09545464038445908, "y:8": 0.049420060417872766, "y:9": 0.09332938127230067, "y:10": 0.044341894031603275, "y:11": 0.10812998956609415, "y:12": 0.04476384398733385, "y:13": 0.10622725689333123, "y:14": 0.04320746411114514, "y:15": 0.10636494354752409, "y:16": 0.040079994864428134, "y:17": 0.1120471826840294, "y:18": 0.03672270960202467, "y:19": 0.10591904626695889, "y:20": 0.034352423415499586, "y:21": 0.11702319505855208, "y:22": 0.03516437298957404, "y:23": 0.12247628774989747, "y:24": 0.030514327218298238, "y:25": 0.11922352780612407, "y:26": 0.026133816132260426, "y:27": 0.11978062907072776, "y:28": 0.027118319223499106, "y:29": 0.10884541021674558}, "6": {"y:0": 0.06472583843355961, "y:1": 0.016864377977328912, "y:2": 0.059135030790499164, "y:3": 0.013836597634114246, "y:4": 0.053745453360361385, "y:5": 0.015049889745079575, "y:6": 0.05312925007059286, "y:7": 0.0164076150785844, "y:8": 0.05088366548400984, "y:9": 0.019149154944118556, "y:10": 0.051573896593125, "y:11": 0.021221426297951197, "y:12": 0.04684807834297407, "y:13": 0.025014454197519985, "y:14": 0.047455277152668104, "y:15": 0.028858256080280774, "y:16": 0.044627090743654715, "y:17": 0.0304601637514107, "y:18": 0.04413814118469742, "y:19": 0.029920250175204815, "y:20": 0.042847635278649134, "y:21": 0.03232196601996693, "y:22": 0.04498625214855015, "y:23": 0.032883562725709164, "y:24": 0.04264645229777118, "y:25": 0.0365004191756278, "y:26": 0.04580854834056823, "y:27": 0.039169059586804916, "y:28": 0.046064372772414194, "y:29": 0.04224627341395339}, "7": {"y:0": 0.06508486276211492, "y:1": 0.0548074935494346, "y:2": 0.08096221863074449, "y:3": 0.036995547758153266, "y:4": 0.09167507095529137, "y:5": 0.0290324894395896, "y:6": 0.10451628098201242, "y:7": 0.028557702594127276, "y:8": 0.10033008912921783, "y:9": 0.026567888562181462, "y:10": 0.10549702169855896, "y:11": 0.027012792523335664, "y:12": 0.11144901003034355, "y:13": 0.02484015398618758, "y:14": 0.1090835590757725, "y:15": 0.02477313676166458, "y:16": 0.11428834076446416, "y:17": 0.026375463481931698, "y:18": 0.1114413258690505, "y:19": 0.0240264720410396, "y:20": 0.1136464049119708, "y:21": 0.02243588592604157, "y:22": 0.11130751930902046, "y:23": 0.021798074404224578, "y:24": 0.1149099724496836, "y:25": 0.021483437557747447, "y:26": 0.12108144643492273, "y:27": 0.021375696762036794, "y:28": 0.10434672293741573, "y:29": 0.020856075082050448}, "8": {"y:0": 0.049948013085663184, "y:1": 0.029351498416252873, "y:2": 0.06805674532514468, "y:3": 0.02083737816652664, "y:4": 0.0838823011427041, "y:5": 0.018555482263525228, "y:6": 0.10031093639727788, "y:7": 0.017401494990002833, "y:8": 0.09715160147601012, "y:9": 0.01740876018659133, "y:10": 0.10681564360422437, "y:11": 0.01858349962421471, "y:12": 0.10130663603969879, "y:13": 0.0178782900008869, "y:14": 0.10384140706407591, "y:15": 0.018308853974592445, "y:16": 0.09919367895675982, "y:17": 0.01735265381347097, "y:18": 0.10555044098227219, "y:19": 0.016793669380406055, "y:20": 0.10209598646104494, "y:21": 0.01658394733171916, "y:22": 0.10472061841522609, "y:23": 0.016789601336186354, "y:24": 0.10436486897952414, "y:25": 0.016656468728441093, "y:26": 0.09737293463660612, "y:27": 0.01628447000502023, "y:28": 0.10860187980323345, "y:29": 0.01607608399303535}, "9": {"y:0": 0.04703406136290268, "y:1": 0.03267025174088284, "y:2": 0.04771240012961873, "y:3": 0.01944911727012121, "y:4": 0.04880796386189201,