{"0": {"y:0": 0.11938539425910846, "y:1": 0.031984768630562765, "y:2": 0.12254036826371359, "y:3": 0.025207246925987296, "y:4": 0.11817268053960013, "y:5": 0.01872879345292124, "y:6": 0.14659277083459407, "y:7": 0.01721788889252917, "y:8": 0.13967293611213816, "y:9": 0.014863492915055166, "y:10": 0.12273807854724265, "y:11": 0.015714177994467598, "y:12": 0.15105378688078408, "y:13": 0.015824095985974455, "y:14": 0.13825833992867465, "y:15": 0.01696563024759174, "y:16": 0.12191099553842226, "y:17": 0.018961078624427655, "y:18": 0.13033864138822637, "y:19": 0.019564926865833655, "y:20": 0.14027276320484477, "y:21": 0.02822479443618748, "y:22": 0.14277966807382142, "y:23": 0.021589748739356093, "y:24": 0.13027446641203821, "y:25": 0.030186636812125633, "y:26": 0.1421499958804649, "y:27": 0.026369815420968237, "y:28": 0.13982051943376778, "y:29": 0.027361586798263036, "y:30": 0.13668881035773295, "y:31": 0.03178527227792851}}