{"0": {"y:0": 0.416738885800835, "y:1": 0.42153458417914197, "y:2": 0.4098639000869523, "y:3": 0.4019342181757292, "y:4": 0.4180140784042107, "y:5": 0.40503738184806604, "y:6": 0.41521485835286237, "y:7": 0.41581214054690085, "y:8": 0.42741238599285963, "y:9": 0.4219538054686879, "y:10": 14.347725195051504}}