{"0": {"y:0": 77.53772008724538, "y:1": 7.755648562985267, "y:2": 5.549907810168761, "y:3": 4.813645655481736, "y:4": 4.217678939068331, "y:5": 3.885009348863923, "y:6": 3.637244015263464, "y:7": 3.3994644488893964, "y:8": 3.367610514592524, "y:9": 3.173554453480881}, "1": {"y:0": 71.53482626022438, "y:1": 8.443177785910663, "y:2": 6.630473884750703, "y:3": 5.533650862455567, "y:4": 4.96078253539049, "y:5": 4.638503787283894, "y:6": 4.398187588849611, "y:7": 4.236502477547797, "y:8": 4.040720677333156, "y:9": 3.9144027748180172}, "2": {"y:0": 72.01372228149863, "y:1": 12.879404618129964, "y:2": 9.468364215096706, "y:3": 8.258263597287701, "y:4": 7.485127894394941, "y:5": 7.078841976157424, "y:6": 6.770358248694928, "y:7": 6.376017891445468, "y:8": 6.278277495448067, "y:9": 6.06071519717236}, "3": {"y:0": 72.43828029615159, "y:1": 8.20909604547582, "y:2": 7.489000087347611, "y:3": 6.945554673102637, "y:4": 6.6111393726983145, "y:5": 6.280652417871336, "y:6": 6.235963710471269, "y:7": 6.060054269111345, "y:8": 5.961987855512326, "y:9": 5.851186042832631}, "4": {"y:0": 69.819477166406, "y:1": 8.423727020674484, "y:2": 9.159044925049393, "y:3": 9.87514175722909, "y:4": 10.150789786348652, "y:5": 9.84814668712491, "y:6": 9.536064251519655, "y:7": 9.57488510140951, "y:8": 9.239995968742466, "y:9": 9.061631256343006}, "5": {"y:0": 74.39083783040238, "y:1": 7.459338284703455, "y:2": 9.17669772323447, "y:3": 11.03921782787774, "y:4": 11.99321386847307, "y:5": 12.935190728415698, "y:6": 13.117541774907384, "y:7": 12.488601925795257, "y:8": 12.40391911739968, "y:9": 11.777302102301821}, "6": {"y:0": 73.78540188676108, "y:1": 7.099414139556336, "y:2": 10.174200457414203, "y:3": 13.521286481549502, "y:4": 15.6571792710328, "y:5": 16.58243042447505, "y:6": 17.508221640044905, "y:7": 17.727766744292317, "y:8": 17.41496429356687, "y:9": 16.743040166556202}, "7": {"y:0": 76.81616558205569, "y:1": 7.501428910194023, "y:2": 11.270434222823788, "y:3": 16.475860052806837, "y:4": 21.12396944768287, "y:5": 24.19461383908753, "y:6": 26.236127680633793, "y:7": 26.97237022576506, "y:8": 27.459847651019082, "y:9": 26.13857078253848}, "8": {"y:0": 73.99425899277105, "y:1": 9.76080532841711, "y:2": 12.230044406567341, "y:3": 19.573894615623953, "y:4": 26.31406895723325, "y:5": 31.34735516948801, "y:6": 33.667089530979844, "y:7": 35.112595647169954, "y:8": 34.8680891366097, "y:9": 34.1137357653807}, "9": {"y:0": 74.48655754990047, "y:1": 13.531662921224502, "y:2": 12.646902643743452, "y:3": 18.405421548836586, "y:4": 26.72083210763181, "y:5": 32.7561671699425, "y:6": 37.625641345669415, "y:7": 38.86293732989784, "y:8": 40.12681852027735, "y:9": 39.156220508786305}, "10": {"y:0": 75.21907084454877, "y:1": 26.739830597758857, "y:2": 22.860005264545922, "y:3": 26.90608028983312, "y:4": 34.878222997973644, "y:5": 42.99067698112374, "y:6": 48.9614010639853, "y:7": 50.85192989450489, "y:8": 47.96066819974628, "y:9": 47.99555542034457}, "11": {"y:0": 72.40402755647605, "y:1": 38.17931299428992, "y:2": 35.032814972902706, "y:3": 39.599834216766205, "y:4": 46.65119119846073, "y:5": 57.3007617295518, "y:6": 58.95695628734936, "y:7": 59.19508881382374, "y:8": 57.452279609787624, "y:9": 54.79864982412146}, "12": {"y:0": 72.33908958401034, "y:1": 46.17902540777082, "y:2": 40.03089615394342, "y:3": 45.03629414081759, "y:4": 54.133004722505504, "y:5": 60.039334928449414, "y:6": 62.118109393032576, "y:7": 61.781063539978206, "y:8": 60.25966253356405, "y:9": 56.579982183056075}, "13": {"y:0": 73.66300540002543, "y:1": 51.07623616758468, "y:2": 45.85506037564926, "y:3": 50.52858940512723, "y:4": 56.10329999053504, "y:5": 61.85224495270798, "y:6": 64.71174295830451, "y:7": 62.25757288394943, "y:8": 61.51359669680932, "y:9": 59.30028856020403}, "14": {"y:0": 73.11094407508142, "y:1": 55.35965686345549, "y:2": 51.69327155635241, "y:3": 55.501557768539676, "y:4": 60.18109127179292, "y:5": 62.83980379055719, "y:6": 65.26925339518773, "y:7": 64.75144099938076, "y:8": 63.29771822150849, "y:9": 61.71503601589898}, "15": {"y:0": 74.62254655711075, "y:1": 59.07099976642876, "y:2": 55.806604168947466, "y:3": 59.7899413635785, "y:4": 63.117681419512564, "y:5": 64.97333050674779, "y:6": 64.71599886043536, "y:7": 64.11867719136927, "y:8": 61.486789540442466, "y:9": 60.48097488269403}, "16": {"y:0": 73.88186186355438, "y:1": 60.20918271798444, "y:2": 56.32888487101941, "y:3": 59.272302585050625, "y:4": 63.619689102067746, "y:5": 65.63654375382653, "y:6": 65.58303340852427, "y:7": 64.31813774692215, "y:8": 63.385434418360504, "y:9": 61.283392278446335}, "17": {"y:0": 74.23830986065991, "y:1": 61.25278016295267, "y:2": 57.48983047660597, "y:3": 60.014949132797256, "y:4": 64.02148219928385, "y:5": 65.99274205209609, "y:6": 66.10287648883164, "y:7": 65.00947769238643, "y:8": 64.37282050629801, "y:9": 62.825723370413264}, "18": {"y:0": 73.8340720746134, "y:1": 60.00011461640351, "y:2": 56.21095329311056, "y:3": 59.45601694102964, "y:4": 63.9569073354806, "y:5": 66.50205563010857, "y:6": 67.85510714685576, "y:7": 66.77710278317035, "y:8": 65.38308199711282, "y:9": 63.9050017628552}}