{"0": {"y:0": 0.005859663039312205, "y:1": 0.09486520882999143, "y:2": 0.19778421861647966, "y:3": 0.19595223694244113, "y:4": 0.08384821273826755, "y:5": 0.019070806569275643, "y:6": 0.0009611379979977533}, "1": {"y:0": 0.006506868309212763, "y:1": 0.09933032659636588, "y:2": 0.20420942202198109, "y:3": 0.20034223753769273, "y:4": 0.08602648446609916, "y:5": 0.018946551162181902, "y:6": 0.0009702079596882447}, "2": {"y:0": 0.04775466776540913, "y:1": 0.20411854518951303, "y:2": 0.2411854545895369, "y:3": 0.2394164352556809, "y:4": 0.10453392067880489, "y:5": 0.047331857828358345, "y:6": 0.006611658738922617}, "3": {"y:0": 0.08629061071466325, "y:1": 0.29864869708985925, "y:2": 0.3764373817301074, "y:3": 0.38590624262432405, "y:4": 0.13896122448127093, "y:5": 0.07135728671320737, "y:6": 0.012436421441756818}, "4": {"y:0": 0.1905973468330659, "y:1": 0.3813653306072585, "y:2": 0.414552670887713, "y:3": 0.42110405097909875, "y:4": 0.15592331048278985, "y:5": 0.11691028569269973, "y:6": 0.028649735735195924}, "5": {"y:0": 0.30450403331591114, "y:1": 0.5882705373639853, "y:2": 0.6401149285937038, "y:3": 0.6278013717673093, "y:4": 0.18385549535314757, "y:5": 0.1730389474815905, "y:6": 0.04363151451462891}, "6": {"y:0": 0.48330045510870984, "y:1": 0.7394742528382492, "y:2": 0.7685642215305536, "y:3": 0.7327154711353647, "y:4": 0.21370526179951993, "y:5": 0.28794993843188205, "y:6": 0.08162512992568006}, "7": {"y:0": 0.6918411043105067, "y:1": 1.0406471355968123, "y:2": 1.1131174062484532, "y:3": 1.1097654218821842, "y:4": 0.23556386027988774, "y:5": 0.3768229812134962, "y:6": 0.10921159605576516}, "8": {"y:0": 1.1143289807996481, "y:1": 1.4254961544550533, "y:2": 1.4870678832986084, "y:3": 1.5093584119969072, "y:4": 0.2611713809590686, "y:5": 0.5858113647461693, "y:6": 0.18980704318573938}, "9": {"y:0": 1.6387418497701876, "y:1": 2.1880646815735334, "y:2": 2.3171528166691866, "y:3": 2.259194134091891, "y:4": 0.276836102327775, "y:5": 0.7176964880820044, "y:6": 0.24411040914270124}, "10": {"y:0": 1.8129425848590308, "y:1": 2.99940432482256, "y:2": 3.1322953238156743, "y:3": 2.656371773614396, "y:4": 0.2926237501052114, "y:5": 0.9095016827047541, "y:6": 0.2797020671380443}, "11": {"y:0": 2.5428403524629677, "y:1": 3.871647923851939, "y:2": 4.620290613964964, "y:3": 3.2246639928370957, "y:4": 0.29224062264390277, "y:5": 1.2269102211552387, "y:6": 0.4249338493663016}, "12": {"y:0": 2.9787156402840975, "y:1": 4.576848538321354, "y:2": 6.081385111301087, "y:3": 3.6435165492191133, "y:4": 0.2908154446218915, "y:5": 1.5228661223663063, "y:6": 0.6048455742004176}, "13": {"y:0": 3.5011592785718695, "y:1": 5.4842335423940805, "y:2": 7.301112639596203, "y:3": 3.694261358370245, "y:4": 0.29382581510947375, "y:5": 2.1019011056697456, "y:6": 0.8205096763478572}, "14": {"y:0": 3.2524513134046704, "y:1": 5.543327425881761, "y:2": 8.493311649015746, "y:3": 4.1337453134275295, "y:4": 0.2940251606128985, "y:5": 2.3923145153125627, "y:6": 0.9772795263302133}, "15": {"y:0": 3.153716081281251, "y:1": 5.8379859585610525, "y:2": 9.031387845876997, "y:3": 4.74720984627225, "y:4": 0.29137356982761736, "y:5": 3.139500281170977, "y:6": 1.1477034323608544}, "16": {"y:0": 2.94905044226551, "y:1": 6.0173255498251335, "y:2": 11.126699375940692, "y:3": 6.673792847791979, "y:4": 0.28832223398660656, "y:5": 3.29342716065293, "y:6": 1.2841481768838394}, "17": {"y:0": 3.921598517986072, "y:1": 8.95128871877857, "y:2": 12.442384511963178, "y:3": 8.202066047368659, "y:4": 0.2883987047995836, "y:5": 3.8672237621868186, "y:6": 1.5217532649313268}, "18": {"y:0": 4.241872751415047, "y:1": 10.838598937192133, "y:2": 15.572117943171122, "y:3": 10.260398792002292, "y:4": 0.2879519523139408, "y:5": 4.05757174874309, "y:6": 1.6675494947246856}, "19": {"y:0": 5.298688191294831, "y:1": 13.880010932749236, "y:2": 18.11241228448167, "y:3": 12.610397486565542, "y:4": 0.2867301214093268, "y:5": 4.63807850171313, "y:6": 1.8157771762425876}, "20": {"y:0": 6.358695559550518, "y:1": 17.240300993135243, "y:2": 22.82203013196995, "y:3": 15.019673833699805, "y:4": 0.28649291317622744, "y:5": 5.428373759829394, "y:6": 2.076597584048267}, "21": {"y:0": 8.10650809770804, "y:1": 21.93313926554617, "y:2": 23.879800401404143, "y:3": 17.62205499998047, "y:4": 0.28664631116176076, "y:5": 6.225970850080981, "y:6": 2.1857322422043177}, "22": {"y:0": 9.659198130219469, "y:1": 25.190510219511, "y:2": 30.19200817323716, "y:3": 19.821313184436075, "y:4": 0.2870484282269951, "y:5": 7.38319908981186, "y:6": 2.4155403401911735}, "23": {"y:0": 11.45795551540814, "y:1": 31.999703843014853, "y:2": 32.7249971611683, "y:3": 22.789570342010137, "y:4": 0.2878147993704571, "y:5": 8.153577354809613, "y:6": 2.6845834827441255}, "24": {"y:0": 13.458248592886386, "y:1": 31.737403660480563, "y:2": 37.240458137702255, "y:3": 25.75191538079497, "y:4": 0.2879515628846078, "y:5": 8.791103558523004, "y:6": 3.162718231338047}, "25": {"y:0": 15.60603081729202, "y:1": 38.939965366189064, "y:2": 37.400079953630076, "y:3": 27.17131829867687, "y:4": 0.2886395594257644, "y:5": 9.742381851252627, "y:6": 3.312561314747802}, "26": {"y:0": 20.474172677095588, "y:1": 39.92055532734375, "y:2": 39.18242878584155, "y:3": 29.084801259589383, "y:4": 0.2887013229976316, "y:5": 10.23965266007872, "y:6": 3.808081266981806}, "27": {"y:0": 23.626775101584673, "y:1": 49.26979219940282, "y:2": 44.607387092919225, "y:3": 32.94622907207207, "y:4": 0.2888942735013863, "y:5": 11.442255219506254, "y:6": 4.3849959789187105}, "28": {"y:0": 29.55222432552981, "y:1": 49.4354918512635, "y:2": 46.5157257047748, "y:3": 33.119023669370684, "y:4": 0.2891448555665776, "y:5": 12.575061371348868, "y:6": 4.994797560158308}, "29": {"y:0": 34.09116587780554, "y:1": 51.93693686729338, "y:2": 47.242680331581546, "y:3": 33.65471964423667, "y:4": 0.28956187569527425, "y:5": 12.465460975567519, "y:6": 5.372785748408155}, "30": {"y:0": 38.593852160369295, "y:1": 56.59948456575555, "y:2": 48.506534272756625, "y:3": 35.11149972438529, "y:4": 0.2893783840654951, "y:5": 12.078906917493754, "y:6": 5.191999890252406}}