{"0": {"y:0": 0.38143251955925483, "y:1": 0.4010404806921241, "y:2": 0.40877272404785964, "y:3": 0.40929887979735724, "y:4": 0.38026397252684124, "y:5": 0.4007029245669199, "y:6": 0.39543531153816436, "y:7": 0.3857937793059254, "y:8": 0.3891610211384493, "y:9": 0.3973444180499784, "y:10": 15.02948609978448}, "1": {"y:0": 0.40677532690612794, "y:1": 0.4019015531571888, "y:2": 0.393333057792304, "y:3": 0.39768004020380804, "y:4": 0.39503820045468646, "y:5": 0.3867326953213511, "y:6": 0.40362263460469316, "y:7": 0.3904328953722277, "y:8": 0.38499950494410545, "y:9": 0.3967712504061264, "y:10": 15.188370511965871}, "2": {"y:0": 0.7343105976687702, "y:1": 0.7286711014248005, "y:2": 0.7062047390530225, "y:3": 0.7459521114658918, "y:4": 0.7437351989432731, "y:5": 0.7204298423636922, "y:6": 0.7310202446749415, "y:7": 0.7273061716786242, "y:8": 0.720557166354242, "y:9": 0.7406127452535413, "y:10": 15.293899126551427}, "3": {"y:0": 1.0012568981349694, "y:1": 0.9476766649233578, "y:2": 1.0477523348881077, "y:3": 1.01055088991657, "y:4": 1.001829394031966, "y:5": 0.9872563592368093, "y:6": 1.0565000683895207, "y:7": 1.0158060685211345, "y:8": 1.03161521886662, "y:9": 0.9945375726695638, "y:10": 14.8050946470953}, "4": {"y:0": 1.2057914297542232, "y:1": 1.1775157838948607, "y:2": 1.1943338460666966, "y:3": 1.228784097057104, "y:4": 1.2270957138888916, "y:5": 1.2180793423940617, "y:6": 1.243279367973717, "y:7": 1.2308508640187943, "y:8": 1.1961803319797952, "y:9": 1.176782650212265, "y:10": 14.772334046331945}, "5": {"y:0": 1.2413557835222166, "y:1": 1.290012544031668, "y:2": 1.294498560605741, "y:3": 1.2331919019026434, "y:4": 1.2545287341380484, "y:5": 1.266327823368692, "y:6": 1.275644338111055, "y:7": 1.277889378188385, "y:8": 1.2324279194311392, "y:9": 1.2517827349594375, "y:10": 15.08441204836431}, "6": {"y:0": 1.3045634442550573, "y:1": 1.309040908551026, "y:2": 1.315130899387252, "y:3": 1.3259606804084316, "y:4": 1.2994739703651446, "y:5": 1.342041405253607, "y:6": 1.3262751762808647, "y:7": 1.3103865958131027, "y:8": 1.3092275497548687, "y:9": 1.3175399461920827, "y:10": 14.704683595678146}, "7": {"y:0": 1.33251388833044, "y:1": 1.3239077647407642, "y:2": 1.320599120961522, "y:3": 1.3290343849068413, "y:4": 1.3314801032255172, "y:5": 1.3251657900784228, "y:6": 1.3454705731237757, "y:7": 1.3346815548802042, "y:8": 1.3301743198780867, "y:9": 1.3503743910476305, "y:10": 14.660365737084515}, "8": {"y:0": 1.3462557763333953, "y:1": 1.3509802905218107, "y:2": 1.3423889126639603, "y:3": 1.349934797334123, "y:4": 1.33687211698235, "y:5": 1.3348363203122, "y:6": 1.3410157750852665, "y:7": 1.3419975329323888, "y:8": 1.3321657858151326, "y:9": 1.3483021938825153, "y:10": 14.882286411236203}, "9": {"y:0": 1.3758612177905132, "y:1": 1.3631814286747135, "y:2": 1.362137552668525, "y:3": 1.3678505714983766, "y:4": 1.3602058634232044, "y:5": 1.3871306814793158, "y:6": 1.3551077542289744, "y:7": 1.3659028761841028, "y:8": 1.3631602561025395, "y:9": 1.3615716266736155, "y:10": 14.841256829981722}}