{"0": {"y:0": 25.813432892261204, "y:1": 1.7461651460684342, "y:2": 2.254058150100438, "y:3": 1.8083774556176564, "y:4": 1.5619798648314955, "y:5": 1.4788764673127874, "y:6": 1.4701877555959577, "y:7": 1.434472073592946, "y:8": 2.1673969332929146, "y:9": 1.3898113807067645}, "1": {"y:0": 25.27665975249376, "y:1": 1.6934349830430617, "y:2": 2.135161889382704, "y:3": 1.6803729437059707, "y:4": 1.4571104037130622, "y:5": 1.390294123327357, "y:6": 1.3565269146734784, "y:7": 1.3403576327375595, "y:8": 1.9399142694888605, "y:9": 1.2722830854614613}, "2": {"y:0": 25.862544577130528, "y:1": 2.1529343096235967, "y:2": 3.2326461560984834, "y:3": 2.526919476887033, "y:4": 2.1971604214342797, "y:5": 2.124514397256334, "y:6": 2.0775350499625618, "y:7": 2.078325297274549, "y:8": 3.3752312214651496, "y:9": 1.982417945083936}, "3": {"y:0": 25.924361140477, "y:1": 2.419794434862903, "y:2": 3.57774898535938, "y:3": 3.1178347881307924, "y:4": 2.7980491782070263, "y:5": 2.739243914218196, "y:6": 2.7464652024088774, "y:7": 2.7424478568279365, "y:8": 3.0444853393676596, "y:9": 2.6604746747067938}, "4": {"y:0": 25.97706895475459, "y:1": 2.7608673985873935, "y:2": 4.592308654632688, "y:3": 4.3163064368878645, "y:4": 3.934746322851723, "y:5": 3.905719127392511, "y:6": 3.9758284768380383, "y:7": 4.081640834383439, "y:8": 3.1620370056140223, "y:9": 3.85176689187973}, "5": {"y:0": 26.64514344505403, "y:1": 3.7701901811773033, "y:2": 5.528954099094974, "y:3": 6.468027446079661, "y:4": 6.057246435932702, "y:5": 5.991849917715087, "y:6": 6.05217840939501, "y:7": 6.104956967800167, "y:8": 3.111783519988578, "y:9": 5.554179613356452}, "6": {"y:0": 25.76628759593245, "y:1": 5.717102479161802, "y:2": 6.107492929897904, "y:3": 10.01208354420607, "y:4": 9.719031558827595, "y:5": 9.179277862687057, "y:6": 9.020462349929575, "y:7": 9.374967136877475, "y:8": 3.3241177641284048, "y:9": 7.7875308673642145}, "7": {"y:0": 25.191725454101306, "y:1": 8.435846175431495, "y:2": 5.931619062237137, "y:3": 12.646005711155047, "y:4": 15.176814380006737, "y:5": 13.320779906555142, "y:6": 13.265709264569772, "y:7": 13.683439022165594, "y:8": 3.385277732588968, "y:9": 10.110168707120136}, "8": {"y:0": 25.626879580362978, "y:1": 13.387718625568981, "y:2": 5.6817313766969795, "y:3": 12.635683055625297, "y:4": 21.761462427896728, "y:5": 18.296705889110214, "y:6": 17.817513538984077, "y:7": 18.587621695027778, "y:8": 3.3958562813236193, "y:9": 12.020103223958909}, "9": {"y:0": 26.055344418730844, "y:1": 19.31423291256847, "y:2": 5.344242691122848, "y:3": 11.255622333432324, "y:4": 26.516140144221758, "y:5": 22.217070467458214, "y:6": 22.129680016532408, "y:7": 22.63779123112023, "y:8": 3.32951539994439, "y:9": 14.086823925893263}, "10": {"y:0": 26.14306480754347, "y:1": 24.791464037139516, "y:2": 5.227708166812051, "y:3": 10.922425280560251, "y:4": 30.768761181509383, "y:5": 26.778091405613576, "y:6": 26.07704286968886, "y:7": 27.60348738113929, "y:8": 3.280490183279261, "y:9": 15.955084846872005}, "11": {"y:0": 25.877417297726968, "y:1": 27.204967691432184, "y:2": 5.074270902632545, "y:3": 10.170501164071684, "y:4": 30.81428552233545, "y:5": 29.778872728567404, "y:6": 29.455927247727555, "y:7": 30.975311509224746, "y:8": 3.2243922440630914, "y:9": 18.18896154406835}, "12": {"y:0": 25.895248189822034, "y:1": 29.88021922223003, "y:2": 5.028589544933335, "y:3": 10.068019586044189, "y:4": 31.527546756934957, "y:5": 31.61293663159666, "y:6": 31.023405834753447, "y:7": 31.741288411535834, "y:8": 3.2066498608427514, "y:9": 18.90805215454272}, "13": {"y:0": 26.003123425429095, "y:1": 30.65110394930812, "y:2": 4.976792024215642, "y:3": 9.868804618697114, "y:4": 31.040858528887394, "y:5": 31.589904817466323, "y:6": 31.521801532531377, "y:7": 31.921388949476327, "y:8": 3.188088046088618, "y:9": 19.56267495494306}}