{"0": {"y:0": 0.0059667471234929595, "y:1": 0.008937948756607002, "y:2": 0.003320852946987891, "y:3": 0.00450463331701525, "y:4": 0.006737768756707568, "y:5": 0.007539063273401781, "y:6": 0.016247430549180077, "y:7": 0.0057105264959939036, "y:8": 0.006308520606795083, "y:9": 0.007384013658295453, "y:10": 0.004573497874052612, "y:11": 0.004061855641342725, "y:12": 0.0029355938816229264, "y:13": 0.007891138364272535, "y:14": 0.013765048125403271, "y:15": 0.005298483719593841, "y:16": 0.0062622953367132955, "y:17": 0.006765343374780086, "y:18": 0.004822269170378685, "y:19": 0.003597143652398346, "y:20": 0.015746278130211934, "y:21": 0.0031782790257901612, "y:22": 0.003608478858919246, "y:23": 0.012410014375488401, "y:24": 0.007664719159735151, "y:25": 0.008887589904698276, "y:26": 0.003741352587277564, "y:27": 0.004564564784095488, "y:28": 0.00829566498115924, "y:29": 0.0029727897709796026, "y:30": 0.01130106430807935, "y:31": 0.004721256746808643}, "1": {"y:0": 0.005907636738613681, "y:1": 0.009411588669789056, "y:2": 0.003297171317738146, "y:3": 0.00397489302040205, "y:4": 0.0066907791349095054, "y:5": 0.007851672013381317, "y:6": 0.0171611757480687, "y:7": 0.005846792751688046, "y:8": 0.006306444196306722, "y:9": 0.008305098678222194, "y:10": 0.004585455535564883, "y:11": 0.0038364418487138612, "y:12": 0.0029336810736826035, "y:13": 0.008341882933731205, "y:14": 0.014171980416590447, "y:15": 0.005265997911496397, "y:16": 0.006232866595650079, "y:17": 0.007192503030922736, "y:18": 0.004811261848741609, "y:19": 0.003551890839534711, "y:20": 0.01638554014646495, "y:21": 0.0031568958190887875, "y:22": 0.0036403418674936243, "y:23": 0.013519513674261357, "y:24": 0.007614126688864076, "y:25": 0.009740049076546329, "y:26": 0.0037641993507445157, "y:27": 0.004724321082860072, "y:28": 0.008229166674375538, "y:29": 0.002977612041285126, "y:30": 0.011393095326263316, "y:31": 0.004728822921130488}, "2": {"y:0": 0.0058947975409410274, "y:1": 0.011976980129969011, "y:2": 0.0033024090489589663, "y:3": 0.006351901032504352, "y:4": 0.0065813215545904935, "y:5": 0.011125841746412245, "y:6": 0.017105884994830116, "y:7": 0.01678541777696245, "y:8": 0.00635252473830976, "y:9": 0.013520914596376821, "y:10": 0.0046007065850711334, "y:11": 0.0064611372852784905, "y:12": 0.002925173039368602, "y:13": 0.015376278818579496, "y:14": 0.014207025379018145, "y:15": 0.009441038202038973, "y:16": 0.006219091195840124, "y:17": 0.014454881103588836, "y:18": 0.004832746467697037, "y:19": 0.0045981782353572845, "y:20": 0.016060744024566555, "y:21": 0.003922904460938918, "y:22": 0.0036193730106075994, "y:23": 0.010996865966016466, "y:24": 0.007575416742975972, "y:25": 0.011395518423131563, "y:26": 0.0037464918717092046, "y:27": 0.005896078311626087, "y:28": 0.008206599566758862, "y:29": 0.003358217903309394, "y:30": 0.011465512100336537, "y:31": 0.005679427202805014}, "3": {"y:0": 0.005886620625032727, "y:1": 0.01214859519358941, "y:2": 0.003306867769251448, "y:3": 0.006914135198890372, "y:4": 0.006645946376145421, "y:5": 0.011570016744962969, "y:6": 0.016644387777007223, "y:7": 0.024285598547261793, "y:8": 0.0063480660659225915, "y:9": 0.015291454947168936, "y:10": 0.004586936904594263, "y:11": 0.007693969587354291, "y:12": 0.0029298076035223575, "y:13": 0.020870810437216097, "y:14": 0.013929807726562863, "y:15": 0.013947026695737323, "y:16": 0.006228572460844825, "y:17": 0.025716524127858503, "y:18": 0.004799982971823307, "y:19": 0.005666339829136614, "y:20": 0.016184668841105195, "y:21": 0.004649016912140099, "y:22": 0.0036018213475870245, "y:23": 0.011753796455156295, "y:24": 0.007616129945151497, "y:25": 0.01772852803316746, "y:26": 0.003748509737379455, "y:27": 0.008071575324509719, "y:28": 0.008317877086376808, "y:29": 0.003988505806044246, "y:30": 0.011572625708996965, "y:31": 0.007442338459457633}, "4": {"y:0": 0.005851695449337722, "y:1": 0.012024305215133948, "y:2": 0.0032986182236866587, "y:3": 0.007165338071529198, "y:4": 0.006638975844650576, "y:5": 0.011175407942783952, "y:6": 0.016984884855909915, "y:7": 0.03135435968126602, "y:8": 0.006273256630983477, "y:9": 0.015329208656926264, "y:10": 0.004576061895739113, "y:11": 0.008347081293304793, "y:12": 0.0029232386610828494, "y:13": 0.02071079987654261, "y:14": 0.013998863290032092, "y:15": 0.016398494257448538, "y:16": 0.006221129188875288, "y:17": 0.03586259370474924, "y:18": 0.004820251829862652, "y:19": 0.006272574936449477, "y:20": 0.016187810491309716, "y:21": 0.005082393313344441, "y:22": 0.003616774422901681, "y:23": 0.01136567027772583, "y:24": 0.007563982120954893, "y:25": 0.01900166223180514, "y:26": 0.003741378790263053, "y:27": 0.009585521104979055, "y:28": 0.008252272635316844, "y:29": 0.004333051335947765, "y:30": 0.011444182568725718, "y:31": 0.00903030392229308}, "5": {"y:0": 0.005860776421068994, "y:1": 0.012106021457570271, "y:2": 0.003301416834505536, "y:3": 0.0071964383097169685, "y:4": 0.006624981435986046, "y:5": 0.011030893279120544, "y:6": 0.016837957663321818, "y:7": 0.03398322266102414, "y:8": 0.006282682114262966, "y:9": 0.015112980274378825, "y:10": 0.004604105643181539, "y:11": 0.008684740355557555, "y:12": 0.0029259686470599366, "y:13": 0.021172747664744997, "y:14": 0.014071502752893036, "y:15": 0.018239367105451543, "y:16": 0.006209143514981359, "y:17": 0.04103658150421583, "y:18": 0.0048086665972425615, "y:19": 0.006510319816544076, "y:20": 0.016018077612640715, "y:21": 0.005268141715014177, "y:22": 0.0036189290115229028, "y:23": 0.01112664791731105, "y:24": 0.0075707088289223715, "y:25": 0.0206594576012775, "y:26": 0.0037498997246797486, "y:27": 0.010469782238753812, "y:28": 0.008239408187139223, "y:29": 0.0045178464932576715, "y:30": 0.011378603563933139, "y:31": 0.009902681539642877}, "6": {"y:0": 0.005878881104728726, "y:1": 0.012058929831796475, "y:2": 0.003310888822014425, "y:3": 0.00697066260029012, "y:4": 0.00666339747432258, "y:5": 0.01108694198555255, "y:6": 0.017005137541377936, "y:7": 0.02901412749295419, "y:8": 0.00633032004906988, "y:9": 0.01508983724492809, "y:10": 0.00457495909364898, "y:11": 0.008213910182556837, "y:12": 0.002929999668961342, "y:13": 0.019663570428810867, "y:14": 0.014157707411525014, "y:15": 0.01586180321100411, "y:16": 0.00623243639682111, "y:17": 0.030034321136420863, "y:18": 0.004818256073063947, "y:19": 0.006078833245240126, "y:20": 0.016252075004942943, "y:21": 0.004997733961181027, "y:22": 0.0036110461188256326, "y:23": 0.011127871199701185, "y:24": 0.0075994216961381865, "y:25": 0.017876908697486517, "y:26": 0.0037403970486737563, "y:27": 0.009153584725111708, "y:28": 0.008262607045767256, "y:29": 0.004236098840729506, "y:30": 0.011388066702063743, "y:31": 0.00855999438452228}, "7": {"y:0": 0.005885144508758761, "y:1": 0.011947956460540273, "y:2": 0.0033076361967319533, "y:3": 0.00691691263068877, "y:4": 0.006659253241863847, "y:5": 0.010973308904384714, "y:6": 0.016865774387134696, "y:7": 0.02803262284976953, "y:8": 0.00631015618284764, "y:9": 0.014405677076956806, "y:10": 0.004594581321096238, "y:11": 0.008276910007688525, "y:12": 0.0029286226163636416, "y:13": 0.018916125214656288, "y:14": 0.014035027531463622, "y:15": 0.016057840147028324, "y:16": 0.006238797484009257, "y:17": 0.03046512812493946, "y:18": 0.0048204850582783745, "y:19": 0.006171879253317545, "y:20": 0.01613217157362878, "y:21": 0.005008231932971848, "y:22": 0.0036198061571908243, "y:23": 0.011121869689270356, "y:24": 0.007582007495395328, "y:25": 0.017316998856884265, "y:26": 0.003746614256871202, "y:27": 0.009332380054717452, "y:28": 0.008234882614693457, "y:29": 0.004278507868633054, "y:30": 0.011460815444611399, "y:31": 0.008760993209399652}, "8": {"y:0": 0.005894976732855932, "y:1": 0.011836960711641222, "y:2": 0.0033158222133141055, "y:3": 0.006233363078843926, "y:4": 0.006689813885593134, "y:5": 0.010471752211161315, "y:6": 0.016632722682178212, "y:7": 0.0160985208710642, "y:8": 0.006329533731597014, "y:9": 0.01213845224427198, "y:10": 0.004599647875347094,