{"0": {"y:0": 0.11783232505507601, "y:1": 0.023498597786362478, "y:2": 0.1349622047538558, "y:3": 0.016233798859271766, "y:4": 0.144992939000658, "y:5": 0.015623631182290827, "y:6": 0.13862080150309494, "y:7": 0.01662325790316234, "y:8": 0.13247724329356073, "y:9": 0.019072996553485485, "y:10": 0.13786075867969114, "y:11": 0.02422026380765186, "y:12": 0.1391404652977821, "y:13": 0.030270041289033163, "y:14": 0.1420808729025563, "y:15": 0.03215325807765486, "y:16": 0.14122228912946447, "y:17": 0.03809336459111728, "y:18": 0.13180932724326755, "y:19": 0.03907867788848503, "y:20": 0.14728092933184947, "y:21": 0.036933529021731734, "y:22": 0.15179040076509312, "y:23": 0.04199561375854537, "y:24": 0.14179449369062047, "y:25": 0.04715728191795856, "y:26": 0.13600121793810177, "y:27": 0.05014422727784168, "y:28": 0.13928016733261483, "y:29": 0.056605164964888606, "y:30": 0.14041880895262238, "y:31": 0.04880229228125542}}