{"0": {"y:0": 0.12960782630296958, "y:1": 0.03278350807694445, "y:2": 0.11484676978603155, "y:3": 0.020710014666953228, "y:4": 0.11672055088715351, "y:5": 0.017169587370549848, "y:6": 0.13814578573821767, "y:7": 0.015918808110104255, "y:8": 0.1504233906847651, "y:9": 0.016020767258896982, "y:10": 0.1454751632185903, "y:11": 0.016323348057048152, "y:12": 0.13971820711543495, "y:13": 0.018203471290169287, "y:14": 0.13594189101652407, "y:15": 0.02038163592545279, "y:16": 0.14570424239196209, "y:17": 0.02103293800993443, "y:18": 0.1475095975534421, "y:19": 0.023269526832059642, "y:20": 0.15085693591128757, "y:21": 0.025759755404159264, "y:22": 0.14183199537194785, "y:23": 0.027320046507521695, "y:24": 0.14757019080287542, "y:25": 0.030718909767590796, "y:26": 0.1454886344589649, "y:27": 0.03164002927646104, "y:28": 0.12935012733893436, "y:29": 0.0322437865195302, "y:30": 0.12410414112031039, "y:31": 0.03713130001232891}}