{"0": {"y:0": 0.3932962604969722, "y:1": 0.38110652871389156, "y:2": 0.37238656450963253, "y:3": 0.38387339820716593, "y:4": 0.38201778682844223, "y:5": 0.3869382537551036, "y:6": 0.3795289393769043, "y:7": 0.38334863805922137, "y:8": 0.38234622397295254, "y:9": 0.38824968342368277, "y:10": 15.821907185420077}}