{"0": {"y:0": 0.00455839126871019, "y:1": 0.009622297058512022, "y:2": 0.005665122858211873, "y:3": 0.0022714025583058127, "y:4": 0.01740933684155585, "y:5": 0.004174617835247713, "y:6": 0.01918908133033103, "y:7": 0.007751882601049161, "y:8": 0.008781655476882042, "y:9": 0.008377742093832104, "y:10": 0.003318921797398325, "y:11": 0.0050343356019687275, "y:12": 0.016671060027981133, "y:13": 0.0022235740977873293, "y:14": 0.023028183420047005, "y:15": 0.004940766268772525, "y:16": 0.013651503810074161, "y:17": 0.010425994932356837, "y:18": 0.07709967118674478, "y:19": 0.01808569269362109, "y:20": 0.00806459699475139, "y:21": 0.0017167535592130711, "y:22": 0.06115758898738884, "y:23": 0.023063456479234804, "y:24": 0.050794895845402796, "y:25": 0.009048122629004259, "y:26": 0.044105106157050475, "y:27": 0.016814003143448275, "y:28": 0.007276653346921027, "y:29": 0.02209831008676871}, "1": {"y:0": 0.004555672274867677, "y:1": 0.008887342353197377, "y:2": 0.005598148113187914, "y:3": 0.0020873303666352695, "y:4": 0.01814904391819732, "y:5": 0.003849898718461667, "y:6": 0.019385860639027076, "y:7": 0.008328540064136011, "y:8": 0.008787031060489362, "y:9": 0.01041672125336632, "y:10": 0.0033581386776523016, "y:11": 0.005033771233465097, "y:12": 0.0164953603352699, "y:13": 0.0022178034008259813, "y:14": 0.022385528837280035, "y:15": 0.0051248336022068925, "y:16": 0.013655614857367004, "y:17": 0.011250244471405952, "y:18": 0.06852632274155593, "y:19": 0.02816421512614126, "y:20": 0.00800928922602111, "y:21": 0.0017206823439570717, "y:22": 0.0682945977140477, "y:23": 0.030068916305473627, "y:24": 0.0530022636616327, "y:25": 0.009250120758482602, "y:26": 0.04548053971864878, "y:27": 0.020101139489864552, "y:28": 0.007362694397325147, "y:29": 0.02845629809273589}, "2": {"y:0": 0.004539927440780858, "y:1": 0.009840911653081841, "y:2": 0.005558119158508318, "y:3": 0.0020736028336184923, "y:4": 0.017738029551811477, "y:5": 0.004017481606547102, "y:6": 0.018977114619282868, "y:7": 0.009532717584208521, "y:8": 0.00878746430990549, "y:9": 0.013953530255318081, "y:10": 0.0033453147850058852, "y:11": 0.00528628022076246, "y:12": 0.01654396596215973, "y:13": 0.002243118806286309, "y:14": 0.02287981558553105, "y:15": 0.005283769765656513, "y:16": 0.01345604580476451, "y:17": 0.012744422399107455, "y:18": 0.07286562364510507, "y:19": 0.0497426527097758, "y:20": 0.008062110804542165, "y:21": 0.00173665407989942, "y:22": 0.08315139032931602, "y:23": 0.050676399965656774, "y:24": 0.05018511856459566, "y:25": 0.009485162900392339, "y:26": 0.048402972905591174, "y:27": 0.02678549722499245, "y:28": 0.0073456744273629965, "y:29": 0.04561166556574718}, "3": {"y:0": 0.004534835979049789, "y:1": 0.01444197316623817, "y:2": 0.005550548685693211, "y:3": 0.002282627225751897, "y:4": 0.01800489410730839, "y:5": 0.004376493024235374, "y:6": 0.018668660045570384, "y:7": 0.010448720187609844, "y:8": 0.008876898772109575, "y:9": 0.0144584232478032, "y:10": 0.0033303611869818263, "y:11": 0.0054037957145523716, "y:12": 0.016432556514175294, "y:13": 0.002259884672481022, "y:14": 0.023190426133310776, "y:15": 0.005366428952488167, "y:16": 0.013533104059958912, "y:17": 0.013349776024396834, "y:18": 0.07217252868410676, "y:19": 0.038408154690467836, "y:20": 0.00810018699091871, "y:21": 0.0017367213195791178, "y:22": 0.07037192275423464, "y:23": 0.04560352010680679, "y:24": 0.05210267296396119, "y:25": 0.00956494963234889, "y:26": 0.045079739893371454, "y:27": 0.028184884150647144, "y:28": 0.0073875398739769475, "y:29": 0.048055496585932}, "4": {"y:0": 0.004572350090472754, "y:1": 0.018335667452882093, "y:2": 0.005566770395540791, "y:3": 0.0023367454469057727, "y:4": 0.01827953354241881, "y:5": 0.004647161990890097, "y:6": 0.01931774473200951, "y:7": 0.011842653679771876, "y:8": 0.008846159511696863, "y:9": 0.01700329733943509, "y:10": 0.0033504918826386264, "y:11": 0.005540204541112157, "y:12": 0.016763609338478303, "y:13": 0.002275611868717367, "y:14": 0.02318887997445898, "y:15": 0.005428990832208451, "y:16": 0.013737234679132779, "y:17": 0.013584077535755777, "y:18": 0.06844348031145295, "y:19": 0.03929754958090124, "y:20": 0.00801300891356073, "y:21": 0.0017418680077766144, "y:22": 0.0769582889235547, "y:23": 0.05039794184040024, "y:24": 0.05298597412821663, "y:25": 0.009651836900227875, "y:26": 0.047113716053591374, "y:27": 0.029274017855569275, "y:28": 0.007380980328441949, "y:29": 0.051707281901561444}, "5": {"y:0": 0.004573698071080448, "y:1": 0.02058675441940931, "y:2": 0.005593498966464147, "y:3": 0.00247215096748551, "y:4": 0.018104455106406136, "y:5": 0.005302019565677521, "y:6": 0.018996514873448878, "y:7": 0.016032393358651063, "y:8": 0.008835208476680526, "y:9": 0.02420621630231655, "y:10": 0.003341152123170501, "y:11": 0.006066781148424291, "y:12": 0.01676115894047808, "y:13": 0.0023425646642706963, "y:14": 0.02302570202712954, "y:15": 0.005712565284758268, "y:16": 0.013506489567264553, "y:17": 0.014797906103093578, "y:18": 0.07345727256602595, "y:19": 0.033710056938380015, "y:20": 0.008038168817392359, "y:21": 0.001753922826159665, "y:22": 0.07167909481783136, "y:23": 0.04431691055973381, "y:24": 0.05136138634513462, "y:25": 0.009863429308598735, "y:26": 0.04798742287833389, "y:27": 0.03230080036726494, "y:28": 0.00732343980570778, "y:29": 0.05525817213813768}, "6": {"y:0": 0.004558809391488317, "y:1": 0.021289682855318893, "y:2": 0.005559878811742287, "y:3": 0.00252592830827399, "y:4": 0.01794497395537363, "y:5": 0.005636150182983117, "y:6": 0.018994091910524823, "y:7": 0.019611487935363433, "y:8": 0.008850624974828416, "y:9": 0.03341459586939927, "y:10": 0.003336209573798132, "y:11": 0.0063987105417159015, "y:12": 0.016643077162495797, "y:13": 0.00238104910250151, "y:14": 0.023597027315416182, "y:15": 0.00592950721700675, "y:16": 0.013602699668791298, "y:17": 0.015713150236228497, "y:18": 0.0755439089894949, "y:19": 0.03561828242400978, "y:20": 0.008014948948591873, "y:21": 0.0017664897469991734, "y:22": 0.07754183727528417, "y:23": 0.04512737482903165, "y:24": 0.05106092452723603, "y:25": 0.010154072891604126, "y:26": 0.047597865468302705, "y:27": 0.03411538980131384, "y:28": 0.007361976352578065, "y:29": 0.059223865779404285}, "7": {"y:0": 0.004553856054242622, "y:1": 0.019852574623341442, "y:2": 0.005571486347090685, "y:3": 0.0025861241728533596, "y:4": 0.017953421129565703, "y:5": 0.006015655632861408, "y:6": 0.019183899677863138, "y:7": 0.026358603184612986, "y:8": 0.008903746149934343, "y:9": 0.03918375182823252, "y:10": 0.003338417892810975, "y:11": 0.006922567221629584, "y:12": 0.016660881545998752, "y:13": 0.0024453196899099573, "y:14": 0.02305071953291503, "y:15": 0.006259238321211378, "y:16": 0.013470395956023234, "y:17": 0.019236072360346017, "y:18": 0.07419175527012281, "y:19": 0.026949661549316693, "y:20": 0.008047315432186924, "y:21": 0.00178234382715804, "y:22": 0.07475281882651655, "y:23": 0.03531501601627007, "y:24": 0.05341208183083786, "y:25": 0.010622668407995597, "y:26": 0.04737720060573615, "y:27": 0.03935592997104583, "y:28": 0.007346638890522318, "y:29": 0.06100632783480727}, "8": {"y:0": 0.004551462248241527, "y:1": 0.019825194233717813, "y:2": 0.005567271655991989, "y:3": 0.0025922953435045734, "y:4": 0.018082551240380315, "y:5": 0.006058295576748194, "y:6": 0.018860044524389177, "y:7": 0.02679448499682751, "y:8": 0.008829494046357553, "y:9": 0.04351243775316084, "y:10": 0.0033350349541239493, "y:11": 0.00697988827520541, "y:12": 0.01662407470782347, "y:13": 0.0024515960988927966, "y:14": 0.022927404418689366, "y:15": 0.006348059637135185, "y:16": 0.013557421062471917, "y:17": 0.018959251061740096, "y:18": 0.07362643994305731, "y:19": 0.0273594760762467, "y:20": 0.0080105712035683, "y:21": 0.0017858869806244072, "y:22": 0.07670869172652367, "y:23": 0.03657886580911692, "y:24": 0.052405121305132994, "y:25": 0.010650366406002481, "y:26": 0.0480147949702789, "y:27": 0.04011194572323804, "y:28": 0.007355817187456973, "y:29": 0.06337325763787464},