{"0": {"y:0": 0.12109527335324718, "y:1": 0.01654748699481835, "y:2": 0.1304416865495325, "y:3": 0.01688692908816068, "y:4": 0.12025195999407003, "y:5": 0.020369098456372546, "y:6": 0.1264908468626541, "y:7": 0.025568144224022656, "y:8": 0.1466024246321285, "y:9": 0.03586336115859852, "y:10": 0.1179813764889026, "y:11": 0.03958023274889756, "y:12": 0.1288467296534432, "y:13": 0.04613453823212045, "y:14": 0.14498417874445413, "y:15": 0.04251921246838731, "y:16": 0.1301926523952897, "y:17": 0.04572085441416125, "y:18": 0.14474904400109376, "y:19": 0.04322409984063749, "y:20": 0.10651472938653833, "y:21": 0.0520725473004969, "y:22": 0.12388584779229857, "y:23": 0.049538975130551006, "y:24": 0.14144893570308506, "y:25": 0.05133389039652605, "y:26": 0.140045217480529, "y:27": 0.046841150603121794, "y:28": 0.12251919320082166, "y:29": 0.05625879119398446}, "1": {"y:0": 0.11728005206003035, "y:1": 0.02870076236281676, "y:2": 0.11607046865077268, "y:3": 0.018236377077980797, "y:4": 0.13421021827943314, "y:5": 0.015746743504916352, "y:6": 0.1434554612577477, "y:7": 0.016308115909787056, "y:8": 0.14455149024482056, "y:9": 0.01774517897424931, "y:10": 0.13205513325203516, "y:11": 0.019772528613134038, "y:12": 0.14198649860206275, "y:13": 0.022029866052510422, "y:14": 0.12397331895773021, "y:15": 0.024470980611045183, "y:16": 0.15048083900128578, "y:17": 0.026558205268178373, "y:18": 0.13726151417013138, "y:19": 0.032454352664160135, "y:20": 0.1283451037652083, "y:21": 0.03697900396607035, "y:22": 0.13328708995085686, "y:23": 0.03674201389519039, "y:24": 0.14806492912707006, "y:25": 0.03679965959475592, "y:26": 0.1355458276315438, "y:27": 0.037477244830582686, "y:28": 0.13930584224849848, "y:29": 0.04242852635825011}, "2": {"y:0": 0.11588287181529487, "y:1": 0.06557058176109284, "y:2": 0.11563587668376238, "y:3": 0.0508222122049349, "y:4": 0.12990839144042815, "y:5": 0.04004457881593831, "y:6": 0.13236975569047635, "y:7": 0.03425101921059769, "y:8": 0.13314152224553824, "y:9": 0.027956016048630926, "y:10": 0.14172357744828948, "y:11": 0.025489426882708957, "y:12": 0.1407491204759569, "y:13": 0.02276186419132396, "y:14": 0.15493679303476945, "y:15": 0.022020230139732245, "y:16": 0.1404411890934368, "y:17": 0.02109423140418965, "y:18": 0.1325933934954144, "y:19": 0.02003673870722404, "y:20": 0.14319918493651224, "y:21": 0.01950191461060154, "y:22": 0.12065871067782034, "y:23": 0.01934413358904785, "y:24": 0.13786568647990247, "y:25": 0.020759038562153487, "y:26": 0.12365535922351716, "y:27": 0.021648953814626785, "y:28": 0.12682349567681322, "y:29": 0.02200013642860573}, "3": {"y:0": 0.09827850392398815, "y:1": 0.057605741730083204, "y:2": 0.11660873859670746, "y:3": 0.040908387325982204, "y:4": 0.12269749732331936, "y:5": 0.03318593940157027, "y:6": 0.1277860614868968, "y:7": 0.028290352579577308, "y:8": 0.12201641649515028, "y:9": 0.024252941462731208, "y:10": 0.13567646375692702, "y:11": 0.02207916895461746, "y:12": 0.13094435837693233, "y:13": 0.020278228002922363, "y:14": 0.12730970559292254, "y:15": 0.019921096561765026, "y:16": 0.1276370836339943, "y:17": 0.019939934816920014, "y:18": 0.13344081238177646, "y:19": 0.020048371494438222, "y:20": 0.12382713740506004, "y:21": 0.02139413985977601, "y:22": 0.12819713484379028, "y:23": 0.02192981252073577, "y:24": 0.12763451408662227, "y:25": 0.02376384776950422, "y:26": 0.13617953607906774, "y:27": 0.02393146647938381, "y:28": 0.12593118753737836, "y:29": 0.025613078274876223}, "4": {"y:0": 0.08043268789227927, "y:1": 0.0398026635917916, "y:2": 0.09893339559205701, "y:3": 0.03208353857313157, "y:4": 0.10895150363673968, "y:5": 0.02618634350098049, "y:6": 0.11467412884341063, "y:7": 0.022167369874499764, "y:8": 0.11494656411486759, "y:9": 0.019830130263301923, "y:10": 0.11348462821262968, "y:11": 0.018355894042902915, "y:12": 0.11264130324242476, "y:13": 0.01720641476608437, "y:14": 0.1112340549708061, "y:15": 0.017459681675680433, "y:16": 0.11070966630865096, "y:17": 0.018142955835385607, "y:18": 0.11135555844617975, "y:19": 0.019068520268963718, "y:20": 0.10792643847644436, "y:21": 0.020524238733055204, "y:22": 0.10980293515521594, "y:23": 0.021967041583731365, "y:24": 0.11248939156359739, "y:25": 0.023749681537825678, "y:26": 0.11110603117180808, "y:27": 0.024808651445845962, "y:28": 0.10775489295223505, "y:29": 0.027461084339518084}, "5": {"y:0": 0.05914542605392498, "y:1": 0.018936068680999205, "y:2": 0.07148943961724108, "y:3": 0.015235574206013257, "y:4": 0.07177135318555047, "y:5": 0.017411673292203347, "y:6": 0.07861168855797865, "y:7": 0.021346089527372956, "y:8": 0.07954868431081294, "y:9": 0.025582591541348634, "y:10": 0.07709152340130315, "y:11": 0.030616214004301985, "y:12": 0.07647682837078656, "y:13": 0.03347296547647817, "y:14": 0.08155425842198834, "y:15": 0.03818247477522751, "y:16": 0.0791352095555927, "y:17": 0.04081425992726328, "y:18": 0.07375211374919324, "y:19": 0.043569556544165625, "y:20": 0.07987147136416967, "y:21": 0.04759988813119463, "y:22": 0.07673618226788252, "y:23": 0.051114938633227296, "y:24": 0.07261550712150544, "y:25": 0.05839758479208572, "y:26": 0.07253868638914061, "y:27": 0.055606307512448834, "y:28": 0.07514664859219986, "y:29": 0.059467707708164244}, "6": {"y:0": 0.07543288539004311, "y:1": 0.024363807110095795, "y:2": 0.06548287504515139, "y:3": 0.03436030329123023, "y:4": 0.05854005020798625, "y:5": 0.045114016397143644, "y:6": 0.05207170694238795, "y:7": 0.047331470159871804, "y:8": 0.047701101810002554, "y:9": 0.05368943938713556, "y:10": 0.045992180988973015, "y:11": 0.05376530447667704, "y:12": 0.04119841118276164, "y:13": 0.0594593231544257, "y:14": 0.04101080820968188, "y:15": 0.06352372082557485, "y:16": 0.03970723202186014, "y:17": 0.06619210680729756, "y:18": 0.04011889596894418, "y:19": 0.06734917395720655, "y:20": 0.0347672135406547, "y:21": 0.07487492106732348, "y:22": 0.0363378825263908, "y:23": 0.07890197435505727, "y:24": 0.03527828531585332, "y:25": 0.08098200178156668, "y:26": 0.03401539088557854, "y:27": 0.08784833152237564, "y:28": 0.029934310684656355, "y:29": 0.08500734504372402}, "7": {"y:0": 0.05296333860398125, "y:1": 0.0155012554856436, "y:2": 0.047533010445269225, "y:3": 0.016587604059923575, "y:4": 0.04758944275351179, "y:5": 0.01879885205593474, "y:6": 0.047078747566537675, "y:7": 0.0223609732013829, "y:8": 0.04508140577682293, "y:9": 0.02750975467745655, "y:10": 0.042908097217702244, "y:11": 0.030812954682350183, "y:12": 0.040576298098215315, "y:13": 0.03283429779447793, "y:14": 0.03949178618040403, "y:15": 0.03601125256659569, "y:16": 0.04023790881647478, "y:17": 0.0410221353809394, "y:18": 0.038073562600832445, "y:19": 0.046660668239475366, "y:20": 0.04022948442062904, "y:21": 0.04834599004539947, "y:22": 0.03914835485006742, "y:23": 0.056486092125291834, "y:24": 0.03984603316609805, "y:25": 0.05325209682465092, "y:26": 0.03813734167181098, "y:27": 0.05397308656625563, "y:28": 0.03817681730940239, "y:29": 0.06223072214032067}, "8": {"y:0": 0.05197246967331363, "y:1": 0.04164009872379479, "y:2": 0.051520218013140905, "y:3": 0.027378380684398552, "y:4": 0.06437229743684339, "y:5": 0.023081797402114683, "y:6": 0.07647704740348332, "y:7": 0.022858166646782318, "y:8": 0.07444000551896297, "y:9": 0.02401332524067259, "y:10": 0.07683643041812985, "y:11": 0.0224062942804942, "y:12": 0.08284629522658854, "y:13": 0.023251227293375094, "y:14": 0.08315202081261826, "y:15": 0.023440122474426204, "y:16": 0.0870821646497667, "y:17": 0.023140113559409623, "y:18": 0.08783734332802053, "y:19": 0.02287832078331143, "y:20": 0.09058028660850119, "y:21": 0.023778290167729244, "y:22": 0.08250058217073576, "y:23": 0.02495567480839581, "y:24": 0.08143989368697623, "y:25": 0.0247120464223838, "y:26": 0.08158804349907135, "y:27": 0.025313135580492748, "y:28": 0.08906607866516407, "y:29": 0.02616015741855647}, "9": {"y:0": 0.05241484820760055, "y:1": 0.03613650188656369, "y:2": 0.04596084617701567, "y:3": 0.02277746735313044, "y:4": 0.04547802441030352,