{"0": {"y:0": 35.13015735230132, "y:1": 2.7801863893514347, "y:2": 2.0393727501550347, "y:3": 1.7019031729422323, "y:4": 1.4229790044522057, "y:5": 1.4423805071237634, "y:6": 1.3600774537971103, "y:7": 1.3145714876328856, "y:8": 1.2960305091127415, "y:9": 1.2853643907946313}, "1": {"y:0": 33.794306653761076, "y:1": 2.9916458001734787, "y:2": 2.0998921543158717, "y:3": 1.708514844386252, "y:4": 1.4191294378147823, "y:5": 1.432567637386285, "y:6": 1.3463028354295479, "y:7": 1.2751370165701355, "y:8": 1.2652540739688456, "y:9": 1.2565875664466302}, "2": {"y:0": 75.37128002782376, "y:1": 13.5118384942992, "y:2": 9.708277525830304, "y:3": 7.983680447127568, "y:4": 7.031868003597893, "y:5": 6.679543454170078, "y:6": 6.134140725091625, "y:7": 5.809185334620956, "y:8": 5.645991263438394, "y:9": 5.39798930116195}, "3": {"y:0": 35.20750045059448, "y:1": 4.670894152308846, "y:2": 3.804304512633763, "y:3": 3.353446938863252, "y:4": 2.939850574102799, "y:5": 3.04459879204239, "y:6": 2.8894360280033267, "y:7": 2.727689392025158, "y:8": 2.7300423285608764, "y:9": 2.7047466395448305}, "4": {"y:0": 35.934346748648565, "y:1": 4.999337390887745, "y:2": 5.033882490697093, "y:3": 4.830602587521879, "y:4": 4.426709376978022, "y:5": 4.628185862927673, "y:6": 4.452284937031277, "y:7": 4.133189404923401, "y:8": 4.067368306142847, "y:9": 4.00598111508876}, "5": {"y:0": 36.24000062285983, "y:1": 5.487858101173036, "y:2": 5.225740314464723, "y:3": 5.627617760570684, "y:4": 5.353264606319033, "y:5": 5.801383851461998, "y:6": 5.647856217227689, "y:7": 5.215491484079808, "y:8": 5.204592912792398, "y:9": 4.986083742020732}, "6": {"y:0": 37.628986976926385, "y:1": 7.975672781549874, "y:2": 6.788853003211573, "y:3": 7.323044730223066, "y:4": 6.47593185887094, "y:5": 7.93336119108717, "y:6": 7.27146534878695, "y:7": 6.676346395414292, "y:8": 6.434453490226294, "y:9": 5.864800727666864}, "7": {"y:0": 36.3274737611541, "y:1": 10.825072500936301, "y:2": 9.470601227352338, "y:3": 10.428495103103655, "y:4": 8.420953844432697, "y:5": 12.075630867301026, "y:6": 11.509908504586056, "y:7": 10.615790747155717, "y:8": 8.883321026590806, "y:9": 7.437366939095987}, "8": {"y:0": 35.11579237549873, "y:1": 13.497996744440643, "y:2": 12.154402891120695, "y:3": 13.782647393330233, "y:4": 10.277915931015272, "y:5": 16.265239776697836, "y:6": 15.324244174427632, "y:7": 14.02211206499437, "y:8": 12.35188342830853, "y:9": 10.328834060403285}, "9": {"y:0": 37.49406912969171, "y:1": 18.018634734182953, "y:2": 15.975087212821943, "y:3": 18.138396169045365, "y:4": 12.236111583623963, "y:5": 19.930957104868398, "y:6": 20.87281614942175, "y:7": 17.987990121894406, "y:8": 17.516420482195844, "y:9": 15.531822230087554}, "10": {"y:0": 35.83249183365656, "y:1": 21.29715418935079, "y:2": 19.133739383716122, "y:3": 21.433040587505676, "y:4": 12.980093762810803, "y:5": 23.568603609459416, "y:6": 25.071457446119187, "y:7": 21.174807279028627, "y:8": 21.116364104961995, "y:9": 19.05255365259362}, "11": {"y:0": 36.387398827543024, "y:1": 24.198531335336824, "y:2": 22.09171696653493, "y:3": 24.390900976899566, "y:4": 13.59983864553167, "y:5": 25.24781205242703, "y:6": 27.425723047760176, "y:7": 23.186286166466168, "y:8": 24.4148128717828, "y:9": 21.32458628715785}, "12": {"y:0": 36.340083001414385, "y:1": 26.847626374030465, "y:2": 25.361615620377137, "y:3": 27.155459812783434, "y:4": 13.810484653151224, "y:5": 26.282527202297512, "y:6": 29.542995944038353, "y:7": 23.71893894804999, "y:8": 26.243298031462977, "y:9": 24.350865279400516}, "13": {"y:0": 35.766336973104345, "y:1": 28.453255511779528, "y:2": 25.58783074653537, "y:3": 27.560057721603574, "y:4": 14.068853475555356, "y:5": 27.1691468660639, "y:6": 31.07957595325778, "y:7": 25.289618857176137, "y:8": 28.054508654699358, "y:9": 25.177053069616026}, "14": {"y:0": 36.09476535396772, "y:1": 27.879631802624974, "y:2": 26.03475003382591, "y:3": 28.126011848151453, "y:4": 14.007475331263926, "y:5": 28.439524956013717, "y:6": 31.520081909655982, "y:7": 24.99542866140039, "y:8": 28.644456191356138, "y:9": 26.454748261588055}, "15": {"y:0": 36.22143587661565, "y:1": 29.917940615771993, "y:2": 26.998959189132567, "y:3": 29.201398881852846, "y:4": 14.344843828793772, "y:5": 27.817201936028106, "y:6": 32.031736607648355, "y:7": 25.58146858661332, "y:8": 29.684346530175343, "y:9": 27.6703613769302}, "16": {"y:0": 36.24390116431013, "y:1": 30.368855748564076, "y:2": 28.157277043876277, "y:3": 30.04007997804881, "y:4": 14.316404575859655, "y:5": 28.467878971974486, "y:6": 32.556123314497924, "y:7": 25.535456105442176, "y:8": 30.293602638501817, "y:9": 27.676624499769794}}