{"15": {"y:0": 0.004859389246573049, "y:1": 0.6637392349049166, "y:2": 0.8635472861304079, "y:3": 0.6584724164407869, "y:4": 0.37327108213443605, "y:5": 0.15016851305680204, "y:6": 0.0964516251678165, "y:7": 0.23912605452731417, "y:8": 0.3949063535863236, "y:9": 0.5554580448046228}}