{"0": {"y:0": 2.2518770882686483, "y:1": 0.8677013184432145, "y:2": 0.532111054555448, "y:3": 0.38815370590265186, "y:4": 0.3015225126423373, "y:5": 0.2420908180243479, "y:6": 0.20403285873455798, "y:7": 0.17657966215249105, "y:8": 0.15626930784633125, "y:9": 0.13797072240442626}, "1": {"y:0": 2.1360871135621857, "y:1": 0.9037039245982774, "y:2": 0.5659719296527803, "y:3": 0.4080789099064062, "y:4": 0.3198488799504586, "y:5": 0.25900034146076667, "y:6": 0.22044064209107125, "y:7": 0.1927432297620245, "y:8": 0.17110278588133662, "y:9": 0.15222823304865793}, "2": {"y:0": 2.9657007845255667, "y:1": 1.4583661640175076, "y:2": 0.9851532775853309, "y:3": 0.7562806756627337, "y:4": 0.6114669115643204, "y:5": 0.5045786279460057, "y:6": 0.42484698241683794, "y:7": 0.37316880422039056, "y:8": 0.33026983221920725, "y:9": 0.29258811270116564}, "3": {"y:0": 2.256271830037688, "y:1": 1.266449434683069, "y:2": 0.9819910514692699, "y:3": 0.8119595360869983, "y:4": 0.6936524204450832, "y:5": 0.6150200408992331, "y:6": 0.5459836066040633, "y:7": 0.49949564908059135, "y:8": 0.44418463269232256, "y:9": 0.40447640724869105}, "4": {"y:0": 1.9887836668360788, "y:1": 1.2432799578849607, "y:2": 0.9917382584199929, "y:3": 0.8603850051192597, "y:4": 0.7857211129351235, "y:5": 0.7465746367873173, "y:6": 0.7123703362967488, "y:7": 0.6937670283390817, "y:8": 0.6691835943754906, "y:9": 0.645378138535948}, "5": {"y:0": 2.01250774204976, "y:1": 1.2530826942930224, "y:2": 0.9945039005250549, "y:3": 0.8837001132727489, "y:4": 0.8370311389062687, "y:5": 0.8215718831565025, "y:6": 0.8150389094473374, "y:7": 0.8471946852102963, "y:8": 0.8759595656188912, "y:9": 0.9156603187090099}, "6": {"y:0": 2.0451672176227307, "y:1": 1.2702646173853331, "y:2": 1.0268635678079778, "y:3": 0.9152811792788694, "y:4": 0.8949868204412013, "y:5": 0.861309241955328, "y:6": 0.88618694426584, "y:7": 0.932544847639619, "y:8": 1.03705636977068, "y:9": 1.1995344465194198}}