{"3": {"y:0": 0.018731255893668593, "y:1": 0.034159243533423075, "y:2": 0.03247883476472575, "y:3": 0.009322450253118359, "y:4": 0.033512920706464125, "y:5": 0.00824300819481182, "y:6": 0.008247515478733047, "y:7": 0.048138228301280755, "y:8": 0.13317218476639753, "y:9": 1.673994358107377}}