{"0": {"y:0": 1.79560816980293, "y:1": 0.7413649863949399, "y:2": 0.45693794463612447, "y:3": 0.328129491938409, "y:4": 0.26058518306538564, "y:5": 0.21083343462622212, "y:6": 0.18179915753337353, "y:7": 0.16002385517382242, "y:8": 0.14031205299834376, "y:9": 0.12489854845891686}, "1": {"y:0": 2.1364248493803277, "y:1": 0.95936754792466, "y:2": 0.5779759267683082, "y:3": 0.39939650722551717, "y:4": 0.3180680503793684, "y:5": 0.2639774414629474, "y:6": 0.22235871908559424, "y:7": 0.18834645887352028, "y:8": 0.1666513130722363, "y:9": 0.14887396849274281}, "2": {"y:0": 3.3119945462788922, "y:1": 1.634141095816948, "y:2": 1.1445107638069287, "y:3": 0.8357820985836037, "y:4": 0.6659125128140638, "y:5": 0.5531143357751114, "y:6": 0.4718618287785793, "y:7": 0.41262663224508433, "y:8": 0.3581046720909183, "y:9": 0.31876581343324}, "3": {"y:0": 2.2836737666190783, "y:1": 1.3345291913057955, "y:2": 0.9793665301346988, "y:3": 0.8028148381898779, "y:4": 0.685068308003822, "y:5": 0.5831901828394114, "y:6": 0.5244336524011909, "y:7": 0.47324417208158753, "y:8": 0.4243027109623584, "y:9": 0.3888220423516273}, "4": {"y:0": 2.075788467349651, "y:1": 1.24572051730724, "y:2": 1.0111834045601324, "y:3": 0.9159501545384687, "y:4": 0.8108530731760145, "y:5": 0.76010597011259, "y:6": 0.7262759643058508, "y:7": 0.7037364644233831, "y:8": 0.6699987470196259, "y:9": 0.6547134542935252}, "5": {"y:0": 2.1369329545450264, "y:1": 1.2618093167822366, "y:2": 1.011599548978438, "y:3": 0.9193437039582699, "y:4": 0.8686211222282841, "y:5": 0.8590008274106211, "y:6": 0.8376008058867813, "y:7": 0.8859386672490268, "y:8": 0.9316163579267601, "y:9": 0.9742461802425654}, "6": {"y:0": 2.074267277637384, "y:1": 1.2527209094165046, "y:2": 1.023985216466312, "y:3": 0.9098041106359038, "y:4": 0.8530919169142417, "y:5": 0.8502410876610065, "y:6": 0.8681737648457837, "y:7": 0.9222837470937684, "y:8": 1.027347733787094, "y:9": 1.1809013497617564}}