{"8": {"y:0": 0.0, "y:1": 0.0, "y:2": 0.005533153603982181, "y:3": 0.006661758260582044, "y:4": 0.012702808292282715, "y:5": 0.0028900798092187686, "y:6": 0.006181220610570593, "y:7": 0.004210935269646159, "y:8": 0.0060760681194787424, "y:9": 0.004312600657742186, "y:10": 0.009657133397946011, "y:11": 0.00921657640781512, "y:12": 0.013350990025479953, "y:13": 0.018407650317243177, "y:14": 0.014606277687402141, "y:15": 0.0009085728937455831, "y:16": 0.012920721426243622, "y:17": 0.01133425385457428, "y:18": 0.011706442121301314, "y:19": 0.0018922905325497084, "y:20": 0.015908015862060317, "y:21": 0.009030970379075541, "y:22": 0.009927833620319666, "y:23": 0.019565586515873416, "y:24": 0.013837204273356982, "y:25": 0.010903138468544581, "y:26": 0.0062127696594448814, "y:27": 0.010103123009471904, "y:28": 0.012284697100840795, "y:29": 0.01087000057658095, "y:30": 0.013186562174077678, "y:31": 0.008454213783046848, "y:32": 0.01431732398174249, "y:33": 0.013209086452691823, "y:34": 0.0020346455783293487, "y:35": 0.018895890127439238, "y:36": 0.019190698982126417, "y:37": 0.017477215122939864, "y:38": 0.0045828767050417685, "y:39": 0.0004694023965211564, "y:40": 0.006242550983165285, "y:41": 0.017711573547300522, "y:42": 0.016171749926867075, "y:43": 0.021360321749776815, "y:44": 0.013772383826285532, "y:45": 0.006307645531224985, "y:46": 0.014056557735299034, "y:47": 0.018006084523869995, "y:48": 0.01910527460199088, "y:49": 0.003476979759272744, "y:50": 0.010563679182173252, "y:51": 0.004153139394305276, "y:52": 0.012153423517473172, "y:53": 0.0048867324679829315, "y:54": 0.014176293242052985, "y:55": 0.005685522406570748, "y:56": 0.0027229343494165697, "y:57": 0.012203360487844404, "y:58": 0.002600332342251252, "y:59": 0.011026564952607114, "y:60": 0.0007412512985075709, "y:61": 0.014252988486887587, "y:62": 0.01558886124779861, "y:63": 0.01634674052159396, "y:64": 0.014832455336556152, "y:65": 0.005568427292431997, "y:66": 0.0059739568098888945, "y:67": 0.012249805700773659, "y:68": 0.012725158872423935, "y:69": 0.014414576970260384, "y:70": 0.0008028732706515793, "y:71": 0.01096194767105153, "y:72": 0.011954280347414397, "y:73": 0.011476762493952793, "y:74": 0.010950519568945348, "y:75": 0.01212679419146769, "y:76": 0.010620586855472016, "y:77": 0.004668493320174653, "y:78": 5.9675660477430764e-05, "y:79": 0.009590506685530192, "y:80": 0.007366644352723935, "y:81": 0.005086832666307688, "y:82": 0.004359887160486294, "y:83": 0.009596599146317898, "y:84": 0.010793716832917613, "y:85": 0.011757499351318994, "y:86": 0.0019701382194185334, "y:87": 0.00703689853242653, "y:88": 0.012733053092170616, "y:89": 0.0056581759960674235, "y:90": 0.009788718326215091, "y:91": 0.0027519013285205486, "y:92": 0.0006833064899548837, "y:93": 0.008953323260759625, "y:94": 0.010707020995125542, "y:95": 0.004889277644491725, "y:96": 0.004073668977552873, "y:97": 0.007131412579409252, "y:98": 0.0014362299338910216, "y:99": 1.8535985483523732e-05, "y:100": 0.010612076538593418, "y:101": 0.008582782366436928, "y:102": 0.006906690967077059, "y:103": 0.007700400158883418, "y:104": 0.0067858227721641195, "y:105": 0.005729366766019062, "y:106": 0.01178875108083831, "y:107": 0.0002613131710388243, "y:108": 0.004213756067036767, "y:109": 0.006493539603812933, "y:110": 0.00762639113054735, "y:111": 0.004237440632309441, "y:112": 0.002078630278776602, "y:113": 0.001529676544456742, "y:114": 0.006187592157730787, "y:115": 0.004830652725420219, "y:116": 0.004713467654428447, "y:117": 0.003191181823372628, "y:118": 0.010135954651087523, "y:119": 0.0018760468848225199, "y:120": 0.0025316261859193523, "y:121": 0.0029559749375260734, "y:122": 0.003128856829065607, "y:123": 0.0027456997119799553, "y:124": 0.0010909892674979878, "y:125": 0.0032708854204970593, "y:126": 0.004290626475398594, "y:127": 0.0033711018776393545, "y:128": 0.0019952836886639653, "y:129": 0.004091022304218173, "y:130": 0.0031374295072174934, "y:131": 0.004422071255262075, "y:132": 0.005656377328089103, "y:133": 0.008381268443832409, "y:134": 0.004310890043100827, "y:135": 0.0076274819693348105, "y:136": 0.005117585171009661, "y:137": 0.00023119070364651891, "y:138": 0.0012468321858549408, "y:139": 0.006257369274542874, "y:140": 0.0061373333006753215, "y:141": 0.005666033974382781, "y:142": 0.004001143821243693, "y:143": 0.00999593550244825, "y:144": 0.0025006359898086744, "y:145": 0.001882176226214339, "y:146": 0.005298466541490496, "y:147": 0.00306668154165074, "y:148": 0.005622885038606118, "y:149": 0.0036157755255001203, "y:150": 0.005136715528920261, "y:151": 0.0002989910361682824, "y:152": 0.011044302323963537, "y:153": 0.002256854078927368, "y:154": 0.010867880099189558, "y:155": 0.003774182226073188, "y:156": 0.009593163209796229, "y:157": 0.0009936194441028366, "y:158": 0.007192495072260311, "y:159": 0.009133990651648365, "y:160": 0.004815339697986879, "y:161": 0.004889449516157754, "y:162": 0.004827162264975574, "y:163": 0.005872759208353728, "y:164": 0.0114627804636474, "y:165": 0.004142310901748039, "y:166": 0.00472960318658155, "y:167": 0.00013999911559545576, "y:168": 0.010518979030979451, "y:169": 0.010238377269370907, "y:170": 0.0007647822576285857, "y:171": 0.002737199740385211, "y:172": 0.009776048172787103, "y:173": 0.0013996451577883776, "y:174": 0.006567909933988649, "y:175": 0.005180138706819099, "y:176": 0.01369536621865182, "y:177": 0.009393329330232165, "y:178": 0.005783292109723606, "y:179": 0.007405508091160945, "y:180": 0.008027585829298363, "y:181": 0.0008606759350690079, "y:182": 0.003134619533675958, "y:183": 0.006861655861864114, "y:184": 0.014929114519504119, "y:185": 0.005920572417886326, "y:186": 0.009280416175612814, "y:187": 0.0071635879276429355, "y:188": 0.01753410661163285, "y:189": 0.0009664612441041191, "y:190": 0.0172367423094249, "y:191": 0.00238252743948279, "y:192": 0.014196723130596646, "y:193": 0.0046829381726694146, "y:194": 0.015841996184460812, "y:195": 0.002434553767375262, "y:196": 0.004859100486063111, "y:197": 0.003700227184691835, "y:198": 0.0014950333437449572, "y:199": 0.005694315624653445, "y:200": 0.008034074143441417, "y:201": 0.009326777596870403, "y:202": 0.009517558077021926, "y:203": 0.004206785979891835, "y:204": 0.0006576143275032254, "y:205": 0.008467410205037678, "y:206": 0.00772148976871916, "y:207": 0.0024522320967480375, "y:208": 0.0005125098266577272, "y:209": 0.006832457930069287, "y:210": 0.010871538352203345, "y:211": 0.010731015639534132, "y:212": 0.006897500132871413, "y:213": 0.0064446466977438905, "y:214": 0.010555603920188587, "y:215": 0.003547203584749934, "y:216": 0.01091529561011387, "y:217": 0.0016388780284923546, "y:218": 0.014728866915241268, "y:219": 0.008374997997110797, "y:220": 0.005013228406311814, "y:221": 0.009625583490338945, "y:222": 0.004855324246336531, "y:223": 0.002251143654224833, "y:224": 0.0038162915073162128, "y:225": 0.008830275156349415, "y:226": 0.0015854452323182315, "y:227": 0.004010121967947575, "y:228": 0.011682839306815865, "y:229": 0.004263436814960851, "y:230": 0.008091075778257156, "y:231": 0.008032542358001138, "y:232": 0.00975445153122697, "y:233": 0.0023409120981246053, "y:234": 0.015320115726391314, "y:235": 0.009667835374781077, "y:236": 0.01603883196872962, "y:237": 0.010638133018363579, "y:238": 0.009154826462564608, "y:239": 0.010281507441219005, "y:240": 0.007622698075457759, "y:241": 0.007535752242394526, "y:242": 0.011176524826911172, "y:243": 0.0035869041878345397, "y:244": 1.0604149905252154e-05, "y:245": 0.005686889222518992, "y:246": 0.010894099831672884, "y:247": 0.0004982334504734526, "y:248": 0.003940803174498139, "y:249": 0.004547974429219663, "y:250": 0.01303743387401337, "y:251": 0.007537234833572616, "y:252": 0.010382221728560731, "y:253": 0.004471363606792343, "y:254": 0.009771867068240264, "y:255": 0.0038329509671684997, "y:256": 0.011862336971142553, "y:257": 0.002650635469190723, "y:258": 0.008903198918177833, "y:259": 0.0067009057711651596, "y:260": 0.002941841156167202,