{"0": {"s1": 0.015227867565400819, "s2": 1.3881893935417617}, "1": {"s1": 0.015789348861507336, "s2": 1.5479457586439918}, "2": {"s1": 0.023897773112341324, "s2": 1.5114762812502345}, "3": {"s1": 0.034633253532126373, "s2": 1.4731289432654495}, "4": {"s1": 0.05594727923820741, "s2": 1.5145654865092364}, "5": {"s1": 0.09551369182502144, "s2": 1.4993612727716832}}