{"0": {"y:0": 0.10617352306427941, "y:1": 0.029221157312092523, "y:2": 0.14287334742006746, "y:3": 0.020395314249057196, "y:4": 0.12945413284016388, "y:5": 0.017006594955678352, "y:6": 0.1368426852711945, "y:7": 0.015510923347420514, "y:8": 0.12922017723484175, "y:9": 0.015631854265245767, "y:10": 0.1428596006275165, "y:11": 0.01747346838620721, "y:12": 0.14466786762810663, "y:13": 0.022048504252029484, "y:14": 0.13978595858986392, "y:15": 0.024078179861972682, "y:16": 0.14881940245886932, "y:17": 0.03280629400945893, "y:18": 0.13163015145492662, "y:19": 0.033539720837714816, "y:20": 0.13353657783085357, "y:21": 0.03204885697956476, "y:22": 0.1506619882180667, "y:23": 0.03484470406527123, "y:24": 0.1348041592603032, "y:25": 0.04093620223465089, "y:26": 0.14665537071291512, "y:27": 0.04344885732024093, "y:28": 0.13106566499639888, "y:29": 0.04127406230131287, "y:30": 0.13371220542714607, "y:31": 0.04196912133525723}, "1": {"y:0": 0.008882269201081833, "y:1": 0.009890996095906908, "y:2": 0.0025570073514792216, "y:3": 0.008277476906281094, "y:4": 0.01537410560090917, "y:5": 0.0021810717357720164, "y:6": 0.06272619512491699, "y:7": 0.007708200046733799, "y:8": 0.06308800206795867, "y:9": 0.009486977784856935, "y:10": 0.0677731484682171, "y:11": 0.011618745990360339, "y:12": 0.0023112197871079476, "y:13": 0.013044795053809389, "y:14": 0.019732999200156316, "y:15": 0.0008554862809891488, "y:16": 0.05577101536883071, "y:17": 0.0026082551909509684, "y:18": 0.06345620255905866, "y:19": 0.00711233688721202, "y:20": 0.06799505994605397, "y:21": 0.014859232826342134, "y:22": 0.049592052626383575, "y:23": 0.018369393323216895, "y:24": 0.04754723944972085, "y:25": 0.02110411704759986, "y:26": 0.053666221313062645, "y:27": 0.026459955784190196, "y:28": 0.04918294266717654, "y:29": 0.027638484479811785, "y:30": 0.04562713903560101, "y:31": 0.022350227189871376}, "2": {"y:0": 0.008874858742200946, "y:1": 0.012522460967647066, "y:2": 0.002559942938864117, "y:3": 0.012988678153069047, "y:4": 0.015021217401312247, "y:5": 0.002409763194243649, "y:6": 0.06699899801347298, "y:7": 0.006954877632459064, "y:8": 0.06986145489313818, "y:9": 0.007423571980473959, "y:10": 0.07146012791063078, "y:11": 0.008124815197125693, "y:12": 0.0023017865561958933, "y:13": 0.010816438670495976, "y:14": 0.019605438336214892, "y:15": 0.0008625321919826125, "y:16": 0.06769962292752603, "y:17": 0.002653919661147888, "y:18": 0.0621746617962738, "y:19": 0.007283092659029404, "y:20": 0.06638291280744685, "y:21": 0.014115147019874487, "y:22": 0.05393941138536644, "y:23": 0.012258677096685476, "y:24": 0.04936348454339372, "y:25": 0.01705344273085998, "y:26": 0.054748823359287616, "y:27": 0.018134615995558385, "y:28": 0.05170707338397159, "y:29": 0.021484117887465383, "y:30": 0.04456800877884414, "y:31": 0.017306462041037907}, "3": {"y:0": 0.00890701019688857, "y:1": 0.012130431945095993, "y:2": 0.0025655740157551035, "y:3": 0.008507031267884576, "y:4": 0.014965430687070883, "y:5": 0.002189151090102787, "y:6": 0.06543268465828979, "y:7": 0.012797065886732933, "y:8": 0.07353698226168433, "y:9": 0.016425696785152974, "y:10": 0.06492136171317206, "y:11": 0.020514720785468944, "y:12": 0.002299882546522369, "y:13": 0.021995753818544867, "y:14": 0.01945132084024385, "y:15": 0.0008602612805853942, "y:16": 0.0630451250538873, "y:17": 0.0026638701473743554, "y:18": 0.07221394541935965, "y:19": 0.007629122518870629, "y:20": 0.07207584995175267, "y:21": 0.02521598428339086, "y:22": 0.0532888212348548, "y:23": 0.02585669357962896, "y:24": 0.04970455805408739, "y:25": 0.04088879861931425, "y:26": 0.055270461326849304, "y:27": 0.04067279444965315, "y:28": 0.053378724427696256, "y:29": 0.04399326910482542, "y:30": 0.04574483993338379, "y:31": 0.03626039366132028}, "4": {"y:0": 0.12616686181636197, "y:1": 0.03470973560257718, "y:2": 0.13594946395924667, "y:3": 0.02421200938830136, "y:4": 0.13857796837302533, "y:5": 0.023462622223279245, "y:6": 0.14305771188912456, "y:7": 0.027349432310571856, "y:8": 0.14186930954148874, "y:9": 0.035868379723084265, "y:10": 0.1434473243709013, "y:11": 0.04136921719783248, "y:12": 0.14708425812746673, "y:13": 0.0539665349713353, "y:14": 0.13582338064142985, "y:15": 0.05996326901820474, "y:16": 0.14774848502675753, "y:17": 0.06584519709149467, "y:18": 0.14919536958388993, "y:19": 0.07392220801512966, "y:20": 0.14840943284296576, "y:21": 0.08035527830047992, "y:22": 0.1459816849661018, "y:23": 0.0898418122888187, "y:24": 0.14295653393086252, "y:25": 0.09422312699729145, "y:26": 0.13795867644192952, "y:27": 0.0896687641790396, "y:28": 0.15036432792719234, "y:29": 0.10454299350559877, "y:30": 0.13530660995760993, "y:31": 0.10640703898282283}, "5": {"y:0": 0.13947672423158852, "y:1": 0.0261708532610908, "y:2": 0.13656766376876744, "y:3": 0.030127752880871956, "y:4": 0.14448848775536463, "y:5": 0.04606145528294062, "y:6": 0.14118025776018667, "y:7": 0.06505194261466515, "y:8": 0.14612154861897306, "y:9": 0.07722323401635275, "y:10": 0.1444352214056694, "y:11": 0.08627797098159927, "y:12": 0.14292630653700447, "y:13": 0.10753285243025477, "y:14": 0.14123356321007446, "y:15": 0.10992969214864677, "y:16": 0.13455918101914138, "y:17": 0.11352332084532088, "y:18": 0.14683050448664753, "y:19": 0.12561835439765898, "y:20": 0.14320219644744347, "y:21": 0.12284685795318545, "y:22": 0.1434292883551871, "y:23": 0.12589926665179307, "y:24": 0.13617046366009708, "y:25": 0.13169454326401253, "y:26": 0.14082511281360427, "y:27": 0.13468147167318453, "y:28": 0.1410141218958299, "y:29": 0.13900674503259763, "y:30": 0.14636728310426406, "y:31": 0.13794604114683118}, "6": {"y:0": 0.12579050264687602, "y:1": 0.032937825122627336, "y:2": 0.13246354396733526, "y:3": 0.0259654161790622, "y:4": 0.13905701928470685, "y:5": 0.030121136943818575, "y:6": 0.13608164938936523, "y:7": 0.03995434030597558, "y:8": 0.13854844953426793, "y:9": 0.052220874123308884, "y:10": 0.13846548987784643, "y:11": 0.06419496250854141, "y:12": 0.1389222918441627, "y:13": 0.07203509928271765, "y:14": 0.13297374155838612, "y:15": 0.08525416516141143, "y:16": 0.13840759457771218, "y:17": 0.09283707305073989, "y:18": 0.13674950974334832, "y:19": 0.09868802686188462, "y:20": 0.1374396447540524, "y:21": 0.10875436800351009, "y:22": 0.1387326362378354, "y:23": 0.1118783504197695, "y:24": 0.13972809072923545, "y:25": 0.1169279589864745, "y:26": 0.13515820920745988, "y:27": 0.12138613718437731, "y:28": 0.1377274273592812, "y:29": 0.12463688657738951, "y:30": 0.13839179630147674, "y:31": 0.121482850730595}, "7": {"y:0": 0.133893881389561, "y:1": 0.06483688569518702, "y:2": 0.137696565996888, "y:3": 0.04940699486627958, "y:4": 0.14154920830804815, "y:5": 0.0465852377205213, "y:6": 0.14414859448809247, "y:7": 0.04869116310739421, "y:8": 0.14523327016068568, "y:9": 0.05500916837941387, "y:10": 0.15037491016733584, "y:11": 0.06495119484088925, "y:12": 0.14167149556669342, "y:13": 0.07306490059615543, "y:14": 0.1443140738895281, "y:15": 0.08407285510595446, "y:16": 0.14153468273359815, "y:17": 0.0942163853373371, "y:18": 0.14408889677913952, "y:19": 0.10249482633068935, "y:20": 0.14801086081685055, "y:21": 0.11991869154880558, "y:22": 0.1416765709609595, "y:23": 0.11967846387433981, "y:24": 0.14702684399423582, "y:25": 0.124126893556, "y:26": 0.14625799840094936, "y:27": 0.12830535752218686, "y:28": 0.14551909628577073, "y:29": 0.13653945220641164, "y:30": 0.14159660738788207, "y:31": 0.13693792859714055}, "8": {"y:0": 0.12811692708156722, "y:1": 0.08241852061056552, "y:2": 0.1399192838142177, "y:3": 0.06578063949501371, "y:4": 0.13904096534817625, "y:5": 0.05996218484909832, "y:6": 0.1461890512171008, "y:7": 0.05995148992686014, "y:8": 0.1442374262154393, "y:9": 0.060132871407386095, "y:10": 0.14491033516664165, "y:11": 0.06711571283822065, "y:12": 0.1438650860602207, "y:13": 0.07133924032059524, "y:14": 0.14614359444441605, "y:15": 0.08137250310522397, "y:16": 0.1436236598490562, "y:17": 0.08987902516589362, "y:18": 0.14325839438800753,