{"0": {"y:0": 0.4150173525533747, "y:1": 0.4107642546928453, "y:2": 0.4153937349618066, "y:3": 0.41749109993147276, "y:4": 0.41563515070915336, "y:5": 0.4128786168623105, "y:6": 0.40557954311721944, "y:7": 0.4115561767497244, "y:8": 0.42234307554267353, "y:9": 0.41678026486380676}}