{"0": {"y:0": 0.01661587494741603, "y:1": 0.20421353266243508, "y:2": 0.3924051418763177, "y:3": 0.4029708676872586, "y:4": 0.3653471095712984, "y:5": 0.05372448063078465, "y:6": 0.0024868374979687903}, "1": {"y:0": 0.014604610371632226, "y:1": 0.18348959680210988, "y:2": 0.3916094072744176, "y:3": 0.40031380036620445, "y:4": 0.35204494868119796, "y:5": 0.048124451236057984, "y:6": 0.002342465413906713}, "2": {"y:0": 0.09826967080454163, "y:1": 0.37355499872489323, "y:2": 0.4458044999694507, "y:3": 0.4614790179329002, "y:4": 0.4647886522065682, "y:5": 0.15044547455012539, "y:6": 0.01613100983800623}, "3": {"y:0": 0.1750751582410379, "y:1": 0.5862398155868921, "y:2": 0.7231154086135272, "y:3": 0.7419814927873126, "y:4": 0.6668944275189017, "y:5": 0.18993156937593048, "y:6": 0.026426868528744638}, "4": {"y:0": 0.3851127594745002, "y:1": 0.7334602981160224, "y:2": 0.8137450181531809, "y:3": 0.8388557998530611, "y:4": 0.7399342498959857, "y:5": 0.3515601162371203, "y:6": 0.07061433595272565}, "5": {"y:0": 0.617555549512164, "y:1": 1.0521183432897576, "y:2": 1.1016705796058017, "y:3": 1.1222241333831822, "y:4": 0.99474745361333, "y:5": 0.4598300799605603, "y:6": 0.11145670738597493}, "6": {"y:0": 0.9934187278106333, "y:1": 1.348334013681493, "y:2": 1.4035282577227974, "y:3": 1.437929054580759, "y:4": 1.2227731001014013, "y:5": 0.7205681276159691, "y:6": 0.20133668673786664}, "7": {"y:0": 1.5001356514934827, "y:1": 1.9155856409589291, "y:2": 2.0065410164357447, "y:3": 1.9778919797882244, "y:4": 1.8417168370310688, "y:5": 0.9804594377959501, "y:6": 0.29477155397230137}, "8": {"y:0": 2.0610011427339354, "y:1": 2.680689980879875, "y:2": 2.7777834033746958, "y:3": 2.771419554395361, "y:4": 2.5590622027491725, "y:5": 1.3517605819917087, "y:6": 0.4530716088711488}, "9": {"y:0": 2.9258836733677103, "y:1": 3.89208634221251, "y:2": 4.193700678478759, "y:3": 4.444725356175593, "y:4": 3.7509084118785627, "y:5": 1.7221602771772622, "y:6": 0.5749852465792972}, "10": {"y:0": 3.7716354265004295, "y:1": 5.223090013195903, "y:2": 5.928276983958687, "y:3": 6.389786000546848, "y:4": 4.898003806975703, "y:5": 2.352745589634341, "y:6": 0.7916950653013362}, "11": {"y:0": 5.493502434522881, "y:1": 7.30665473705096, "y:2": 8.053350704578891, "y:3": 8.526490304494434, "y:4": 5.833106632356194, "y:5": 2.754076511866031, "y:6": 1.0386750353453151}, "12": {"y:0": 6.796451291176199, "y:1": 9.392181946530147, "y:2": 10.511765553795483, "y:3": 11.239378496293414, "y:4": 7.9307942111565985, "y:5": 3.9445302182292847, "y:6": 1.2294731586771905}, "13": {"y:0": 9.114367778875154, "y:1": 12.535110422038683, "y:2": 14.242395707661126, "y:3": 13.666315208623491, "y:4": 9.05414131365009, "y:5": 4.506482793629144, "y:6": 1.4958073841457693}, "14": {"y:0": 8.804405755731999, "y:1": 13.739351986068547, "y:2": 15.956153322341146, "y:3": 14.503550080481242, "y:4": 11.007015128384696, "y:5": 4.960140125972244, "y:6": 1.7507095909000607}, "15": {"y:0": 8.627517518940882, "y:1": 14.689300069347556, "y:2": 18.133179522916393, "y:3": 14.908413903945016, "y:4": 12.040146689002311, "y:5": 5.178217220264363, "y:6": 1.8037821389611608}, "16": {"y:0": 8.803150885013192, "y:1": 17.71779912693302, "y:2": 18.40300882081802, "y:3": 16.243257607084402, "y:4": 13.088544845152303, "y:5": 5.986475960533087, "y:6": 1.9190536826244557}, "17": {"y:0": 9.550823175484, "y:1": 19.814070068354674, "y:2": 21.79885910222829, "y:3": 20.78900832241601, "y:4": 15.884623718812353, "y:5": 7.060916989878921, "y:6": 2.163277660814475}, "18": {"y:0": 10.049742550789059, "y:1": 23.48223050049514, "y:2": 26.108190836798787, "y:3": 24.243213970507256, "y:4": 17.569990130467023, "y:5": 9.153087443730925, "y:6": 2.6527223145560477}, "19": {"y:0": 11.803833110100303, "y:1": 28.070730740826107, "y:2": 32.02095395594704, "y:3": 31.312128186861905, "y:4": 20.627377382680795, "y:5": 10.51040567162099, "y:6": 3.0695982312844685}, "20": {"y:0": 13.894147870786805, "y:1": 32.499008385909626, "y:2": 37.79898632036357, "y:3": 36.01924260541206, "y:4": 24.89954162745239, "y:5": 13.249174757634972, "y:6": 3.4758458759762663}, "21": {"y:0": 15.779755995119677, "y:1": 40.331007730545856, "y:2": 45.45665753260803, "y:3": 43.39063393824003, "y:4": 26.91467483673344, "y:5": 13.728011633189789, "y:6": 3.79807516246055}, "22": {"y:0": 17.886073757839515, "y:1": 46.730393576568574, "y:2": 53.6837768187001, "y:3": 47.80982753318719, "y:4": 30.895669383523853, "y:5": 17.673457404133295, "y:6": 4.719250447222923}, "23": {"y:0": 21.338823826553543, "y:1": 55.13484406038399, "y:2": 63.02454812588176, "y:3": 57.02173228053578, "y:4": 36.06685048864567, "y:5": 19.769396650261715, "y:6": 5.167452113924012}, "24": {"y:0": 25.476779909986085, "y:1": 64.99293382402949, "y:2": 71.29935789355861, "y:3": 57.77506764830397, "y:4": 36.09372411113667, "y:5": 20.417236695561307, "y:6": 6.111681108021944}, "25": {"y:0": 27.978085086260077, "y:1": 80.1206499939553, "y:2": 63.272987236164994, "y:3": 46.138150482561244, "y:4": 29.902868516769647, "y:5": 18.617322888862354, "y:6": 7.060096770756275}, "26": {"y:0": 36.53662709118519, "y:1": 84.06212545014701, "y:2": 83.47068828410006, "y:3": 66.6797854245628, "y:4": 42.28757075696375, "y:5": 24.315296280320307, "y:6": 7.995782695140824}, "27": {"y:0": 46.2283948125472, "y:1": 97.59106108433707, "y:2": 89.29168741462043, "y:3": 69.9671681753202, "y:4": 44.700973000680726, "y:5": 26.859413838814312, "y:6": 9.840330920719865}, "28": {"y:0": 53.33652435834872, "y:1": 101.8717443530866, "y:2": 92.66224667121332, "y:3": 67.99530586561747, "y:4": 41.121047500347736, "y:5": 24.059525160488324, "y:6": 9.318129632528088}, "29": {"y:0": 63.030583075475676, "y:1": 105.42361519124661, "y:2": 96.84261242733349, "y:3": 75.49374216076771, "y:4": 48.51316571481294, "y:5": 28.450030843117148, "y:6": 11.74799269445916}, "30": {"y:0": 77.1155421877554, "y:1": 106.22869934986193, "y:2": 91.809027888386, "y:3": 71.84297550287714, "y:4": 46.03981634283839, "y:5": 28.04167717176204, "y:6": 11.821472508308695}}