{"0": {"y:0": 0.006278204931462398, "y:1": 0.09389227242115974, "y:2": 0.18792581025448346, "y:3": 0.19375702740179618, "y:4": 0.11836947205135093, "y:5": 0.019739261730988743, "y:6": 0.0009936357170502892}, "1": {"y:0": 0.007549996762240901, "y:1": 0.10033812912949859, "y:2": 0.2035036334325481, "y:3": 0.20616033315401142, "y:4": 0.11892971218085224, "y:5": 0.020524415038568597, "y:6": 0.0011859948513113104}, "2": {"y:0": 0.042692041840235354, "y:1": 0.1951991981084633, "y:2": 0.23916499263669233, "y:3": 0.24261184741702915, "y:4": 0.16436366094730806, "y:5": 0.045868632764057615, "y:6": 0.00569500650947089}, "3": {"y:0": 0.08437545873421806, "y:1": 0.2924166204350977, "y:2": 0.36344422383260466, "y:3": 0.3764581838735758, "y:4": 0.25115129869610164, "y:5": 0.07019315410779504, "y:6": 0.011797363136880358}, "4": {"y:0": 0.1923202056106487, "y:1": 0.3738202123456467, "y:2": 0.4278417603979558, "y:3": 0.44230910708123544, "y:4": 0.31405496847980247, "y:5": 0.11572557375498245, "y:6": 0.029885011518433962}, "5": {"y:0": 0.3002016613293311, "y:1": 0.5550409418613014, "y:2": 0.6183162092805627, "y:3": 0.6183278592156279, "y:4": 0.43326042393808434, "y:5": 0.18224113211990794, "y:6": 0.045473552965973135}, "6": {"y:0": 0.47236499258434717, "y:1": 0.7220287281858675, "y:2": 0.8030062727381986, "y:3": 0.7989559534963386, "y:4": 0.57095852134721, "y:5": 0.27779540310094397, "y:6": 0.0806974791595347}, "7": {"y:0": 0.6855066257771428, "y:1": 1.0727737351227855, "y:2": 1.1866667836213065, "y:3": 1.1819011687020737, "y:4": 0.8715239865584286, "y:5": 0.4144068034457004, "y:6": 0.1084223315941573}, "8": {"y:0": 0.9912386362919995, "y:1": 1.477000359863588, "y:2": 1.612033919443318, "y:3": 1.614693486323968, "y:4": 1.2759004456994012, "y:5": 0.6036543677380333, "y:6": 0.17222731616373302}, "9": {"y:0": 1.398563543108411, "y:1": 2.1562707925658775, "y:2": 2.3919117935353666, "y:3": 2.387264723718703, "y:4": 1.6880576669974172, "y:5": 0.7418828650651377, "y:6": 0.2395546518439603}, "10": {"y:0": 1.8212404494867722, "y:1": 2.6879801767483573, "y:2": 3.285600873380601, "y:3": 3.2724322008008584, "y:4": 2.107934021655186, "y:5": 0.9502802294302432, "y:6": 0.3218779258300786}, "11": {"y:0": 2.44437999211383, "y:1": 3.407616320484957, "y:2": 3.9598588039393516, "y:3": 3.7055793746389765, "y:4": 2.5900319788130663, "y:5": 1.3563019673431906, "y:6": 0.4746578239240884}, "12": {"y:0": 3.0094879575927305, "y:1": 3.9811304143579966, "y:2": 5.053097825562763, "y:3": 4.224955738489128, "y:4": 3.5540786793232986, "y:5": 1.7683359639517355, "y:6": 0.6068119299648574}, "13": {"y:0": 3.268734162392591, "y:1": 4.7755082804831, "y:2": 6.5850834709591455, "y:3": 4.532831128243504, "y:4": 4.8027314252025155, "y:5": 2.4413196987903323, "y:6": 0.8081810234426033}, "14": {"y:0": 3.006082996164515, "y:1": 5.1127325344876215, "y:2": 7.98482147358654, "y:3": 5.119767772007554, "y:4": 5.964013845030053, "y:5": 2.9001250426303904, "y:6": 0.9846316485593726}, "15": {"y:0": 2.888606427394828, "y:1": 5.052213632431887, "y:2": 8.994675956108946, "y:3": 5.636262676184209, "y:4": 7.1446633794106, "y:5": 3.71269152366506, "y:6": 1.2747269764983395}, "16": {"y:0": 2.647511829854594, "y:1": 5.016346830684269, "y:2": 11.320068547425004, "y:3": 7.30019601718578, "y:4": 8.487807465511274, "y:5": 4.106732212527635, "y:6": 1.3597461978614276}, "17": {"y:0": 2.5876384314637395, "y:1": 5.461902851502272, "y:2": 12.720117061088375, "y:3": 9.180329554599433, "y:4": 9.899058035586888, "y:5": 4.798000997384269, "y:6": 1.5239440706214886}, "18": {"y:0": 3.1239304918527333, "y:1": 7.202880981100337, "y:2": 14.704454147867983, "y:3": 13.798472617076609, "y:4": 11.1834901917124, "y:5": 5.653497758836546, "y:6": 1.7351822001122763}, "19": {"y:0": 3.6379422688173437, "y:1": 8.869606913169894, "y:2": 17.17591621925812, "y:3": 16.087318618425446, "y:4": 12.55893214049785, "y:5": 6.644937796314044, "y:6": 1.9876222868726068}, "20": {"y:0": 4.520034342928086, "y:1": 11.500431875667024, "y:2": 18.886821974906194, "y:3": 19.04912280037801, "y:4": 13.570036430713314, "y:5": 7.128070676804322, "y:6": 1.9569654028532815}, "21": {"y:0": 5.240290391193424, "y:1": 13.85020671920355, "y:2": 22.015118431741136, "y:3": 21.80206406003048, "y:4": 15.476832742579601, "y:5": 8.4273070395663, "y:6": 2.178263205727215}, "22": {"y:0": 6.944289161282437, "y:1": 17.282374525798566, "y:2": 23.563450920534844, "y:3": 25.99915075975053, "y:4": 16.813126984177373, "y:5": 8.446538425440528, "y:6": 2.314591085295887}, "23": {"y:0": 7.856279263453863, "y:1": 21.328474575934408, "y:2": 29.181601238713476, "y:3": 27.21664842287216, "y:4": 17.815457144071498, "y:5": 9.754763038778284, "y:6": 2.780679297404481}, "24": {"y:0": 10.895038414044627, "y:1": 29.451362030536714, "y:2": 33.65141699234291, "y:3": 31.793992913340624, "y:4": 19.733672203837315, "y:5": 10.053664445026932, "y:6": 3.0021526195334203}, "25": {"y:0": 12.834366973084673, "y:1": 30.38312471056283, "y:2": 34.76817394502593, "y:3": 30.474240581663608, "y:4": 20.075411668731874, "y:5": 11.441657878932796, "y:6": 3.61548214544873}, "26": {"y:0": 16.977936823717858, "y:1": 38.83568548772001, "y:2": 40.59557384301622, "y:3": 35.37019361898895, "y:4": 22.038659503523977, "y:5": 12.457775221015192, "y:6": 3.8788835011282456}, "27": {"y:0": 19.751207849269772, "y:1": 42.472631154532, "y:2": 40.538271198571024, "y:3": 35.40313625017656, "y:4": 22.642277332303724, "y:5": 12.676815571320763, "y:6": 4.567934474004883}, "28": {"y:0": 25.57717858315046, "y:1": 49.879531587286976, "y:2": 45.995846569125305, "y:3": 38.10024184614956, "y:4": 23.984215484861636, "y:5": 12.55993091445702, "y:6": 4.563711684534444}, "29": {"y:0": 30.13538834845985, "y:1": 53.105638261485446, "y:2": 50.07454361722904, "y:3": 38.95678393538959, "y:4": 24.897564321256414, "y:5": 12.916970528729088, "y:6": 5.028204445292143}, "30": {"y:0": 37.09417860902632, "y:1": 55.84605443281587, "y:2": 49.609750830557836, "y:3": 38.001993616215636, "y:4": 23.900212560721883, "y:5": 13.028444141109187, "y:6": 5.141367821483594}}