{"0": {"y:0": 0.3926846542948509, "y:1": 0.39272720529293165, "y:2": 0.3927072542555819, "y:3": 0.3935820937947677, "y:4": 0.39203651442887627, "y:5": 0.39659461129195733, "y:6": 0.39162426716863014, "y:7": 0.3972085110331285, "y:8": 0.395264655675927, "y:9": 0.39706776902867913}, "1": {"y:0": 0.411077835487356, "y:1": 0.41804486553743436, "y:2": 0.4145674100922836, "y:3": 0.4198183891615683, "y:4": 0.4117872708370545, "y:5": 0.415595235284132, "y:6": 0.4131762769762868, "y:7": 0.4118721291616109, "y:8": 0.41702709252360765, "y:9": 0.410451045499476}, "2": {"y:0": 0.7851867113914289, "y:1": 0.7887761443697692, "y:2": 0.786384451083182, "y:3": 0.7801240581423536, "y:4": 0.7940070570417144, "y:5": 0.7881099477194371, "y:6": 0.7879340112908545, "y:7": 0.7899544427149016, "y:8": 0.7843121259506015, "y:9": 0.782148215463979}, "3": {"y:0": 1.6601914161453293, "y:1": 1.6663746980903844, "y:2": 1.6369607835013786, "y:3": 1.6440311999082462, "y:4": 1.6625721262335371, "y:5": 1.6503033497889508, "y:6": 1.6296802758827416, "y:7": 1.6968324341065097, "y:8": 1.6465981956254991, "y:9": 1.6553834251520312}, "4": {"y:0": 3.2334192400087667, "y:1": 3.232966223837531, "y:2": 3.1790460991659812, "y:3": 3.1913114217375296, "y:4": 3.2027129181325407, "y:5": 3.2660717055004618, "y:6": 3.2572441157450056, "y:7": 3.2173584615378408, "y:8": 3.2234044807256197, "y:9": 3.178968949741792}, "5": {"y:0": 5.117942410056261, "y:1": 5.244328555687655, "y:2": 5.134054391214493, "y:3": 5.021682666307913, "y:4": 5.019243995864759, "y:5": 5.036802839107492, "y:6": 5.200681210784912, "y:7": 5.148087852724956, "y:8": 5.100064276001255, "y:9": 4.997574798551178}, "6": {"y:0": 6.037181803166266, "y:1": 5.9757568195868735, "y:2": 6.043998652832315, "y:3": 6.42129690673825, "y:4": 6.543800244345961, "y:5": 6.271758321559948, "y:6": 6.140783685892667, "y:7": 6.183551299217775, "y:8": 6.460731013798512, "y:9": 5.981196243214988}, "7": {"y:0": 6.479100072568292, "y:1": 6.29704764747187, "y:2": 6.490043153646538, "y:3": 6.397375238874092, "y:4": 6.649605203602857, "y:5": 6.498222050079724, "y:6": 6.331826315037905, "y:7": 6.3439571471352485, "y:8": 6.421297787485595, "y:9": 6.46747633622573}, "8": {"y:0": 6.738858947795332, "y:1": 6.671461904996632, "y:2": 6.678411790991922, "y:3": 6.781771636498067, "y:4": 6.700215158607683, "y:5": 6.7959757212517475, "y:6": 6.717681348342063, "y:7": 6.69355784547937, "y:8": 6.491634888833041, "y:9": 6.686786649517227}, "9": {"y:0": 6.740589477226679, "y:1": 6.80629130597656, "y:2": 6.6895452105342885, "y:3": 6.769745730046195, "y:4": 6.782863090487735, "y:5": 6.677621918941057, "y:6": 6.766743066584099, "y:7": 6.725873940756525, "y:8": 6.666416380547567, "y:9": 6.813652114852035}, "10": {"y:0": 6.74360733214488, "y:1": 6.777800781360438, "y:2": 6.674379301900537, "y:3": 6.696749033524273, "y:4": 6.766197767771024, "y:5": 6.684254379110899, "y:6": 6.7227269861262196, "y:7": 6.683489167825412, "y:8": 6.656792899896148, "y:9": 6.715161536237218}, "11": {"y:0": 6.784088057064924, "y:1": 6.770549372575468, "y:2": 6.813151044630541, "y:3": 6.7810167069228635, "y:4": 6.798571562848981, "y:5": 6.8164848350173, "y:6": 6.836030285287692, "y:7": 6.8563129584591875, "y:8": 6.857065135444439, "y:9": 6.748950419735222}}