{"0": {"y:0": 0.12959859097054177, "y:1": 0.020423379353594708, "y:2": 0.1194774439230821, "y:3": 0.015928344573465914, "y:4": 0.1495986840037721, "y:5": 0.014762334117430151, "y:6": 0.12993981249997846, "y:7": 0.017611269799292666, "y:8": 0.1286170836587017, "y:9": 0.020976302291034973, "y:10": 0.1345056053703798, "y:11": 0.023798832757044655, "y:12": 0.12079619230205468, "y:13": 0.027829675770974144, "y:14": 0.14651906035037457, "y:15": 0.030571748267084777, "y:16": 0.1299275326685418, "y:17": 0.033694134515348424, "y:18": 0.1411248981956598, "y:19": 0.035511751284643185, "y:20": 0.13062812321707337, "y:21": 0.04209392738976001, "y:22": 0.14487260995699916, "y:23": 0.0423727302187802, "y:24": 0.13882020061912168, "y:25": 0.04497888136142757, "y:26": 0.1313547855489749, "y:27": 0.04792760031083369, "y:28": 0.14376590163827885, "y:29": 0.05848332284344314, "y:30": 0.13275410835242152, "y:31": 0.048884627203376295}}