{"0": {"y:0": 0.21266656271477996, "y:1": 0.2088585922394944, "y:2": 0.20681456370765844, "y:3": 0.20857884675765775, "y:4": 0.20827676970149325, "y:5": 0.2080551874821371, "y:6": 0.20687628552521606, "y:7": 0.20822493350359414, "y:8": 0.20897158550596628, "y:9": 0.2096225216862682}, "1": {"y:0": 0.2057341803087672, "y:1": 0.20608052066347557, "y:2": 0.20664419626958286, "y:3": 0.2059596776699768, "y:4": 0.20641094053143635, "y:5": 0.20515846845487165, "y:6": 0.2064399415147619, "y:7": 0.20557782423043913, "y:8": 0.20388407737324205, "y:9": 0.20377084388267758}, "2": {"y:0": 0.44544817729898983, "y:1": 0.44111953584391106, "y:2": 0.43739825887278794, "y:3": 0.43658435688014136, "y:4": 0.4357292221059528, "y:5": 0.44030632068262093, "y:6": 0.43914764967250475, "y:7": 0.44257769199134994, "y:8": 0.4471916153680168, "y:9": 0.4428791539206163}, "3": {"y:0": 0.901165374318057, "y:1": 0.8671454019783573, "y:2": 0.9211870238455991, "y:3": 0.8969691136812198, "y:4": 0.9035048527017008, "y:5": 0.9098732728303144, "y:6": 0.9060730499005958, "y:7": 0.8997792348733107, "y:8": 0.9261948613407284, "y:9": 0.9174259139262895}, "4": {"y:0": 1.7535068600345496, "y:1": 1.2404344161729002, "y:2": 1.7887867370235542, "y:3": 1.6848416267592277, "y:4": 1.8056951439325766, "y:5": 1.7041761827891893, "y:6": 1.7133510970760846, "y:7": 1.7206171424076255, "y:8": 1.731449526302117, "y:9": 1.8360791021781633}, "5": {"y:0": 2.742314975425471, "y:1": 1.3358635304415727, "y:2": 2.8013505666796874, "y:3": 2.318318428087549, "y:4": 2.6185991240805646, "y:5": 2.3664571397422707, "y:6": 2.71090030929417, "y:7": 2.4516479332498067, "y:8": 2.5731241391052166, "y:9": 2.831111852958903}, "6": {"y:0": 2.970304388685096, "y:1": 1.3753017423284937, "y:2": 3.154609160432492, "y:3": 2.6294996096163965, "y:4": 3.1038631729399926, "y:5": 2.5373485349144573, "y:6": 2.9897344990781574, "y:7": 2.731151828890868, "y:8": 2.933757482538844, "y:9": 3.074145513128512}, "7": {"y:0": 3.1722109470271747, "y:1": 1.3798949963284988, "y:2": 3.248023001368714, "y:3": 2.679347972722426, "y:4": 3.1988578662996416, "y:5": 2.6377160127193084, "y:6": 3.1743500659297057, "y:7": 2.8918996258139327, "y:8": 3.0622144922700865, "y:9": 3.2392481691323995}, "8": {"y:0": 3.1740819217507785, "y:1": 1.3618757866382605, "y:2": 3.255953593409688, "y:3": 2.7854317619044706, "y:4": 3.2445907372242053, "y:5": 2.6232091844564245, "y:6": 3.1966264411581315, "y:7": 2.9880074320917127, "y:8": 3.095420395424848, "y:9": 3.3232439700175034}, "9": {"y:0": 3.2011655836234647, "y:1": 1.3666295443220289, "y:2": 3.2764190935477826, "y:3": 2.814113876913704, "y:4": 3.348724612386239, "y:5": 2.6117882206760186, "y:6": 3.3024489110781245, "y:7": 3.0023432140262685, "y:8": 3.1831903998113495, "y:9": 3.4356354539513956}, "10": {"y:0": 3.203707684716444, "y:1": 1.3850486112549434, "y:2": 3.311325646334217, "y:3": 2.7549949702320187, "y:4": 3.301954162754568, "y:5": 2.6598272697354717, "y:6": 3.275341984492152, "y:7": 2.9851043887746664, "y:8": 3.128034939933233, "y:9": 3.3534394828021274}, "11": {"y:0": 3.2506789863165246, "y:1": 1.3915511574109265, "y:2": 3.3823157188601076, "y:3": 2.7862282829090677, "y:4": 3.374427771733615, "y:5": 2.6650140825930637, "y:6": 3.3276136950932202, "y:7": 3.028760206025155, "y:8": 3.178119104149086, "y:9": 3.4657852316358797}}