{"0": {"y:0": 0.38817037589635933, "y:1": 0.39178730985211413, "y:2": 0.39697659569599275, "y:3": 0.3881417113044248, "y:4": 0.39490100221668406, "y:5": 0.3929298371007537, "y:6": 0.3861641835665368, "y:7": 0.3931890626537772, "y:8": 0.39831214440232543, "y:9": 0.38837780871255567}, "1": {"y:0": 0.4074745834370807, "y:1": 0.4145189782978923, "y:2": 0.40980295042311204, "y:3": 0.4143118868010002, "y:4": 0.4100901782042158, "y:5": 0.40883132097860153, "y:6": 0.41070229662425084, "y:7": 0.41121378068502723, "y:8": 0.41043392922428096, "y:9": 0.41102803088267686}, "2": {"y:0": 0.7927070566472338, "y:1": 0.7963122143673028, "y:2": 0.7909706806144154, "y:3": 0.793761081327948, "y:4": 0.8036229433818318, "y:5": 0.8012976086584099, "y:6": 0.7920577413890717, "y:7": 0.8037181129090082, "y:8": 0.807837513134253, "y:9": 0.7936268718301351}, "3": {"y:0": 1.571217270718834, "y:1": 1.55447902542954, "y:2": 1.5782517392086812, "y:3": 1.5836209268476988, "y:4": 1.598913312601452, "y:5": 1.606506267415919, "y:6": 1.5986397985356104, "y:7": 1.5737900552866255, "y:8": 1.5773115236757227, "y:9": 1.5380659032689845}, "4": {"y:0": 2.70476056658377, "y:1": 2.7849944677257525, "y:2": 2.755285912914022, "y:3": 2.7763046885476705, "y:4": 2.728786433963737, "y:5": 2.7374425607065, "y:6": 2.7946408684209354, "y:7": 2.8103604520502454, "y:8": 2.7701277498507717, "y:9": 2.7890512807114383}, "5": {"y:0": 3.4919470697229333, "y:1": 3.5538701256563967, "y:2": 3.418931744079959, "y:3": 3.416712595370626, "y:4": 3.5076525974978736, "y:5": 3.321549051446147, "y:6": 3.4585213351782174, "y:7": 3.441688070915184, "y:8": 3.440231273419762, "y:9": 3.415049464192951}, "6": {"y:0": 3.8052035007226075, "y:1": 3.7717201242266993, "y:2": 3.940754103208437, "y:3": 3.7566445782140585, "y:4": 3.8534769430964504, "y:5": 3.8085307884866983, "y:6": 3.907048014276779, "y:7": 3.8008244297028746, "y:8": 3.7705525118807937, "y:9": 3.8025268754535926}, "7": {"y:0": 4.093756149755286, "y:1": 4.065741362292504, "y:2": 4.1385734026876575, "y:3": 4.184408754069424, "y:4": 4.2006795378861, "y:5": 4.190956525171166, "y:6": 4.1696419547421915, "y:7": 4.165893663248219, "y:8": 4.133698276904459, "y:9": 4.108817200748851}, "8": {"y:0": 4.369553020580857, "y:1": 4.346336481134484, "y:2": 4.382410997757303, "y:3": 4.331721955354736, "y:4": 4.329114859790967, "y:5": 4.301621247578792, "y:6": 4.370574638460568, "y:7": 4.374774438756716, "y:8": 4.329436460620336, "y:9": 4.396955442002282}, "9": {"y:0": 4.545056478187335, "y:1": 4.491656746087142, "y:2": 4.457903594113765, "y:3": 4.485102543984801, "y:4": 4.50547005805884, "y:5": 4.477769106237071, "y:6": 4.496784738507324, "y:7": 4.500395448702886, "y:8": 4.487801672000988, "y:9": 4.499569421265431}}