{"0": {"y:0": 0.006236208477735893, "y:1": 0.010086410226262625, "y:2": 0.0033474285414362447, "y:3": 0.0035633074083553477, "y:4": 0.022644554165356757, "y:5": 0.0030788324833002346, "y:6": 0.015020154894470325, "y:7": 0.006249993746448226, "y:8": 0.007530104986543664, "y:9": 0.007728754605621047, "y:10": 0.003832902133260135, "y:11": 0.004352781808731553, "y:12": 0.01146017062792163, "y:13": 0.002927146124934602, "y:14": 0.06092180676146959, "y:15": 0.005499883100828617, "y:16": 0.01308891369667911, "y:17": 0.009797863794183096, "y:18": 0.0034762056383193544, "y:19": 0.00676907587777043, "y:20": 0.010172695291256167, "y:21": 0.0023727542866743474, "y:22": 0.020444003070210808, "y:23": 0.004391569688432183, "y:24": 0.020194312495852452, "y:25": 0.008974598916758537, "y:26": 0.005502944523032678, "y:27": 0.013211131373995105, "y:28": 0.002726776171170934, "y:29": 0.0022163461114240823}, "1": {"y:0": 0.006212914392487297, "y:1": 0.009694259222091103, "y:2": 0.003374089610386393, "y:3": 0.0035176230966554485, "y:4": 0.022590275550699847, "y:5": 0.0031208263354318786, "y:6": 0.014745270574693872, "y:7": 0.006239672363476838, "y:8": 0.007564163430394254, "y:9": 0.008214820513751338, "y:10": 0.0038282774657174994, "y:11": 0.004415828547300716, "y:12": 0.011466755652840247, "y:13": 0.0029982238128998862, "y:14": 0.06189729664507589, "y:15": 0.005626686370866772, "y:16": 0.013004101274684075, "y:17": 0.010961515739122771, "y:18": 0.0034785221290345595, "y:19": 0.007199040238180186, "y:20": 0.010137461173132268, "y:21": 0.0023865267143846954, "y:22": 0.02040111714286284, "y:23": 0.004362184888721395, "y:24": 0.020709702465216993, "y:25": 0.009319636336200076, "y:26": 0.005526119095774017, "y:27": 0.01261296229377133, "y:28": 0.002725191825840324, "y:29": 0.002217432183180086}, "2": {"y:0": 0.006223759070705074, "y:1": 0.011825352817343503, "y:2": 0.003360722439949039, "y:3": 0.0049976263244641194, "y:4": 0.022494662052433084, "y:5": 0.004603711813618349, "y:6": 0.015100612036518244, "y:7": 0.021307018356132735, "y:8": 0.007559422833400975, "y:9": 0.014378286324550557, "y:10": 0.003836426162868588, "y:11": 0.007872027170334297, "y:12": 0.011572486490192825, "y:13": 0.003966230364292783, "y:14": 0.07211070689118153, "y:15": 0.010751396500995308, "y:16": 0.012974687604199672, "y:17": 0.01145564681955262, "y:18": 0.0034748709584746414, "y:19": 0.012461330026898006, "y:20": 0.010059815176506892, "y:21": 0.002685910985300815, "y:22": 0.021070639163688423, "y:23": 0.005435823137273997, "y:24": 0.020126074875063106, "y:25": 0.011298532333882798, "y:26": 0.00552702407340586, "y:27": 0.01078638843508179, "y:28": 0.0027268054221969667, "y:29": 0.00238541435322869}, "3": {"y:0": 0.0062232014261994865, "y:1": 0.011728982856408735, "y:2": 0.0033470130761317106, "y:3": 0.00530780905111373, "y:4": 0.021794775114949552, "y:5": 0.005000410444639911, "y:6": 0.014770962847619066, "y:7": 0.039466322675271996, "y:8": 0.007543991867669307, "y:9": 0.017640399654525716, "y:10": 0.0038467917201466958, "y:11": 0.010018985424058673, "y:12": 0.011322852836586695, "y:13": 0.004591330525332604, "y:14": 0.07423084630900637, "y:15": 0.016607535904906517, "y:16": 0.013007928957386136, "y:17": 0.014496059985669652, "y:18": 0.0034604475073754947, "y:19": 0.02265605643645438, "y:20": 0.010013010525874545, "y:21": 0.0030667324313205443, "y:22": 0.02103256670174563, "y:23": 0.007316158926882707, "y:24": 0.020803843488639326, "y:25": 0.019193543028568544, "y:26": 0.005518144306121849, "y:27": 0.014294486482497855, "y:28": 0.002729427403527609, "y:29": 0.002682210944407457}, "4": {"y:0": 0.006235486219987481, "y:1": 0.011474657878441324, "y:2": 0.0033581676057253336, "y:3": 0.005484129224971848, "y:4": 0.021971829139564976, "y:5": 0.005245385575203828, "y:6": 0.014642908423469402, "y:7": 0.05430060846124898, "y:8": 0.007532333279972215, "y:9": 0.016810002799075713, "y:10": 0.0038297726878811817, "y:11": 0.011299180526500549, "y:12": 0.011553219076254341, "y:13": 0.004881024033250961, "y:14": 0.07659730292709245, "y:15": 0.022406104033952434, "y:16": 0.01303087876547223, "y:17": 0.01371675994379409, "y:18": 0.0034937406644661505, "y:19": 0.035366665825667006, "y:20": 0.009949023354314395, "y:21": 0.003271395046754301, "y:22": 0.020859248107794656, "y:23": 0.008465519074519067, "y:24": 0.020963662879703124, "y:25": 0.024619136322804547, "y:26": 0.005500984956023049, "y:27": 0.01297181719917885, "y:28": 0.0027255401828081257, "y:29": 0.002858259521188153}, "5": {"y:0": 0.006283405548731454, "y:1": 0.011484822259855794, "y:2": 0.003351288092010614, "y:3": 0.005468391219567106, "y:4": 0.022660893453888484, "y:5": 0.005209480956261659, "y:6": 0.014978421248703199, "y:7": 0.051857277527186336, "y:8": 0.007574194683036989, "y:9": 0.017099786502497598, "y:10": 0.003841185030714884, "y:11": 0.011347756770129955, "y:12": 0.011410971244241888, "y:13": 0.00484252372417466, "y:14": 0.0701213499255234, "y:15": 0.021880252542365423, "y:16": 0.013037752285729343, "y:17": 0.01388320950154683, "y:18": 0.0034712757387845524, "y:19": 0.036192670433808145, "y:20": 0.010038643930790484, "y:21": 0.0032731294325322475, "y:22": 0.021300985725756928, "y:23": 0.008487053189898683, "y:24": 0.020824494994695346, "y:25": 0.028046810554364775, "y:26": 0.005484487752459173, "y:27": 0.013802562029182909, "y:28": 0.0027308461000067332, "y:29": 0.0028600335886275552}, "6": {"y:0": 0.006256388112889787, "y:1": 0.011382845211190538, "y:2": 0.0033605052894735005, "y:3": 0.005515402008800932, "y:4": 0.022317362303343274, "y:5": 0.005310873373067496, "y:6": 0.014934258477628807, "y:7": 0.05581851129021159, "y:8": 0.0075635712454855085, "y:9": 0.01643187376354245, "y:10": 0.0038467807180007658, "y:11": 0.011990047689189785, "y:12": 0.011436003973524981, "y:13": 0.0050057129718561804, "y:14": 0.07239852554017816, "y:15": 0.025798245997481168, "y:16": 0.013043529150949362, "y:17": 0.013300380017764445, "y:18": 0.0034795242477381606, "y:19": 0.04170068712086409, "y:20": 0.010097466342411198, "y:21": 0.003375575823964457, "y:22": 0.020978639197517725, "y:23": 0.009291775403849078, "y:24": 0.020533403647907084, "y:25": 0.025004999393419422, "y:26": 0.005508112925943615, "y:27": 0.012628724565364022, "y:28": 0.002728985363647262, "y:29": 0.0029506585900198334}, "7": {"y:0": 0.006271968109332202, "y:1": 0.011440715765327613, "y:2": 0.003350403764298591, "y:3": 0.005492051032466443, "y:4": 0.02271168753170414, "y:5": 0.005294508981880441, "y:6": 0.014875987610970054, "y:7": 0.05768095278644571, "y:8": 0.00759497717649294, "y:9": 0.017242700186101197, "y:10": 0.003835800525864515, "y:11": 0.011647393154558388, "y:12": 0.011464007679243231, "y:13": 0.004967351537397688, "y:14": 0.07390435554798251, "y:15": 0.02503469282674841, "y:16": 0.013043861279226153, "y:17": 0.013925235391231758, "y:18": 0.0034813572876161995, "y:19": 0.04689369355909074, "y:20": 0.010078839870162268, "y:21": 0.0033551118439540777, "y:22": 0.021185377613449283, "y:23": 0.009035423593200585, "y:24": 0.020865083394154778, "y:25": 0.02888117308498076, "y:26": 0.0055197230658168344, "y:27": 0.013430641958464981, "y:28": 0.0027302956913993885, "y:29": 0.0029254446498133756}, "8": {"y:0": 0.006246650317512213, "y:1": 0.011422570889738881, "y:2": 0.0033526933520284497, "y:3": 0.005509114173351686, "y:4": 0.022360033967797364, "y:5": 0.005309050323411628, "y:6": 0.01490209258943093, "y:7": 0.06025840869287117, "y:8": 0.007548450348991238, "y:9": 0.01671710001133459, "y:10": 0.00383710336897983, "y:11": 0.01198127201462914, "y:12": 0.011429460444552808, "y:13": 0.004997186158657184, "y:14": 0.07110739726978599, "y:15": 0.026010121031725543, "y:16": 0.01302049742585139, "y:17": 0.013800231233148557, "y:18": 0.0034823448954230687, "y:19": 0.048178090084780835, "y:20": 0.01006155976658746, "y:21": 0.0033725006054016377, "y:22": 0.02107447015914197, "y:23": 0.009240459552933148, "y:24": 0.02082653696691114, "y:25": 0.02744232342069561, "y:26": 0.0055000168251398765,