{"0": {"y:0": 37.65000785259642, "y:1": 3.3012363916372394, "y:2": 2.1821750773869923, "y:3": 1.838407632716209, "y:4": 1.6687115145439517, "y:5": 1.5698329812497898, "y:6": 2.0429320967578537, "y:7": 1.4509777242360233, "y:8": 1.381464056535051, "y:9": 1.367581313019955}, "1": {"y:0": 36.557836139728394, "y:1": 3.2542814046520956, "y:2": 2.1441680806700276, "y:3": 1.8029088323832723, "y:4": 1.6539972150466042, "y:5": 1.5598103618907502, "y:6": 2.107181215887603, "y:7": 1.458898075377083, "y:8": 1.4028560792583706, "y:9": 1.3883906253842133}, "2": {"y:0": 37.218333552826664, "y:1": 5.085859781852007, "y:2": 3.153055982050761, "y:3": 2.672129017834599, "y:4": 2.459017325877846, "y:5": 2.288527088525703, "y:6": 4.828183703474941, "y:7": 2.158356020058432, "y:8": 1.9749667597050469, "y:9": 1.972240477485108}, "3": {"y:0": 35.57021530093352, "y:1": 5.364198281080856, "y:2": 3.699035508974436, "y:3": 3.206929917446383, "y:4": 2.9857603227138894, "y:5": 2.815257698185665, "y:6": 2.7259027524429107, "y:7": 2.6608896513709785, "y:8": 2.4150594735022097, "y:9": 2.438286813503801}, "4": {"y:0": 36.04872204520083, "y:1": 6.445399750264948, "y:2": 4.651123878620993, "y:3": 3.8993624306957764, "y:4": 3.6203644591885387, "y:5": 3.3558286938881965, "y:6": 3.156747926346408, "y:7": 3.2065504251609243, "y:8": 2.8239904609460322, "y:9": 2.8578733339492524}, "5": {"y:0": 37.23944652679632, "y:1": 5.870563753944315, "y:2": 5.533469234667599, "y:3": 5.124509049111263, "y:4": 4.838310744874703, "y:5": 4.575948379628951, "y:6": 2.2220066058399035, "y:7": 4.234345579036606, "y:8": 3.7727087114864344, "y:9": 3.702651044272955}, "6": {"y:0": 36.86634501866388, "y:1": 6.518043175025917, "y:2": 6.495085160799304, "y:3": 6.307032733797389, "y:4": 6.061211017964349, "y:5": 5.67590527942633, "y:6": 2.2168997103493258, "y:7": 5.177296250082818, "y:8": 4.424009668270846, "y:9": 4.341459844296559}, "7": {"y:0": 37.152218959013815, "y:1": 9.216313798062924, "y:2": 7.649596540871835, "y:3": 7.935976800667685, "y:4": 8.32877392571374, "y:5": 8.190453366864805, "y:6": 1.9649657660212227, "y:7": 7.021140433422874, "y:8": 6.32694474381441, "y:9": 5.758871188265316}, "8": {"y:0": 37.257903419209235, "y:1": 10.973199309269205, "y:2": 9.636237736958527, "y:3": 10.835037826971277, "y:4": 11.9354351637596, "y:5": 11.915289341129462, "y:6": 2.0189624300680196, "y:7": 9.557488574671956, "y:8": 8.422102622604484, "y:9": 7.512422813867009}, "9": {"y:0": 37.333949263232476, "y:1": 14.120455971844507, "y:2": 12.211418346904258, "y:3": 14.109135885469229, "y:4": 16.414946207137575, "y:5": 16.154823685309267, "y:6": 2.0092807909066046, "y:7": 12.787140752795604, "y:8": 11.637781465488882, "y:9": 10.254858757557438}, "10": {"y:0": 37.433714468785205, "y:1": 19.347278355880917, "y:2": 16.26306445698167, "y:3": 18.460880516183092, "y:4": 20.623407769417437, "y:5": 21.91755065007958, "y:6": 2.0351468328240943, "y:7": 17.105948458903935, "y:8": 15.067908212745914, "y:9": 13.738773512574294}, "11": {"y:0": 37.64552732953084, "y:1": 22.39170986488261, "y:2": 19.028986711995984, "y:3": 21.468260931933145, "y:4": 24.9915519275903, "y:5": 25.242517042754024, "y:6": 2.056858295041564, "y:7": 20.50586645453106, "y:8": 18.37887675383304, "y:9": 17.758381387694712}, "12": {"y:0": 37.31320809737977, "y:1": 25.50366288085245, "y:2": 21.93305803677652, "y:3": 25.838200272948782, "y:4": 28.183240984175423, "y:5": 28.408654919057625, "y:6": 2.0600186478377553, "y:7": 23.49706972717576, "y:8": 21.065126984094793, "y:9": 20.963878421033908}, "13": {"y:0": 36.846624771446464, "y:1": 28.215349478259792, "y:2": 24.95754859200377, "y:3": 28.285937322191447, "y:4": 30.316542546310107, "y:5": 30.596999050982603, "y:6": 2.055355360242881, "y:7": 24.855942525674173, "y:8": 22.554785919769692, "y:9": 22.83485545395974}, "14": {"y:0": 37.5544334683381, "y:1": 29.737935564410158, "y:2": 25.52207487745211, "y:3": 28.375116360286647, "y:4": 29.60315938022696, "y:5": 30.124402580327217, "y:6": 2.057110492739308, "y:7": 26.02021939338475, "y:8": 23.85050420506066, "y:9": 24.350666902630802}, "15": {"y:0": 37.25595786747029, "y:1": 30.766476908969047, "y:2": 26.59155262963239, "y:3": 29.58148267461484, "y:4": 30.833503355197625, "y:5": 30.750114575411605, "y:6": 2.0567032883468013, "y:7": 26.43874185655389, "y:8": 24.361694060339588, "y:9": 25.11743342035599}, "16": {"y:0": 36.836798540982564, "y:1": 31.389953183852096, "y:2": 27.38019598802735, "y:3": 30.28476971985267, "y:4": 31.267109751585824, "y:5": 30.85434779092869, "y:6": 2.0560304441908612, "y:7": 26.661188868090633, "y:8": 24.6519335446013, "y:9": 26.074479921589663}, "17": {"y:0": 37.25757597185402, "y:1": 31.067366897662207, "y:2": 26.644258127336233, "y:3": 30.137383857203854, "y:4": 31.521576658043738, "y:5": 31.886397781768483, "y:6": 2.058487244082925, "y:7": 27.20528544436885, "y:8": 25.45257641596382, "y:9": 26.708715587643823}}