{"0": {"y:0": 0.0053599971923367455, "y:1": 0.009259159171603871, "y:2": 0.0034597452438544303, "y:3": 0.0031318490542628728, "y:4": 0.03240620478506291, "y:5": 0.003375134878721214, "y:6": 0.019125898770706282, "y:7": 0.00724620296102542, "y:8": 0.06549280695875266, "y:9": 0.007281833521151371, "y:10": 0.002381255630572983, "y:11": 0.0027973645620259385, "y:12": 0.030917897156737026, "y:13": 0.0024046151741984076, "y:14": 0.04408549222752623, "y:15": 0.006917436557470257, "y:16": 0.06262640462255359, "y:17": 0.01628433506376084, "y:18": 0.0031903373525266716, "y:19": 0.006317825307600886, "y:20": 0.009346514033918273, "y:21": 0.002503218583130972, "y:22": 0.024436723626765203, "y:23": 0.004641341016627427, "y:24": 0.012781122255598885, "y:25": 0.009175950241879872, "y:26": 0.004580231350650016, "y:27": 0.009180450927493382, "y:28": 0.0705830929528715, "y:29": 0.02520446525769422, "y:30": 0.012230031632193586, "y:31": 0.0032903863095026173}, "1": {"y:0": 0.005387629842713683, "y:1": 0.010231196655270424, "y:2": 0.003470821399928322, "y:3": 0.0030768801937660724, "y:4": 0.033551345220526683, "y:5": 0.003339715857709541, "y:6": 0.018970088905664862, "y:7": 0.007993215873035926, "y:8": 0.06643281866353833, "y:9": 0.008258349658112387, "y:10": 0.0023730565816570464, "y:11": 0.0028004743961771972, "y:12": 0.03167965269641163, "y:13": 0.0023964688459904315, "y:14": 0.04308300404985885, "y:15": 0.006829124635431236, "y:16": 0.06432962091095853, "y:17": 0.013802208024421343, "y:18": 0.0031816359907510176, "y:19": 0.0061521767229784875, "y:20": 0.009203603496629227, "y:21": 0.002465807119697853, "y:22": 0.025299471659310367, "y:23": 0.004538477353123546, "y:24": 0.013209036463218879, "y:25": 0.008670280892373889, "y:26": 0.004541064631884701, "y:27": 0.008847051895602023, "y:28": 0.06786349038148029, "y:29": 0.02142319689003892, "y:30": 0.012821005966614367, "y:31": 0.0032408484246945505}, "2": {"y:0": 0.005368347482455789, "y:1": 0.01205189599695529, "y:2": 0.003446515889882585, "y:3": 0.0034834763422291848, "y:4": 0.03504614527316393, "y:5": 0.003937099469400369, "y:6": 0.019060630721173987, "y:7": 0.011568917955525646, "y:8": 0.07599192092990643, "y:9": 0.007386847311682307, "y:10": 0.0023751066002973137, "y:11": 0.0029589565922354733, "y:12": 0.03302838706657132, "y:13": 0.00251151249964309, "y:14": 0.04812238744563799, "y:15": 0.008164934663407295, "y:16": 0.07486528644364633, "y:17": 0.010725466299429033, "y:18": 0.0031651923241573644, "y:19": 0.006851909187857963, "y:20": 0.009235991309899707, "y:21": 0.0025517555253733023, "y:22": 0.02562160061614263, "y:23": 0.004831436989032464, "y:24": 0.013256015630221057, "y:25": 0.009922321520497625, "y:26": 0.004538516883326411, "y:27": 0.00949011470780481, "y:28": 0.07020903005247836, "y:29": 0.019858633280271553, "y:30": 0.012579799349459967, "y:31": 0.0033405721772827046}, "3": {"y:0": 0.005382260880643374, "y:1": 0.012497477158179724, "y:2": 0.0034480206118583908, "y:3": 0.003638486271664294, "y:4": 0.033385485446855406, "y:5": 0.004270225126666685, "y:6": 0.01889071006063042, "y:7": 0.014281584350603676, "y:8": 0.07180443740427638, "y:9": 0.007455933241555126, "y:10": 0.0023708021977428416, "y:11": 0.0031844637636148166, "y:12": 0.030813399974593664, "y:13": 0.0026481123724130438, "y:14": 0.04843020978850623, "y:15": 0.009207039603328344, "y:16": 0.07305076764349716, "y:17": 0.008816555289570774, "y:18": 0.0031668711750697538, "y:19": 0.007420006423168893, "y:20": 0.009219730984420799, "y:21": 0.0026017314286809947, "y:22": 0.024828013917254275, "y:23": 0.005023314156965175, "y:24": 0.013052153091257141, "y:25": 0.010307105439183454, "y:26": 0.004550499648016314, "y:27": 0.009993963456336196, "y:28": 0.07187108538764561, "y:29": 0.013941429523778215, "y:30": 0.012643312299578616, "y:31": 0.0033553329292230027}, "4": {"y:0": 0.005352885725425964, "y:1": 0.012634883106156448, "y:2": 0.003454696150557854, "y:3": 0.004056011487228072, "y:4": 0.03431036667913659, "y:5": 0.005074056456814899, "y:6": 0.018973046324235854, "y:7": 0.029749711238058904, "y:8": 0.07225285787527273, "y:9": 0.007281075558432454, "y:10": 0.002367694591213238, "y:11": 0.003919410997593611, "y:12": 0.032318783945158115, "y:13": 0.0031504063623601372, "y:14": 0.04923283557301625, "y:15": 0.0220793877031764, "y:16": 0.0721547524235325, "y:17": 0.008104856406134965, "y:18": 0.003161833751406798, "y:19": 0.01369103729078693, "y:20": 0.009173831946183725, "y:21": 0.003041407730324923, "y:22": 0.025603802710535962, "y:23": 0.006868517556926225, "y:24": 0.01290193066809184, "y:25": 0.01816206681231762, "y:26": 0.004546641883242056, "y:27": 0.017147575115373372, "y:28": 0.07989585392321549, "y:29": 0.009563187193438787, "y:30": 0.012423900243827798, "y:31": 0.0039163486158237}, "5": {"y:0": 0.005379412527375645, "y:1": 0.012415385894252538, "y:2": 0.0034611225940129266, "y:3": 0.0041727517468787, "y:4": 0.034434594359216836, "y:5": 0.005304403225043389, "y:6": 0.01904378462899023, "y:7": 0.03186832451588217, "y:8": 0.07392970636457931, "y:9": 0.00713063271871756, "y:10": 0.0023723540660337567, "y:11": 0.004189550594997787, "y:12": 0.03187320377993283, "y:13": 0.003358802970232314, "y:14": 0.04753972079076421, "y:15": 0.03331228311465049, "y:16": 0.07311414843997448, "y:17": 0.007788370311710981, "y:18": 0.003166202936691022, "y:19": 0.019792307190119644, "y:20": 0.009236799409473482, "y:21": 0.003306569152948989, "y:22": 0.025015042179593938, "y:23": 0.008256926775727622, "y:24": 0.013141375966608517, "y:25": 0.0250035814336729, "y:26": 0.004539370479790506, "y:27": 0.02540303280247096, "y:28": 0.07202451717118125, "y:29": 0.008699576639787886, "y:30": 0.012692454364677263, "y:31": 0.0043985017413836125}, "6": {"y:0": 0.005342646995342479, "y:1": 0.012199914591839677, "y:2": 0.003454810266879623, "y:3": 0.004215241832333877, "y:4": 0.034594704476157784, "y:5": 0.00546026331657782, "y:6": 0.018863665079914143, "y:7": 0.030161229172011996, "y:8": 0.07330390056627617, "y:9": 0.007014737352958453, "y:10": 0.002370664809851576, "y:11": 0.004321229208231203, "y:12": 0.032421386531377216, "y:13": 0.003445396584821279, "y:14": 0.048756912739637046, "y:15": 0.038672281370440306, "y:16": 0.07339195061345576, "y:17": 0.007519264611030787, "y:18": 0.0031648415022744562, "y:19": 0.024075933955938093, "y:20": 0.009251581471235686, "y:21": 0.0034021851086554556, "y:22": 0.025615872685026523, "y:23": 0.009080160665619907, "y:24": 0.013043369168036943, "y:25": 0.027884105232957257, "y:26": 0.004559673899834211, "y:27": 0.028416564145437848, "y:28": 0.07732388483369156, "y:29": 0.00839776524033037, "y:30": 0.012586353813062539, "y:31": 0.004652317402604121}, "7": {"y:0": 0.005359758819051568, "y:1": 0.01218950397084321, "y:2": 0.003455508122044526, "y:3": 0.00423434994860722, "y:4": 0.03441903385465714, "y:5": 0.005476842373795189, "y:6": 0.018756087374773654, "y:7": 0.02918554125016534, "y:8": 0.07583631927039995, "y:9": 0.006934031470313301, "y:10": 0.002372868188004414, "y:11": 0.004379939242965029, "y:12": 0.03235220102402977, "y:13": 0.0035025864383882994, "y:14": 0.047649882914375254, "y:15": 0.04492147181236803, "y:16": 0.07558969602124191, "y:17": 0.007486753283234639, "y:18": 0.0031584602643564925, "y:19": 0.02841182469854029, "y:20": 0.009180018407514071, "y:21": 0.0034777151329839213, "y:22": 0.02528920541065657, "y:23": 0.00962659628324802, "y:24": 0.01312246374751664, "y:25": 0.03327514274746856, "y:26": 0.004535853383121977, "y:27": 0.033797221214070576, "y:28": 0.07358759735216712, "y:29": 0.008296682796512134, "y:30": 0.01265152942151389, "y:31": 0.004819083800562611}, "8": {"y:0": 0.005362028912588865, "y:1": 0.01211355339613095, "y:2": 0.0034553255368310505, "y:3": 0.004228225713678103, "y:4": 0.034345157270338045, "y:5": 0.005472387407651109, "y:6": 0.018730195924693955, "y:7": 0.03020169203511541, "y:8": 0.07802105544452073, "y:9": 0.007024154135363783, "y:10": 0.0023718235118509825, "y:11": 0.004359863964883172, "y:12": 0.03273133521213134,