{"0": {"y:0": 0.13000464288235233, "y:1": 0.024839345370230484, "y:2": 0.13143152711966485, "y:3": 0.018486610538985378, "y:4": 0.1321068370146723, "y:5": 0.015754563404008076, "y:6": 0.13804323579115949, "y:7": 0.016588741229497172, "y:8": 0.1305908342274754, "y:9": 0.018008257137614635, "y:10": 0.13880293550899045, "y:11": 0.020660086219459275, "y:12": 0.15773930258855665, "y:13": 0.02701897335965159, "y:14": 0.14722975110823522, "y:15": 0.029146800060494072, "y:16": 0.14668476136847508, "y:17": 0.03442769612965094, "y:18": 0.12782298210144638, "y:19": 0.035951941820224646, "y:20": 0.13807607181828663, "y:21": 0.035682129575239974, "y:22": 0.15397619771450818, "y:23": 0.0497281019165615, "y:24": 0.12308893278357012, "y:25": 0.048758732087914196, "y:26": 0.14066749622449654, "y:27": 0.05280834347453281, "y:28": 0.15063435516929632, "y:29": 0.052610229430602874, "y:30": 0.1533934052021334, "y:31": 0.05991319808348431}, "1": {"y:0": 0.1298113007545414, "y:1": 0.03140972738869397, "y:2": 0.12907823522436143, "y:3": 0.022276747448228645, "y:4": 0.14174807728447172, "y:5": 0.017525680644665444, "y:6": 0.142834543528468, "y:7": 0.015135646481724179, "y:8": 0.1419258622905462, "y:9": 0.01625169203382766, "y:10": 0.13719179066368237, "y:11": 0.016278652865114755, "y:12": 0.13003177447916975, "y:13": 0.018023461141130456, "y:14": 0.15025694134047793, "y:15": 0.02028077515197602, "y:16": 0.13986083438788047, "y:17": 0.022482037495138635, "y:18": 0.13407320231460496, "y:19": 0.030618253605289043, "y:20": 0.14942027224919618, "y:21": 0.03174638320731387, "y:22": 0.13822238143064308, "y:23": 0.03570686358435238, "y:24": 0.13751805852372898, "y:25": 0.03651021655698317, "y:26": 0.1542869238347392, "y:27": 0.03498252074315858, "y:28": 0.13719940175955594, "y:29": 0.04290499310043409, "y:30": 0.14290486740315095, "y:31": 0.04714368029464283}, "2": {"y:0": 0.11531456003740846, "y:1": 0.07221591277101234, "y:2": 0.12355246788325616, "y:3": 0.05344839356322879, "y:4": 0.14807834138818854, "y:5": 0.04542736519579667, "y:6": 0.14701966679296555, "y:7": 0.039460453903753794, "y:8": 0.12826528424144437, "y:9": 0.03503670346435755, "y:10": 0.145612969288045, "y:11": 0.03184077726574349, "y:12": 0.1452835591102651, "y:13": 0.028828501334110128, "y:14": 0.13800433356912373, "y:15": 0.026520555650131686, "y:16": 0.13328800332144525, "y:17": 0.025820406930079573, "y:18": 0.1520816371524829, "y:19": 0.023781938616195264, "y:20": 0.1340654265505124, "y:21": 0.021962134367056903, "y:22": 0.14069346336762523, "y:23": 0.02224528724455248, "y:24": 0.1399768146728164, "y:25": 0.020683044897714133, "y:26": 0.14043387720537784, "y:27": 0.021333630215153627, "y:28": 0.13002699740789742, "y:29": 0.020022535181231236, "y:30": 0.14843499113985967, "y:31": 0.020183795318840198}, "3": {"y:0": 0.110064641791665, "y:1": 0.07146548717892957, "y:2": 0.12804572219550892, "y:3": 0.06331039034087316, "y:4": 0.12472879313593271, "y:5": 0.056284816182869395, "y:6": 0.1282966013166989, "y:7": 0.0530630908687307, "y:8": 0.1266528566073225, "y:9": 0.0430926158631884, "y:10": 0.12262090744243449, "y:11": 0.04301289945054774, "y:12": 0.1222677938643051, "y:13": 0.03870166316536553, "y:14": 0.12891738829612662, "y:15": 0.03414891612595278, "y:16": 0.12317446434202377, "y:17": 0.03361371249555071, "y:18": 0.11866963588117461, "y:19": 0.02985625426526224, "y:20": 0.12573350982449083, "y:21": 0.02920932474371074, "y:22": 0.13079137865442492, "y:23": 0.025901751804338687, "y:24": 0.1326267010139494, "y:25": 0.02484861528545589, "y:26": 0.12202127886029086, "y:27": 0.024360948349415355, "y:28": 0.12275917802311344, "y:29": 0.024146928636051043, "y:30": 0.13230311735599148, "y:31": 0.023318088514449657}, "4": {"y:0": 0.094699336476974, "y:1": 0.046037102441708, "y:2": 0.11255735642133105, "y:3": 0.038719258395764684, "y:4": 0.10567522230873308, "y:5": 0.030663901920413045, "y:6": 0.11999601906360521, "y:7": 0.026221914534414876, "y:8": 0.10939733386725081, "y:9": 0.02417386112366066, "y:10": 0.11519398191584335, "y:11": 0.021847040399588933, "y:12": 0.11674685412917973, "y:13": 0.02096674341532067, "y:14": 0.10595438313227315, "y:15": 0.019735942933822796, "y:16": 0.11332065368427227, "y:17": 0.01821759419932206, "y:18": 0.1164197579314408, "y:19": 0.017517307603585625, "y:20": 0.11881921783384863, "y:21": 0.017348619429690713, "y:22": 0.11034405190876288, "y:23": 0.017375523398135622, "y:24": 0.10645474656109519, "y:25": 0.017345237107258365, "y:26": 0.10713920050871592, "y:27": 0.018279622339282486, "y:28": 0.11327589075344444, "y:29": 0.01854543493522586, "y:30": 0.11305794854750484, "y:31": 0.01980334852125225}, "5": {"y:0": 0.07990297686311634, "y:1": 0.031711423979027153, "y:2": 0.09366510071052422, "y:3": 0.022984659564585452, "y:4": 0.10430429389013893, "y:5": 0.018165484606581548, "y:6": 0.09822682173723875, "y:7": 0.016166201788316986, "y:8": 0.09471583838920783, "y:9": 0.015351472268725524, "y:10": 0.0942850581380353, "y:11": 0.01572812880360819, "y:12": 0.09641216803628509, "y:13": 0.016629424645381398, "y:14": 0.09625391290557173, "y:15": 0.01820585875988947, "y:16": 0.09249957076677155, "y:17": 0.019578335614275803, "y:18": 0.09137146404706134, "y:19": 0.021215456536421963, "y:20": 0.09414948770641807, "y:21": 0.022030080724894936, "y:22": 0.09037931947664432, "y:23": 0.024278942902282837, "y:24": 0.09656745665594094, "y:25": 0.027657539482279357, "y:26": 0.09073871159774989, "y:27": 0.028303507376186067, "y:28": 0.08703754669413602, "y:29": 0.03012868102678582, "y:30": 0.08796552668786968, "y:31": 0.03343030679599334}, "6": {"y:0": 0.06560442383690399, "y:1": 0.030081486911529544, "y:2": 0.05727557905646978, "y:3": 0.05367553444534479, "y:4": 0.05431675040937066, "y:5": 0.06677140699635536, "y:6": 0.05377318678598341, "y:7": 0.07132716781948185, "y:8": 0.04989163409779835, "y:9": 0.07465972107856222, "y:10": 0.04664428356536995, "y:11": 0.07988757195390966, "y:12": 0.04479940761278296, "y:13": 0.08941105724203387, "y:14": 0.04190995702032984, "y:15": 0.09427081835526298, "y:16": 0.039572039068118015, "y:17": 0.10485237058326362, "y:18": 0.03929487438572675, "y:19": 0.10180211560176104, "y:20": 0.037428653709480286, "y:21": 0.1045493350600064, "y:22": 0.036848114861940784, "y:23": 0.10441342113840982, "y:24": 0.03393028645219327, "y:25": 0.10437835838034469, "y:26": 0.0323392945928022, "y:27": 0.10710174081820809, "y:28": 0.030609852819305904, "y:29": 0.10261155313378514, "y:30": 0.029442056777159775, "y:31": 0.09431233476830339}, "7": {"y:0": 0.08155273961990851, "y:1": 0.030931506527015633, "y:2": 0.06349697342972906, "y:3": 0.05121625345106972, "y:4": 0.056272085360699164, "y:5": 0.06336695629569616, "y:6": 0.05545801797331481, "y:7": 0.07615346104991413, "y:8": 0.048850924009297074, "y:9": 0.07278823400420938, "y:10": 0.04385333364372719, "y:11": 0.07948868179201707, "y:12": 0.041440733599568146, "y:13": 0.0814804411507624, "y:14": 0.03955500176682818, "y:15": 0.09023609461353835, "y:16": 0.03925683775142111, "y:17": 0.09028856520914508, "y:18": 0.037000719187964014, "y:19": 0.0907412293380064, "y:20": 0.03484159526285209, "y:21": 0.09014473447926732, "y:22": 0.030268585866267905, "y:23": 0.10071734984715425, "y:24": 0.02907759228505955, "y:25": 0.1016084211945099, "y:26": 0.027260108506679436, "y:27": 0.08671814291712603, "y:28": 0.02367153710684634, "y:29": 0.0985672379936563, "y:30": 0.02285750787769512, "y:31": 0.09950678527182909}, "8": {"y:0": 0.06796010064214072, "y:1": 0.02484993524524108, "y:2": 0.06352570553666138, "y:3": 0.015333942056569697, "y:4": 0.07416793766004261, "y:5": 0.014575256476795353, "y:6": 0.07139193343130172, "y:7": 0.01391900498806492, "y:8": 0.07645569273579715, "y:9": 0.015396632521283473, "y:10": 0.06887908866556994, "y:11": 0.01650503946470958, "y:12": 0.0713010539871847, "y:13": 0.017542918157474142, "y:14": 0.06791066727636032, "y:15": 0.017739439376987017, "y:16": 0.06321188118503468, "y:17": 0.020041747521410497, "y:18": 0.06744041554336215,