{"0": {"y:0": 0.010918903474271362, "y:1": 0.010366072181020291, "y:2": 0.0039367184172640355, "y:3": 0.006897966763588615, "y:4": 0.00873214888813193, "y:5": 0.0029334405846692117, "y:6": 0.06137240866615749, "y:7": 0.008287404319050035, "y:8": 0.011790498036814515, "y:9": 0.007759899291752851, "y:10": 0.0033932501078661344, "y:11": 0.006574765973079832, "y:12": 0.06626236663316654, "y:13": 0.014127191006994519, "y:14": 0.05893556256062949, "y:15": 0.0049886454318904495, "y:16": 0.02492342187802165, "y:17": 0.011437911428717413, "y:18": 0.005074956337016073, "y:19": 0.015614845771285732, "y:20": 0.0026041792786746037, "y:21": 0.002946320117442282, "y:22": 0.038614137638870887, "y:23": 0.0026212634293035237, "y:24": 0.025418504621191346, "y:25": 0.007120234984394847, "y:26": 0.012374989955147967, "y:27": 0.011637888031282982, "y:28": 0.004804697867046295, "y:29": 0.00974514471272157, "y:30": 0.006157030786761154, "y:31": 0.0029913626053108522}, "1": {"y:0": 0.011141105088888001, "y:1": 0.009998391210710014, "y:2": 0.003950971824343064, "y:3": 0.006502981285306788, "y:4": 0.008713666904076182, "y:5": 0.002873057453540494, "y:6": 0.060196383690101246, "y:7": 0.008981537855777235, "y:8": 0.011709969421756299, "y:9": 0.007369392938012096, "y:10": 0.003388969386281974, "y:11": 0.006740781905593873, "y:12": 0.06416877234562593, "y:13": 0.014676758912433084, "y:14": 0.0564348707713645, "y:15": 0.005019944481676169, "y:16": 0.024218362726967663, "y:17": 0.012103585650590424, "y:18": 0.005106212567735636, "y:19": 0.01567373587838946, "y:20": 0.0026058373219012333, "y:21": 0.002926924725902713, "y:22": 0.04109837548640782, "y:23": 0.002602492341552753, "y:24": 0.02574352694176692, "y:25": 0.007306596445470586, "y:26": 0.012519052723216486, "y:27": 0.011922700167409823, "y:28": 0.004845486635429608, "y:29": 0.009682192324709987, "y:30": 0.006154506116339387, "y:31": 0.0030064842475702627}, "2": {"y:0": 0.011060099973117757, "y:1": 0.015518358504789899, "y:2": 0.003958299873960085, "y:3": 0.01631174003753999, "y:4": 0.008657785990351677, "y:5": 0.0037541889126820487, "y:6": 0.06464596177748685, "y:7": 0.007252589110431721, "y:8": 0.01161250292985097, "y:9": 0.012273341482105208, "y:10": 0.003360875612499775, "y:11": 0.00987206764214123, "y:12": 0.0780923195033426, "y:13": 0.007936379088185282, "y:14": 0.05696896198830329, "y:15": 0.0057717316640357435, "y:16": 0.024807345124031304, "y:17": 0.010205378419066779, "y:18": 0.005067459485307027, "y:19": 0.011498203464330425, "y:20": 0.0026108966067867577, "y:21": 0.003069328712311549, "y:22": 0.04136641485613112, "y:23": 0.0026809436273793298, "y:24": 0.02612576791767253, "y:25": 0.007753412457935371, "y:26": 0.012427797130792903, "y:27": 0.01118333231752093, "y:28": 0.004807456305419625, "y:29": 0.010339207356565164, "y:30": 0.006170632142504805, "y:31": 0.003038445688173718}, "3": {"y:0": 0.01105687604284811, "y:1": 0.01667229333413006, "y:2": 0.003975878303198638, "y:3": 0.023588213515885602, "y:4": 0.00856450448287557, "y:5": 0.004186561286582243, "y:6": 0.0714821694720879, "y:7": 0.007336902172515348, "y:8": 0.011619567951596707, "y:9": 0.019022225674970517, "y:10": 0.0033757778783534043, "y:11": 0.01602296114408438, "y:12": 0.0733629822485328, "y:13": 0.007973103694594691, "y:14": 0.06176578898219592, "y:15": 0.00723851042172265, "y:16": 0.024847987812181734, "y:17": 0.012839594891834151, "y:18": 0.0050868484463400185, "y:19": 0.012510976170549647, "y:20": 0.002601056146068207, "y:21": 0.0033241889761081124, "y:22": 0.04215520911308156, "y:23": 0.0028639144883338876, "y:24": 0.025421817387524647, "y:25": 0.009238362095621995, "y:26": 0.012668785900249122, "y:27": 0.01231943187072568, "y:28": 0.0048170119288322615, "y:29": 0.012138057215980443, "y:30": 0.006164995692961711, "y:31": 0.003209951707285691}, "4": {"y:0": 0.011080558832019378, "y:1": 0.015726744336326592, "y:2": 0.003964055066081199, "y:3": 0.035928915296644034, "y:4": 0.008571435928380597, "y:5": 0.004632732299937495, "y:6": 0.07833528418906475, "y:7": 0.006823680508589121, "y:8": 0.011849144668501671, "y:9": 0.023227422977549664, "y:10": 0.0033639784231298047, "y:11": 0.02887614710332122, "y:12": 0.07115759711083419, "y:13": 0.006958363190660453, "y:14": 0.061705235020395974, "y:15": 0.011054902592055866, "y:16": 0.025177792163449907, "y:17": 0.01199424912390148, "y:18": 0.005080096241376622, "y:19": 0.009426977284929484, "y:20": 0.0026008301625037714, "y:21": 0.004043572423640538, "y:22": 0.04398456436881179, "y:23": 0.0033946011109623254, "y:24": 0.02637762384898199, "y:25": 0.018075526572387875, "y:26": 0.01248566080441763, "y:27": 0.01376699235427999, "y:28": 0.004822847598173618, "y:29": 0.015484822387318754, "y:30": 0.006155131429622509, "y:31": 0.0038065409619437635}, "5": {"y:0": 0.01110984132222134, "y:1": 0.015781187086210898, "y:2": 0.00395299015337203, "y:3": 0.0356008522237741, "y:4": 0.00865590076993187, "y:5": 0.004602215864167085, "y:6": 0.07398853968037769, "y:7": 0.006995377042906717, "y:8": 0.011833053496527437, "y:9": 0.028625211167027535, "y:10": 0.0033607552818100054, "y:11": 0.03190021997852199, "y:12": 0.0743135962026147, "y:13": 0.00754609887873417, "y:14": 0.061250787308000966, "y:15": 0.010551630829426678, "y:16": 0.02483125966888837, "y:17": 0.014279431607744688, "y:18": 0.005081459193560764, "y:19": 0.011082499396142646, "y:20": 0.002605720992679639, "y:21": 0.003932040013472274, "y:22": 0.042301482046830784, "y:23": 0.003299426765965467, "y:24": 0.026466220684336537, "y:25": 0.016396196377869637, "y:26": 0.012497302569170874, "y:27": 0.018768148159859974, "y:28": 0.004810190846877226, "y:29": 0.019828988338589388, "y:30": 0.006179717090384945, "y:31": 0.00371767069745049}, "6": {"y:0": 0.01114727491763427, "y:1": 0.015417998342677342, "y:2": 0.003962072019435267, "y:3": 0.041189091139846125, "y:4": 0.008673804631995663, "y:5": 0.004727321976361107, "y:6": 0.07471322088981427, "y:7": 0.006837558202353172, "y:8": 0.01173511358757617, "y:9": 0.02900652231827378, "y:10": 0.003374786999561164, "y:11": 0.044066885833718594, "y:12": 0.07561949713372039, "y:13": 0.007213408167061449, "y:14": 0.06198708255538017, "y:15": 0.01257275652946841, "y:16": 0.02481902030975811, "y:17": 0.01310050594626291, "y:18": 0.005076635231533959, "y:19": 0.010221819216337908, "y:20": 0.002606497511963887, "y:21": 0.004277207527506899, "y:22": 0.042155851474641105, "y:23": 0.0035471156787505558, "y:24": 0.026106672552180556, "y:25": 0.023808158466527188, "y:26": 0.012536688520284745, "y:27": 0.019631808688229967, "y:28": 0.004806698154235756, "y:29": 0.024921803262872855, "y:30": 0.006148125013239955, "y:31": 0.004078587460491839}, "7": {"y:0": 0.011153802956818292, "y:1": 0.015691591652396693, "y:2": 0.003955843101559696, "y:3": 0.04026815319860957, "y:4": 0.008650290142525678, "y:5": 0.004685673439590847, "y:6": 0.07502989282437661, "y:7": 0.007055406974838059, "y:8": 0.01169666544758746, "y:9": 0.032935520985238054, "y:10": 0.0033691121556786996, "y:11": 0.04472987189019455, "y:12": 0.07454159522875164, "y:13": 0.00756716820389202, "y:14": 0.061954187543270915, "y:15": 0.011918847529892486, "y:16": 0.024933916371368065, "y:17": 0.01450129247003496, "y:18": 0.005078671506372061, "y:19": 0.011170154601967455, "y:20": 0.002604291453009759, "y:21": 0.004165619132142877, "y:22": 0.042232860912337106, "y:23": 0.0034556377147306745, "y:24": 0.026417307280283964, "y:25": 0.02136253464864588, "y:26": 0.012503309693650596, "y:27": 0.02520454704759596, "y:28": 0.0048075573664180795, "y:29": 0.02918079663855616, "y:30": 0.006143816974619525, "y:31": 0.003944097462958298}, "8": {"y:0": 0.011070794501132311, "y:1": 0.015375856292620817, "y:2": 0.003958014811292524, "y:3": 0.042917011249424986, "y:4": 0.00863512250068657, "y:5": 0.004738155164721502, "y:6": 0.07617927739618102, "y:7": 0.0069367996520848935, "y:8": 0.011764878064291067, "y:9": 0.030657305802716722, "y:10": 0.0033667437664047133, "y:11": 0.04873211859204227, "y:12": 0.07591497672764133,