{"0": {"y:0": 0.01818887324183583, "y:1": 0.2002124249602779, "y:2": 0.41835470299869965, "y:3": 0.41671547152894484, "y:4": 0.3462202524893087, "y:5": 0.04965570754135307, "y:6": 0.0027322171074545872}}