{"0": {"y:0": 0.12911722251516775, "y:1": 0.0262648321419461, "y:2": 0.11929655206667088, "y:3": 0.019449865062302993, "y:4": 0.12335252375383529, "y:5": 0.01578191814711081, "y:6": 0.1394051119274693, "y:7": 0.015553136323601115, "y:8": 0.12869544775889433, "y:9": 0.01741305522382657, "y:10": 0.1299891330116307, "y:11": 0.02030316257883865, "y:12": 0.13705986591924793, "y:13": 0.022793848073845976, "y:14": 0.12914409656122375, "y:15": 0.025880227178524142, "y:16": 0.13415394750169202, "y:17": 0.030143824392859796, "y:18": 0.134296779722927, "y:19": 0.03415871466096044, "y:20": 0.12783409818254213, "y:21": 0.03705661429087186, "y:22": 0.1433893255170498, "y:23": 0.038699177248644114, "y:24": 0.11680376212176401, "y:25": 0.04142782309969552, "y:26": 0.13068028701674073, "y:27": 0.04670093522069759, "y:28": 0.12406640689845917, "y:29": 0.045298858217596494, "y:30": 0.12560888416516763, "y:31": 0.05123405623075503}, "1": {"y:0": 0.1222783846358601, "y:1": 0.03038424216565855, "y:2": 0.12449671302349515, "y:3": 0.022616512102856853, "y:4": 0.14215423697136234, "y:5": 0.017759346826592998, "y:6": 0.13341694517697497, "y:7": 0.01590860602038337, "y:8": 0.1327690833169695, "y:9": 0.015148717354899179, "y:10": 0.13838863649347935, "y:11": 0.015870997351475905, "y:12": 0.12785217571980645, "y:13": 0.01740101417053695, "y:14": 0.13258226312982746, "y:15": 0.018958777938086525, "y:16": 0.13292887821375873, "y:17": 0.021098554691236164, "y:18": 0.13755589609676935, "y:19": 0.02378765227134964, "y:20": 0.14360619228426116, "y:21": 0.026108777588814212, "y:22": 0.12965901493739596, "y:23": 0.027359007675730098, "y:24": 0.1306677430521456, "y:25": 0.03188073888787374, "y:26": 0.14319561027891398, "y:27": 0.03232354334391767, "y:28": 0.1351908550929185, "y:29": 0.03302834492251822, "y:30": 0.14331742556978075, "y:31": 0.03643253789159401}, "2": {"y:0": 0.12194649331890062, "y:1": 0.0908097529939102, "y:2": 0.1311000168673552, "y:3": 0.0730429175755059, "y:4": 0.1353753582773105, "y:5": 0.06488611848943432, "y:6": 0.13598808461457432, "y:7": 0.05961906630650365, "y:8": 0.1366005991463288, "y:9": 0.05269381665712402, "y:10": 0.14149513690058055, "y:11": 0.045087661499389274, "y:12": 0.1365387157212519, "y:13": 0.04164216760023481, "y:14": 0.13461995337286153, "y:15": 0.04035276465174747, "y:16": 0.13925218105177353, "y:17": 0.03622932502030802, "y:18": 0.13327299160397138, "y:19": 0.03463797049706257, "y:20": 0.1254635126214845, "y:21": 0.031014608519378824, "y:22": 0.13857522887787052, "y:23": 0.030457529684356797, "y:24": 0.13779146306998624, "y:25": 0.02967236142996284, "y:26": 0.13954795641790488, "y:27": 0.029320462297773797, "y:28": 0.13728148339186416, "y:29": 0.028016272956194715, "y:30": 0.1405979914318026, "y:31": 0.027057329057573184}, "3": {"y:0": 0.11717969844019581, "y:1": 0.09793728673516992, "y:2": 0.12866346036438353, "y:3": 0.09654418920657432, "y:4": 0.13954000338351302, "y:5": 0.08801842326123056, "y:6": 0.1446711679822786, "y:7": 0.0850379079451203, "y:8": 0.13655895407391888, "y:9": 0.08202439182515986, "y:10": 0.13696992735317046, "y:11": 0.07449057040894709, "y:12": 0.13581599067653577, "y:13": 0.06825705730610834, "y:14": 0.13692471811852278, "y:15": 0.06817350767383049, "y:16": 0.14409591281923656, "y:17": 0.06457104685830192, "y:18": 0.14439516199600463, "y:19": 0.061171939356671964, "y:20": 0.1332035044255703, "y:21": 0.05958479712565808, "y:22": 0.1385066024389793, "y:23": 0.05636973690711389, "y:24": 0.1436315428090825, "y:25": 0.05720371624203424, "y:26": 0.14469231919796258, "y:27": 0.054563302025892414, "y:28": 0.13222083495698927, "y:29": 0.050535261284038624, "y:30": 0.13646038016924897, "y:31": 0.047095415327188805}, "4": {"y:0": 0.10817860346281366, "y:1": 0.09966314405525811, "y:2": 0.134268271866412, "y:3": 0.10122808977716022, "y:4": 0.13983816518588693, "y:5": 0.09032566146035695, "y:6": 0.140359663023028, "y:7": 0.09748925919686116, "y:8": 0.13404475699816196, "y:9": 0.09165743224643802, "y:10": 0.14267665927914042, "y:11": 0.09316693056908029, "y:12": 0.1416897581273396, "y:13": 0.0895561756019715, "y:14": 0.145247731955359, "y:15": 0.0833998087464253, "y:16": 0.14708329882177348, "y:17": 0.08375354943099188, "y:18": 0.14250154192650816, "y:19": 0.08123810785224309, "y:20": 0.14353811531099814, "y:21": 0.07736353206394841, "y:22": 0.1479177992427738, "y:23": 0.07530569090470692, "y:24": 0.14465953466860423, "y:25": 0.07393316594938593, "y:26": 0.14636499290608432, "y:27": 0.06781900896100566, "y:28": 0.14102376496974578, "y:29": 0.06588822654112045, "y:30": 0.15057873024738344, "y:31": 0.0682825921633928}, "5": {"y:0": 0.10127380035685042, "y:1": 0.07826098492949261, "y:2": 0.1204734503040479, "y:3": 0.07178565839784118, "y:4": 0.13455230916538596, "y:5": 0.06907219378344966, "y:6": 0.14309469403099023, "y:7": 0.06563558156718056, "y:8": 0.14622833839308141, "y:9": 0.0674107850091103, "y:10": 0.1444324989147252, "y:11": 0.06439112826963689, "y:12": 0.13242035976635005, "y:13": 0.06359123114590676, "y:14": 0.1363399629050833, "y:15": 0.06438819172154718, "y:16": 0.1411791389015368, "y:17": 0.05935663239039518, "y:18": 0.14820665803223257, "y:19": 0.06119265845312364, "y:20": 0.14477992984110877, "y:21": 0.05721876079282466, "y:22": 0.14704405988868793, "y:23": 0.05607344544127102, "y:24": 0.14025682990231547, "y:25": 0.05734969893494091, "y:26": 0.14675894435388434, "y:27": 0.05556127516124088, "y:28": 0.14120251969638448, "y:29": 0.05384337231714332, "y:30": 0.14159468168465364, "y:31": 0.05246905326057415}, "6": {"y:0": 0.09397956840554769, "y:1": 0.06462433521450205, "y:2": 0.11969689002695814, "y:3": 0.056528287936592675, "y:4": 0.1383776393403102, "y:5": 0.05357017254180657, "y:6": 0.1447173534101085, "y:7": 0.05364516128589581, "y:8": 0.13651953735096467, "y:9": 0.0522448151074677, "y:10": 0.14382393897552548, "y:11": 0.05186212439969221, "y:12": 0.1386112282811165, "y:13": 0.050647403674698395, "y:14": 0.14313349626977076, "y:15": 0.050475395609087696, "y:16": 0.13896019526517048, "y:17": 0.05207735537799009, "y:18": 0.14136509805847813, "y:19": 0.049607438877877885, "y:20": 0.1422406761656353, "y:21": 0.049222418934149324, "y:22": 0.13708836135750707, "y:23": 0.047385185951567266, "y:24": 0.1432268187339839, "y:25": 0.04826367448827602, "y:26": 0.14212479974766454, "y:27": 0.0477328239955376, "y:28": 0.13772944104834414, "y:29": 0.04628824967058066, "y:30": 0.13938328064473995, "y:31": 0.045411955418190805}, "7": {"y:0": 0.05109193067095885, "y:1": 0.04452369274081545, "y:2": 0.08681560214912142, "y:3": 0.03198063674337325, "y:4": 0.10825245023999291, "y:5": 0.028471754165528586, "y:6": 0.11617409716126226, "y:7": 0.027281813318321302, "y:8": 0.12499588719510925, "y:9": 0.02671446886660515, "y:10": 0.12970568859784887, "y:11": 0.0262000827678669, "y:12": 0.13127322789257806, "y:13": 0.02641247359655781, "y:14": 0.1297934158132273, "y:15": 0.02556179637074043, "y:16": 0.13476133623478573, "y:17": 0.025250485807026466, "y:18": 0.13250287793747617, "y:19": 0.025101540632072396, "y:20": 0.1322431969529719, "y:21": 0.025061140786532498, "y:22": 0.1305929757098985, "y:23": 0.02475111572723869, "y:24": 0.13332391528773657, "y:25": 0.024364689034570293, "y:26": 0.13309707725703324, "y:27": 0.02356953527382937, "y:28": 0.13650069738831264, "y:29": 0.023236684582656805, "y:30": 0.1369098989623168, "y:31": 0.024261799922243393}, "8": {"y:0": 0.03627974538763123, "y:1": 0.029089993174228442, "y:2": 0.04951716944278028, "y:3": 0.017624804919011767, "y:4": 0.07275350185670963, "y:5": 0.01515033341860781, "y:6": 0.08643963353666574, "y:7": 0.01411577564484581, "y:8": 0.09281947013828672, "y:9": 0.014119550941809571, "y:10": 0.0978354958484484, "y:11": 0.013763821089611283, "y:12": 0.09912756676243355, "y:13": 0.01343262140656539, "y:14": 0.10078900853630927, "y:15": 0.01346542649460851, "y:16": 0.10432781574535492, "y:17": 0.013800678760977136, "y:18": 0.10494699995304016, "y:19": 0.013675384037799321, "y:20": 0.10000701687347684,