{"0": {"y:0": 0.11109389855774204, "y:1": 0.028252955481765252, "y:2": 0.12380382775913412, "y:3": 0.018518944446437587, "y:4": 0.12421853119204816, "y:5": 0.01637114029327565, "y:6": 0.14177304476288588, "y:7": 0.01517234540016322, "y:8": 0.13158814382510753, "y:9": 0.016167456032940133, "y:10": 0.13949271400073723, "y:11": 0.018438552735190062, "y:12": 0.1313886803907931, "y:13": 0.020755934815594318, "y:14": 0.12337091873212204, "y:15": 0.02203964979929539, "y:16": 0.1399249905672605, "y:17": 0.025966010805191706, "y:18": 0.12161487356750253, "y:19": 0.029435873775054095, "y:20": 0.13898094731452537, "y:21": 0.03428463128177002, "y:22": 0.1275318609884255, "y:23": 0.03426507506085448, "y:24": 0.1376339108598973, "y:25": 0.03717709597130089, "y:26": 0.13343184072422248, "y:27": 0.04393446199821219, "y:28": 0.12796620114873458, "y:29": 0.038204082353409254, "y:30": 0.12962817534277032, "y:31": 0.041292580108533566}, "1": {"y:0": 0.11924229249443419, "y:1": 0.028830598766399134, "y:2": 0.12961834459946672, "y:3": 0.020689854668165693, "y:4": 0.13134603212368667, "y:5": 0.017400891540158038, "y:6": 0.1331961574952374, "y:7": 0.01570276313461228, "y:8": 0.13398831723600205, "y:9": 0.015450239228881762, "y:10": 0.13655053291191283, "y:11": 0.01620535910393478, "y:12": 0.1285127306487215, "y:13": 0.017719240535053592, "y:14": 0.13341706265740988, "y:15": 0.019457934476764405, "y:16": 0.13020008437697667, "y:17": 0.022739314086435092, "y:18": 0.1313782862659355, "y:19": 0.024961353149916068, "y:20": 0.14268977402277233, "y:21": 0.026318382472760627, "y:22": 0.12697737303150528, "y:23": 0.028825152932368703, "y:24": 0.1350282897661983, "y:25": 0.03154091948514768, "y:26": 0.1385488732236599, "y:27": 0.031934796029975905, "y:28": 0.13052867595929799, "y:29": 0.03558719128708755, "y:30": 0.13206945981960871, "y:31": 0.036836665375229914}, "2": {"y:0": 0.11993874685689962, "y:1": 0.08265685430871747, "y:2": 0.12857026531006965, "y:3": 0.06988550322054563, "y:4": 0.1272564474019267, "y:5": 0.0633704294622983, "y:6": 0.12789500236434698, "y:7": 0.05459075075109261, "y:8": 0.13754287792834152, "y:9": 0.051308538322391795, "y:10": 0.12920279676203109, "y:11": 0.042218440545243034, "y:12": 0.13968741041561686, "y:13": 0.04141267107293092, "y:14": 0.1351428489447752, "y:15": 0.037326008475634165, "y:16": 0.12740564768292884, "y:17": 0.0360668658564574, "y:18": 0.13187378552406323, "y:19": 0.03371360933404097, "y:20": 0.12843653177809689, "y:21": 0.03157195894955582, "y:22": 0.13414530003102373, "y:23": 0.02959316801616789, "y:24": 0.12580883841236357, "y:25": 0.028141385515871375, "y:26": 0.1329823646678049, "y:27": 0.027218958062652544, "y:28": 0.1306194733046843, "y:29": 0.02703036696786118, "y:30": 0.13791839631494116, "y:31": 0.026232121604714595}, "3": {"y:0": 0.10553745759671385, "y:1": 0.07172271072973214, "y:2": 0.11872075486005607, "y:3": 0.06363763129059727, "y:4": 0.12012047304087085, "y:5": 0.05662661456988719, "y:6": 0.12219330866856225, "y:7": 0.05327395908755965, "y:8": 0.12345850319542385, "y:9": 0.04637183284069227, "y:10": 0.12469550333823465, "y:11": 0.043596069247590144, "y:12": 0.12697630584144431, "y:13": 0.040681423527826825, "y:14": 0.12309655319601107, "y:15": 0.03824744726753194, "y:16": 0.13189901421652417, "y:17": 0.035955326035530685, "y:18": 0.13091073889697943, "y:19": 0.03375777183659802, "y:20": 0.12468573711010984, "y:21": 0.03213894722630309, "y:22": 0.12523395614958763, "y:23": 0.03136488474351775, "y:24": 0.12152275524972775, "y:25": 0.03073006653154605, "y:26": 0.12132024793585189, "y:27": 0.027957021726201025, "y:28": 0.122518581517187, "y:29": 0.02793559632351373, "y:30": 0.13056037026232767, "y:31": 0.02687345604264943}, "4": {"y:0": 0.09253810089795719, "y:1": 0.0666288091016229, "y:2": 0.10912164088740454, "y:3": 0.06774880680716705, "y:4": 0.11912172888749221, "y:5": 0.05853244451483411, "y:6": 0.12153828704086207, "y:7": 0.05536459883475874, "y:8": 0.1215811421004206, "y:9": 0.04857881427813589, "y:10": 0.11720132528993285, "y:11": 0.04675422724374645, "y:12": 0.12294477659076557, "y:13": 0.04535701397955784, "y:14": 0.11933033098678003, "y:15": 0.041862391788395466, "y:16": 0.12094523062033105, "y:17": 0.04097939833363614, "y:18": 0.11861036887004643, "y:19": 0.03864706469448644, "y:20": 0.12218699790666548, "y:21": 0.03643377637248848, "y:22": 0.11981800466217006, "y:23": 0.0349532010898289, "y:24": 0.12110218149997633, "y:25": 0.033002270748554136, "y:26": 0.12072783426835833, "y:27": 0.032721858654841535, "y:28": 0.12356776860292298, "y:29": 0.031149483258550888, "y:30": 0.12133031522580062, "y:31": 0.029216321163597098}, "5": {"y:0": 0.06920754236886727, "y:1": 0.04832411328502946, "y:2": 0.08831301704559054, "y:3": 0.04167072078375924, "y:4": 0.09771486381641298, "y:5": 0.033614048014513204, "y:6": 0.10711852856813478, "y:7": 0.03133208388066253, "y:8": 0.10751963199412987, "y:9": 0.028410923386639454, "y:10": 0.11128890022433616, "y:11": 0.02719634983943332, "y:12": 0.10857451867691999, "y:13": 0.026703395120081137, "y:14": 0.11323077443462838, "y:15": 0.025790460618655194, "y:16": 0.10733282994092717, "y:17": 0.025325834549514432, "y:18": 0.11036617394754801, "y:19": 0.02426042483207554, "y:20": 0.10744383601404098, "y:21": 0.022594879200321178, "y:22": 0.11140370704240798, "y:23": 0.023034025846811065, "y:24": 0.11403177668690721, "y:25": 0.021901726950003943, "y:26": 0.11430418150270653, "y:27": 0.021346613825858334, "y:28": 0.10841367485624166, "y:29": 0.0214559837432384, "y:30": 0.1142150594746013, "y:31": 0.020765654058929668}, "6": {"y:0": 0.05389893047071991, "y:1": 0.04191725359030501, "y:2": 0.07489188831819454, "y:3": 0.03175276721079619, "y:4": 0.09236201521941566, "y:5": 0.02559428746120428, "y:6": 0.1001656525407502, "y:7": 0.022824630301371, "y:8": 0.10364974488229846, "y:9": 0.02214525153854453, "y:10": 0.10813400851273287, "y:11": 0.020544219932899743, "y:12": 0.09968565362479406, "y:13": 0.0203738792625567, "y:14": 0.10040059285090534, "y:15": 0.02047635501095808, "y:16": 0.10568241337901388, "y:17": 0.020621781542517738, "y:18": 0.10885007369321958, "y:19": 0.019914904883583225, "y:20": 0.10442111972688758, "y:21": 0.019964817691192946, "y:22": 0.1155829374949805, "y:23": 0.01978374810403123, "y:24": 0.10724848296374921, "y:25": 0.019008660761741715, "y:26": 0.11158731617087371, "y:27": 0.01838299200958794, "y:28": 0.10788967878768618, "y:29": 0.018591333215561043, "y:30": 0.10848190144722597, "y:31": 0.01839728533790482}, "7": {"y:0": 0.06811474467880964, "y:1": 0.02351882628149801, "y:2": 0.05463215179936272, "y:3": 0.03148177466840617, "y:4": 0.05011219268326337, "y:5": 0.03715612393617399, "y:6": 0.04421843591887193, "y:7": 0.04076275063818653, "y:8": 0.03874680964428686, "y:9": 0.043927390218186674, "y:10": 0.03635051656975824, "y:11": 0.046909914769340574, "y:12": 0.03329589415272252, "y:13": 0.048906153495813495, "y:14": 0.0315360956002345, "y:15": 0.05392698606598632, "y:16": 0.029401747997493302, "y:17": 0.05543632422063963, "y:18": 0.026966607481110426, "y:19": 0.05123198728082812, "y:20": 0.026499543308495355, "y:21": 0.05672966075043255, "y:22": 0.025105986004047145, "y:23": 0.05889784650376388, "y:24": 0.022661393245466323, "y:25": 0.06229666433304786, "y:26": 0.02349489639589593, "y:27": 0.06061662452136595, "y:28": 0.021958066532548576, "y:29": 0.06417461993276409, "y:30": 0.021564740428750416, "y:31": 0.06805535544740117}, "8": {"y:0": 0.061375265743734066, "y:1": 0.02217110746488804, "y:2": 0.055805457889842154, "y:3": 0.027592729308776025, "y:4": 0.0494570153510884, "y:5": 0.032378316355532795, "y:6": 0.04383286818729182, "y:7": 0.036085055172962274, "y:8": 0.040658648112280905, "y:9": 0.038883222722319075, "y:10": 0.03718840699106938, "y:11": 0.04019633909805229, "y:12": 0.03491788718139902, "y:13": 0.04354320474124815, "y:14": 0.030606159956397188, "y:15": 0.04422812483936447, "y:16": 0.02896929482729178, "y:17": 0.04903655527723703, "y:18": 0.027128610168443135,