{"0": {"y:0": 0.4073692959019115, "y:1": 0.408846772343164, "y:2": 0.3992994541616568, "y:3": 0.41349165011124894, "y:4": 0.4113445894526549, "y:5": 0.40374789836831854, "y:6": 0.4063350969758039, "y:7": 0.4062406241896602, "y:8": 0.40460468299276847, "y:9": 0.39761203337788575}}