{"0": {"y:0": 0.00671639070819391, "y:1": 0.09335776419884742, "y:2": 0.2096227513688581, "y:3": 0.2070708797089272, "y:4": 0.1263692490638367, "y:5": 0.019989649944025686, "y:6": 0.001027631754775611}, "1": {"y:0": 0.006643457610503929, "y:1": 0.09631717908666276, "y:2": 0.20452842717877534, "y:3": 0.20311836829173108, "y:4": 0.12068790113975887, "y:5": 0.019908919267872104, "y:6": 0.0010855570660615024}, "2": {"y:0": 0.04669051768107932, "y:1": 0.19781784173548983, "y:2": 0.2494751679028587, "y:3": 0.2498270891474667, "y:4": 0.17002512124658084, "y:5": 0.0495221102208919, "y:6": 0.006629695966731633}, "3": {"y:0": 0.08910148886583048, "y:1": 0.27913112497701076, "y:2": 0.36486064366561827, "y:3": 0.3749602397373644, "y:4": 0.2702172359991884, "y:5": 0.07526766276992132, "y:6": 0.013679238100758417}, "4": {"y:0": 0.2128574796765547, "y:1": 0.38404302382311467, "y:2": 0.4394717774007462, "y:3": 0.43659705474560123, "y:4": 0.3249709967522068, "y:5": 0.12540840165556957, "y:6": 0.03182180972716312}, "5": {"y:0": 0.3173348811808803, "y:1": 0.544043847761044, "y:2": 0.6013879485939749, "y:3": 0.5903121766604285, "y:4": 0.4322486335881401, "y:5": 0.18024363038940222, "y:6": 0.049266181156248284}, "6": {"y:0": 0.5309825684925812, "y:1": 0.7538489223038899, "y:2": 0.799478788272925, "y:3": 0.8039344192029446, "y:4": 0.6321672784862707, "y:5": 0.30449454210604, "y:6": 0.08682485112237437}, "7": {"y:0": 0.7225700193049874, "y:1": 1.0751124090006667, "y:2": 1.1538617409184464, "y:3": 1.1782041997185118, "y:4": 0.9300036627209614, "y:5": 0.45237330548156185, "y:6": 0.12600666046817105}, "8": {"y:0": 1.0699211165400242, "y:1": 1.6014384197680067, "y:2": 1.6567892024211581, "y:3": 1.7045989884179211, "y:4": 1.3303068542809886, "y:5": 0.6283650920062626, "y:6": 0.19569723330927688}, "9": {"y:0": 1.5000538027885009, "y:1": 2.334019040529309, "y:2": 2.6830353627387957, "y:3": 2.4992099504179026, "y:4": 1.7402343327920442, "y:5": 0.7906106485424383, "y:6": 0.24877037782255373}, "10": {"y:0": 1.903763183245125, "y:1": 2.751728027768856, "y:2": 3.4311555874213893, "y:3": 3.4284546064139856, "y:4": 2.162812520846345, "y:5": 0.9771786152219868, "y:6": 0.3220964075715316}, "11": {"y:0": 2.3710775100964856, "y:1": 3.18777683464336, "y:2": 4.391228245451012, "y:3": 4.03439639476329, "y:4": 2.8140192021324157, "y:5": 1.2795379005393388, "y:6": 0.43236709510040794}, "12": {"y:0": 2.8247664478882184, "y:1": 3.968754708449516, "y:2": 5.657136680304085, "y:3": 4.3804168155420475, "y:4": 3.7926370839046726, "y:5": 1.7796408407800817, "y:6": 0.5868604121465242}, "13": {"y:0": 2.9481026182817054, "y:1": 4.465682012986036, "y:2": 6.729840891641108, "y:3": 4.584891539874094, "y:4": 4.810614859338849, "y:5": 2.340547039394644, "y:6": 0.7500224949180365}, "14": {"y:0": 2.9138904898960516, "y:1": 4.743275587332879, "y:2": 7.7223723892167495, "y:3": 4.880386031032628, "y:4": 5.871169920161793, "y:5": 2.968997590910761, "y:6": 1.0078407817811936}, "15": {"y:0": 2.784300865622324, "y:1": 4.850232960782225, "y:2": 9.046312085057233, "y:3": 5.805164650760829, "y:4": 7.382591854586632, "y:5": 3.7153327005601255, "y:6": 1.1947431281410743}, "16": {"y:0": 2.551759339703825, "y:1": 4.736085011360734, "y:2": 10.552084977753696, "y:3": 6.791931349782344, "y:4": 8.463796151089248, "y:5": 4.349689604462808, "y:6": 1.4426922420238453}, "17": {"y:0": 2.5198930137438587, "y:1": 5.176968103205506, "y:2": 12.375532063047514, "y:3": 8.699546934581875, "y:4": 9.462340634745988, "y:5": 4.757727878336889, "y:6": 1.507103628435383}, "18": {"y:0": 3.0403183321596554, "y:1": 7.146159147872414, "y:2": 14.0159632948256, "y:3": 11.64998928659778, "y:4": 10.332104095910514, "y:5": 5.7378076217161365, "y:6": 1.7703924380210787}, "19": {"y:0": 3.5682762922133318, "y:1": 9.278733211608776, "y:2": 16.65226431905124, "y:3": 15.726152800731136, "y:4": 12.326204758499172, "y:5": 6.45397173842891, "y:6": 1.828071688902916}, "20": {"y:0": 4.798345596062106, "y:1": 11.306927557879845, "y:2": 19.23734194304847, "y:3": 18.191345929303715, "y:4": 12.89801653292044, "y:5": 7.929570457135999, "y:6": 2.055323992566601}, "21": {"y:0": 5.677892441105858, "y:1": 14.406188362389031, "y:2": 22.554985977502323, "y:3": 21.036552920316822, "y:4": 15.187176409033604, "y:5": 7.87923158992224, "y:6": 2.1141719376980244}, "22": {"y:0": 7.203837561447135, "y:1": 18.590972464438718, "y:2": 28.03573034021467, "y:3": 24.385883558505853, "y:4": 15.860096938785068, "y:5": 8.733173508542757, "y:6": 2.4079685704070175}, "23": {"y:0": 8.812806726062112, "y:1": 22.516777514792143, "y:2": 29.226629158375722, "y:3": 27.210838735384296, "y:4": 18.050335732069968, "y:5": 9.83150217472558, "y:6": 2.66836761027535}, "24": {"y:0": 10.606731287742544, "y:1": 27.424642448236355, "y:2": 35.576961147493286, "y:3": 30.7429497294644, "y:4": 18.880397640109635, "y:5": 10.052939983355932, "y:6": 3.1503016425547794}, "25": {"y:0": 13.195236701463086, "y:1": 30.8744126588483, "y:2": 36.87589412152025, "y:3": 31.079536480297726, "y:4": 19.71264860188985, "y:5": 11.10781129669733, "y:6": 3.622210963121487}, "26": {"y:0": 16.72408162758484, "y:1": 38.12824622874079, "y:2": 41.3524811129134, "y:3": 34.364672971390675, "y:4": 21.295359109515992, "y:5": 11.466261858839552, "y:6": 4.071633917387463}, "27": {"y:0": 21.02083895641532, "y:1": 44.15789584711598, "y:2": 44.66514178421227, "y:3": 35.6378603507852, "y:4": 21.669157527593125, "y:5": 12.063181629129572, "y:6": 4.470396323155192}, "28": {"y:0": 20.800211119496456, "y:1": 47.50916123039365, "y:2": 45.48028871598714, "y:3": 29.020162027513788, "y:4": 13.149477761779165, "y:5": 6.971234833277063, "y:6": 4.305287387679671}, "29": {"y:0": 28.267047867406696, "y:1": 49.869231600458484, "y:2": 45.22362992727243, "y:3": 35.374429424447236, "y:4": 22.503638741564743, "y:5": 12.712085701424325, "y:6": 5.038942343231377}, "30": {"y:0": 35.09459557995789, "y:1": 54.3049020657306, "y:2": 47.30852798045296, "y:3": 35.78365713077423, "y:4": 22.32280093966841, "y:5": 13.154028565904646, "y:6": 5.550961618689424}}