{"0": {"y:0": 74.145970155379, "y:1": 7.909277604163756, "y:2": 5.860203368223036, "y:3": 5.025528949136379, "y:4": 4.422376664983179, "y:5": 4.0841750624483035, "y:6": 3.8283361026388643, "y:7": 3.6281169074851958, "y:8": 3.4641969648015305, "y:9": 3.281168011494164}, "1": {"y:0": 73.99866240805044, "y:1": 6.566507877265614, "y:2": 4.926086897549871, "y:3": 4.378829674842494, "y:4": 3.9820945346405123, "y:5": 3.705714080129911, "y:6": 3.5556225714376577, "y:7": 3.3951026846681405, "y:8": 3.298976223477611, "y:9": 3.2185665230187297}, "2": {"y:0": 73.97178425810347, "y:1": 15.71481619222622, "y:2": 12.309709469357102, "y:3": 10.143655542075587, "y:4": 9.149824069784708, "y:5": 8.43226373396045, "y:6": 7.983813856001303, "y:7": 7.59125018446865, "y:8": 7.296628714376611, "y:9": 7.0739332529488035}, "3": {"y:0": 72.9541147524943, "y:1": 10.966161506574757, "y:2": 8.598585523321832, "y:3": 7.625017822391025, "y:4": 7.139206689074096, "y:5": 6.68260598869742, "y:6": 6.2922090526429155, "y:7": 6.118185527540062, "y:8": 6.049176657854892, "y:9": 5.8457961276587485}, "4": {"y:0": 74.23404969701096, "y:1": 10.774030688116929, "y:2": 10.166008813948078, "y:3": 9.856244550686139, "y:4": 9.242781197955114, "y:5": 8.896888043634776, "y:6": 8.369093801215326, "y:7": 8.031634912162861, "y:8": 7.89416533359675, "y:9": 7.575839802914464}, "5": {"y:0": 78.9148232407265, "y:1": 10.880643970086831, "y:2": 11.575292996261531, "y:3": 11.447892653771387, "y:4": 11.030763414822395, "y:5": 10.7475694972264, "y:6": 10.048484132221153, "y:7": 9.572138378251642, "y:8": 9.22120622824685, "y:9": 8.774557331512751}, "6": {"y:0": 72.80058665121513, "y:1": 11.778155715828206, "y:2": 11.924120716557432, "y:3": 12.945556691215229, "y:4": 13.399934551459413, "y:5": 12.90571853118355, "y:6": 12.367200821408703, "y:7": 11.928254941735005, "y:8": 11.20415321662479, "y:9": 10.588054236808787}, "7": {"y:0": 72.62792240372428, "y:1": 14.017889375831226, "y:2": 13.480979307630495, "y:3": 14.542164021417499, "y:4": 14.858891795004423, "y:5": 14.639563793125745, "y:6": 13.952941644221212, "y:7": 13.408535825754857, "y:8": 12.497658887176755, "y:9": 11.780744689000601}, "8": {"y:0": 75.62166907984452, "y:1": 21.34529574810468, "y:2": 18.54164461425238, "y:3": 20.598696521367206, "y:4": 21.913834678631055, "y:5": 22.28818801396066, "y:6": 20.687829853305086, "y:7": 18.703044393279246, "y:8": 17.166727151711154, "y:9": 15.718038462910277}, "9": {"y:0": 73.64645206855793, "y:1": 27.960756693587506, "y:2": 24.655043205122038, "y:3": 28.123285492626014, "y:4": 32.13921319848374, "y:5": 33.06703987998324, "y:6": 31.26426536873184, "y:7": 27.765526167303143, "y:8": 23.7616605484083, "y:9": 21.483498577014466}, "10": {"y:0": 75.26027516457681, "y:1": 35.01902267456328, "y:2": 31.920501321455095, "y:3": 36.17311883881439, "y:4": 40.132419489188095, "y:5": 42.72392561723895, "y:6": 39.41827947447868, "y:7": 35.8968386262181, "y:8": 31.569889505618324, "y:9": 28.4849009391862}, "11": {"y:0": 76.56202657955176, "y:1": 41.067301029748194, "y:2": 37.22347595100038, "y:3": 41.58126954406552, "y:4": 48.111860082056694, "y:5": 51.51140923372837, "y:6": 48.59880264438352, "y:7": 43.86645659313323, "y:8": 41.5189843123883, "y:9": 37.85192403037303}, "12": {"y:0": 73.26904414050938, "y:1": 47.50860973426366, "y:2": 42.57081154027567, "y:3": 48.26084076185547, "y:4": 53.8918256024256, "y:5": 55.18351614410038, "y:6": 55.83290220489446, "y:7": 52.37639038561794, "y:8": 47.385759628430776, "y:9": 44.8378417811398}, "13": {"y:0": 74.0652095785665, "y:1": 53.72558502819326, "y:2": 50.18379605034798, "y:3": 54.094519531127844, "y:4": 58.978779897915466, "y:5": 62.33533035234676, "y:6": 59.20418157292105, "y:7": 56.107211078238365, "y:8": 54.649529462430706, "y:9": 50.49399046884473}, "14": {"y:0": 74.11054143750016, "y:1": 57.27945383403714, "y:2": 54.145127499327266, "y:3": 57.61847643556975, "y:4": 61.35003319018024, "y:5": 62.63732844100644, "y:6": 62.23084736388779, "y:7": 58.06417350119626, "y:8": 55.88366791776567, "y:9": 53.160761013149646}, "15": {"y:0": 75.19253953989718, "y:1": 56.99557301735721, "y:2": 54.418589787419826, "y:3": 57.98962824186783, "y:4": 63.255014646210356, "y:5": 65.14192968759562, "y:6": 63.592357700929725, "y:7": 62.266168895273914, "y:8": 58.60020535756345, "y:9": 56.699516382356755}, "16": {"y:0": 73.47909018552883, "y:1": 59.37507015588304, "y:2": 56.95477828510438, "y:3": 60.21122266390277, "y:4": 64.1980201076537, "y:5": 65.62382471896477, "y:6": 64.08977953407022, "y:7": 60.966103948826465, "y:8": 58.39676418099436, "y:9": 56.29257432489054}}