{"0": {"y:0": 0.42127235400640595, "y:1": 0.4192301980234207, "y:2": 0.4206483409786592, "y:3": 0.41862084633790353, "y:4": 0.4177579548467365, "y:5": 0.4151398191576671, "y:6": 0.41438882179409525, "y:7": 0.4174035001748233, "y:8": 0.4267137467703582, "y:9": 0.4174961877591367}, "1": {"y:0": 0.39545865259032104, "y:1": 0.39312729851664785, "y:2": 0.3950347851679896, "y:3": 0.3930601137607641, "y:4": 0.3963700362627084, "y:5": 0.39445186414298183, "y:6": 0.39572658695145474, "y:7": 0.39459626572051887, "y:8": 0.38927352691569733, "y:9": 0.39584767961588835}, "2": {"y:0": 0.8437015678740304, "y:1": 0.8190690455185581, "y:2": 0.8481286158609773, "y:3": 0.8292466050476268, "y:4": 0.8354772477838209, "y:5": 0.825409456026478, "y:6": 0.8446675230183274, "y:7": 0.8288510797829632, "y:8": 0.8361890322741616, "y:9": 0.8466230224473579}, "3": {"y:0": 1.7250670855788128, "y:1": 1.699805201420145, "y:2": 1.7482859398327124, "y:3": 1.7249405153956159, "y:4": 1.7288486114710677, "y:5": 1.7636562327306953, "y:6": 1.7149611311170896, "y:7": 1.7457571846685942, "y:8": 1.7675492402472726, "y:9": 1.725614285225686}, "4": {"y:0": 2.7264833450904296, "y:1": 2.7668120296130927, "y:2": 2.802346695098476, "y:3": 2.825112567548537, "y:4": 2.7889552909918365, "y:5": 2.7709682396176247, "y:6": 2.875444645200895, "y:7": 2.770747173553801, "y:8": 2.784379845407265, "y:9": 2.7531416893970064}, "5": {"y:0": 3.356422017897426, "y:1": 3.3798975234818824, "y:2": 3.296937020352225, "y:3": 3.3733246768137723, "y:4": 3.3704053698860705, "y:5": 3.4368537305105025, "y:6": 3.356899714597161, "y:7": 3.3497600450088196, "y:8": 3.424596141522704, "y:9": 3.309698221110667}, "6": {"y:0": 3.7002488626190027, "y:1": 3.743567030861882, "y:2": 3.7467712335944485, "y:3": 3.701370765577185, "y:4": 3.7357928702811267, "y:5": 3.732266828702749, "y:6": 3.690478745845497, "y:7": 3.655216049784627, "y:8": 3.7461344470733446, "y:9": 3.7570058239852258}, "7": {"y:0": 4.016560307982544, "y:1": 4.057048647194089, "y:2": 4.061422568757136, "y:3": 3.990863758796925, "y:4": 4.094417103100142, "y:5": 4.031017622477018, "y:6": 4.038691485827537, "y:7": 4.010184608824491, "y:8": 4.006399900188113, "y:9": 3.994231192738977}, "8": {"y:0": 3.8200579287871017, "y:1": 3.7802701214258425, "y:2": 3.8315636339332926, "y:3": 3.7746170354389643, "y:4": 3.7967594880670315, "y:5": 3.8087724041189706, "y:6": 3.786396918224274, "y:7": 3.812229043262844, "y:8": 3.873011501027163, "y:9": 3.8060865856214416}, "9": {"y:0": 4.548441941467101, "y:1": 4.471985919367272, "y:2": 4.517291145666369, "y:3": 4.52081132236102, "y:4": 4.475044671456306, "y:5": 4.5702786068006676, "y:6": 4.486343670384535, "y:7": 4.498879361927272, "y:8": 4.532359537679449, "y:9": 4.548539144103285}}