{"0": {"y:0": 0.10006325494199532, "y:1": 0.022906181902076318, "y:2": 0.12840715188077842, "y:3": 0.01636301924113027, "y:4": 0.14008072063039356, "y:5": 0.01364740498716234, "y:6": 0.12801163424935583, "y:7": 0.014888633301362655, "y:8": 0.1344353992756142, "y:9": 0.016643632403440238, "y:10": 0.15740701605454105, "y:11": 0.016719469646146835, "y:12": 0.13754068401858077, "y:13": 0.02143269253138769, "y:14": 0.14316218149083043, "y:15": 0.02206727340559835, "y:16": 0.12853897069851933, "y:17": 0.024031959068425156, "y:18": 0.1381832780975152, "y:19": 0.026793978201223475, "y:20": 0.12949812636554764, "y:21": 0.03187153581570176, "y:22": 0.12074262337042758, "y:23": 0.030753590184168355, "y:24": 0.14128994099571462, "y:25": 0.03375189921217421, "y:26": 0.14043672484118003, "y:27": 0.0445078595782315, "y:28": 0.11195089893954002, "y:29": 0.03948299175795933, "y:30": 0.142817670724279, "y:31": 0.03908557287619581}}