{"0": {"y:0": 0.11540803283578059, "y:1": 0.024598365004016055, "y:2": 0.13501102098365705, "y:3": 0.01658057227056499, "y:4": 0.12476422658793275, "y:5": 0.01549844837814346, "y:6": 0.12775558048014535, "y:7": 0.019060074582036016, "y:8": 0.12827472501286385, "y:9": 0.02049812262310681, "y:10": 0.12872200905055528, "y:11": 0.02431845404904679, "y:12": 0.12647038955144757, "y:13": 0.03144722884583656, "y:14": 0.12942374237594448, "y:15": 0.03530814091038545, "y:16": 0.1355727313251745, "y:17": 0.03922263661179753, "y:18": 0.11953781759955118, "y:19": 0.040181514308466004, "y:20": 0.14351507579476952, "y:21": 0.044196350688867035, "y:22": 0.1393835935705642, "y:23": 0.051899164358150514, "y:24": 0.13843957049963226, "y:25": 0.04857371993507544, "y:26": 0.1350039455740677, "y:27": 0.05464335210808868, "y:28": 0.1119427232150411, "y:29": 0.0505441774174176, "y:30": 0.1270152287887673, "y:31": 0.05123747358417245}, "1": {"y:0": 0.13164393185001239, "y:1": 0.03249220082011568, "y:2": 0.13464499224616872, "y:3": 0.01931715388216837, "y:4": 0.12275795148392077, "y:5": 0.01669734335156778, "y:6": 0.14116352188512712, "y:7": 0.015620018397697454, "y:8": 0.14463853203478372, "y:9": 0.017499597537422595, "y:10": 0.1381933314671326, "y:11": 0.019594207372216954, "y:12": 0.14662962964395923, "y:13": 0.023297292522106796, "y:14": 0.13929379999288163, "y:15": 0.023639179426451447, "y:16": 0.1317026028610307, "y:17": 0.029592834817595826, "y:18": 0.15271842897692547, "y:19": 0.031972205194461506, "y:20": 0.14169402638219386, "y:21": 0.035611601108648146, "y:22": 0.1333040486017337, "y:23": 0.03690455185103001, "y:24": 0.15579156844203274, "y:25": 0.039192758721314586, "y:26": 0.14211223899630254, "y:27": 0.044235399150639385, "y:28": 0.1263635022027112, "y:29": 0.04616371025715967, "y:30": 0.12816180851108658, "y:31": 0.043316687824785226}, "2": {"y:0": 0.11766256613523574, "y:1": 0.03439065751902561, "y:2": 0.1308930721567347, "y:3": 0.022500675888691563, "y:4": 0.12322107881120481, "y:5": 0.019595621091333795, "y:6": 0.11913955417797673, "y:7": 0.018908129981708814, "y:8": 0.13920934597950219, "y:9": 0.019918739378761756, "y:10": 0.14067905737356376, "y:11": 0.023613270386868012, "y:12": 0.12672398829238402, "y:13": 0.02832889517799676, "y:14": 0.11497922534792544, "y:15": 0.0321116478882297, "y:16": 0.13246882528740075, "y:17": 0.03586404273903871, "y:18": 0.13131580140373775, "y:19": 0.040713588509800475, "y:20": 0.12218598267034643, "y:21": 0.04366571532519642, "y:22": 0.13189683141983652, "y:23": 0.04874819312878691, "y:24": 0.13189297121910057, "y:25": 0.05259113022316391, "y:26": 0.1287607662722749, "y:27": 0.057539347371030086, "y:28": 0.12299211557955948, "y:29": 0.05757933030421886, "y:30": 0.1376209146759435, "y:31": 0.06450551223725075}, "3": {"y:0": 0.10882728480953922, "y:1": 0.0323624737058464, "y:2": 0.12712043886680216, "y:3": 0.02206595860133759, "y:4": 0.11766139673787333, "y:5": 0.017243501807127776, "y:6": 0.12584415633450285, "y:7": 0.019101750360793503, "y:8": 0.1153443739012245, "y:9": 0.022317616683723916, "y:10": 0.11260898465318231, "y:11": 0.02611586031916991, "y:12": 0.12026677107120387, "y:13": 0.0309487678893874, "y:14": 0.11684354440190393, "y:15": 0.03479058662311092, "y:16": 0.11865222022720315, "y:17": 0.03853059424452136, "y:18": 0.1259074701171206, "y:19": 0.045428384269203946, "y:20": 0.116696023834356, "y:21": 0.047779596617938645, "y:22": 0.12603473777512197, "y:23": 0.05052595967808471, "y:24": 0.1179496674824409, "y:25": 0.05688276038266067, "y:26": 0.12179642229551556, "y:27": 0.059374290759002385, "y:28": 0.11606065357061869, "y:29": 0.060510929421031395, "y:30": 0.11105526923600045, "y:31": 0.06253308103391213}, "4": {"y:0": 0.08669752669616985, "y:1": 0.022550511034563035, "y:2": 0.09472059146657966, "y:3": 0.01746750330186327, "y:4": 0.1096231000697623, "y:5": 0.020285663232685543, "y:6": 0.10550768122285403, "y:7": 0.025128329747525897, "y:8": 0.09454381246570784, "y:9": 0.02923534737657102, "y:10": 0.1023893376772369, "y:11": 0.03569393467616164, "y:12": 0.09848024805252345, "y:13": 0.04132771133339606, "y:14": 0.09259419758595908, "y:15": 0.044851213713022586, "y:16": 0.09799465713979225, "y:17": 0.049544206653395505, "y:18": 0.10254471178932659, "y:19": 0.05512594965438625, "y:20": 0.10879267815198501, "y:21": 0.05953221338616407, "y:22": 0.09591533865498242, "y:23": 0.06317039998969541, "y:24": 0.0960258537868409, "y:25": 0.06634063498745824, "y:26": 0.0985271632646166, "y:27": 0.06663315290129573, "y:28": 0.09526197660531216, "y:29": 0.07334296244537408, "y:30": 0.10221208410240154, "y:31": 0.08101427956035392}, "5": {"y:0": 0.07072551554363596, "y:1": 0.02398980808911079, "y:2": 0.08330617358336095, "y:3": 0.0183546403458079, "y:4": 0.08937382152973852, "y:5": 0.017788217676477605, "y:6": 0.08902225773470543, "y:7": 0.020580791131038466, "y:8": 0.08756652538292815, "y:9": 0.025286246836667123, "y:10": 0.08915858167744171, "y:11": 0.03112376670590948, "y:12": 0.08522488707270517, "y:13": 0.035569069128995746, "y:14": 0.09143371557480975, "y:15": 0.04120698510213086, "y:16": 0.0877340155844379, "y:17": 0.045953066566038196, "y:18": 0.088924074306282, "y:19": 0.04949698629207152, "y:20": 0.08432652208820782, "y:21": 0.052349647398426465, "y:22": 0.08291841964815644, "y:23": 0.05628117517020869, "y:24": 0.08506541304889398, "y:25": 0.060001712451160406, "y:26": 0.08545286415116589, "y:27": 0.06864312927546759, "y:28": 0.08280037752041372, "y:29": 0.06940141110306405, "y:30": 0.08074207617853184, "y:31": 0.07137226199406169}, "6": {"y:0": 0.06107980639235008, "y:1": 0.01713008566736465, "y:2": 0.05888702495125035, "y:3": 0.022583723226151025, "y:4": 0.061698626767125515, "y:5": 0.032046024243046034, "y:6": 0.06131606299692839, "y:7": 0.03932154013100113, "y:8": 0.05761068635741308, "y:9": 0.04521301356788288, "y:10": 0.058947756825266845, "y:11": 0.053283356548305925, "y:12": 0.05410060678029376, "y:13": 0.057335645302888656, "y:14": 0.05300366718091239, "y:15": 0.06585512013490231, "y:16": 0.05025087256736582, "y:17": 0.06642352924840872, "y:18": 0.05350016767777823, "y:19": 0.07248456014722926, "y:20": 0.05168975556859106, "y:21": 0.0713714119982169, "y:22": 0.05126674711169116, "y:23": 0.07798411857496211, "y:24": 0.048199283284093154, "y:25": 0.08545327750916966, "y:26": 0.04791735022246585, "y:27": 0.08389849648577913, "y:28": 0.04757913485176539, "y:29": 0.0892054875235243, "y:30": 0.04928212432625082, "y:31": 0.0880455260565827}, "7": {"y:0": 0.059681678174790004, "y:1": 0.01767640751372446, "y:2": 0.055045015310373424, "y:3": 0.01754161491648674, "y:4": 0.061696794847286046, "y:5": 0.021538409375081616, "y:6": 0.05836773399116063, "y:7": 0.026431425774153906, "y:8": 0.05814807477891242, "y:9": 0.032637810591099325, "y:10": 0.05428169881938138, "y:11": 0.037224936914070555, "y:12": 0.05538500847331182, "y:13": 0.04330747688825847, "y:14": 0.05392023243351358, "y:15": 0.046055098610751966, "y:16": 0.05230122605074352, "y:17": 0.053608506883815896, "y:18": 0.051149464297179495, "y:19": 0.05959037443621372, "y:20": 0.04965448960606876, "y:21": 0.06177934511078661, "y:22": 0.04970555017194152, "y:23": 0.06310184175594633, "y:24": 0.04837507714249487, "y:25": 0.06642833502802932, "y:26": 0.04979893232492199, "y:27": 0.07068128853258242, "y:28": 0.049355625276178566, "y:29": 0.07246035141002519, "y:30": 0.0466598226830952, "y:31": 0.08217638881553854}, "8": {"y:0": 0.08542141072778725, "y:1": 0.05836079964727621, "y:2": 0.10653057728938944, "y:3": 0.04172973211709199, "y:4": 0.11512767826071478, "y:5": 0.03476036104069239, "y:6": 0.12496698979136535, "y:7": 0.03158462991380324, "y:8": 0.12669265145594916, "y:9": 0.03077624377209871, "y:10": 0.1323298035852537, "y:11": 0.030151160525749093, "y:12": 0.13465225651933466, "y:13": 0.03020257432492811, "y:14": 0.12444964631587235, "y:15": 0.031515116342467744, "y:16": 0.1284977273461587, "y:17": 0.033581315289138707, "y:18": 0.12977125244399687,