{"0": {"y:0": 0.13083214686331865, "y:1": 0.027748838945807236, "y:2": 0.13542777071718928, "y:3": 0.019373192246697146, "y:4": 0.12794592774628988, "y:5": 0.01618785766066106, "y:6": 0.13424849587267537, "y:7": 0.015178317837179208, "y:8": 0.15286343814261877, "y:9": 0.0160707343654761, "y:10": 0.11608860567696587, "y:11": 0.018649699124127537, "y:12": 0.14290881446278844, "y:13": 0.021413986681459128, "y:14": 0.14812978903839039, "y:15": 0.024478615923484916, "y:16": 0.14977764873473148, "y:17": 0.02458251919045338, "y:18": 0.11667457038370575, "y:19": 0.02810920673465052, "y:20": 0.12836940422715082, "y:21": 0.033122542173761156, "y:22": 0.11982645699156598, "y:23": 0.03366220611416565, "y:24": 0.11446053531496196, "y:25": 0.03438809199904314, "y:26": 0.12610049996301295, "y:27": 0.038239337770160704, "y:28": 0.13819414641277375, "y:29": 0.04339980544754372, "y:30": 0.1346267076482433, "y:31": 0.044809182029476084}, "1": {"y:0": 0.11478222559774284, "y:1": 0.02644843766667915, "y:2": 0.12353379150752863, "y:3": 0.019083928937698145, "y:4": 0.12523852933453775, "y:5": 0.015650953454379096, "y:6": 0.1266526491115103, "y:7": 0.016228139822912213, "y:8": 0.12446207608156, "y:9": 0.01985970930746875, "y:10": 0.13157087890846647, "y:11": 0.02171801330251852, "y:12": 0.1305317647152107, "y:13": 0.025547087715655163, "y:14": 0.12088244523180627, "y:15": 0.029220778336868668, "y:16": 0.13706283341744258, "y:17": 0.03350280382368606, "y:18": 0.14754840228268756, "y:19": 0.032590705794055874, "y:20": 0.1286202092358167, "y:21": 0.03810555386766279, "y:22": 0.15227129044297524, "y:23": 0.03851368711663079, "y:24": 0.13086418038106887, "y:25": 0.04167651016792438, "y:26": 0.12632597493992795, "y:27": 0.04533717448724848, "y:28": 0.1232828708770911, "y:29": 0.049500211629918134, "y:30": 0.13413794024205938, "y:31": 0.047639723271022824}, "2": {"y:0": 0.10928378423460644, "y:1": 0.036040352238186316, "y:2": 0.12415021377395362, "y:3": 0.023274097126376476, "y:4": 0.132121198453849, "y:5": 0.018589094816352014, "y:6": 0.1304840050822233, "y:7": 0.018062103696235832, "y:8": 0.13749144746847122, "y:9": 0.019301081701414095, "y:10": 0.1254796672845962, "y:11": 0.021464152441707678, "y:12": 0.12206453533334449, "y:13": 0.02448626852322588, "y:14": 0.1267623651852031, "y:15": 0.026586712030237533, "y:16": 0.1230036208553679, "y:17": 0.032269815143986885, "y:18": 0.1380314323606522, "y:19": 0.03690724115587583, "y:20": 0.1332951126832129, "y:21": 0.04037129316204429, "y:22": 0.1326412143383615, "y:23": 0.043170264415080505, "y:24": 0.12371273641392547, "y:25": 0.04589390424730598, "y:26": 0.13026194900789595, "y:27": 0.05350186805599801, "y:28": 0.12017169415467115, "y:29": 0.05191523638323291, "y:30": 0.13142672671386285, "y:31": 0.05734776344153462}, "3": {"y:0": 0.10224828735494905, "y:1": 0.03623591200745327, "y:2": 0.11507074244809468, "y:3": 0.027356170862868116, "y:4": 0.11406737150573906, "y:5": 0.020376709151651386, "y:6": 0.13190093123516186, "y:7": 0.01937731663095934, "y:8": 0.134471184957909, "y:9": 0.020551907353030117, "y:10": 0.12516754905376265, "y:11": 0.023998012390127187, "y:12": 0.12585508606163365, "y:13": 0.027609848145769753, "y:14": 0.11796866891360683, "y:15": 0.030485283335860675, "y:16": 0.11693674256179588, "y:17": 0.03434829119804326, "y:18": 0.12052470766624239, "y:19": 0.0403803566439625, "y:20": 0.11997997178260962, "y:21": 0.04336133220658627, "y:22": 0.12458362173921932, "y:23": 0.0474984588796874, "y:24": 0.10803517846807678, "y:25": 0.0493510725986908, "y:26": 0.11909407523596244, "y:27": 0.05330762316488269, "y:28": 0.1146862930226034, "y:29": 0.05560401465541111, "y:30": 0.12494345240277599, "y:31": 0.06019337600152744}, "4": {"y:0": 0.08072846990578537, "y:1": 0.031042473605671195, "y:2": 0.08978205646391273, "y:3": 0.02301174657073696, "y:4": 0.10114506886495124, "y:5": 0.018574863706329207, "y:6": 0.09634784280096839, "y:7": 0.01800745012139672, "y:8": 0.10167912784930647, "y:9": 0.02029601254093796, "y:10": 0.09706874520036805, "y:11": 0.022273850724976015, "y:12": 0.1039562842319203, "y:13": 0.025457271400776874, "y:14": 0.10984187621528962, "y:15": 0.029372794449262846, "y:16": 0.10409341966494694, "y:17": 0.0327715860581045, "y:18": 0.10152028052052198, "y:19": 0.03714368233262208, "y:20": 0.09496050744352881, "y:21": 0.04077578041486826, "y:22": 0.09395804815843713, "y:23": 0.04354529334123705, "y:24": 0.09633700484496878, "y:25": 0.048064812830385134, "y:26": 0.09820677354942989, "y:27": 0.050706045502004755, "y:28": 0.09290101501021646, "y:29": 0.058966597378940735, "y:30": 0.08991735998004867, "y:31": 0.055819164325903864}, "5": {"y:0": 0.0644320813314293, "y:1": 0.018981254065968668, "y:2": 0.07115595292492662, "y:3": 0.01712025781970457, "y:4": 0.07604139463886189, "y:5": 0.020876687415572855, "y:6": 0.07235814372124934, "y:7": 0.02563418602917274, "y:8": 0.07076760439900766, "y:9": 0.03203368821440954, "y:10": 0.07142481596079199, "y:11": 0.039079220486640955, "y:12": 0.06746142591271427, "y:13": 0.042649736702158846, "y:14": 0.0730902633937408, "y:15": 0.05061743055856702, "y:16": 0.06549269869630213, "y:17": 0.05323724096571872, "y:18": 0.06384489301325544, "y:19": 0.05710832918793417, "y:20": 0.06730006046940094, "y:21": 0.061916632650680085, "y:22": 0.06711572534033054, "y:23": 0.06295466588850343, "y:24": 0.06833036234369323, "y:25": 0.06351877397740335, "y:26": 0.06181626991358395, "y:27": 0.07469215456495866, "y:28": 0.06303654171157576, "y:29": 0.0743912614736741, "y:30": 0.06279566196886173, "y:31": 0.07770715825383201}, "6": {"y:0": 0.0824812194427626, "y:1": 0.023565513669158593, "y:2": 0.09000568624412664, "y:3": 0.018181584531067742, "y:4": 0.09785911160866753, "y:5": 0.02080847431228922, "y:6": 0.09783154329922258, "y:7": 0.026397042282914566, "y:8": 0.09835158147682722, "y:9": 0.032683005165278785, "y:10": 0.09633294251225837, "y:11": 0.03904516635808704, "y:12": 0.09710866849636256, "y:13": 0.04446798808401362, "y:14": 0.09413504508134074, "y:15": 0.05201940410216351, "y:16": 0.09556627772881973, "y:17": 0.05596742554806398, "y:18": 0.09270530655559406, "y:19": 0.06046852715530827, "y:20": 0.09416387388157904, "y:21": 0.06751005156169071, "y:22": 0.09021268024801272, "y:23": 0.07248098039981112, "y:24": 0.09334854637285105, "y:25": 0.07340870886576552, "y:26": 0.09065495939123581, "y:27": 0.07915325290023378, "y:28": 0.09426473805039401, "y:29": 0.08375938350310584, "y:30": 0.09324432212717762, "y:31": 0.08721939218161359}, "7": {"y:0": 0.07561277796023497, "y:1": 0.03799674276487623, "y:2": 0.09387895854299115, "y:3": 0.02881238569428403, "y:4": 0.09845023835327607, "y:5": 0.02432435822177231, "y:6": 0.10059408173675759, "y:7": 0.02228903768762724, "y:8": 0.10205620915980335, "y:9": 0.023276281272725543, "y:10": 0.10163113356461541, "y:11": 0.024709696772085624, "y:12": 0.10250469000716893, "y:13": 0.027229183605098566, "y:14": 0.0975212625168304, "y:15": 0.031181301903348058, "y:16": 0.10143719317955165, "y:17": 0.034478718982856794, "y:18": 0.10217837817333167, "y:19": 0.03894454813963584, "y:20": 0.10123509425354538, "y:21": 0.044101466332649684, "y:22": 0.10241945779008517, "y:23": 0.047331851419270675, "y:24": 0.10157604025681824, "y:25": 0.05275399535309019, "y:26": 0.10249038783059915, "y:27": 0.057485053770089216, "y:28": 0.09917664125654561, "y:29": 0.06137794551336227, "y:30": 0.10023611111296314, "y:31": 0.06583029360955993}, "8": {"y:0": 0.058836936526682274, "y:1": 0.02233113161432297, "y:2": 0.058263998086903565, "y:3": 0.01718536452756377, "y:4": 0.058005283917714895, "y:5": 0.019376982357099413, "y:6": 0.05633835057991251, "y:7": 0.02223156211455311, "y:8": 0.053575162476563964, "y:9": 0.02714303224664801, "y:10": 0.052496977368362716, "y:11": 0.031768049670295076, "y:12": 0.05046573000769291, "y:13": 0.036620964503947584, "y:14": 0.05460247602190983, "y:15": 0.04109461259665576, "y:16": 0.05406053261648083, "y:17": 0.045350457462295844, "y:18": 0.051126925581804795,