{"0": {"y:0": 0.40210425982208414, "y:1": 0.4064471516454079, "y:2": 0.40113502164799275, "y:3": 0.4037986222629856, "y:4": 0.4043472365075642, "y:5": 0.40030729853906083, "y:6": 0.4027804677764944, "y:7": 0.39786583929338376, "y:8": 0.4053818677503743, "y:9": 0.3992055982863859}, "1": {"y:0": 0.40051920283472425, "y:1": 0.3994459441114504, "y:2": 0.39997423078086874, "y:3": 0.3982289832188512, "y:4": 0.40205488948032764, "y:5": 0.40024186821958757, "y:6": 0.4024575005196668, "y:7": 0.40400424095560844, "y:8": 0.4061536583953516, "y:9": 0.39562541303498555}, "2": {"y:0": 0.7963485720614045, "y:1": 0.7656101960926518, "y:2": 0.7924784667683967, "y:3": 0.7873911951794969, "y:4": 0.783420746373769, "y:5": 0.7917741386695416, "y:6": 0.7971791045063066, "y:7": 0.7947853989120911, "y:8": 0.7969655992036558, "y:9": 0.7803395067715669}, "3": {"y:0": 1.5358070970771633, "y:1": 1.551025854777266, "y:2": 1.5335027606848188, "y:3": 1.5411712261250696, "y:4": 1.5277915847777346, "y:5": 1.544943464661546, "y:6": 1.5512760298753865, "y:7": 1.49245213812338, "y:8": 1.5414425272257022, "y:9": 1.5283195234126166}, "4": {"y:0": 3.1098372326200074, "y:1": 3.2839253160748316, "y:2": 3.049884889638758, "y:3": 3.088708212785188, "y:4": 3.175509425158973, "y:5": 3.2165272956884725, "y:6": 3.102783264700243, "y:7": 3.1782935886256825, "y:8": 3.0991249334003594, "y:9": 3.054563774697747}, "5": {"y:0": 5.1880017574776245, "y:1": 4.959741386633316, "y:2": 5.251552286638978, "y:3": 5.168546278994109, "y:4": 4.981943004040672, "y:5": 5.194345849195612, "y:6": 5.132007595727895, "y:7": 4.705863332623761, "y:8": 4.905595227399813, "y:9": 4.9505012843474745}, "6": {"y:0": 6.224053234800201, "y:1": 5.8161752734337275, "y:2": 5.818839298523755, "y:3": 6.039078275444901, "y:4": 6.086494091354228, "y:5": 6.019387331061282, "y:6": 5.927889983069538, "y:7": 5.963883110320083, "y:8": 5.973852894619923, "y:9": 6.032004203748062}, "7": {"y:0": 6.329146592512189, "y:1": 6.3106108506101775, "y:2": 6.4355894776143225, "y:3": 6.360209241611937, "y:4": 6.4883168131820685, "y:5": 6.33276056580024, "y:6": 6.397027025034712, "y:7": 6.2967208933583505, "y:8": 6.478886226224493, "y:9": 6.30161023260573}, "8": {"y:0": 6.5987633466621265, "y:1": 6.588346005784424, "y:2": 6.774697342788464, "y:3": 6.688731532119022, "y:4": 6.626094164379301, "y:5": 6.805159550685453, "y:6": 6.593184338572383, "y:7": 6.611728101834585, "y:8": 6.50521279394135, "y:9": 6.712372656111574}, "9": {"y:0": 6.701870372446233, "y:1": 6.7170208234736055, "y:2": 6.6473862083168065, "y:3": 6.806672471010937, "y:4": 6.758806037889939, "y:5": 6.680767013901882, "y:6": 6.717781882177522, "y:7": 6.663613818790249, "y:8": 6.8140736909091135, "y:9": 6.639134590985639}, "10": {"y:0": 6.726574789173252, "y:1": 6.714778187725614, "y:2": 6.68561075236322, "y:3": 6.606710657885623, "y:4": 6.751426121616235, "y:5": 6.77801474186347, "y:6": 6.770337112539199, "y:7": 6.705700078900579, "y:8": 6.7165771897616, "y:9": 6.712078662574698}, "11": {"y:0": 6.865706711014533, "y:1": 6.874675877373727, "y:2": 6.806527853298825, "y:3": 6.801248784501553, "y:4": 6.8482377565905175, "y:5": 6.878543155784313, "y:6": 6.792974919023717, "y:7": 6.756735480917682, "y:8": 6.817587672475125, "y:9": 6.75393893138766}}