{"0": {"y:0": 75.16821549150993, "y:1": 6.543102327476822, "y:2": 4.711268499246169, "y:3": 4.162680241293988, "y:4": 3.7271530840613742, "y:5": 3.6396915847611404, "y:6": 3.265300965712786, "y:7": 3.225630471205368, "y:8": 3.031865498495553, "y:9": 3.0670123405734104}}