{"0": {"y:0": 0.1346332821287691, "y:1": 0.02099446988228737, "y:2": 0.13505859365763678, "y:3": 0.015082972746500303, "y:4": 0.14939452789995658, "y:5": 0.017062863280372563, "y:6": 0.1387607206604955, "y:7": 0.018969248327101448, "y:8": 0.11299668041792905, "y:9": 0.023607651669635202, "y:10": 0.12796963691769594, "y:11": 0.0320934725410725, "y:12": 0.154685750724675, "y:13": 0.03015717542267627, "y:14": 0.1536823721138061, "y:15": 0.0396552520122694, "y:16": 0.1435087031217593, "y:17": 0.04172818408206369, "y:18": 0.1369443061687966, "y:19": 0.04281770401680396, "y:20": 0.14970848404569176, "y:21": 0.04900264040993501, "y:22": 0.14156082046519877, "y:23": 0.04671585048068472, "y:24": 0.12928855020969512, "y:25": 0.044990466263121205, "y:26": 0.13530999280738285, "y:27": 0.06037343967788011, "y:28": 0.11887290366242377, "y:29": 0.0600909695180388, "y:30": 0.15138181717916346, "y:31": 0.056608321551737874}}