{"0": {"y:0": 0.008061764790081784, "y:1": 0.004133073326850255, "y:2": 0.003633806380091307, "y:3": 0.002701576017500753, "y:4": 0.013231112035263646, "y:5": 0.002790504683818231, "y:6": 0.01748748300142932, "y:7": 0.004831920474739695, "y:8": 0.014823484904661259, "y:9": 0.007525591224303335, "y:10": 0.003919857784900994, "y:11": 0.008412421901825345, "y:12": 0.006935083615806881, "y:13": 0.0020576961984090174, "y:14": 0.04633906853974325, "y:15": 0.0036720516282065406, "y:16": 0.06612922465368218, "y:17": 0.010043072199120113, "y:18": 0.03149355290388562, "y:19": 0.01649279091211991, "y:20": 0.016126680287643757, "y:21": 0.020635308185886058, "y:22": 0.004588058108610421, "y:23": 0.016858769684414816, "y:24": 0.002258028281623087, "y:25": 0.0016259991705796077, "y:26": 0.05963064901440458, "y:27": 0.0020873106311956094, "y:28": 0.03168670825924648, "y:29": 0.007643436175522031, "y:30": 0.06647328591871769, "y:31": 0.016548320919303614}, "1": {"y:0": 0.008074538305678515, "y:1": 0.004051157625066458, "y:2": 0.003623321781158958, "y:3": 0.002668790941434898, "y:4": 0.013640402849936497, "y:5": 0.0028823863145290367, "y:6": 0.0171477840981934, "y:7": 0.004999836267036615, "y:8": 0.014865162612246139, "y:9": 0.007531003995793757, "y:10": 0.003920906846648661, "y:11": 0.008871171470376481, "y:12": 0.006759710201045543, "y:13": 0.00205642018343784, "y:14": 0.05360990442092895, "y:15": 0.0036434498654642905, "y:16": 0.06864140426467806, "y:17": 0.009695733378088494, "y:18": 0.03242923075881082, "y:19": 0.016835051547315367, "y:20": 0.015572094288758016, "y:21": 0.020069024260639345, "y:22": 0.004575020287301085, "y:23": 0.015281498569141945, "y:24": 0.002256219427495772, "y:25": 0.0016163259451787574, "y:26": 0.060797136578692956, "y:27": 0.0020769765078368, "y:28": 0.03422102422724206, "y:29": 0.007925934669416003, "y:30": 0.06328273067279638, "y:31": 0.015702386145947614}, "2": {"y:0": 0.008239831434023702, "y:1": 0.004419098596763734, "y:2": 0.0036349712080414177, "y:3": 0.0030343122776794827, "y:4": 0.013432494584291597, "y:5": 0.00286192420586705, "y:6": 0.017411634340306847, "y:7": 0.005237836504803879, "y:8": 0.015190613301395995, "y:9": 0.008955401954912812, "y:10": 0.003908292393167959, "y:11": 0.010489037197211894, "y:12": 0.006914392677263795, "y:13": 0.0020974020562574774, "y:14": 0.05069408678693875, "y:15": 0.0037754951431997153, "y:16": 0.0741670352032891, "y:17": 0.01139248916263821, "y:18": 0.03182125083808269, "y:19": 0.028269336844494463, "y:20": 0.015855406772744683, "y:21": 0.04346806949797285, "y:22": 0.004553973850373529, "y:23": 0.02329341355263681, "y:24": 0.0022547948195250347, "y:25": 0.001634729539212697, "y:26": 0.06520878023031554, "y:27": 0.002162238739544133, "y:28": 0.03596025258538741, "y:29": 0.008124291756620496, "y:30": 0.07021726694470326, "y:31": 0.021690416061606335}, "3": {"y:0": 0.00829463805157248, "y:1": 0.004449058488918146, "y:2": 0.003639555544651071, "y:3": 0.0029301880717209306, "y:4": 0.013577441710926503, "y:5": 0.0031374086705941526, "y:6": 0.017563975366983776, "y:7": 0.0057563117496834525, "y:8": 0.015132165965024404, "y:9": 0.009889517308106152, "y:10": 0.003895725136318874, "y:11": 0.011110454949741496, "y:12": 0.006835218240908131, "y:13": 0.0021307641457549314, "y:14": 0.04900593020458465, "y:15": 0.003840142881015026, "y:16": 0.07101015223198594, "y:17": 0.011737905780890462, "y:18": 0.03103285517458532, "y:19": 0.026468239091416684, "y:20": 0.015748243908976597, "y:21": 0.030534252558524853, "y:22": 0.0045613274675011225, "y:23": 0.022961303605713905, "y:24": 0.002258087290159104, "y:25": 0.0016361466300464807, "y:26": 0.06514774012377453, "y:27": 0.0021223315539906874, "y:28": 0.03553345706745789, "y:29": 0.008167200774479357, "y:30": 0.06963845593649808, "y:31": 0.02152476893512489}, "4": {"y:0": 0.008345596625455228, "y:1": 0.004460960803161787, "y:2": 0.0036220357402544315, "y:3": 0.00295245038015973, "y:4": 0.013515078368999792, "y:5": 0.0029994070195137955, "y:6": 0.017597148294778913, "y:7": 0.005528055173873272, "y:8": 0.014870463784585702, "y:9": 0.009539163859901497, "y:10": 0.003907275709901239, "y:11": 0.010968333766360569, "y:12": 0.006907780570025937, "y:13": 0.0021166014744630184, "y:14": 0.05010571817520856, "y:15": 0.0038215160307386977, "y:16": 0.0721105487912466, "y:17": 0.011769235193067842, "y:18": 0.03185726883309828, "y:19": 0.028214166162227283, "y:20": 0.015803664329132133, "y:21": 0.039109247275999987, "y:22": 0.00457434606169888, "y:23": 0.025580252852096405, "y:24": 0.002255522988040029, "y:25": 0.001639080617135411, "y:26": 0.06386931896337686, "y:27": 0.00215590006658407, "y:28": 0.036313770282488715, "y:29": 0.008132727022519506, "y:30": 0.0745701554447535, "y:31": 0.02242666162740001}, "5": {"y:0": 0.008285989104123875, "y:1": 0.004498011340562152, "y:2": 0.003617779261665862, "y:3": 0.002958192014072867, "y:4": 0.013430196143786583, "y:5": 0.0035758980989382804, "y:6": 0.01730189353162728, "y:7": 0.007534252978031453, "y:8": 0.015050202284556244, "y:9": 0.015597716670195489, "y:10": 0.0039004595855140294, "y:11": 0.016687467173407924, "y:12": 0.006812879209195694, "y:13": 0.0022262951228884547, "y:14": 0.050812412533681975, "y:15": 0.004154878311814981, "y:16": 0.07210910096160728, "y:17": 0.014166962155186457, "y:18": 0.031436047495190425, "y:19": 0.0312592797728337, "y:20": 0.015554810472543432, "y:21": 0.027774718090269324, "y:22": 0.004559406977423474, "y:23": 0.030608086005381098, "y:24": 0.002255234060707638, "y:25": 0.001653195886823717, "y:26": 0.06734551846665202, "y:27": 0.002116453355962276, "y:28": 0.03637523899326727, "y:29": 0.008476046530742793, "y:30": 0.07541313745416298, "y:31": 0.024810547670333142}, "6": {"y:0": 0.00823060760758393, "y:1": 0.00447581198525088, "y:2": 0.0036221285610789494, "y:3": 0.002940966281308786, "y:4": 0.013518386784877143, "y:5": 0.00360355434954396, "y:6": 0.017465089666112817, "y:7": 0.007527433185350341, "y:8": 0.015065402068691513, "y:9": 0.01508175305128172, "y:10": 0.0039091871898188964, "y:11": 0.0171006212547786, "y:12": 0.006871567949263046, "y:13": 0.0022370464317801693, "y:14": 0.050345958628311184, "y:15": 0.004161689285389346, "y:16": 0.07121088045762607, "y:17": 0.014333475324760363, "y:18": 0.03226715856101751, "y:19": 0.028809531862617074, "y:20": 0.015625989595098554, "y:21": 0.026531328239329535, "y:22": 0.004559335141894294, "y:23": 0.02904584441467925, "y:24": 0.0022556538098519826, "y:25": 0.0016553275252730371, "y:26": 0.06201685433464549, "y:27": 0.00211161542632395, "y:28": 0.03609294334959085, "y:29": 0.00851390923631249, "y:30": 0.07513488575699848, "y:31": 0.024682205857075774}, "7": {"y:0": 0.008179869885798986, "y:1": 0.004440574662167788, "y:2": 0.003621225194355408, "y:3": 0.0029364094496652283, "y:4": 0.01341674330387682, "y:5": 0.0038489821951295474, "y:6": 0.01746917214900095, "y:7": 0.008962772338230476, "y:8": 0.014898934756834787, "y:9": 0.023076011726552978, "y:10": 0.00390922323980204, "y:11": 0.02589258719154575, "y:12": 0.006854873603372012, "y:13": 0.0023432177262694615, "y:14": 0.05220392672110699, "y:15": 0.00451142249460249, "y:16": 0.07096971519241593, "y:17": 0.018901074884214022, "y:18": 0.03125768653744208, "y:19": 0.03924678658379637, "y:20": 0.01585298904803412, "y:21": 0.025549748336655125, "y:22": 0.004565497861366712, "y:23": 0.04700142660050191, "y:24": 0.0022579925341465095, "y:25": 0.001683788473375483, "y:26": 0.06162824589496817, "y:27": 0.0020971200247557895, "y:28": 0.036020509616410144, "y:29": 0.009123253543993381, "y:30": 0.07406780806333214, "y:31": 0.030862867454161818}, "8": {"y:0": 0.008245860553588199, "y:1": 0.004391274399326671, "y:2": 0.003637419465319098, "y:3": 0.002913488625011865, "y:4": 0.013566052000359402, "y:5": 0.003916511510116512, "y:6": 0.01732420144105894, "y:7": 0.009414855848968371, "y:8": 0.014969148009168818, "y:9": 0.02636091397442586, "y:10": 0.0039102630986639075, "y:11": 0.031039915496308284, "y:12": 0.006854928753716089,