{"0": {"y:0": 0.144867321204504, "y:1": 0.01946241271989796, "y:2": 0.14210599712013305, "y:3": 0.014762036323843652, "y:4": 0.1122316977090635, "y:5": 0.01973894227576893, "y:6": 0.1322228346624199, "y:7": 0.022730988549775767, "y:8": 0.11716008914101246, "y:9": 0.029430989569991697, "y:10": 0.14649082744437283, "y:11": 0.03150580588016054, "y:12": 0.13422752171931523, "y:13": 0.03343737711510354, "y:14": 0.13042810194966348, "y:15": 0.038489349975803264, "y:16": 0.12808714985586545, "y:17": 0.04020195723612496, "y:18": 0.11579738066331853, "y:19": 0.0501527084791698, "y:20": 0.13340076313752072, "y:21": 0.045255790549758985, "y:22": 0.12812809128551947, "y:23": 0.04769577226484083, "y:24": 0.1306686131696995, "y:25": 0.04939083375167117, "y:26": 0.11651900740567975, "y:27": 0.049084561042075654, "y:28": 0.14683707390866443, "y:29": 0.06582231640601509, "y:30": 0.13156283100896768, "y:31": 0.062454772405041055}, "1": {"y:0": 0.12187260353082299, "y:1": 0.03355933647703558, "y:2": 0.12344947544817543, "y:3": 0.022459565332376585, "y:4": 0.12709149532384206, "y:5": 0.01777769240761145, "y:6": 0.14849508371820283, "y:7": 0.015373879181758657, "y:8": 0.13815421170474593, "y:9": 0.015256709267061703, "y:10": 0.1325133968022428, "y:11": 0.01623052954416011, "y:12": 0.1387348761061964, "y:13": 0.017382375196700984, "y:14": 0.13393488594664277, "y:15": 0.020087052877722673, "y:16": 0.1577613290498397, "y:17": 0.02039143284686329, "y:18": 0.14304871270030783, "y:19": 0.02481995730603841, "y:20": 0.13340354671962198, "y:21": 0.027168734453453004, "y:22": 0.12568387092321517, "y:23": 0.026968816385021726, "y:24": 0.12770675752759503, "y:25": 0.03386572749725212, "y:26": 0.14036044907477452, "y:27": 0.032751423561122955, "y:28": 0.13337170239784915, "y:29": 0.03363504095123404, "y:30": 0.14154784121109001, "y:31": 0.03449865899048804}, "2": {"y:0": 0.1415358307007705, "y:1": 0.061119345329336466, "y:2": 0.13765578643212334, "y:3": 0.04345509895951146, "y:4": 0.14813720093184693, "y:5": 0.03543407469775072, "y:6": 0.14487737912328713, "y:7": 0.029153433754237318, "y:8": 0.14552818165524684, "y:9": 0.02625735555062053, "y:10": 0.15593889766608313, "y:11": 0.023268661566908606, "y:12": 0.1437972296970754, "y:13": 0.02248972798470235, "y:14": 0.13816866282614768, "y:15": 0.020064471231638934, "y:16": 0.1433908405531176, "y:17": 0.018211410453664773, "y:18": 0.13130108448419203, "y:19": 0.018122297619633333, "y:20": 0.13626289075772915, "y:21": 0.018141325142753864, "y:22": 0.13892005445261665, "y:23": 0.017903772243298262, "y:24": 0.13945427312133912, "y:25": 0.018840316231240925, "y:26": 0.146207994322893, "y:27": 0.020115094991756042, "y:28": 0.14156839622908882, "y:29": 0.02095558643988034, "y:30": 0.14529265964641622, "y:31": 0.02165094736211475}, "3": {"y:0": 0.1240545172730332, "y:1": 0.024838779841036607, "y:2": 0.13182231953288318, "y:3": 0.01689562749703851, "y:4": 0.12748027298767034, "y:5": 0.01636374966355659, "y:6": 0.12454610828074089, "y:7": 0.01928291056767191, "y:8": 0.12858796270996356, "y:9": 0.022437691588497163, "y:10": 0.12692912112460106, "y:11": 0.028089486599507333, "y:12": 0.12875182349555633, "y:13": 0.03124950820511762, "y:14": 0.11954507851834621, "y:15": 0.037042413611926166, "y:16": 0.1317797011152545, "y:17": 0.03909068168879447, "y:18": 0.12233247448319562, "y:19": 0.04034304293626721, "y:20": 0.13114450945318348, "y:21": 0.04683427993878816, "y:22": 0.13122471992002735, "y:23": 0.04763951431867266, "y:24": 0.1327530430880045, "y:25": 0.051857279990553964, "y:26": 0.12090745251779976, "y:27": 0.04788337657610943, "y:28": 0.1170356822042705, "y:29": 0.05622129314887911, "y:30": 0.12344843048405545, "y:31": 0.05424884438671569}, "4": {"y:0": 0.09916648422037135, "y:1": 0.017809535261357236, "y:2": 0.10619657516283762, "y:3": 0.02806588102066157, "y:4": 0.11004832961731134, "y:5": 0.04285246994696053, "y:6": 0.10184160323364398, "y:7": 0.04907913591774522, "y:8": 0.10596003019241722, "y:9": 0.06130053396784215, "y:10": 0.10302246158487419, "y:11": 0.06393481463600992, "y:12": 0.09883963362072672, "y:13": 0.06593068326358162, "y:14": 0.10521182125544618, "y:15": 0.0656906641392072, "y:16": 0.10299491992166954, "y:17": 0.08094539971704166, "y:18": 0.10165343578048877, "y:19": 0.08067962103926003, "y:20": 0.10580364824359328, "y:21": 0.08314096587134175, "y:22": 0.10502794913368528, "y:23": 0.08567059471608518, "y:24": 0.09901489710494718, "y:25": 0.0831874959770267, "y:26": 0.10421145291892125, "y:27": 0.08785782527848177, "y:28": 0.09697411431285939, "y:29": 0.08597101605578925, "y:30": 0.10365170759071164, "y:31": 0.09253321869398852}, "5": {"y:0": 0.09439006162430037, "y:1": 0.016198047138268248, "y:2": 0.09739112303447221, "y:3": 0.018412419704984063, "y:4": 0.1018444344711452, "y:5": 0.026184851299179124, "y:6": 0.09424822475147854, "y:7": 0.032479344930558054, "y:8": 0.0964744819456395, "y:9": 0.036087754927708195, "y:10": 0.0977106247432283, "y:11": 0.042703491377246126, "y:12": 0.09588971079667856, "y:13": 0.04416262953392706, "y:14": 0.09602143899238615, "y:15": 0.04664007057706693, "y:16": 0.09272178484900344, "y:17": 0.04889037952703247, "y:18": 0.09366542068521597, "y:19": 0.05305696527103506, "y:20": 0.09323689833986919, "y:21": 0.05444826302342796, "y:22": 0.09453918152482466, "y:23": 0.05717299170505699, "y:24": 0.09546939254636769, "y:25": 0.059827817654599255, "y:26": 0.09116514626519485, "y:27": 0.061376981019827866, "y:28": 0.09273575590287894, "y:29": 0.06320431772205766, "y:30": 0.09102773511047921, "y:31": 0.06487512201466314}, "6": {"y:0": 0.10853354004875002, "y:1": 0.06026206004085307, "y:2": 0.12303979114455803, "y:3": 0.04524402951887049, "y:4": 0.11823577265059684, "y:5": 0.036440816027931845, "y:6": 0.1181535066098971, "y:7": 0.030369753826870127, "y:8": 0.11666681203551295, "y:9": 0.02627068150082019, "y:10": 0.1183240061564439, "y:11": 0.023876415311538942, "y:12": 0.1181802980750874, "y:13": 0.022801703696839593, "y:14": 0.11329368427072804, "y:15": 0.02082471930256468, "y:16": 0.1168871455230483, "y:17": 0.019798115539753226, "y:18": 0.12282774783564687, "y:19": 0.018931161014366864, "y:20": 0.11896374148491252, "y:21": 0.018751838903426764, "y:22": 0.11906720304803009, "y:23": 0.018871919209338433, "y:24": 0.12271759152099947, "y:25": 0.019338573227506654, "y:26": 0.12177026723364441, "y:27": 0.019771159524781444, "y:28": 0.11664991416366133, "y:29": 0.02085751273384673, "y:30": 0.1221760892008844, "y:31": 0.021718143797808648}, "7": {"y:0": 0.07851260523772204, "y:1": 0.028535804155938455, "y:2": 0.08580324943263554, "y:3": 0.02055708747595337, "y:4": 0.0932063129088635, "y:5": 0.017174183554429883, "y:6": 0.09305172728843593, "y:7": 0.015638354429424895, "y:8": 0.0913733276848068, "y:9": 0.016031298474770146, "y:10": 0.08624842041832163, "y:11": 0.01715317937197023, "y:12": 0.090215230854311, "y:13": 0.018806432894904246, "y:14": 0.08997637306613612, "y:15": 0.020642555554211732, "y:16": 0.08704307713142168, "y:17": 0.023241338031653645, "y:18": 0.08611423538302336, "y:19": 0.02568761819962231, "y:20": 0.08585393171450247, "y:21": 0.02792051595380787, "y:22": 0.08595575962423313, "y:23": 0.030431102554207803, "y:24": 0.08269942902581476, "y:25": 0.03160418894556179, "y:26": 0.08640583093947796, "y:27": 0.03583841754916628, "y:28": 0.08522489628877536, "y:29": 0.036530432195513655, "y:30": 0.08485713424942017, "y:31": 0.03806924977403127}, "8": {"y:0": 0.07694723719557717, "y:1": 0.03552363444064205, "y:2": 0.06517714152229126, "y:3": 0.05609454813238002, "y:4": 0.05479496066253689, "y:5": 0.06763355862924228, "y:6": 0.050930801590356005, "y:7": 0.07826225604485576, "y:8": 0.04984891116967867, "y:9": 0.0779572431126496, "y:10": 0.0446398578114605, "y:11": 0.07979286613372745, "y:12": 0.04149737212168615, "y:13": 0.08740680341295869, "y:14": 0.04044625524990564, "y:15": 0.08440041429393501, "y:16": 0.039543594617280034, "y:17": 0.08565751527096103, "y:18": 0.036884483162958455,