{"0": {"y:0": 74.32618920484612, "y:1": 8.642707996902645, "y:2": 6.328431152608106, "y:3": 5.163298983783804, "y:4": 4.706641874974132, "y:5": 4.639636297501997, "y:6": 4.464937897852827, "y:7": 4.129051837626503, "y:8": 3.983677135397813, "y:9": 3.7822536774229683}, "1": {"y:0": 75.47763332349149, "y:1": 6.110977120205501, "y:2": 4.597238897646232, "y:3": 4.0053713453126205, "y:4": 3.5752637078594702, "y:5": 3.310973322198528, "y:6": 3.1772594357385846, "y:7": 3.080172944111856, "y:8": 2.8829302759588837, "y:9": 2.785754098473208}, "2": {"y:0": 73.61196651417471, "y:1": 13.123668724156346, "y:2": 9.554566322445885, "y:3": 8.010663424127324, "y:4": 6.985830132226723, "y:5": 6.609563009934842, "y:6": 6.216401250107498, "y:7": 5.901369316729711, "y:8": 5.8221217673865, "y:9": 5.517179755955008}, "3": {"y:0": 74.8531450585511, "y:1": 10.00891288045118, "y:2": 8.332339948081012, "y:3": 7.323683536841952, "y:4": 6.859663495884288, "y:5": 6.555550926604485, "y:6": 6.277035779364743, "y:7": 6.091889288989918, "y:8": 6.04507475642751, "y:9": 5.835982088551293}, "4": {"y:0": 76.16576077312574, "y:1": 9.021761030396332, "y:2": 9.931387325022971, "y:3": 10.050010139599022, "y:4": 9.944484603114834, "y:5": 9.769106812766557, "y:6": 9.361731794027397, "y:7": 8.998272075115288, "y:8": 8.618701419859638, "y:9": 8.210583079562555}, "5": {"y:0": 77.50052758118944, "y:1": 8.858445147325034, "y:2": 10.143938271425048, "y:3": 11.376026002894704, "y:4": 12.008609689089798, "y:5": 11.882017682110353, "y:6": 11.78844687378521, "y:7": 11.278055466004213, "y:8": 10.699914751477149, "y:9": 10.55347569752552}, "6": {"y:0": 73.43420051679436, "y:1": 10.249041086087496, "y:2": 10.660126214864071, "y:3": 12.300689727724723, "y:4": 12.919639155166054, "y:5": 13.556382685092869, "y:6": 13.417578686663301, "y:7": 12.779680134746306, "y:8": 12.358781964773474, "y:9": 11.790794835927109}, "7": {"y:0": 74.82551733110824, "y:1": 13.629614849545208, "y:2": 11.923671150894732, "y:3": 13.199352051039538, "y:4": 14.016374302789409, "y:5": 14.187664114414547, "y:6": 14.068104099372189, "y:7": 13.697062014588358, "y:8": 13.246635002848112, "y:9": 12.514166410354848}, "8": {"y:0": 75.76565142636551, "y:1": 22.38553669707669, "y:2": 18.63390490766893, "y:3": 20.553016624764762, "y:4": 24.154549645852992, "y:5": 26.10041231210164, "y:6": 25.336235813060622, "y:7": 24.646139629381853, "y:8": 22.896991006401432, "y:9": 20.359471103629673}, "9": {"y:0": 74.94880652477696, "y:1": 26.831113299131946, "y:2": 22.198381761907868, "y:3": 25.151083482641507, "y:4": 28.717653962694385, "y:5": 32.30289257749169, "y:6": 32.51513537751069, "y:7": 30.55568739996283, "y:8": 28.229229115087644, "y:9": 25.3855477181042}, "10": {"y:0": 74.89915551818277, "y:1": 35.154966935391386, "y:2": 29.269900286960876, "y:3": 32.44188615916378, "y:4": 38.45913807536689, "y:5": 44.69671395614646, "y:6": 48.157523283077616, "y:7": 44.5383966974145, "y:8": 40.52668978018543, "y:9": 36.19838508817579}, "11": {"y:0": 74.99327468011286, "y:1": 38.69995000454019, "y:2": 33.4880635211435, "y:3": 37.47085522413213, "y:4": 44.467084251223625, "y:5": 53.09516364923217, "y:6": 52.7440068900605, "y:7": 48.64640670427713, "y:8": 44.65090887776158, "y:9": 39.56040256927383}, "12": {"y:0": 74.18744449175811, "y:1": 44.4980883966769, "y:2": 39.47744144697712, "y:3": 43.26379647448927, "y:4": 50.51788812127005, "y:5": 57.66057408917214, "y:6": 58.66910595249479, "y:7": 55.20453893018794, "y:8": 49.207587249770505, "y:9": 45.926142911811226}, "13": {"y:0": 73.66709028328177, "y:1": 48.22227224311414, "y:2": 42.899155581749895, "y:3": 46.642143416927844, "y:4": 52.74562609046873, "y:5": 59.61803072346277, "y:6": 59.552495182385016, "y:7": 57.47573093549613, "y:8": 53.078498295333674, "y:9": 50.56929769684047}, "14": {"y:0": 74.26466042968104, "y:1": 45.752802731786424, "y:2": 41.23422609138404, "y:3": 44.78410050743183, "y:4": 52.10697521094401, "y:5": 58.01758753802815, "y:6": 59.308917064113686, "y:7": 57.31332009436997, "y:8": 52.67095772531417, "y:9": 48.320782471029965}, "15": {"y:0": 73.3256027683669, "y:1": 47.82329530078555, "y:2": 42.64126377175971, "y:3": 45.85559509412322, "y:4": 52.94321344843508, "y:5": 59.529793325140865, "y:6": 61.115490698507905, "y:7": 59.826704107468984, "y:8": 56.15941512804781, "y:9": 51.707853390417725}}