{"0": {"y:0": 0.01688406382100555, "y:1": 0.18533422937687924, "y:2": 0.39119983667042274, "y:3": 0.4039332873819637, "y:4": 0.37736846054838064, "y:5": 0.05209620450473449, "y:6": 0.0023074016034909323}, "1": {"y:0": 0.013647509077487007, "y:1": 0.17825570403637722, "y:2": 0.39577003048918824, "y:3": 0.3934214149689104, "y:4": 0.3595415811169253, "y:5": 0.04635475477042049, "y:6": 0.002074398772294198}, "2": {"y:0": 0.09451658605801026, "y:1": 0.4084972541709726, "y:2": 0.4950898500319902, "y:3": 0.526905296024059, "y:4": 0.4710308220200353, "y:5": 0.1356278262569722, "y:6": 0.01437894666654508}, "3": {"y:0": 0.16596930181918496, "y:1": 0.6080275881737647, "y:2": 0.7535273096119306, "y:3": 0.8104559801315763, "y:4": 0.7882597970132342, "y:5": 0.1978325813774507, "y:6": 0.026154349931216524}, "4": {"y:0": 0.4176909070402463, "y:1": 0.7858483253335506, "y:2": 0.8684141193063213, "y:3": 0.8999544494824253, "y:4": 0.8296415693994936, "y:5": 0.3446322116270495, "y:6": 0.07282153685453632}, "5": {"y:0": 0.6133671684758772, "y:1": 1.1271759218709192, "y:2": 1.260815442362258, "y:3": 1.2674438175054217, "y:4": 1.122192015838297, "y:5": 0.4728531433960667, "y:6": 0.11832060734136086}, "6": {"y:0": 0.9991831632037469, "y:1": 1.418603194391356, "y:2": 1.543365927545357, "y:3": 1.5445072727674745, "y:4": 1.3154730789872855, "y:5": 0.6650694167044049, "y:6": 0.20969468748575879}, "7": {"y:0": 1.4712646980326776, "y:1": 2.021904134356024, "y:2": 2.144870765291175, "y:3": 2.2343460618723077, "y:4": 1.8801073717988306, "y:5": 0.8604208683168214, "y:6": 0.3006345391594709}, "8": {"y:0": 2.0358741731284318, "y:1": 2.709104035611266, "y:2": 2.931978342870819, "y:3": 3.1920202913904516, "y:4": 2.5164153804767606, "y:5": 1.162689955011319, "y:6": 0.40990540885471}, "9": {"y:0": 2.6367575995526016, "y:1": 3.523307240531527, "y:2": 3.9841577226073137, "y:3": 4.107197852266514, "y:4": 2.9286806352707253, "y:5": 1.391669401971791, "y:6": 0.5763095173043702}, "10": {"y:0": 3.3699242490712567, "y:1": 4.430527089914098, "y:2": 5.095787249162727, "y:3": 5.0308911742149665, "y:4": 3.300784715853, "y:5": 1.6086166575952752, "y:6": 0.7182259286488161}, "11": {"y:0": 3.0947519888654056, "y:1": 4.312105638261148, "y:2": 5.311086021219083, "y:3": 5.096620250259044, "y:4": 3.785347816359283, "y:5": 1.7781642104312496, "y:6": 0.8126053416494328}, "12": {"y:0": 2.9021258343825, "y:1": 4.575544872110719, "y:2": 5.380352053563623, "y:3": 5.166958197704678, "y:4": 3.5594094994344636, "y:5": 1.8068251808914433, "y:6": 0.8105510654540488}, "13": {"y:0": 2.7658356284626766, "y:1": 4.960033439287414, "y:2": 6.392238216295661, "y:3": 6.313617542672564, "y:4": 4.311729989812894, "y:5": 2.2048550348323257, "y:6": 0.9408920270944132}, "14": {"y:0": 3.014229739772276, "y:1": 5.694044394598287, "y:2": 6.962758788289216, "y:3": 6.992563682820963, "y:4": 4.683760968026977, "y:5": 2.4472629679933036, "y:6": 1.1021639812559159}, "15": {"y:0": 3.175889133066261, "y:1": 5.84550457640783, "y:2": 7.3552750916397525, "y:3": 7.933383576663472, "y:4": 5.543303542967506, "y:5": 3.021711814973904, "y:6": 1.3801614365149366}, "16": {"y:0": 3.4654844118583417, "y:1": 6.852634144025881, "y:2": 8.88070229848994, "y:3": 8.35090960464573, "y:4": 6.048785713172752, "y:5": 3.564181571311939, "y:6": 1.7121427382614325}, "17": {"y:0": 3.7621106016942116, "y:1": 7.61263429080546, "y:2": 9.689248375018314, "y:3": 10.030965423377575, "y:4": 7.348081432664461, "y:5": 4.464402476762503, "y:6": 2.2890788544348575}, "18": {"y:0": 4.314685748498291, "y:1": 8.842263805374353, "y:2": 11.34156662892921, "y:3": 11.155484311970481, "y:4": 8.179197453772188, "y:5": 5.315866367748744, "y:6": 2.7100335136908837}, "19": {"y:0": 4.88528988999886, "y:1": 9.941151268899509, "y:2": 13.315694834601073, "y:3": 13.150767200306744, "y:4": 10.350703711587128, "y:5": 6.75986335577365, "y:6": 3.454725019263938}, "20": {"y:0": 5.36922978798121, "y:1": 10.724046032038405, "y:2": 14.619662586862434, "y:3": 15.123386299905237, "y:4": 12.081310177628476, "y:5": 7.851905731124844, "y:6": 4.212803842395207}, "21": {"y:0": 6.441074157239097, "y:1": 12.602762462127012, "y:2": 16.06685062299141, "y:3": 17.170663481117334, "y:4": 14.121247733554062, "y:5": 9.41015788687181, "y:6": 4.795195052483817}, "22": {"y:0": 7.303217793360293, "y:1": 13.467485730567237, "y:2": 18.118514925858538, "y:3": 19.320528544725168, "y:4": 16.271141655919727, "y:5": 10.773572520847612, "y:6": 5.692948603879434}, "23": {"y:0": 7.526082014669669, "y:1": 14.88896618178092, "y:2": 18.858604928653026, "y:3": 20.04495946177438, "y:4": 17.791660492363956, "y:5": 12.407451732589294, "y:6": 6.265383553530945}, "24": {"y:0": 8.087313398002268, "y:1": 16.77483350621463, "y:2": 22.34330881849449, "y:3": 21.954897235535654, "y:4": 17.6719686505521, "y:5": 12.7230696190302, "y:6": 7.0026530778269676}, "25": {"y:0": 9.772525902331644, "y:1": 18.719424949475332, "y:2": 22.272031593602357, "y:3": 22.741030973907698, "y:4": 19.496482825406197, "y:5": 14.194686575715583, "y:6": 7.14722491990975}, "26": {"y:0": 10.295813149713387, "y:1": 17.930010013126797, "y:2": 22.885188479466112, "y:3": 24.713788082306547, "y:4": 21.479731902613135, "y:5": 14.412251532569648, "y:6": 7.1964815738158965}}