{"0": {"y:0": 0.20002575597033495, "y:1": 0.20278735879304174, "y:2": 0.1999276802117657, "y:3": 0.2013010706028205, "y:4": 0.19948826804673825, "y:5": 0.19742632592896295, "y:6": 0.1950898984548688, "y:7": 0.20368619718552838, "y:8": 0.1954997401108224, "y:9": 0.19767183780548925, "y:10": 0.4844711503683183}, "1": {"y:0": 0.19996398167222132, "y:1": 0.1939256581390061, "y:2": 0.2025142708583333, "y:3": 0.20005072256918377, "y:4": 0.20013493332707016, "y:5": 0.20228045094669814, "y:6": 0.20134204045430446, "y:7": 0.19649733692525065, "y:8": 0.1996703672906525, "y:9": 0.19819595843787355, "y:10": 0.48410377987524716}, "2": {"y:0": 0.3784409855847551, "y:1": 0.390943300145922, "y:2": 0.37401162324390613, "y:3": 0.36898458726883265, "y:4": 0.3696764635444155, "y:5": 0.39144832031227167, "y:6": 0.3779970237531824, "y:7": 0.388594440516451, "y:8": 0.3657818873637167, "y:9": 0.3418976464301982, "y:10": 0.48524500447796}, "3": {"y:0": 0.5184502874332063, "y:1": 0.5428583752412114, "y:2": 0.49819666359282877, "y:3": 0.5639916319206981, "y:4": 0.5199597290019049, "y:5": 0.5758375378782659, "y:6": 0.559804398004144, "y:7": 0.540115514532835, "y:8": 0.4677013554925362, "y:9": 0.441525789294554, "y:10": 0.48549126585492114}, "4": {"y:0": 0.6072526560825459, "y:1": 0.5955068705787183, "y:2": 0.5444108359632106, "y:3": 0.5938191113221261, "y:4": 0.567024027819457, "y:5": 0.6112024322173034, "y:6": 0.6054222362298033, "y:7": 0.6509599162677852, "y:8": 0.5303345763576262, "y:9": 0.4425371160286422, "y:10": 0.48352263189263783}, "5": {"y:0": 0.5880970854273708, "y:1": 0.6252243410755404, "y:2": 0.5709394403102227, "y:3": 0.6245522308625405, "y:4": 0.5858639654153036, "y:5": 0.6137259335618691, "y:6": 0.6143720161283949, "y:7": 0.6248076643672227, "y:8": 0.5345171842910631, "y:9": 0.45733349095962883, "y:10": 0.4833772008286365}, "6": {"y:0": 0.6250088037442288, "y:1": 0.654774037973094, "y:2": 0.583844661554681, "y:3": 0.6421873410104773, "y:4": 0.6156502352384722, "y:5": 0.6502792381760163, "y:6": 0.6329113074080104, "y:7": 0.6666868340610743, "y:8": 0.5283273217964064, "y:9": 0.4466778068135062, "y:10": 0.4837717085333378}, "7": {"y:0": 0.6385599229598871, "y:1": 0.6594584576210317, "y:2": 0.5971602356088193, "y:3": 0.6551932935586305, "y:4": 0.6212286878627264, "y:5": 0.6618494224571063, "y:6": 0.6546235447866249, "y:7": 0.6885186405285458, "y:8": 0.5486289902035401, "y:9": 0.462392975045688, "y:10": 0.48397758985809647}, "8": {"y:0": 0.6389442611468444, "y:1": 0.669548569950266, "y:2": 0.588327338960617, "y:3": 0.6634247599630335, "y:4": 0.6170150383931824, "y:5": 0.67273392423629, "y:6": 0.6660308427398567, "y:7": 0.6895285947838163, "y:8": 0.5524546575670032, "y:9": 0.46940474249344205, "y:10": 0.4835101117143426}, "9": {"y:0": 0.6335235590642082, "y:1": 0.664932743307332, "y:2": 0.59068125262322, "y:3": 0.6521955387339167, "y:4": 0.6167191305182466, "y:5": 0.6626944750578017, "y:6": 0.6455515163798509, "y:7": 0.6787940158548991, "y:8": 0.5509938031269004, "y:9": 0.45961834064308266, "y:10": 0.48381108429710057}}