{"0": {"y:0": 75.70577681079243, "y:1": 6.45165655463285, "y:2": 4.715214833794731, "y:3": 3.9700284296381474, "y:4": 3.7490234037229486, "y:5": 3.505919829106837, "y:6": 3.280336422376442, "y:7": 3.1542181622228087, "y:8": 3.0871847346996586, "y:9": 2.970236062095069}, "1": {"y:0": 72.47663991270544, "y:1": 6.336721693649239, "y:2": 4.802002925836221, "y:3": 4.214421733114628, "y:4": 3.7676731048528076, "y:5": 3.5288042893385034, "y:6": 3.310858341265684, "y:7": 3.301802565676387, "y:8": 3.266211696148027, "y:9": 3.1279215033893353}, "2": {"y:0": 76.82077093921947, "y:1": 16.406176852997227, "y:2": 12.790319254746388, "y:3": 10.608599766681685, "y:4": 9.508751391039823, "y:5": 8.900320464122677, "y:6": 8.296924058076248, "y:7": 8.123279106468887, "y:8": 7.734566100994056, "y:9": 7.3053040106530975}, "3": {"y:0": 73.92681500446241, "y:1": 12.637810600824007, "y:2": 8.710061546753604, "y:3": 7.291502716653014, "y:4": 6.43705759841717, "y:5": 5.880506492345832, "y:6": 5.459248267212855, "y:7": 5.324652627841174, "y:8": 5.139108249802713, "y:9": 5.042912985903437}, "4": {"y:0": 74.74914178518942, "y:1": 10.82570138647048, "y:2": 9.716891381691687, "y:3": 9.08966748588387, "y:4": 8.720717196362543, "y:5": 8.138021392682571, "y:6": 7.88896772892309, "y:7": 7.561090487091179, "y:8": 7.25468041166193, "y:9": 6.939148595636615}, "5": {"y:0": 75.87510376623366, "y:1": 11.82567978876365, "y:2": 10.72724322425185, "y:3": 9.805061868376564, "y:4": 9.171270610398675, "y:5": 8.556475585946984, "y:6": 7.986233265670303, "y:7": 7.5941969906532565, "y:8": 7.232064393581073, "y:9": 6.849845011897005}, "6": {"y:0": 75.08269127246243, "y:1": 10.892670393271839, "y:2": 10.99942101004473, "y:3": 11.270691855945891, "y:4": 11.167443947971712, "y:5": 11.00191230217588, "y:6": 10.74741454396286, "y:7": 10.101699870124412, "y:8": 9.517574480441398, "y:9": 9.122765302360424}, "7": {"y:0": 73.11520018933169, "y:1": 13.48900873321043, "y:2": 12.789304470749048, "y:3": 13.237909193748173, "y:4": 12.97290486207168, "y:5": 12.328867892500229, "y:6": 11.370843938055938, "y:7": 10.821339690528784, "y:8": 9.955764288251821, "y:9": 9.371686998290935}, "8": {"y:0": 73.37456481733336, "y:1": 18.58941767600494, "y:2": 15.287484010733994, "y:3": 15.57159744481819, "y:4": 15.468580401857562, "y:5": 15.115345582898104, "y:6": 14.430737374149354, "y:7": 13.457070698658201, "y:8": 12.384397934526797, "y:9": 11.541249177439129}, "9": {"y:0": 72.53713031591587, "y:1": 28.430635376128258, "y:2": 23.20931846143755, "y:3": 22.967346161254294, "y:4": 23.77211684706221, "y:5": 22.603379590536267, "y:6": 20.82650946418198, "y:7": 19.007960727929404, "y:8": 16.85188357728823, "y:9": 15.021572352070146}, "10": {"y:0": 73.10209036423055, "y:1": 29.982491468276468, "y:2": 25.116687513150662, "y:3": 26.650610404094174, "y:4": 28.707566881365548, "y:5": 28.292364730628137, "y:6": 25.493980008702607, "y:7": 23.19492201035748, "y:8": 20.193060115820632, "y:9": 17.56182919181222}, "11": {"y:0": 74.55586289432348, "y:1": 37.72216485430446, "y:2": 33.123869109561795, "y:3": 36.14989892725294, "y:4": 38.6525403312154, "y:5": 38.176126134331255, "y:6": 36.453191883705124, "y:7": 31.83116655443348, "y:8": 28.22134235766993, "y:9": 25.30161506534319}, "12": {"y:0": 74.48873464644309, "y:1": 42.485171898412496, "y:2": 37.03610982202713, "y:3": 40.78365353509311, "y:4": 46.50722756347153, "y:5": 46.99178674293707, "y:6": 43.96224341629471, "y:7": 38.54415365010234, "y:8": 34.62495476673256, "y:9": 30.634207017316488}, "13": {"y:0": 73.075788993324, "y:1": 47.362709087528934, "y:2": 42.72127865923866, "y:3": 48.339988723664014, "y:4": 52.7950039254003, "y:5": 54.8722461409318, "y:6": 51.356169859145965, "y:7": 45.38451301296554, "y:8": 41.000443787059034, "y:9": 36.95709866594601}, "14": {"y:0": 75.06413072126561, "y:1": 52.24909300524141, "y:2": 46.88196236979714, "y:3": 50.74704472306105, "y:4": 56.01909850240562, "y:5": 58.68475587671086, "y:6": 55.796263738571824, "y:7": 52.49370932822728, "y:8": 47.05926815020885, "y:9": 44.272326058966804}}