{"0": {"y:0": 0.13900393316516402, "y:1": 0.02196380919462447, "y:2": 0.13415391740760463, "y:3": 0.016015337783108707, "y:4": 0.14495203130856016, "y:5": 0.013924412997061892, "y:6": 0.1479721537408256, "y:7": 0.015217812760173186, "y:8": 0.12898756640026654, "y:9": 0.01554292279218251, "y:10": 0.13565817213192347, "y:11": 0.017716842245014724, "y:12": 0.1320145137787802, "y:13": 0.018007595777169944, "y:14": 0.12518698434553105, "y:15": 0.024942653257683464, "y:16": 0.12923154227684366, "y:17": 0.024501348193171603, "y:18": 0.14818249226219618, "y:19": 0.027946083488788496, "y:20": 0.11904128099159446, "y:21": 0.03661346386566795, "y:22": 0.13257335836481177, "y:23": 0.03591269018867586, "y:24": 0.1562843039320846, "y:25": 0.0316931303110622, "y:26": 0.14851245720854786, "y:27": 0.038139088576041355, "y:28": 0.13395106591535233, "y:29": 0.03930244625880198}}