{"0": {"y:0": 0.000593575509379859, "y:1": 0.0021508781562019088, "y:2": 0.00036030166797660463, "y:3": 0.00025833576680562795, "y:4": 0.01746624942898206, "y:5": 0.0027343625711973283, "y:6": 0.05409809931406363, "y:7": 0.005479448095164567, "y:8": 0.021173374918809412, "y:9": 0.008627924773684003, "y:10": 0.006734043810225651, "y:11": 0.010840483476819549, "y:12": 0.0014964989186453006, "y:13": 0.005190084799602369, "y:14": 0.07521181640949487, "y:15": 0.001752992627183333, "y:16": 0.06438008431144304, "y:17": 0.00591684556910925, "y:18": 0.06605382109994976, "y:19": 0.014457239424494927, "y:20": 0.016699473369743093, "y:21": 0.021910161107956377, "y:22": 0.0037690182603751484, "y:23": 0.01804619677707095, "y:24": 0.00261680540829305, "y:25": 0.001332820276572778, "y:26": 0.0402197562539826, "y:27": 0.0024095613444418767, "y:28": 0.021516995825849216, "y:29": 0.0008674402484033939, "y:30": 0.02871661378900267, "y:31": 0.019276798168374618}, "1": {"y:0": 0.0005933452683806282, "y:1": 0.0021364766175513924, "y:2": 0.0003602828872675984, "y:3": 0.0002564192640022815, "y:4": 0.017174929294886548, "y:5": 0.0026505094547956804, "y:6": 0.05420746932538462, "y:7": 0.005329743171006649, "y:8": 0.02192937096483687, "y:9": 0.009260743325841184, "y:10": 0.006733542856379217, "y:11": 0.011466471393262005, "y:12": 0.0015040856869128344, "y:13": 0.005190446521805519, "y:14": 0.06614382599441292, "y:15": 0.0017608960355500081, "y:16": 0.060811795708531395, "y:17": 0.005987653904136969, "y:18": 0.06528559210416789, "y:19": 0.013780675572691279, "y:20": 0.016872851729649842, "y:21": 0.020884233542398434, "y:22": 0.003799642920042234, "y:23": 0.01690404526283895, "y:24": 0.002635610744732389, "y:25": 0.001323335985711112, "y:26": 0.047789114126657935, "y:27": 0.0023942407060025183, "y:28": 0.021310387702352742, "y:29": 0.000866590386779309, "y:30": 0.02882848771184912, "y:31": 0.019541111973279256}, "2": {"y:0": 0.0005929504985765108, "y:1": 0.002176646134569638, "y:2": 0.00036029671294789215, "y:3": 0.00025732240094097073, "y:4": 0.017160301002189498, "y:5": 0.0027813458461476348, "y:6": 0.05510738996042273, "y:7": 0.00571668953145276, "y:8": 0.021840464436771206, "y:9": 0.010778916893620382, "y:10": 0.006723432117031497, "y:11": 0.013293568612203446, "y:12": 0.0014992611157701448, "y:13": 0.005363269219440182, "y:14": 0.07150749821746347, "y:15": 0.0017746159358817352, "y:16": 0.06375612003803204, "y:17": 0.006174723481979965, "y:18": 0.06856391064705623, "y:19": 0.016158750724850825, "y:20": 0.016400650735924675, "y:21": 0.02528879817825087, "y:22": 0.003792111967493988, "y:23": 0.020739865073520613, "y:24": 0.0026268173131552756, "y:25": 0.0013347106100076828, "y:26": 0.05064035859843297, "y:27": 0.002430877727797595, "y:28": 0.022371881267988024, "y:29": 0.0008687685480475407, "y:30": 0.03052274434684465, "y:31": 0.02225221332397864}, "3": {"y:0": 0.0005932779683060733, "y:1": 0.002296451836316977, "y:2": 0.000360159935760997, "y:3": 0.0002599212951280061, "y:4": 0.01711601483551564, "y:5": 0.0031846798446792043, "y:6": 0.05484087528117, "y:7": 0.00718217242084679, "y:8": 0.021899625632400145, "y:9": 0.014036879742230406, "y:10": 0.006786046561013115, "y:11": 0.014316722723572088, "y:12": 0.0014989421255143694, "y:13": 0.005989770812218719, "y:14": 0.06956546006143938, "y:15": 0.0018140010667787507, "y:16": 0.06294018275935996, "y:17": 0.006618804946711196, "y:18": 0.06791869803019128, "y:19": 0.017559132487741096, "y:20": 0.01708655428410316, "y:21": 0.02343052726512274, "y:22": 0.0037881185886247553, "y:23": 0.021403118485125668, "y:24": 0.002635363318625196, "y:25": 0.001342252767096624, "y:26": 0.047517563329604634, "y:27": 0.002458939631625868, "y:28": 0.021797603455322126, "y:29": 0.000871610285431293, "y:30": 0.030319445875937396, "y:31": 0.024163987670718343}, "4": {"y:0": 0.0005933490582900994, "y:1": 0.0023666057955548077, "y:2": 0.0003602703447891929, "y:3": 0.0002611138542755967, "y:4": 0.01748588422690224, "y:5": 0.003430626975366013, "y:6": 0.0575521753912381, "y:7": 0.009189480772549804, "y:8": 0.02133653041220394, "y:9": 0.023416831306573772, "y:10": 0.0067851932079275685, "y:11": 0.020059175218670188, "y:12": 0.0015019026343891365, "y:13": 0.006927328131971506, "y:14": 0.074950477578889, "y:15": 0.001886563530514787, "y:16": 0.06171828494161612, "y:17": 0.007605707603627618, "y:18": 0.07026284496666013, "y:19": 0.024879152810224223, "y:20": 0.016883662796494635, "y:21": 0.024952546742264558, "y:22": 0.003798380569492054, "y:23": 0.030739596869516595, "y:24": 0.0026251707774941914, "y:25": 0.0013644995360417812, "y:26": 0.048723349481100436, "y:27": 0.0024952322610074717, "y:28": 0.02202460405863184, "y:29": 0.0008781601322349366, "y:30": 0.030796846133791626, "y:31": 0.031076562860304434}, "5": {"y:0": 0.0005937919937971104, "y:1": 0.0023767475080438147, "y:2": 0.00036033290543424173, "y:3": 0.00026148644791790596, "y:4": 0.01769603784178672, "y:5": 0.0034779950264432484, "y:6": 0.05647358299056326, "y:7": 0.009816319446647454, "y:8": 0.022301852414159308, "y:9": 0.02370771931029639, "y:10": 0.006772999249617473, "y:11": 0.022378593322257414, "y:12": 0.0015000527361767096, "y:13": 0.007345471241946168, "y:14": 0.07798914014229773, "y:15": 0.0019173651578450097, "y:16": 0.06367814382718134, "y:17": 0.008092636374254185, "y:18": 0.07171468531299038, "y:19": 0.029509996896699725, "y:20": 0.01676822911980326, "y:21": 0.023977683121169324, "y:22": 0.003784552856798717, "y:23": 0.0313624790045099, "y:24": 0.002625550952989014, "y:25": 0.0013687108940071302, "y:26": 0.05064387799874843, "y:27": 0.0025333997862448453, "y:28": 0.021817992075774704, "y:29": 0.0008798438508089859, "y:30": 0.029089113876751477, "y:31": 0.034833782123323706}, "6": {"y:0": 0.0005932629509790838, "y:1": 0.002372981397661213, "y:2": 0.00036011727497654617, "y:3": 0.0002612904774132068, "y:4": 0.01737659088599577, "y:5": 0.003477782546137251, "y:6": 0.05307929046971242, "y:7": 0.009729517282562066, "y:8": 0.022111584332003432, "y:9": 0.03253255684408397, "y:10": 0.006731305359519418, "y:11": 0.02689914728427173, "y:12": 0.0014997546868822805, "y:13": 0.007254143161481915, "y:14": 0.07398116210390354, "y:15": 0.0019150240219756318, "y:16": 0.05975513570266895, "y:17": 0.00793891449572819, "y:18": 0.0704635940359513, "y:19": 0.03830930957638758, "y:20": 0.016576016621384596, "y:21": 0.03174203026336173, "y:22": 0.0037889106991819675, "y:23": 0.04210184980055554, "y:24": 0.0026296586966245627, "y:25": 0.0013699625595226033, "y:26": 0.04790472808172367, "y:27": 0.0025313801306499984, "y:28": 0.022971183644170227, "y:29": 0.0008798797679474037, "y:30": 0.029926139489923665, "y:31": 0.037529440754336334}, "7": {"y:0": 0.000593462389310609, "y:1": 0.0023779813243454185, "y:2": 0.00036016071616791967, "y:3": 0.0002614403961929959, "y:4": 0.017407188475896073, "y:5": 0.003492051637106436, "y:6": 0.0520761465984541, "y:7": 0.009985122519343397, "y:8": 0.021997243004353764, "y:9": 0.030570162812833417, "y:10": 0.006724149734975783, "y:11": 0.02596289305670715, "y:12": 0.0015012588576307326, "y:13": 0.007380718844879958, "y:14": 0.0711093895258332, "y:15": 0.001923527626792065, "y:16": 0.0632830143490214, "y:17": 0.008122356024262006, "y:18": 0.07258157013018214, "y:19": 0.040193040755986724, "y:20": 0.016903702862231747, "y:21": 0.028751099099400036, "y:22": 0.003804313728382333, "y:23": 0.04168941935246774, "y:24": 0.002628727560161961, "y:25": 0.001374297084009208, "y:26": 0.04874783215014317, "y:27": 0.0025410969955443194, "y:28": 0.021965739103469217, "y:29": 0.000881566177251348, "y:30": 0.029881060302280358, "y:31": 0.04085269660678137}, "8": {"y:0": 0.0005934151762529345, "y:1": 0.002370361464099733, "y:2": 0.00036018921316515113, "y:3": 0.00026127797380740724, "y:4": 0.01753045312135642, "y:5": 0.003489097702244356, "y:6": 0.05338875140419364, "y:7": 0.009813072793715948, "y:8": 0.021860552351716373, "y:9": 0.034136580662225, "y:10": 0.006728629867944032,