{"0": {"y:0": 0.11749167423782324, "y:1": 0.023661647525367008, "y:2": 0.12118631193839474, "y:3": 0.0175642128142176, "y:4": 0.11489387860620653, "y:5": 0.016074771517855198, "y:6": 0.11446667629244399, "y:7": 0.018731008206374064, "y:8": 0.14312097420092762, "y:9": 0.01944148734543712, "y:10": 0.11879367527463658, "y:11": 0.023321858179874425, "y:12": 0.12346770307904086, "y:13": 0.02425081207474923, "y:14": 0.13505646445958527, "y:15": 0.030754769658981374, "y:16": 0.13835289379916407, "y:17": 0.0328524716377838, "y:18": 0.14305597430555436, "y:19": 0.03455895422496176, "y:20": 0.13520040163433714, "y:21": 0.04222694836667518, "y:22": 0.11869770415633496, "y:23": 0.03571203204481265, "y:24": 0.13781947133382189, "y:25": 0.04202717082273013, "y:26": 0.13947514234081013, "y:27": 0.04307464381510435, "y:28": 0.13038523361977936, "y:29": 0.049463646120178395, "y:30": 0.13171551732103, "y:31": 0.05182422456649257}, "1": {"y:0": 0.11360204205589255, "y:1": 0.025590315546592843, "y:2": 0.1373791572750632, "y:3": 0.018455083195439665, "y:4": 0.1356595814135018, "y:5": 0.015483680032385743, "y:6": 0.13849014583642466, "y:7": 0.01477280292746692, "y:8": 0.13168435228239408, "y:9": 0.016006168082995063, "y:10": 0.12711318562308063, "y:11": 0.01842322047340492, "y:12": 0.14442543175304726, "y:13": 0.022844187194022657, "y:14": 0.15466757739885847, "y:15": 0.025575978875006445, "y:16": 0.14039841930408734, "y:17": 0.02867811404165267, "y:18": 0.12735937877077527, "y:19": 0.029371338622179884, "y:20": 0.1414949001329794, "y:21": 0.03313517473394413, "y:22": 0.13224940128905222, "y:23": 0.033906267815041205, "y:24": 0.13391505108582707, "y:25": 0.036583870591878086, "y:26": 0.1375091616778239, "y:27": 0.038346508237531426, "y:28": 0.13729379522019491, "y:29": 0.03637646542811516, "y:30": 0.12282095674528841, "y:31": 0.0408257819930581}, "2": {"y:0": 0.1268302632776945, "y:1": 0.08217202485384371, "y:2": 0.11398336782051813, "y:3": 0.07070920270245042, "y:4": 0.14668223335781344, "y:5": 0.0644816226775928, "y:6": 0.13906237802301666, "y:7": 0.05948204520970634, "y:8": 0.1400537509465288, "y:9": 0.048408648956659306, "y:10": 0.15317008937574095, "y:11": 0.04286706241799211, "y:12": 0.15665961656996522, "y:13": 0.04058090105541179, "y:14": 0.13393342223964627, "y:15": 0.03857238040719764, "y:16": 0.14284257375985185, "y:17": 0.035258624304474684, "y:18": 0.1458127772266764, "y:19": 0.033284810627557254, "y:20": 0.13945504665865543, "y:21": 0.03102987676374914, "y:22": 0.12824544078778327, "y:23": 0.03108598115134122, "y:24": 0.13081997102047033, "y:25": 0.02883726782604765, "y:26": 0.14013122269604592, "y:27": 0.02908808080342163, "y:28": 0.1375608945887375, "y:29": 0.027002271125842518, "y:30": 0.13051776784602281, "y:31": 0.025922630070910464}, "3": {"y:0": 0.11073406539086797, "y:1": 0.07695647983731747, "y:2": 0.12884521694304832, "y:3": 0.0765240367262755, "y:4": 0.12393769301302983, "y:5": 0.0652373445712527, "y:6": 0.12213570983105161, "y:7": 0.06133125537867355, "y:8": 0.1266458972462617, "y:9": 0.053998019528192054, "y:10": 0.129756482185261, "y:11": 0.050411221988193027, "y:12": 0.13397020228142809, "y:13": 0.048135286043193344, "y:14": 0.1286922826486559, "y:15": 0.04931190668161293, "y:16": 0.12242606191391366, "y:17": 0.042474102675957526, "y:18": 0.12579591498373732, "y:19": 0.038885174164009904, "y:20": 0.12366209869063222, "y:21": 0.03615491782556836, "y:22": 0.12371628865928197, "y:23": 0.03570437362934305, "y:24": 0.1252373875382523, "y:25": 0.034196565957310035, "y:26": 0.1291283772022336, "y:27": 0.030673440741154794, "y:28": 0.13184057594690396, "y:29": 0.03048427144793273, "y:30": 0.11942365323557606, "y:31": 0.030336510943049174}, "4": {"y:0": 0.09153019154514115, "y:1": 0.055697099819779085, "y:2": 0.10281366207021354, "y:3": 0.04942547109504915, "y:4": 0.11308517905168611, "y:5": 0.03998944842812355, "y:6": 0.11212033950039546, "y:7": 0.03636606350221918, "y:8": 0.11385044829960876, "y:9": 0.032266572843383315, "y:10": 0.1101378199929174, "y:11": 0.029780411436424653, "y:12": 0.10710019753186463, "y:13": 0.02938972244007284, "y:14": 0.10857975644321388, "y:15": 0.027188328385144882, "y:16": 0.11235833263966707, "y:17": 0.024817839089629326, "y:18": 0.1091925653892936, "y:19": 0.023781553644042774, "y:20": 0.11068509045176157, "y:21": 0.022583178870527496, "y:22": 0.10422065466353886, "y:23": 0.0214011839598409, "y:24": 0.10838806857000234, "y:25": 0.020219375285655868, "y:26": 0.1115510638095126, "y:27": 0.019128358194112974, "y:28": 0.10651964802810979, "y:29": 0.018622709663316514, "y:30": 0.11586396486567163, "y:31": 0.01828005183316532}, "5": {"y:0": 0.055048475596724364, "y:1": 0.018332903098887163, "y:2": 0.06731303846508149, "y:3": 0.013945289663167803, "y:4": 0.07259379279902986, "y:5": 0.013814058097785308, "y:6": 0.07384162700166261, "y:7": 0.014524678008606358, "y:8": 0.07006225094490816, "y:9": 0.015370772888004562, "y:10": 0.07124027909816796, "y:11": 0.017669000985449563, "y:12": 0.0709891333171879, "y:13": 0.019505149600987527, "y:14": 0.07082863963105086, "y:15": 0.02084614232406108, "y:16": 0.07487775279069707, "y:17": 0.023939227708472413, "y:18": 0.07128379456398613, "y:19": 0.025800778553613537, "y:20": 0.07459575065328213, "y:21": 0.030668816082896056, "y:22": 0.06676477352651036, "y:23": 0.03086080739810795, "y:24": 0.06684586065823395, "y:25": 0.03222430564675154, "y:26": 0.062061106230132744, "y:27": 0.03476832462421305, "y:28": 0.06863348688762776, "y:29": 0.03467414151249238, "y:30": 0.06484255126744182, "y:31": 0.03741310420411495}, "6": {"y:0": 0.08091566400305243, "y:1": 0.05661393866135532, "y:2": 0.06959649703270819, "y:3": 0.06955039454619988, "y:4": 0.06396009614179093, "y:5": 0.08355455022649777, "y:6": 0.055669554130805404, "y:7": 0.08626989854292724, "y:8": 0.05628649627495357, "y:9": 0.09650015049980926, "y:10": 0.053847198107514094, "y:11": 0.10050229147738848, "y:12": 0.04837850527481322, "y:13": 0.09570186517207917, "y:14": 0.04334825063771401, "y:15": 0.10752307861913205, "y:16": 0.04026827322825648, "y:17": 0.09722496145528492, "y:18": 0.03761352234152015, "y:19": 0.09747503342628853, "y:20": 0.03714003883509249, "y:21": 0.10389370889541877, "y:22": 0.03274985037524236, "y:23": 0.11344093406365433, "y:24": 0.028950364271747207, "y:25": 0.1047770898778575, "y:26": 0.027742611119926132, "y:27": 0.10169424018556705, "y:28": 0.026283253388724004, "y:29": 0.10933928005994797, "y:30": 0.023621027094879635, "y:31": 0.10986820315343274}, "7": {"y:0": 0.06979034134052485, "y:1": 0.0270680401890132, "y:2": 0.06398094541325132, "y:3": 0.040926263517925957, "y:4": 0.056837188346706105, "y:5": 0.046170578755912316, "y:6": 0.04784985568224842, "y:7": 0.05440921608852937, "y:8": 0.04299808780055902, "y:9": 0.06037274755186466, "y:10": 0.03624582335301853, "y:11": 0.06315094905122134, "y:12": 0.033279031532263546, "y:13": 0.05835705017820824, "y:14": 0.03255087464929986, "y:15": 0.0620755913217731, "y:16": 0.027178080154040225, "y:17": 0.06309209135040555, "y:18": 0.026594023337074283, "y:19": 0.0643450918853748, "y:20": 0.02350175338797945, "y:21": 0.06791285082951648, "y:22": 0.023504412353818237, "y:23": 0.07134799862450414, "y:24": 0.02096247921883157, "y:25": 0.07245098574847775, "y:26": 0.018638556176915327, "y:27": 0.07456703463728868, "y:28": 0.017269389737352266, "y:29": 0.07225915605355175, "y:30": 0.017984987674702205, "y:31": 0.07513023970967427}, "8": {"y:0": 0.039476105085079156, "y:1": 0.027101231153689575, "y:2": 0.034451895715309454, "y:3": 0.018171125318587663, "y:4": 0.033752220953210864, "y:5": 0.015834512280336853, "y:6": 0.03492393226193062, "y:7": 0.015400582203746595, "y:8": 0.031444740785273255, "y:9": 0.016354683203088447, "y:10": 0.028337803487701964, "y:11": 0.01738583400445816, "y:12": 0.03070064998022998, "y:13": 0.018302103284990594, "y:14": 0.028792864661537524, "y:15": 0.019809764516498594, "y:16": 0.027067763288723033, "y:17": 0.02019198891788399, "y:18": 0.02422369462042432,