{"0": {"y:0": 0.0009325878297684191, "y:1": 0.001178922056495318, "y:2": 0.0025760176524834725, "y:3": 0.008166653810017665, "y:4": 0.01522730431015797, "y:5": 0.0022388808333691362, "y:6": 0.06204998791152452, "y:7": 0.004697443648104332, "y:8": 0.030137675045304246, "y:9": 0.007896516658671698, "y:10": 0.02113498653282484, "y:11": 0.011018527774120762, "y:12": 0.002306323548791293, "y:13": 0.011429787340801547, "y:14": 0.018872734040650093, "y:15": 0.0008542321151796911, "y:16": 0.054747646484471106, "y:17": 0.002556186922686606, "y:18": 0.05597307388531525, "y:19": 0.006932062944633459, "y:20": 0.06958453101079992, "y:21": 0.013013651444228457, "y:22": 0.047643167441706206, "y:23": 0.013727206319413321, "y:24": 0.007910823341785871, "y:25": 0.012493588376693041, "y:26": 0.009808083898717037, "y:27": 0.012869028453214196, "y:28": 0.049575434767680074, "y:29": 0.02342700694452838, "y:30": 0.04495704921124861, "y:31": 0.017289399096823366}, "1": {"y:0": 0.0009328448194639906, "y:1": 0.0011690878716098952, "y:2": 0.0025557590722851743, "y:3": 0.007450609332519572, "y:4": 0.015026368361337528, "y:5": 0.0021325059538806865, "y:6": 0.0640126250129203, "y:7": 0.004779932434011055, "y:8": 0.02915893692867301, "y:9": 0.009577105318645678, "y:10": 0.021229276138985273, "y:11": 0.01852023488499293, "y:12": 0.002304179095717983, "y:13": 0.01584987625524525, "y:14": 0.019321532251077408, "y:15": 0.000856652411575747, "y:16": 0.0632985394017122, "y:17": 0.0025972185011470758, "y:18": 0.06266167513774853, "y:19": 0.007142856285990256, "y:20": 0.06742348446434901, "y:21": 0.017957671919983393, "y:22": 0.04902133012419065, "y:23": 0.019263514735304903, "y:24": 0.007853082533288801, "y:25": 0.01577301047319822, "y:26": 0.009608465080383616, "y:27": 0.017061803892190624, "y:28": 0.052174587452586775, "y:29": 0.03127484671425063, "y:30": 0.04302218694578599, "y:31": 0.02485830508353855}, "2": {"y:0": 0.0009333243834114452, "y:1": 0.0010993888702105759, "y:2": 0.0025614235336319903, "y:3": 0.006931991985100618, "y:4": 0.01504333526403924, "y:5": 0.0021200746023135792, "y:6": 0.061884729625323036, "y:7": 0.0050468357895811665, "y:8": 0.03130762175617154, "y:9": 0.01457512445836346, "y:10": 0.02110549178940506, "y:11": 0.032163068322025076, "y:12": 0.002295324588134701, "y:13": 0.02937161033177143, "y:14": 0.020061725597237, "y:15": 0.0008595263225663194, "y:16": 0.0650670734160653, "y:17": 0.0026623355694090005, "y:18": 0.06477676129421182, "y:19": 0.007521462656988324, "y:20": 0.07087874145764737, "y:21": 0.02633096505363791, "y:22": 0.051278298723839634, "y:23": 0.033668606746899046, "y:24": 0.007852068629512338, "y:25": 0.022001829425714877, "y:26": 0.009798143128535589, "y:27": 0.023619499656424736, "y:28": 0.05061093779783246, "y:29": 0.05617787397718665, "y:30": 0.044658283350155176, "y:31": 0.04380793570027114}, "3": {"y:0": 0.0009333138860426957, "y:1": 0.0011234827132694358, "y:2": 0.0025546987977774992, "y:3": 0.007159651264112609, "y:4": 0.014806388183483149, "y:5": 0.0021448674131529255, "y:6": 0.07098331248692798, "y:7": 0.005147840475612225, "y:8": 0.03340681161156771, "y:9": 0.01542566098476238, "y:10": 0.02138333514396282, "y:11": 0.03516710674185125, "y:12": 0.002290853467832194, "y:13": 0.031364833077424145, "y:14": 0.019202733364847395, "y:15": 0.0008608937392871907, "y:16": 0.06528990290091564, "y:17": 0.002662340056287594, "y:18": 0.06885061779207736, "y:19": 0.007636136413649894, "y:20": 0.07366597345235665, "y:21": 0.02831419534244689, "y:22": 0.053529953551973465, "y:23": 0.03259751848410152, "y:24": 0.00781032001142519, "y:25": 0.02261911935368111, "y:26": 0.00981377098837271, "y:27": 0.023727495144755924, "y:28": 0.0492606848396317, "y:29": 0.061681264058065885, "y:30": 0.043721312582464436, "y:31": 0.04746131317360688}, "4": {"y:0": 0.0009329718444997222, "y:1": 0.0011357307091903756, "y:2": 0.0025561208868936374, "y:3": 0.00761099657589848, "y:4": 0.015227892412311747, "y:5": 0.0021499723454662307, "y:6": 0.06727592416521926, "y:7": 0.005141140198511853, "y:8": 0.03236080408479221, "y:9": 0.015468227594826469, "y:10": 0.021384198600387337, "y:11": 0.039578308697309245, "y:12": 0.002302297368957657, "y:13": 0.03346718098949828, "y:14": 0.01904844912152168, "y:15": 0.0008591420505256533, "y:16": 0.06409234164774247, "y:17": 0.0026669767530534093, "y:18": 0.06543159744799017, "y:19": 0.007615915411108542, "y:20": 0.06577501448615983, "y:21": 0.028393322854804736, "y:22": 0.05034141336601692, "y:23": 0.035014033191793775, "y:24": 0.007876746379420313, "y:25": 0.02354684644500834, "y:26": 0.00985319599845383, "y:27": 0.023906083157020797, "y:28": 0.049304968914460436, "y:29": 0.06805448262373177, "y:30": 0.04481975212684564, "y:31": 0.050385111566407084}, "5": {"y:0": 0.0009337781982537128, "y:1": 0.0011695660489918637, "y:2": 0.0025634897530629882, "y:3": 0.00878550495443721, "y:4": 0.015091182155796965, "y:5": 0.0022082515836295558, "y:6": 0.06888324448819187, "y:7": 0.005321220983358349, "y:8": 0.03197435347586702, "y:9": 0.016096164572388365, "y:10": 0.02168088734468513, "y:11": 0.034332044908687215, "y:12": 0.002301022141331643, "y:13": 0.03399957290407908, "y:14": 0.019372399007928878, "y:15": 0.0008607155805202149, "y:16": 0.06512014800674208, "y:17": 0.002673606784559209, "y:18": 0.06895580331865044, "y:19": 0.007647129401904158, "y:20": 0.07059662946853763, "y:21": 0.029521354733002197, "y:22": 0.0545338509779755, "y:23": 0.03372745127795893, "y:24": 0.007921541895899635, "y:25": 0.022733127826836296, "y:26": 0.009806195725236486, "y:27": 0.023640946338650257, "y:28": 0.05176756271691624, "y:29": 0.06607873459160606, "y:30": 0.047778366625800824, "y:31": 0.048304725903120974}, "6": {"y:0": 0.0009331987542530155, "y:1": 0.001171970026917784, "y:2": 0.00255931034687953, "y:3": 0.009185092722359596, "y:4": 0.014949525556032437, "y:5": 0.0022098901923016173, "y:6": 0.069453212097389, "y:7": 0.005306611149540138, "y:8": 0.03217833060489345, "y:9": 0.01656113580760392, "y:10": 0.021546345296212244, "y:11": 0.033401571557245026, "y:12": 0.002299547187853626, "y:13": 0.03360115901407933, "y:14": 0.019357503033260243, "y:15": 0.0008613538815253444, "y:16": 0.06500247265472724, "y:17": 0.0026734404139827682, "y:18": 0.07025651337616788, "y:19": 0.0076604841357283005, "y:20": 0.07234052943217664, "y:21": 0.02954196623466101, "y:22": 0.0546694384414466, "y:23": 0.0339547013308897, "y:24": 0.00786733715371002, "y:25": 0.02255390141646079, "y:26": 0.009871666153975844, "y:27": 0.023899321623648852, "y:28": 0.05146855134034281, "y:29": 0.06629306316103536, "y:30": 0.04595860520684911, "y:31": 0.04762818704987563}, "7": {"y:0": 0.0009328045283249956, "y:1": 0.001192590437266402, "y:2": 0.002561979653639572, "y:3": 0.011281032280803271, "y:4": 0.014982338860206945, "y:5": 0.002293995298642212, "y:6": 0.06983332278681109, "y:7": 0.005642515586938466, "y:8": 0.03222183817707282, "y:9": 0.018857053974931735, "y:10": 0.021599444982364855, "y:11": 0.032785895617094066, "y:12": 0.002298746501375621, "y:13": 0.036006060064121596, "y:14": 0.019344323126299454, "y:15": 0.0008626910625242411, "y:16": 0.06814537986838821, "y:17": 0.0026875217381097153, "y:18": 0.06890337179220453, "y:19": 0.007713182235380855, "y:20": 0.07120625648169648, "y:21": 0.030867209186490836, "y:22": 0.055911545354761186, "y:23": 0.03343318210444791, "y:24": 0.007877846689133423, "y:25": 0.022856389444661746, "y:26": 0.009924075865044802, "y:27": 0.023911052124064087, "y:28": 0.052314272219911716, "y:29": 0.06496243915599222, "y:30": 0.04642311962402269, "y:31": 0.04791644441648625}, "8": {"y:0": 0.0009336390187903004, "y:1": 0.001192238741231584, "y:2": 0.002557435470331402, "y:3": 0.01121461873512224, "y:4": 0.015029693767853671, "y:5": 0.0023011759836570806, "y:6": 0.06787204176449231, "y:7": 0.0056648978173373605, "y:8": 0.0317117587682616, "y:9": 0.01869336459552996, "y:10": 0.021418147309772866, "y:11": 0.031246538929492102, "y:12": 0.002298901356068983, "y:13": 0.03456741174784206,