{"0": {"y:0": 0.11404777098276013, "y:1": 0.040646448863853955, "y:2": 0.13154563169478675, "y:3": 0.02808086265095546, "y:4": 0.13310816636153544, "y:5": 0.021779234130671475, "y:6": 0.1419173731080855, "y:7": 0.017886172205667374, "y:8": 0.1354634025114034, "y:9": 0.01600754079877353, "y:10": 0.13061092333179672, "y:11": 0.0159882866085, "y:12": 0.1296424589147095, "y:13": 0.0158940154579917, "y:14": 0.14543659707124737, "y:15": 0.016020347891726894, "y:16": 0.15068991039684013, "y:17": 0.018001501219340372, "y:18": 0.12770346767735968, "y:19": 0.016467512399021604, "y:20": 0.1353783756954198, "y:21": 0.019587271353149836, "y:22": 0.1413038247208789, "y:23": 0.024132147787580247, "y:24": 0.14881920357214093, "y:25": 0.02453703166221869, "y:26": 0.15359657655661904, "y:27": 0.027127370090707315, "y:28": 0.1473132028836274, "y:29": 0.028174669443654397, "y:30": 0.13786905519644457, "y:31": 0.025990634536690562}, "1": {"y:0": 0.12888402342946806, "y:1": 0.02583569968039153, "y:2": 0.1214635178218737, "y:3": 0.019173581731081458, "y:4": 0.14161709885276605, "y:5": 0.015205575482915281, "y:6": 0.1295118357092296, "y:7": 0.015276818510805522, "y:8": 0.13392672352605034, "y:9": 0.017403320975674593, "y:10": 0.13478233655943989, "y:11": 0.02013954056004326, "y:12": 0.1343609878190328, "y:13": 0.023556442421302913, "y:14": 0.1307642187711229, "y:15": 0.03044192029181859, "y:16": 0.1278871816831827, "y:17": 0.028993337509108954, "y:18": 0.14128302586944141, "y:19": 0.03212672678528052, "y:20": 0.12434263656899795, "y:21": 0.03487004619176592, "y:22": 0.14036719859839936, "y:23": 0.035289287426299464, "y:24": 0.13812219269832793, "y:25": 0.04630536821566354, "y:26": 0.13228188399162147, "y:27": 0.04655354023758198, "y:28": 0.13762620955077462, "y:29": 0.04635331110905429, "y:30": 0.12890989540189962, "y:31": 0.0491651130045055}, "2": {"y:0": 0.12490334911991081, "y:1": 0.04736619403036823, "y:2": 0.13485375193273652, "y:3": 0.030515413303690682, "y:4": 0.13160861665813972, "y:5": 0.024482584651410094, "y:6": 0.1457555102936435, "y:7": 0.02154808150594431, "y:8": 0.14355360286038268, "y:9": 0.020480968010318103, "y:10": 0.14544275129233641, "y:11": 0.020532546581662856, "y:12": 0.15581980112125282, "y:13": 0.02259344843899317, "y:14": 0.148752121454492, "y:15": 0.025472836324634627, "y:16": 0.14220857523676672, "y:17": 0.026728285768922718, "y:18": 0.15776697486952176, "y:19": 0.031220435275292543, "y:20": 0.1569180927519677, "y:21": 0.034995311751442215, "y:22": 0.14403801365178262, "y:23": 0.036104484034733875, "y:24": 0.1388263801607689, "y:25": 0.039772215666554624, "y:26": 0.13522657209429043, "y:27": 0.04421098084311654, "y:28": 0.1467198669742083, "y:29": 0.045483275025170626, "y:30": 0.13982811290746297, "y:31": 0.04879226922370643}, "3": {"y:0": 0.12461327899282348, "y:1": 0.046146156110415754, "y:2": 0.13801608365084855, "y:3": 0.031336651917541966, "y:4": 0.14382342979415397, "y:5": 0.02703575092694851, "y:6": 0.13480424814618314, "y:7": 0.024044851994983997, "y:8": 0.1410821488436158, "y:9": 0.02490237365083477, "y:10": 0.1337722711501227, "y:11": 0.02823381399328522, "y:12": 0.1336897466064363, "y:13": 0.03248988861961737, "y:14": 0.14261136243798125, "y:15": 0.03685958501127514, "y:16": 0.14173630411085406, "y:17": 0.040784201227818714, "y:18": 0.14020358350388, "y:19": 0.05003783580831734, "y:20": 0.1435532958996435, "y:21": 0.05486189866033655, "y:22": 0.1467446016812628, "y:23": 0.058424302843717524, "y:24": 0.13331791960213943, "y:25": 0.06144579745272835, "y:26": 0.13438207717581593, "y:27": 0.07159262004176839, "y:28": 0.13227488554865582, "y:29": 0.07132751108199513, "y:30": 0.13719987751656287, "y:31": 0.08140669118457411}, "4": {"y:0": 0.11404022826693294, "y:1": 0.054248189037902905, "y:2": 0.12668494255385648, "y:3": 0.03643734063918318, "y:4": 0.13567276536156814, "y:5": 0.030275121971858613, "y:6": 0.14052965963779787, "y:7": 0.027813725391784665, "y:8": 0.13570782985252733, "y:9": 0.028384215387712623, "y:10": 0.14140945914157674, "y:11": 0.029335706013598608, "y:12": 0.13830677792836363, "y:13": 0.03437199949283698, "y:14": 0.13676961489005995, "y:15": 0.03748841983472599, "y:16": 0.1367360305251353, "y:17": 0.0443467555505794, "y:18": 0.14316172308197256, "y:19": 0.04682218720328327, "y:20": 0.13424090675534606, "y:21": 0.05458824170318821, "y:22": 0.13176526031229913, "y:23": 0.059549596508336695, "y:24": 0.1420495869157423, "y:25": 0.06673874986614993, "y:26": 0.14088600470378548, "y:27": 0.07056058306383595, "y:28": 0.14121632576802376, "y:29": 0.07442741648078811, "y:30": 0.13039042365247483, "y:31": 0.07995321696575299}, "5": {"y:0": 0.11146846529700605, "y:1": 0.05794763371968176, "y:2": 0.11909433542864253, "y:3": 0.042166883490109074, "y:4": 0.12843699316634952, "y:5": 0.03781532468349128, "y:6": 0.13496915398126288, "y:7": 0.03503095407129173, "y:8": 0.13494612695009664, "y:9": 0.03552406829033975, "y:10": 0.13592158111939334, "y:11": 0.038561420628160384, "y:12": 0.13413650471068245, "y:13": 0.04307875288911422, "y:14": 0.1350525737277964, "y:15": 0.04754389321099565, "y:16": 0.13865440685714053, "y:17": 0.0524042256602766, "y:18": 0.1460277355372736, "y:19": 0.056783244613333526, "y:20": 0.13574458064051956, "y:21": 0.06635794148315093, "y:22": 0.1414189457570184, "y:23": 0.07338382643665613, "y:24": 0.1344590542441221, "y:25": 0.08254830763464474, "y:26": 0.13876512102321556, "y:27": 0.08866553351040132, "y:28": 0.1352509533720204, "y:29": 0.0906143037853614, "y:30": 0.13270294115067877, "y:31": 0.09830460719436919}, "6": {"y:0": 0.08937213605120799, "y:1": 0.0401423786407908, "y:2": 0.1164822999752534, "y:3": 0.02979844667563787, "y:4": 0.12807354470770316, "y:5": 0.028271875214310235, "y:6": 0.13556306285617767, "y:7": 0.02820346091646341, "y:8": 0.12401679592232125, "y:9": 0.02867278877816293, "y:10": 0.13204406632010623, "y:11": 0.029999356845794124, "y:12": 0.13993685504789097, "y:13": 0.03377291380106502, "y:14": 0.1410861711007989, "y:15": 0.03839361505007579, "y:16": 0.12989981189290584, "y:17": 0.04450297392425736, "y:18": 0.13230018307684052, "y:19": 0.051059396107567226, "y:20": 0.12655429416921693, "y:21": 0.05665605627310124, "y:22": 0.13452773745875996, "y:23": 0.06356989363012126, "y:24": 0.13523775065875906, "y:25": 0.067866997476304, "y:26": 0.1376920800859981, "y:27": 0.07751112570022979, "y:28": 0.13706550297241155, "y:29": 0.08334148237865262, "y:30": 0.13756290990742243, "y:31": 0.08594048260167371}, "7": {"y:0": 0.07748118237321777, "y:1": 0.022373402315557327, "y:2": 0.10929280452883139, "y:3": 0.018523770407708213, "y:4": 0.12218732063672709, "y:5": 0.021087160081010106, "y:6": 0.13422667169928978, "y:7": 0.02217072020905864, "y:8": 0.12930891797850244, "y:9": 0.024726856060880438, "y:10": 0.13135093757731442, "y:11": 0.028081281829631485, "y:12": 0.13178179132393636, "y:13": 0.032442123274668964, "y:14": 0.13009474286062786, "y:15": 0.03698286358406376, "y:16": 0.133406697789816, "y:17": 0.04456248797971703, "y:18": 0.13054704740862003, "y:19": 0.054782575104541736, "y:20": 0.13138998226032597, "y:21": 0.06338871886185121, "y:22": 0.1330202210965617, "y:23": 0.06528052442968961, "y:24": 0.13640293410348656, "y:25": 0.075953761105295, "y:26": 0.13471132222834326, "y:27": 0.0781044665174211, "y:28": 0.13541358737166959, "y:29": 0.08919518187140618, "y:30": 0.13633145676516042, "y:31": 0.09187850324789773}, "8": {"y:0": 0.028345915017744652, "y:1": 0.005475130024295833, "y:2": 0.08136071894954129, "y:3": 0.005629495713965226, "y:4": 0.1079325553356154, "y:5": 0.008747163636389535, "y:6": 0.10562317134484739, "y:7": 0.011583347505447499, "y:8": 0.0981573545391432, "y:9": 0.014121373087523318, "y:10": 0.11105236190239044, "y:11": 0.018972643633086234, "y:12": 0.12110537917653881, "y:13": 0.024950566371218525, "y:14": 0.11901459213356146, "y:15": 0.03469948873115206, "y:16": 0.11240979238804155, "y:17": 0.04449825280772423, "y:18": 0.11994324340136664, "y:19": 0.04986535805465189,