{"0": {"y:0": 0.13086397876053824, "y:1": 0.027172810991547988, "y:2": 0.11780407418357586, "y:3": 0.01756390612793047, "y:4": 0.12545421185670536, "y:5": 0.014810154349022338, "y:6": 0.13533992283537105, "y:7": 0.015051926883499466, "y:8": 0.11752870926831659, "y:9": 0.017452971027698355, "y:10": 0.14240132770044622, "y:11": 0.018403296962664087, "y:12": 0.11998338039499575, "y:13": 0.022348738827472736, "y:14": 0.1274620363304148, "y:15": 0.02232974753322747, "y:16": 0.13030702398339233, "y:17": 0.02841571467298736, "y:18": 0.13061138839986303, "y:19": 0.03296135345956357, "y:20": 0.12707141215349319, "y:21": 0.0375187775730669, "y:22": 0.10934142429167046, "y:23": 0.03431744055093865, "y:24": 0.11844010618864674, "y:25": 0.03696677319172771, "y:26": 0.12930594927066613, "y:27": 0.04288867571042297, "y:28": 0.14278159376799088, "y:29": 0.04195139127351895, "y:30": 0.11991436292743603, "y:31": 0.042937651841012406}}