{"0": {"y:0": 34.87792546182051, "y:1": 2.9907724831014284, "y:2": 2.2206099062574345, "y:3": 1.6794966771097692, "y:4": 1.5538983985688755, "y:5": 1.471770960564611, "y:6": 1.3378113737017896, "y:7": 1.3354649685252171, "y:8": 1.2856797115480005, "y:9": 1.2822894746321751}, "1": {"y:0": 37.45976838340278, "y:1": 2.9553214122692344, "y:2": 2.240417209176088, "y:3": 1.69688147351861, "y:4": 1.5679418204020314, "y:5": 1.481562143890144, "y:6": 1.3663592015863577, "y:7": 1.3673757321398798, "y:8": 1.321773173313307, "y:9": 1.2985691831272363}, "2": {"y:0": 37.10460022856159, "y:1": 4.606628781240821, "y:2": 3.4685714183768726, "y:3": 2.571217899092699, "y:4": 2.3956819369249667, "y:5": 2.287532123402109, "y:6": 2.089969392081191, "y:7": 2.096855447317043, "y:8": 1.9847357592435801, "y:9": 2.0140386173994744}, "3": {"y:0": 38.31979145633738, "y:1": 5.008114445991224, "y:2": 4.005807290234206, "y:3": 3.259569233864741, "y:4": 3.065971136731776, "y:5": 2.901731890654016, "y:6": 2.7126523008265795, "y:7": 2.7442121972003104, "y:8": 2.6212389028022414, "y:9": 2.633687147581693}, "4": {"y:0": 37.43723074639075, "y:1": 5.798531380947599, "y:2": 5.344630080412309, "y:3": 4.753297557960361, "y:4": 4.52279857948149, "y:5": 4.345556677081501, "y:6": 3.964138027002169, "y:7": 3.9173566913282505, "y:8": 3.671738050595528, "y:9": 3.6637740046478147}, "5": {"y:0": 38.54956810241761, "y:1": 6.408708090219281, "y:2": 6.417091199064711, "y:3": 5.8469164723769795, "y:4": 5.900795627199455, "y:5": 5.6401168513258515, "y:6": 5.057311204626119, "y:7": 4.941838774969159, "y:8": 4.501615602262127, "y:9": 4.36078386774589}, "6": {"y:0": 36.6521379063279, "y:1": 8.44384584037475, "y:2": 8.455856829636511, "y:3": 7.235375207427398, "y:4": 7.775738840203238, "y:5": 7.589770285136352, "y:6": 6.871908347325041, "y:7": 6.659648576937955, "y:8": 5.965694444896541, "y:9": 5.434165839405547}, "7": {"y:0": 37.24024784422945, "y:1": 10.691344174875429, "y:2": 11.040879893005325, "y:3": 9.491050497658428, "y:4": 11.559442506311314, "y:5": 11.538366611271925, "y:6": 10.387942739525641, "y:7": 9.146014564270585, "y:8": 8.107482996297097, "y:9": 6.543414587001593}, "8": {"y:0": 36.116134398229875, "y:1": 13.042870331256356, "y:2": 13.07768189793083, "y:3": 12.11175171933742, "y:4": 15.751009126624236, "y:5": 16.365200949346907, "y:6": 14.161427832927176, "y:7": 12.16896446281463, "y:8": 10.594760174868822, "y:9": 8.674857725165293}, "9": {"y:0": 36.6400549581893, "y:1": 16.67252066207187, "y:2": 16.166754291922512, "y:3": 16.331092726573047, "y:4": 20.273385574566227, "y:5": 20.63312892855795, "y:6": 19.04821851891201, "y:7": 15.71445746799699, "y:8": 13.958376488966543, "y:9": 12.240925216085662}, "10": {"y:0": 38.244644426913574, "y:1": 19.074920645396272, "y:2": 18.91179192207212, "y:3": 18.383581087251343, "y:4": 24.540596205158458, "y:5": 23.631952555576135, "y:6": 21.5441126174687, "y:7": 20.18410169446624, "y:8": 17.87517624156388, "y:9": 15.838264063141414}, "11": {"y:0": 37.9798839370543, "y:1": 21.64108369310054, "y:2": 19.81053956114208, "y:3": 21.119190635519033, "y:4": 27.672568185787824, "y:5": 26.821604366988257, "y:6": 23.577465236354627, "y:7": 23.94886012049983, "y:8": 21.839211218097642, "y:9": 20.004361607325702}, "12": {"y:0": 38.25633917416063, "y:1": 23.085342285779927, "y:2": 20.653871138589636, "y:3": 22.07278683434923, "y:4": 28.59283513337703, "y:5": 28.209079487799293, "y:6": 25.28630229465507, "y:7": 26.28751693819297, "y:8": 24.326126121943382, "y:9": 22.378487683757044}, "13": {"y:0": 36.71612109186413, "y:1": 24.618337097428952, "y:2": 21.22999719872269, "y:3": 23.528638788602816, "y:4": 30.707394924616185, "y:5": 29.499973450320223, "y:6": 26.671495193310587, "y:7": 28.685832075687856, "y:8": 26.162271952106437, "y:9": 25.646355945935053}, "14": {"y:0": 37.30781771571953, "y:1": 24.70746885142546, "y:2": 20.945289297007065, "y:3": 24.353968269879907, "y:4": 31.853234646358658, "y:5": 30.057458151735922, "y:6": 27.733840802469057, "y:7": 30.221358533130303, "y:8": 27.501228360921463, "y:9": 27.367695087596896}, "15": {"y:0": 36.92309494242138, "y:1": 25.624484120402467, "y:2": 21.76485191601341, "y:3": 24.950648456555072, "y:4": 32.6640045954418, "y:5": 30.690342842490633, "y:6": 28.003981776088473, "y:7": 30.634275430095496, "y:8": 28.199189351510906, "y:9": 28.330671273362974}, "16": {"y:0": 37.01495390426281, "y:1": 25.59235791030901, "y:2": 22.04461544759847, "y:3": 25.140977323788295, "y:4": 32.286715101030104, "y:5": 30.67316893264635, "y:6": 27.93272153924999, "y:7": 30.908917903851865, "y:8": 28.36989495949939, "y:9": 28.88749494170789}}