{"0": {"y:0": 35.70551538031027, "y:1": 2.7639996945956344, "y:2": 2.1066428996939717, "y:3": 1.5883935225766095, "y:4": 1.4792110794594333, "y:5": 1.4174861466762516, "y:6": 1.3076107282479268, "y:7": 1.3139418856094005, "y:8": 1.2666139651216064, "y:9": 1.2480747496878162}, "1": {"y:0": 37.7452648256712, "y:1": 3.032009432955406, "y:2": 2.2429900210665212, "y:3": 1.7066664085833338, "y:4": 1.5626008720476594, "y:5": 1.4629027066270621, "y:6": 1.3424884312845868, "y:7": 1.348023077560969, "y:8": 1.303364471210463, "y:9": 1.28755016977248}, "2": {"y:0": 75.97670986120698, "y:1": 16.51900641931827, "y:2": 12.268694157865076, "y:3": 10.240769817244365, "y:4": 9.140330716960069, "y:5": 8.408778571470775, "y:6": 7.882517513178244, "y:7": 7.249278522446607, "y:8": 6.950759617300645, "y:9": 6.651601574841998}, "3": {"y:0": 35.754250714391276, "y:1": 4.510513101541359, "y:2": 3.737992397103773, "y:3": 2.9904628104045785, "y:4": 2.8886681894466544, "y:5": 2.7797831889980458, "y:6": 2.608550936328733, "y:7": 2.6335159911462247, "y:8": 2.5169811103306414, "y:9": 2.5160847901907406}, "4": {"y:0": 36.83500655373039, "y:1": 5.57191565910498, "y:2": 5.563196109811541, "y:3": 4.703213997736364, "y:4": 4.586234702007551, "y:5": 4.327373048095129, "y:6": 3.9282040095326938, "y:7": 3.8950739393665406, "y:8": 3.6839676823176117, "y:9": 3.6313936873480737}, "5": {"y:0": 37.433598174758416, "y:1": 5.920925730348739, "y:2": 6.105514472341402, "y:3": 5.709848989690344, "y:4": 5.747441845024264, "y:5": 5.454789658414773, "y:6": 4.811667872592127, "y:7": 4.758152683031652, "y:8": 4.365410150531671, "y:9": 4.262916083830362}, "6": {"y:0": 35.56939996807227, "y:1": 8.563780698366495, "y:2": 8.41377780852846, "y:3": 7.222848006530407, "y:4": 7.812451194432053, "y:5": 7.534604833822006, "y:6": 6.881988818903302, "y:7": 6.426890866383944, "y:8": 5.906339489543073, "y:9": 5.297121635721621}, "7": {"y:0": 38.025721903088524, "y:1": 10.591990375191946, "y:2": 10.884359468657768, "y:3": 9.119550511964256, "y:4": 11.064238879485014, "y:5": 11.308673652484883, "y:6": 10.317365469167186, "y:7": 8.97053618939702, "y:8": 8.123856427188711, "y:9": 6.626177379073882}, "8": {"y:0": 38.127793285349604, "y:1": 12.953722149764019, "y:2": 12.551380419674127, "y:3": 12.111074789345368, "y:4": 14.73017115172258, "y:5": 14.97366700980762, "y:6": 13.359129642766504, "y:7": 11.550757838963253, "y:8": 10.069939972878164, "y:9": 8.567975489495502}, "9": {"y:0": 38.3765574434924, "y:1": 15.166105772523236, "y:2": 15.199300206071518, "y:3": 15.073029163185502, "y:4": 18.954781965721775, "y:5": 19.994925837683933, "y:6": 17.497004474676032, "y:7": 16.06691498917361, "y:8": 14.126248700545478, "y:9": 11.876830080479596}, "10": {"y:0": 36.922780577858525, "y:1": 18.51723078267744, "y:2": 18.66032993712383, "y:3": 18.316396782965008, "y:4": 24.401861333180076, "y:5": 24.34357137537451, "y:6": 22.130118582190985, "y:7": 20.5780219883492, "y:8": 18.70937646103928, "y:9": 16.092877467374496}, "11": {"y:0": 35.311565258489566, "y:1": 20.539213058369022, "y:2": 19.081411603686032, "y:3": 20.192067959719857, "y:4": 25.824855138764242, "y:5": 27.343793875002937, "y:6": 23.896552714290184, "y:7": 24.09915353530836, "y:8": 22.571504988120783, "y:9": 20.46907494663028}, "12": {"y:0": 37.08948730299702, "y:1": 23.101506771116988, "y:2": 20.419079582845846, "y:3": 22.46295395953384, "y:4": 28.80238809417683, "y:5": 28.06329038984792, "y:6": 25.620800276992416, "y:7": 27.3240027561519, "y:8": 24.741240126268014, "y:9": 23.59822417317684}, "13": {"y:0": 37.16938787637744, "y:1": 23.358015972470017, "y:2": 20.688082039673912, "y:3": 22.333435656147987, "y:4": 28.842280219107945, "y:5": 28.872909222696695, "y:6": 26.583301983752225, "y:7": 28.410888782706746, "y:8": 26.157051150147023, "y:9": 25.518285303810945}, "14": {"y:0": 36.14430165527671, "y:1": 24.79626180098614, "y:2": 21.35865415550375, "y:3": 24.050143537265786, "y:4": 31.577961264430236, "y:5": 29.959500325162693, "y:6": 26.352223249622497, "y:7": 29.396426940592573, "y:8": 26.53608690904209, "y:9": 25.682269006516876}, "15": {"y:0": 37.302194421831246, "y:1": 26.440291594413644, "y:2": 22.13197785881471, "y:3": 25.64035131029837, "y:4": 31.7382450029206, "y:5": 29.85040649382795, "y:6": 28.280229098942325, "y:7": 29.80492428102515, "y:8": 28.353189425076778, "y:9": 27.719136695028396}, "16": {"y:0": 36.939151902404774, "y:1": 23.159836478824783, "y:2": 21.133199913323416, "y:3": 22.11318504542756, "y:4": 28.637370256465893, "y:5": 29.23267843336634, "y:6": 26.37873455870882, "y:7": 31.1764474517063, "y:8": 28.65358272117427, "y:9": 29.19756723244913}}