{"0": {"y:0": 0.3852560099850481, "y:1": 0.38597740618197, "y:2": 0.38752860104335973, "y:3": 0.392155303733144, "y:4": 0.3853107568639852, "y:5": 0.38735336887386035, "y:6": 0.3949504737106889, "y:7": 0.3928375420939148, "y:8": 0.39116140932387916, "y:9": 0.39192894953666907}}