{"0": {"y:0": 0.20859600054101754, "y:1": 0.20685201676678938, "y:2": 0.20837854154095084, "y:3": 0.21046017039509146, "y:4": 0.2093853449487664, "y:5": 0.2097273988081082, "y:6": 0.2090853236104322, "y:7": 0.21022059745303753, "y:8": 0.21019440030895764, "y:9": 0.21128544281629125}, "1": {"y:0": 0.2103335473750781, "y:1": 0.210129103804162, "y:2": 0.2099137041723099, "y:3": 0.20935561994268553, "y:4": 0.2105533878884142, "y:5": 0.21173224989957268, "y:6": 0.21019688955552995, "y:7": 0.21228379910465778, "y:8": 0.208572153320835, "y:9": 0.21287416387666366}, "2": {"y:0": 0.43589427815828374, "y:1": 0.4464994178452679, "y:2": 0.4454085218647554, "y:3": 0.4480096234856077, "y:4": 0.4472380412311529, "y:5": 0.44119895095863404, "y:6": 0.4437615131823606, "y:7": 0.4438334901645425, "y:8": 0.4450452125630459, "y:9": 0.44519506754632904}, "3": {"y:0": 0.8910039503827234, "y:1": 0.8988257860436409, "y:2": 0.9063640994937927, "y:3": 0.8939131281780359, "y:4": 0.9098270514814003, "y:5": 0.8965248812744433, "y:6": 0.8865234247813265, "y:7": 0.893163921493041, "y:8": 0.8970632636780477, "y:9": 0.906875855974673}, "4": {"y:0": 1.663956173289888, "y:1": 1.7212618947122464, "y:2": 1.746672444460249, "y:3": 1.641979834952103, "y:4": 1.7352885775463132, "y:5": 1.7272343118705296, "y:6": 1.6500704395523074, "y:7": 1.7272267138521409, "y:8": 1.6239544202440503, "y:9": 1.7029976346551408}, "5": {"y:0": 2.6032302081736742, "y:1": 2.633547282921094, "y:2": 2.553804597813299, "y:3": 2.513011088001371, "y:4": 2.8016516646312546, "y:5": 2.472185103439779, "y:6": 2.6275218405303025, "y:7": 2.494737200905853, "y:8": 2.3412737945362916, "y:9": 2.645507865380737}, "6": {"y:0": 2.7583733399547965, "y:1": 2.8070684597804707, "y:2": 2.9363851910476346, "y:3": 2.8016892917601206, "y:4": 3.1706386678819483, "y:5": 2.962505963330485, "y:6": 3.0931900302743767, "y:7": 2.820916708901144, "y:8": 2.6282801337628467, "y:9": 3.0805566641810933}, "7": {"y:0": 2.9295200460755133, "y:1": 2.8701028855051742, "y:2": 3.094425071515265, "y:3": 2.8372758532588405, "y:4": 3.186121621742519, "y:5": 3.074932414049196, "y:6": 3.159393097822458, "y:7": 3.0027076195111664, "y:8": 2.7104776599233307, "y:9": 3.201035549871737}, "8": {"y:0": 3.0056549294382875, "y:1": 2.979697817056423, "y:2": 3.1801396906606407, "y:3": 3.0354775941817222, "y:4": 3.37173062843761, "y:5": 3.099764692646108, "y:6": 3.3107426328799447, "y:7": 3.047792171839242, "y:8": 2.8252637410011587, "y:9": 3.320621156476381}, "9": {"y:0": 2.9392001300848283, "y:1": 2.941935183963512, "y:2": 3.2199320449519866, "y:3": 3.1033715433943723, "y:4": 3.3919349966310475, "y:5": 3.0724991384367457, "y:6": 3.382174185911598, "y:7": 3.1283955775880092, "y:8": 2.901866968092544, "y:9": 3.2963919087837574}, "10": {"y:0": 3.0277309871743148, "y:1": 2.998110038128968, "y:2": 3.223520545879122, "y:3": 3.034663658485318, "y:4": 3.3639026587793452, "y:5": 3.1434912117332425, "y:6": 3.335967120764481, "y:7": 3.1118306707285583, "y:8": 2.863404535204196, "y:9": 3.338099808502509}, "11": {"y:0": 3.006299325838202, "y:1": 2.9956197266115576, "y:2": 3.282605801288984, "y:3": 3.0586203229121285, "y:4": 3.4327333968899256, "y:5": 3.1517323807622977, "y:6": 3.4140043824805772, "y:7": 3.12594557124593, "y:8": 2.9066624458875854, "y:9": 3.36316599305172}}