{"0": {"y:0": 0.41552722623721783, "y:1": 0.4184392390241815, "y:2": 0.4053116074554351, "y:3": 0.41958186065180014, "y:4": 0.4259782420688014, "y:5": 0.41907906053876737, "y:6": 0.41481751615104434, "y:7": 0.4178018379285628, "y:8": 0.4229725258981783, "y:9": 0.4228406998324322}}