{"0": {"y:0": 73.45076072608379, "y:1": 8.348088844766009, "y:2": 5.941563142649719, "y:3": 5.000358266504289, "y:4": 4.597247655790861, "y:5": 4.153407210419858, "y:6": 4.257641323735535, "y:7": 3.9152498940595173, "y:8": 3.819954081963511, "y:9": 3.6991318027784823}}