{"0": {"y:0": 0.12002608494340916, "y:1": 0.030917568426564217, "y:2": 0.14052149054090426, "y:3": 0.021949579557061873, "y:4": 0.14272016024398873, "y:5": 0.018180156504793876, "y:6": 0.13896100250209997, "y:7": 0.016790247901250128, "y:8": 0.12927205614258883, "y:9": 0.01650403833917472, "y:10": 0.1277604649900923, "y:11": 0.01925290177559449, "y:12": 0.13327500908333323, "y:13": 0.019831072411845688, "y:14": 0.14192972108439417, "y:15": 0.0237280400722456, "y:16": 0.13939656594658634, "y:17": 0.026643779224173436, "y:18": 0.14498022171738278, "y:19": 0.030680236068850043, "y:20": 0.14185597784502071, "y:21": 0.031977193813025356, "y:22": 0.13784900246760654, "y:23": 0.03549213812452011, "y:24": 0.15395392022719287, "y:25": 0.03778042042236717, "y:26": 0.13046322125332546, "y:27": 0.033859292079403594, "y:28": 0.16710775110874085, "y:29": 0.04599247408152254, "y:30": 0.13000069016259222, "y:31": 0.05013996450443836}}