{"0": {"y:0": 0.12434538377673804, "y:1": 0.01934170127579763, "y:2": 0.1214890418774228, "y:3": 0.01599042441541599, "y:4": 0.1317874610430986, "y:5": 0.01539162222678953, "y:6": 0.10921829735244074, "y:7": 0.018282295035567563, "y:8": 0.11682940331506349, "y:9": 0.024866537637986446, "y:10": 0.14530560894412392, "y:11": 0.029150169650396417, "y:12": 0.14106921891798227, "y:13": 0.028396104229953922, "y:14": 0.12058010902061041, "y:15": 0.0337716127219602, "y:16": 0.13180700466127773, "y:17": 0.0330063129386594, "y:18": 0.11320686278382835, "y:19": 0.03485791946379963, "y:20": 0.127702140197443, "y:21": 0.04387365675544451, "y:22": 0.1272627154404812, "y:23": 0.041201386297943725, "y:24": 0.12592852060948764, "y:25": 0.03698584332522913, "y:26": 0.10922068594535743, "y:27": 0.040249570847128706, "y:28": 0.1300473031584371, "y:29": 0.04295420198214409, "y:30": 0.12661758952800245, "y:31": 0.04755665332327138}}