{"0": {"y:0": 76.39031656682621, "y:1": 7.05047174757067, "y:2": 5.144150882378526, "y:3": 4.266919349595661, "y:4": 4.071229361660287, "y:5": 3.669532090101467, "y:6": 3.513760094412009, "y:7": 3.269463310336832, "y:8": 3.1714197423951664, "y:9": 3.1102710151562682}}