{"0": {"y:0": 0.15746957588026625, "y:1": 0.14152328971517536, "y:2": 0.03526676890212614, "y:3": 0.03543075751902919, "y:4": 0.02147368867960469, "y:5": 0.023146245666060737, "y:6": 0.017518253939621403, "y:7": 0.020092290020763758, "y:8": 0.015509176332582269, "y:9": 0.01912780264020334, "y:10": 0.014239313754533252, "y:11": 0.018815040105853678, "y:12": 0.013385043567444405, "y:13": 0.018812476686105972, "y:14": 0.012547504632412183, "y:15": 0.01895511002972442, "y:16": 0.01181418609255943, "y:17": 0.01906239700102797, "y:18": 0.011149523187455317, "y:19": 0.019204850229852265, "y:20": 0.01058180843321569, "y:21": 0.01937851761725307, "y:22": 0.009958652858983588, "y:23": 0.01941473615428405, "y:24": 0.009339316422841127, "y:25": 0.019216684880820657, "y:26": 0.00873570377279175, "y:27": 0.01904121053506553, "y:28": 0.008136613026057447, "y:29": 0.018593348876452344, "y:30": 0.007542722779347383, "y:31": 0.018053263275147374, "y:32": 0.006986426336057097, "y:33": 0.01730970290612524, "y:34": 0.006500964875380097, "y:35": 0.016174237584214168, "y:36": 0.006029044700831054, "y:37": 0.014779322055385014, "y:38": 0.005636529885232769, "y:39": 0.013127521208408861, "y:40": 0.005294175968443886, "y:41": 0.011490874181858669, "y:42": 0.005037314461449491, "y:43": 0.009813006029936655, "y:44": 0.004881289999392872, "y:45": 0.008210940381595882, "y:46": 0.004774907446650548, "y:47": 0.006906117532507699, "y:48": 0.004730464105181084, "y:49": 0.005779731360177379, "y:50": 0.004633220090107364, "y:51": 0.004973123748460134, "y:52": 0.004445117945104044, "y:53": 0.004465613711825026, "y:54": 0.004194707447943561, "y:55": 0.004180285744880215, "y:56": 0.003923978378717007, "y:57": 0.004019858232335256, "y:58": 0.003654251257025806, "y:59": 0.0039365626251251255, "y:60": 0.0034188508559691104, "y:61": 0.003893477664832586, "y:62": 0.003252475325677163, "y:63": 0.003855918982031443, "y:64": 0.0031875734139632603, "y:65": 0.0037734275367292355, "y:66": 0.0032477205435204977, "y:67": 0.0035651234509487054, "y:68": 0.0033954370249806146, "y:69": 0.0032235164685071407, "y:70": 0.0034926096600661396, "y:71": 0.0029048679386486993, "y:72": 0.0034603630652633175, "y:73": 0.002717423403178318, "y:74": 0.003363385816080431, "y:75": 0.0026538925807515043, "y:76": 0.0032778371867670706, "y:77": 0.0026517908220796164, "y:78": 0.0032406473878039154, "y:79": 0.002669830688218426, "y:80": 0.003223294669159907, "y:81": 0.002681768315940264, "y:82": 0.0032085533115189407, "y:83": 0.0026758824613538693, "y:84": 0.003162143542907688, "y:85": 0.00267055606318412, "y:86": 0.00309127254066515, "y:87": 0.0026735070765441012, "y:88": 0.0030089085133160765, "y:89": 0.002702622976895648, "y:90": 0.002918971818404095, "y:91": 0.0027396182770237218, "y:92": 0.002816292924291131, "y:93": 0.0027818912326228983, "y:94": 0.002720288332810543, "y:95": 0.0028300968097388184, "y:96": 0.0026291318364632934, "y:97": 0.0028777293349013457, "y:98": 0.0025465800471072917, "y:99": 0.002917529421989017, "y:100": 0.0024772752978783432, "y:101": 0.0029548848025134277, "y:102": 0.0024098902305618886, "y:103": 0.0029653683130919446, "y:104": 0.0023476642118628872, "y:105": 0.002977364783110428, "y:106": 0.0022918972924872265, "y:107": 0.002985887728887173, "y:108": 0.0022596958885683634, "y:109": 0.0029963041095192825, "y:110": 0.0022465445397135304, "y:111": 0.0029794035468645045, "y:112": 0.0022592020053966507, "y:113": 0.0029147352985066906, "y:114": 0.0022754044930464903, "y:115": 0.0027942194418994768, "y:116": 0.0022698895537472783, "y:117": 0.0026680277696758395, "y:118": 0.002244083717048612, "y:119": 0.002596185462729894, "y:120": 0.0022309565911626124, "y:121": 0.0025699072453706957, "y:122": 0.002245964219033574, "y:123": 0.0025547420702113238, "y:124": 0.0023095927305270846, "y:125": 0.0025239490928122017, "y:126": 0.002407814679432563, "y:127": 0.0024524043716223276, "y:128": 0.002541127283153571, "y:129": 0.002328383325363301, "y:130": 0.0026354582490918203, "y:131": 0.0022216554215353642, "y:132": 0.0027051117447388327, "y:133": 0.002135021585768691, "y:134": 0.0027389130573291765, "y:135": 0.002086976981989233, "y:136": 0.0027441718642975147, "y:137": 0.0020751194487500036, "y:138": 0.0027464320984117246, "y:139": 0.0020795732264830284, "y:140": 0.002777135608342852, "y:141": 0.0020934523950872433, "y:142": 0.002848257292745311, "y:143": 0.002110492702375667, "y:144": 0.003000224830391826, "y:145": 0.002113504363606879, "y:146": 0.00327140856649153, "y:147": 0.0020938109985717953, "y:148": 0.003649134671373752, "y:149": 0.0020590883816191748, "y:150": 0.004132921936683264, "y:151": 0.0020102714822499445, "y:152": 0.00466643317929021, "y:153": 0.0019669869431239895, "y:154": 0.005179438928101103, "y:155": 0.0019337648404364448, "y:156": 0.005606879274599125, "y:157": 0.0019203173696020614, "y:158": 0.005946202462921869, "y:159": 0.0019243060711716187, "y:160": 0.006274895368189758, "y:161": 0.001937538875005293, "y:162": 0.00655390596859519, "y:163": 0.0019620905069854862, "y:164": 0.006796573688054005, "y:165": 0.0019924619676254035, "y:166": 0.007018006039402192, "y:167": 0.002030998840668758, "y:168": 0.007232620040321176, "y:169": 0.0020642747116250506, "y:170": 0.007422600956643489, "y:171": 0.002101909947827143, "y:172": 0.007517283760750818, "y:173": 0.002140000814939753, "y:174": 0.0075994002960141005, "y:175": 0.0021741512267775633, "y:176": 0.007651005166148548, "y:177": 0.0022074517205220557, "y:178": 0.0075974171688198595, "y:179": 0.002247202463061088, "y:180": 0.007501733118367424, "y:181": 0.0022886389378804837, "y:182": 0.007358463544478526, "y:183": 0.0023283043204827608, "y:184": 0.007177808716172403, "y:185": 0.002366691004201077, "y:186": 0.006943493944644993, "y:187": 0.002412715895477033, "y:188": 0.006654787014179662, "y:189": 0.00245338346719581, "y:190": 0.006435031461936075, "y:191": 0.002493929140640915, "y:192": 0.0063535811938857795, "y:193": 0.0025367309476485266, "y:194": 0.006397171779692829, "y:195": 0.0025732575176270656, "y:196": 0.0065072616924476325, "y:197": 0.002594753922921331, "y:198": 0.006386360009365626, "y:199": 0.002623129562102274, "y:200": 0.006181255275328696, "y:201": 0.0026652821394208973, "y:202": 0.005944471642187686, "y:203": 0.002717090489260731, "y:204": 0.005700104801647054, "y:205": 0.00277370158503931, "y:206": 0.005457542139189964, "y:207": 0.002832379131069397, "y:208": 0.00522087744108694, "y:209": 0.0028943939456262304, "y:210": 0.0049895751516116854, "y:211": 0.002959431195202674, "y:212": 0.004761048143953169, "y:213": 0.0030323525652182913, "y:214": 0.004577940578497103, "y:215": 0.0030988924370554875, "y:216": 0.004389377057394964, "y:217": 0.0031653838671199487, "y:218": 0.004237549755456078, "y:219": 0.003225985829468664, "y:220": 0.004090614541127441, "y:221": 0.003283262132425611, "y:222": 0.003955314975934499, "y:223": 0.0033378386308682414, "y:224": 0.0038217298480014562, "y:225": 0.0033880945163330864, "y:226": 0.0036814768376822256, "y:227": 0.0034389001592021067, "y:228": 0.0035413141401010395, "y:229": 0.003489925743646139, "y:230": 0.00338886699225257, "y:231": 0.0035521767138970077, "y:232": 0.003246797543471927, "y:233": 0.0036207011336591727, "y:234": 0.0030967004841841446, "y:235": 0.003696220789924137, "y:236": 0.002953534847764349, "y:237": 0.003788691129988092, "y:238": 0.0028230634737721684, "y:239": 0.0038739911217489298, "y:240": 0.0026940112260685585, "y:241": 0.003957100797637719, "y:242": 0.002576302004862254, "y:243": 0.004042437872300238, "y:244": 0.002457590515929959, "y:245": 0.004116957526181431, "y:246": 0.002352834708305578, "y:247": 0.004177983213938168, "y:248": 0.0022575048073960324, "y:249": 0.004233683855962203, "y:250": 0.0021756515371604856, "y:251": 0.00424271601636234, "y:252": 0.002099473245851929, "y:253": 0.004178847049736099, "y:254": 0.0020356375357238952, "y:255": 0.00404152677901212, "y:256": 0.0019736976326384433, "y:257": 0.003839626525402273, "y:258": 0.0018972882869153504,