{"0": {"y:0": 0.11769690126704577, "y:1": 0.025763339971555395, "y:2": 0.12748903131941317, "y:3": 0.019439593283288783, "y:4": 0.1460064782409471, "y:5": 0.015178622981757919, "y:6": 0.15020565670049013, "y:7": 0.015756664723566408, "y:8": 0.12451793279171142, "y:9": 0.02022183084652169, "y:10": 0.17347214632523092, "y:11": 0.021331039140785487, "y:12": 0.12872194953316593, "y:13": 0.025925605000000858, "y:14": 0.15068944068402534, "y:15": 0.03180285062963666, "y:16": 0.14530452331475419, "y:17": 0.03756768958213932, "y:18": 0.140321576708274, "y:19": 0.0428389165874983, "y:20": 0.15856530933016844, "y:21": 0.042440764296226, "y:22": 0.15938090313573705, "y:23": 0.04155619344855164, "y:24": 0.14955872267979478, "y:25": 0.0438403119288623, "y:26": 0.14203954031306054, "y:27": 0.046768452363506546, "y:28": 0.1487438891587761, "y:29": 0.052491057665562196, "y:30": 0.15653699506295937, "y:31": 0.04820789854524647}, "1": {"y:0": 0.11053585673044009, "y:1": 0.029269445081449897, "y:2": 0.1414404404385676, "y:3": 0.019160069071911326, "y:4": 0.13636514149738138, "y:5": 0.01590282119728902, "y:6": 0.1469543867008352, "y:7": 0.015632604515787983, "y:8": 0.14675672410839022, "y:9": 0.017099217392756796, "y:10": 0.13215684763599622, "y:11": 0.019614094859672995, "y:12": 0.13920763653116916, "y:13": 0.024463643016774735, "y:14": 0.14478528268292842, "y:15": 0.026478787881918653, "y:16": 0.12810689012020635, "y:17": 0.03259139339567845, "y:18": 0.14054450076075278, "y:19": 0.03337623455630645, "y:20": 0.13071016441467048, "y:21": 0.036359434632390164, "y:22": 0.1416592145435154, "y:23": 0.04049907289720716, "y:24": 0.13893968955577687, "y:25": 0.037585124225848296, "y:26": 0.13404465288068793, "y:27": 0.04397224433563091, "y:28": 0.12881094143500976, "y:29": 0.04401820096758477, "y:30": 0.13899459577524367, "y:31": 0.044417274521281566}, "2": {"y:0": 0.11506802568166233, "y:1": 0.04677263539843747, "y:2": 0.13144238156630225, "y:3": 0.03574144002330734, "y:4": 0.1270033188072549, "y:5": 0.028699648690307073, "y:6": 0.13599004892412025, "y:7": 0.024135241727003005, "y:8": 0.13834283530814515, "y:9": 0.021179308219131533, "y:10": 0.12996305938678582, "y:11": 0.020012612272417955, "y:12": 0.14520873862094164, "y:13": 0.01790963633922272, "y:14": 0.12396721264277491, "y:15": 0.01756926281032838, "y:16": 0.13784623737091123, "y:17": 0.017718557209080648, "y:18": 0.1412034031879992, "y:19": 0.01773671840244034, "y:20": 0.14387459382834955, "y:21": 0.01840087060031382, "y:22": 0.12835555863881737, "y:23": 0.019198727673477668, "y:24": 0.12847649334926936, "y:25": 0.021064462987445645, "y:26": 0.12190387384647827, "y:27": 0.020535625886042016, "y:28": 0.14131796195269256, "y:29": 0.022559980054369478, "y:30": 0.14044212467524078, "y:31": 0.023955758936074177}, "3": {"y:0": 0.11025207308403993, "y:1": 0.04159165019127644, "y:2": 0.11591604380996193, "y:3": 0.03373258045549972, "y:4": 0.12072129590555307, "y:5": 0.027923902247191542, "y:6": 0.13046894146166277, "y:7": 0.024630877128206382, "y:8": 0.1294724402687722, "y:9": 0.021585197900518133, "y:10": 0.11556102530481947, "y:11": 0.01978946258692582, "y:12": 0.12924939191026405, "y:13": 0.017802535309134223, "y:14": 0.13609941749554655, "y:15": 0.016556418956512685, "y:16": 0.11453989998652263, "y:17": 0.016276072984055652, "y:18": 0.12153672576145183, "y:19": 0.016570899687651405, "y:20": 0.12375613155755445, "y:21": 0.01683458143753067, "y:22": 0.11739432857212477, "y:23": 0.017597847187685218, "y:24": 0.12371786092734405, "y:25": 0.018169207800959854, "y:26": 0.12447766129853707, "y:27": 0.01947325079004502, "y:28": 0.11478803599006035, "y:29": 0.020661105012308004, "y:30": 0.110946210923975, "y:31": 0.021330389339060334}, "4": {"y:0": 0.06953719668260898, "y:1": 0.017425957371299695, "y:2": 0.07871177703321723, "y:3": 0.014834008889530457, "y:4": 0.08085380703827201, "y:5": 0.01660365757041945, "y:6": 0.08708669686918993, "y:7": 0.019237527005947164, "y:8": 0.0750906602494965, "y:9": 0.023390235129141873, "y:10": 0.08109812209816229, "y:11": 0.028737351600258008, "y:12": 0.08579177417984644, "y:13": 0.033082161980321746, "y:14": 0.07774146798131819, "y:15": 0.0368890600464604, "y:16": 0.08202183031436056, "y:17": 0.04107249673022604, "y:18": 0.08531760785209529, "y:19": 0.04052486039764452, "y:20": 0.08293021450800854, "y:21": 0.043931447693008115, "y:22": 0.07927296091308134, "y:23": 0.04715548331736278, "y:24": 0.07899702307996517, "y:25": 0.04809614555077017, "y:26": 0.07634268461919679, "y:27": 0.04790958004731793, "y:28": 0.07625375128089772, "y:29": 0.0516805295724067, "y:30": 0.0720116931360585, "y:31": 0.05351390229727656}, "5": {"y:0": 0.0663308398412729, "y:1": 0.04481860434482574, "y:2": 0.05496467599051954, "y:3": 0.06821165308334201, "y:4": 0.053695259884008216, "y:5": 0.09716026212045119, "y:6": 0.04803960485699346, "y:7": 0.09070047468891851, "y:8": 0.04385970278808609, "y:9": 0.09361034838407625, "y:10": 0.044092919666392213, "y:11": 0.09509697235448182, "y:12": 0.04074023430661426, "y:13": 0.09356995118008962, "y:14": 0.04117624859133575, "y:15": 0.10267125179623836, "y:16": 0.03550983994291091, "y:17": 0.09733605242379423, "y:18": 0.03841088051946548, "y:19": 0.0994473801973094, "y:20": 0.03539511372009005, "y:21": 0.09779605640922935, "y:22": 0.032729628458370845, "y:23": 0.1070233530388821, "y:24": 0.0313404765685584, "y:25": 0.1045848318141418, "y:26": 0.030749059910852243, "y:27": 0.11359774982310784, "y:28": 0.027479632896027048, "y:29": 0.11349708391336182, "y:30": 0.026565433545464628, "y:31": 0.1183023148555989}, "6": {"y:0": 0.07250244793282307, "y:1": 0.03645629084212082, "y:2": 0.05884924458096078, "y:3": 0.04864410640709243, "y:4": 0.051159197423626734, "y:5": 0.059367440230945395, "y:6": 0.05030154050650275, "y:7": 0.06492194020809873, "y:8": 0.04329776429266808, "y:9": 0.06629458279587523, "y:10": 0.0406837159571542, "y:11": 0.0719066211233516, "y:12": 0.036062692671780854, "y:13": 0.07341487625311273, "y:14": 0.03143211062056421, "y:15": 0.07143901014957567, "y:16": 0.029228065929247603, "y:17": 0.0765049658241102, "y:18": 0.028101155475817655, "y:19": 0.07499962112906554, "y:20": 0.025939154876547108, "y:21": 0.08248506898446555, "y:22": 0.023384769326934087, "y:23": 0.08104463831872943, "y:24": 0.020402667106614984, "y:25": 0.08221354221906708, "y:26": 0.019479289138126493, "y:27": 0.0859767059498258, "y:28": 0.017796568206126788, "y:29": 0.09386270858886155, "y:30": 0.016787908685732555, "y:31": 0.08652141961883254}, "7": {"y:0": 0.037178256376803866, "y:1": 0.022129614292279894, "y:2": 0.03353415650633979, "y:3": 0.01543986356458912, "y:4": 0.034312691041986206, "y:5": 0.016518212610819812, "y:6": 0.03126952573480126, "y:7": 0.017097304606088586, "y:8": 0.03252263995541014, "y:9": 0.01839495222411935, "y:10": 0.027721644061416157, "y:11": 0.020297420856250633, "y:12": 0.02815907078198779, "y:13": 0.020138597439370066, "y:14": 0.026409584479130496, "y:15": 0.020239558182011654, "y:16": 0.02596567699055883, "y:17": 0.022690057064262567, "y:18": 0.025488983926251794, "y:19": 0.024380200362748534, "y:20": 0.028498159743639815, "y:21": 0.026025282088443343, "y:22": 0.023715861278605463, "y:23": 0.030603328307628973, "y:24": 0.02513065555522927, "y:25": 0.03455856376200614, "y:26": 0.02703844674296139, "y:27": 0.03454300554835422, "y:28": 0.027688701251697975, "y:29": 0.0372992769326308, "y:30": 0.028515544395002243, "y:31": 0.04013995032073966}, "8": {"y:0": 0.0357190510675326, "y:1": 0.03164853907381866, "y:2": 0.03147642391978305, "y:3": 0.021842253818940817, "y:4": 0.030339286180363845, "y:5": 0.01781637112150331, "y:6": 0.03455294090939702, "y:7": 0.019011941087708678, "y:8": 0.03210111083830774, "y:9": 0.01939666621035597, "y:10": 0.028279938771150835, "y:11": 0.01925390413482527, "y:12": 0.032387478697877684, "y:13": 0.018884997956782928, "y:14": 0.03120209836903486, "y:15": 0.01971020376387965, "y:16": 0.030112164256320437, "y:17": 0.01868217040771219,