{"0": {"y:0": 0.21403793087139084, "y:1": 0.20130742657067524, "y:2": 0.20900183450605891, "y:3": 0.20180353997011702, "y:4": 0.20420413802263712, "y:5": 0.21012730133368826, "y:6": 0.2063717361009005, "y:7": 0.21159903010064854, "y:8": 0.2091275748064877, "y:9": 0.20314998030024134, "y:10": 6.2224168413850345}, "1": {"y:0": 0.19788238419968524, "y:1": 0.19648047783695965, "y:2": 0.19972583375884784, "y:3": 0.1994898314443503, "y:4": 0.19666859274967585, "y:5": 0.20642398737481152, "y:6": 0.20336191436921813, "y:7": 0.19940868058630595, "y:8": 0.20038989101621416, "y:9": 0.20206001463581177, "y:10": 6.354636462849851}, "2": {"y:0": 0.3256828447978028, "y:1": 0.35861707439814994, "y:2": 0.35367069719511796, "y:3": 0.3661870071598175, "y:4": 0.3277897825500774, "y:5": 0.366730220908585, "y:6": 0.35380845921578774, "y:7": 0.3565188388576454, "y:8": 0.3468798825977589, "y:9": 0.35081768882098835, "y:10": 6.467065624685579}, "3": {"y:0": 0.41624534916414413, "y:1": 0.46594800366949407, "y:2": 0.4844024332089946, "y:3": 0.5247436033724018, "y:4": 0.3942352116251818, "y:5": 0.5134296951368191, "y:6": 0.4595108776895704, "y:7": 0.5192920669599079, "y:8": 0.49051422195138283, "y:9": 0.5105312614447257, "y:10": 6.714261709764937}, "4": {"y:0": 0.44730912185456045, "y:1": 0.5591987422473643, "y:2": 0.5783287088290354, "y:3": 0.6056650988396529, "y:4": 0.44748052411428746, "y:5": 0.6181939530941291, "y:6": 0.5436830470852909, "y:7": 0.6156464069331462, "y:8": 0.6022623531118036, "y:9": 0.6139890800776185, "y:10": 6.321577273634532}, "5": {"y:0": 0.46537585664545694, "y:1": 0.5700811947409082, "y:2": 0.5869592909195884, "y:3": 0.6421193248556633, "y:4": 0.44072966935833363, "y:5": 0.6438389116906125, "y:6": 0.5425550238920344, "y:7": 0.632796508544608, "y:8": 0.6373424552651163, "y:9": 0.6351070073578644, "y:10": 6.463315597024719}, "6": {"y:0": 0.4685896307715358, "y:1": 0.5769343050384647, "y:2": 0.6040576401563819, "y:3": 0.6599558815684263, "y:4": 0.4466976709487893, "y:5": 0.6521246705728353, "y:6": 0.5496386143669981, "y:7": 0.6519369399627875, "y:8": 0.6400449483821171, "y:9": 0.6691727798028526, "y:10": 6.319328406530377}, "7": {"y:0": 0.4717541505606988, "y:1": 0.5838770299620962, "y:2": 0.6079170870756998, "y:3": 0.6661304687838225, "y:4": 0.4477068928899183, "y:5": 0.6686720525036122, "y:6": 0.5526894743049063, "y:7": 0.6708224638410786, "y:8": 0.6537049958354868, "y:9": 0.6620232043963741, "y:10": 6.447922447416739}, "8": {"y:0": 0.4771850151151314, "y:1": 0.592721578559783, "y:2": 0.6211454825635306, "y:3": 0.6828542587302551, "y:4": 0.45328892865808673, "y:5": 0.6792066179163565, "y:6": 0.5667924380291254, "y:7": 0.6842713095425995, "y:8": 0.6584112005093803, "y:9": 0.6904602511837246, "y:10": 6.432878154386249}, "9": {"y:0": 0.4791881388279924, "y:1": 0.5841146967088952, "y:2": 0.6217171549362507, "y:3": 0.6776026747291758, "y:4": 0.4478322188379388, "y:5": 0.6680560464121748, "y:6": 0.5598632581842506, "y:7": 0.6712394581010264, "y:8": 0.6627307623925952, "y:9": 0.682065833209727, "y:10": 6.4340145213373745}}