{"0": {"y:0": 0.41548500647178704, "y:1": 0.39516381412165597, "y:2": 0.42948132673663264, "y:3": 0.4090669592005618, "y:4": 0.40179484308241276, "y:5": 0.4069771469145246, "y:6": 0.3983431028584574, "y:7": 0.42051548419514045, "y:8": 0.39332071666906426, "y:9": 0.4034672950147204, "y:10": 15.054773764850362}}