{"14": {"y:0": 0.0, "y:1": 0.0, "y:2": 0.0004668710737840548, "y:3": 0.0004784206068982062, "y:4": 0.0008656789346706043, "y:5": 0.001624018791635251, "y:6": 0.0010362933460695582, "y:7": 0.001327343678747831, "y:8": 0.001017699749417647, "y:9": 0.0011313707885481031, "y:10": 0.0007368193592742174, "y:11": 0.0012360884682049015, "y:12": 0.001084622834762126, "y:13": 0.0014911583921380983, "y:14": 0.0010833759150502842, "y:15": 0.0012370038931959438, "y:16": 0.0012802952297479614, "y:17": 0.0012592320642910552, "y:18": 0.0010538168286506168, "y:19": 0.0026397232746164347, "y:20": 0.0010872900416964057, "y:21": 0.0030524091689095277, "y:22": 0.0015811943684348824, "y:23": 0.0013894950971819289, "y:24": 0.003374802419739804, "y:25": 0.002108831460000884, "y:26": 0.0013706849772190948, "y:27": 0.0017947850221002321, "y:28": 0.001995492933796041, "y:29": 0.0018948755140754529, "y:30": 0.002454145529052686, "y:31": 0.002222233348690603, "y:32": 0.00188413674434562, "y:33": 0.0009086048542558719, "y:34": 0.0011364869331376773, "y:35": 0.0010988524816665055, "y:36": 0.0030193522193688975, "y:37": 0.0018463535996144941, "y:38": 0.0006394022183807719, "y:39": 0.0012092540678936786, "y:40": 0.004736258102302405, "y:41": 0.0015850549243559527, "y:42": 0.0027495693256934842, "y:43": 0.0020251202120297263, "y:44": 0.0017893916893277936, "y:45": 0.0029586088495990254, "y:46": 0.001271475645050147, "y:47": 0.002348920777941214, "y:48": 0.001965412912393283, "y:49": 0.0044933640184530235, "y:50": 0.006225586611204245, "y:51": 0.005744500077774062, "y:52": 0.00599593931522208, "y:53": 0.0024814013348205244, "y:54": 0.001990408721365124, "y:55": 0.004552807930377399, "y:56": 0.005590891880390714, "y:57": 0.006201446840549129, "y:58": 0.008847149275999984, "y:59": 0.0050023250193126576, "y:60": 0.007151739443099149, "y:61": 0.01601448024638575, "y:62": 0.003908544109429958, "y:63": 0.012287336447838755, "y:64": 0.006848971892032013, "y:65": 0.0072291233703464155, "y:66": 0.007974366219505813, "y:67": 0.009446862604665015, "y:68": 0.007665836212384524, "y:69": 0.005405082710462779, "y:70": 0.0038246152805945744, "y:71": 0.004441152160268268, "y:72": 0.005061241901812373, "y:73": 0.001045909574392738, "y:74": 0.00784428396095064, "y:75": 0.001858958240934435, "y:76": 0.004494562783821387, "y:77": 0.0038422960824958255, "y:78": 0.003814644456070501, "y:79": 0.005232296944777589, "y:80": 0.004700320307169762, "y:81": 0.00589133631805515, "y:82": 0.002421502284073001, "y:83": 0.005175450779791889, "y:84": 0.00854457236204208, "y:85": 0.006330235068074848, "y:86": 0.007147646604733017, "y:87": 0.0010761662901850344, "y:88": 0.005124278152685506, "y:89": 0.003116053619813913, "y:90": 0.009587443836179774, "y:91": 0.005107592861101632, "y:92": 0.010505920706928445, "y:93": 0.00321999625888483, "y:94": 0.00729951417786013, "y:95": 0.00782394257115219, "y:96": 0.00937195821460137, "y:97": 0.012502276984931032, "y:98": 0.002123046267081054, "y:99": 0.003863216037657875, "y:100": 0.008549636387322635, "y:101": 0.012937195258216527, "y:102": 0.013421602833102843, "y:103": 0.00840538021454384, "y:104": 0.007654386539227196, "y:105": 0.005280003640126658, "y:106": 0.010446319790699848, "y:107": 0.007053414286243821, "y:108": 0.009250161242618543, "y:109": 0.011544433384309822, "y:110": 0.004368004384807387, "y:111": 0.009178168536846849, "y:112": 0.011340852948385964, "y:113": 0.007694529822032768, "y:114": 0.01299609390160014, "y:115": 0.005939177086194599, "y:116": 0.013170362941772573, "y:117": 0.00633694903691855, "y:118": 0.007466015615962518, "y:119": 0.010357232452225354, "y:120": 0.010636299609772977, "y:121": 0.016785527637963274, "y:122": 0.010207487624262964, "y:123": 0.004321572106748425, "y:124": 0.014701546337483313, "y:125": 0.004032322277691227, "y:126": 0.004138443071759961, "y:127": 0.010864216686067437, "y:128": 0.008785539684494869, "y:129": 0.023493332920387498, "y:130": 0.00867671203838269, "y:131": 0.006951456757145952, "y:132": 0.01505842540310533, "y:133": 0.006823573369785003, "y:134": 0.00804784838895343, "y:135": 0.010409777030447829, "y:136": 0.008510314983943277, "y:137": 0.007334252417539478, "y:138": 0.0048588384400806385, "y:139": 0.013284556845107392, "y:140": 0.013032794537574546, "y:141": 0.006874752444409547, "y:142": 0.013441188953525605, "y:143": 0.01269800378500312, "y:144": 0.012135164864070697, "y:145": 0.018341108671485466, "y:146": 0.00984286876843708, "y:147": 0.013759460927317795, "y:148": 0.0035755000066813774, "y:149": 0.0064608164833409205, "y:150": 0.019287298531400248, "y:151": 0.010483618521390846, "y:152": 0.009349767111794034, "y:153": 0.005174572042300951, "y:154": 0.009679794903430055, "y:155": 0.013714019716049736, "y:156": 0.004966634891673341, "y:157": 0.016879094243614803, "y:158": 0.004588243174455341, "y:159": 0.009842673038553719, "y:160": 0.007034684950310199, "y:161": 0.006508769557252373, "y:162": 0.008482352259343158, "y:163": 0.006553364326852813, "y:164": 0.006436090864021706, "y:165": 0.013809131550018523, "y:166": 0.0072291484252513, "y:167": 0.01603683208344235, "y:168": 0.011243633695294764, "y:169": 0.0074373000731025405, "y:170": 0.009755580812907562, "y:171": 0.012343404926943422, "y:172": 0.011533042842631024, "y:173": 0.01849340512055634, "y:174": 0.0035162356399425815, "y:175": 0.008886475220721925, "y:176": 0.005082628467153336, "y:177": 0.009864340792543457, "y:178": 0.003912511201820024, "y:179": 0.014556215760056463, "y:180": 0.007379673707431045, "y:181": 0.011918302224626628, "y:182": 0.0074585863937541436, "y:183": 0.034474190950065674, "y:184": 0.004694701666157622, "y:185": 0.01191381533182878, "y:186": 0.001178470634306227, "y:187": 0.013477316626117028, "y:188": 0.0012022066997916263, "y:189": 0.009498392925091265, "y:190": 0.004431587881925922, "y:191": 0.0047516801220625375, "y:192": 0.005139889885311028, "y:193": 0.004840154944290221, "y:194": 0.005562448308900439, "y:195": 0.023815972221509808, "y:196": 0.005214778261642632, "y:197": 0.013149475005859014, "y:198": 0.00611246019675769, "y:199": 0.01860020767713044, "y:200": 0.002989490642971214, "y:201": 0.011333694432421382, "y:202": 0.006240047080725463, "y:203": 0.015817294902806617, "y:204": 0.006791630394672976, "y:205": 0.017195899436721597, "y:206": 0.004824639878638905, "y:207": 0.014390597426476219, "y:208": 0.003642994421789421, "y:209": 0.02241171967055537, "y:210": 0.002834211058991485, "y:211": 0.015175753741611644, "y:212": 0.009629344152292139, "y:213": 0.0062739221941277715, "y:214": 0.012887781445104203, "y:215": 0.016901310803998724, "y:216": 0.005298324879824546, "y:217": 0.015615205991960045, "y:218": 0.0006442191794057007, "y:219": 0.01494066751370045, "y:220": 0.0027243844312628018, "y:221": 0.016388574051919208, "y:222": 0.0017446431053116482, "y:223": 0.011530142051648123, "y:224": 0.0023298784222077883, "y:225": 0.00587157976636343, "y:226": 0.003294597379192009, "y:227": 0.008627576028055516, "y:228": 0.0038096230948042697, "y:229": 0.009801726296775252, "y:230": 0.009250137233686881, "y:231": 0.008226046154621252, "y:232": 0.011435775846135369, "y:233": 0.011294693901571732, "y:234": 0.005002285732404223, "y:235": 0.007137998800716822, "y:236": 0.002663718113308703, "y:237": 0.005904848962604729, "y:238": 0.005234142787403579, "y:239": 0.011567005385115911, "y:240": 0.0037297868518731394, "y:241": 0.01741256449691308, "y:242": 0.0012808855564196624, "y:243": 0.015324363198168826, "y:244": 0.0007255224797206761, "y:245": 0.011919812036982183, "y:246": 0.0018402888523800201, "y:247": 0.009539111669848591, "y:248": 0.00340934261421977, "y:249": 0.0057412127520305445, "y:250": 0.0011759288995276504, "y:251": 0.017161235234576244, "y:252": 0.00824214033282145, "y:253": 0.0072668450737736175, "y:254": 0.0015008284960029731, "y:255": 0.006969820242074637, "y:256": 0.0046615230929981264, "y:257": 0.0036283274744821777, "y:258": 0.004328870745359974, "y:259": 0.014562337664283307, "y:260": 0.004438664969257268,