{"0": {"y:0": 0.13685473319389188, "y:1": 0.03034662966759435, "y:2": 0.11697349539053542, "y:3": 0.019206146605469293, "y:4": 0.1250286046834419, "y:5": 0.01640772454765623, "y:6": 0.11944708861964237, "y:7": 0.016025593524475603, "y:8": 0.13058180398290037, "y:9": 0.015565078539154446, "y:10": 0.1314332928367507, "y:11": 0.016593555950786126, "y:12": 0.1250190297274961, "y:13": 0.021511769448617275, "y:14": 0.1389596223373842, "y:15": 0.02141614816013096, "y:16": 0.11987105813546484, "y:17": 0.024407758293779173, "y:18": 0.13525399256241166, "y:19": 0.027678492731445736, "y:20": 0.11982140911115347, "y:21": 0.03143163207902005, "y:22": 0.14717658473294418, "y:23": 0.030028705299967807, "y:24": 0.13871542763006176, "y:25": 0.03547376090966698, "y:26": 0.12012045467674372, "y:27": 0.03618524464118726, "y:28": 0.14767597216496092, "y:29": 0.03925089027404838}, "1": {"y:0": 0.12187297867307176, "y:1": 0.024076218455502972, "y:2": 0.12326356682656904, "y:3": 0.019374880694601665, "y:4": 0.12392383291551096, "y:5": 0.01614681926724595, "y:6": 0.13625622029682466, "y:7": 0.015219441978815846, "y:8": 0.14026534742831026, "y:9": 0.016095497857598805, "y:10": 0.1242051926693929, "y:11": 0.018525170234690417, "y:12": 0.12897211116052104, "y:13": 0.020258905319146595, "y:14": 0.13634263064731492, "y:15": 0.024249726315639302, "y:16": 0.13435964819327048, "y:17": 0.025549777277978716, "y:18": 0.1261940011144033, "y:19": 0.02872053919609479, "y:20": 0.1316875182854579, "y:21": 0.029479215803378502, "y:22": 0.13513981151073645, "y:23": 0.0375907613490289, "y:24": 0.12062132791155389, "y:25": 0.038742394377354425, "y:26": 0.1350802514043002, "y:27": 0.0398576344128016, "y:28": 0.13011779445363736, "y:29": 0.03620213225199358}, "2": {"y:0": 0.1144057328054327, "y:1": 0.04881821136271918, "y:2": 0.12979141151675758, "y:3": 0.04104050235846857, "y:4": 0.12989641812355138, "y:5": 0.03693883675379674, "y:6": 0.12137991433698904, "y:7": 0.030426736641769384, "y:8": 0.12615674968522064, "y:9": 0.02757120873781467, "y:10": 0.13463469783158744, "y:11": 0.0232625019587696, "y:12": 0.1294383040824332, "y:13": 0.021036887767315597, "y:14": 0.12431050439019262, "y:15": 0.020192480224318483, "y:16": 0.13625740707513997, "y:17": 0.01842353662735903, "y:18": 0.13888803197772165, "y:19": 0.017961052414216912, "y:20": 0.13100468356167203, "y:21": 0.01829668471838187, "y:22": 0.12417231366371838, "y:23": 0.01882090620674662, "y:24": 0.13115323283217087, "y:25": 0.018777699246398497, "y:26": 0.13621104814215546, "y:27": 0.01928050564555091, "y:28": 0.1310682336335347, "y:29": 0.020272612032977706}, "3": {"y:0": 0.09530273201417688, "y:1": 0.047272882351434335, "y:2": 0.10740858508883684, "y:3": 0.03868077635609919, "y:4": 0.10996560332587016, "y:5": 0.0323243040897488, "y:6": 0.10802554435848548, "y:7": 0.02682453434319659, "y:8": 0.11052845130927327, "y:9": 0.02444933699936118, "y:10": 0.112693812176009, "y:11": 0.022571858499330837, "y:12": 0.12054250964407522, "y:13": 0.021213856832637736, "y:14": 0.11331742470038708, "y:15": 0.019095721640761225, "y:16": 0.11426592155274856, "y:17": 0.018031148826892295, "y:18": 0.10995409155109215, "y:19": 0.017300687046123656, "y:20": 0.11055360401339263, "y:21": 0.016815661805446806, "y:22": 0.11631147716805071, "y:23": 0.016479846291694078, "y:24": 0.11332188526433122, "y:25": 0.01747185461848818, "y:26": 0.1262783622371557, "y:27": 0.017307024421016535, "y:28": 0.11443051407010175, "y:29": 0.017998490182343115}, "4": {"y:0": 0.059353397009361916, "y:1": 0.015599391169994668, "y:2": 0.0693900711751838, "y:3": 0.017947298210382233, "y:4": 0.06885036221616421, "y:5": 0.02157478507628991, "y:6": 0.07486585469504736, "y:7": 0.030398534306132142, "y:8": 0.0672317278886455, "y:9": 0.034561196060255255, "y:10": 0.07302721812746536, "y:11": 0.03954380126266027, "y:12": 0.07013214396832654, "y:13": 0.04270741546329054, "y:14": 0.07248417425347417, "y:15": 0.04559989414179131, "y:16": 0.06519842166233297, "y:17": 0.04567456240144895, "y:18": 0.06523217045078686, "y:19": 0.04956391073927402, "y:20": 0.06384838121039442, "y:21": 0.052759829049393726, "y:22": 0.06808235678351354, "y:23": 0.058597728516387164, "y:24": 0.06937358450694292, "y:25": 0.055826510451360924, "y:26": 0.062052027277557736, "y:27": 0.05864868835293351, "y:28": 0.06708438922468095, "y:29": 0.05606082095100752}, "5": {"y:0": 0.07595719456972137, "y:1": 0.04640368797961756, "y:2": 0.06475328296718809, "y:3": 0.06461246794833098, "y:4": 0.060742201873704625, "y:5": 0.09047078057037154, "y:6": 0.05611469010459332, "y:7": 0.11017628968684255, "y:8": 0.050288292944063985, "y:9": 0.0988258476896516, "y:10": 0.048441851041987276, "y:11": 0.10021586177337645, "y:12": 0.04424016202320174, "y:13": 0.10726612836232358, "y:14": 0.03968323006463542, "y:15": 0.10005214467758955, "y:16": 0.037314662222284446, "y:17": 0.09258341980307405, "y:18": 0.034776348977587135, "y:19": 0.12219230711734617, "y:20": 0.0330976647171909, "y:21": 0.11818314623426318, "y:22": 0.03017185808864225, "y:23": 0.11376915255928945, "y:24": 0.02777903935747019, "y:25": 0.11598284510408897, "y:26": 0.026399360512953527, "y:27": 0.11924933785891574, "y:28": 0.02541847960488815, "y:29": 0.10884395883016305}, "6": {"y:0": 0.06893916425723264, "y:1": 0.023046054256587768, "y:2": 0.05221417226553235, "y:3": 0.03526376244751457, "y:4": 0.0482205137885925, "y:5": 0.03864455203506865, "y:6": 0.04569008320095622, "y:7": 0.04320751818920827, "y:8": 0.03659936748941136, "y:9": 0.045163021196368204, "y:10": 0.03016996374829848, "y:11": 0.04771436268735604, "y:12": 0.027461452075887342, "y:13": 0.049297232345353825, "y:14": 0.027622663728795013, "y:15": 0.05317748113691636, "y:16": 0.024929906725710996, "y:17": 0.05137466469407207, "y:18": 0.02297619735330622, "y:19": 0.05694686380615748, "y:20": 0.023469130610113794, "y:21": 0.05753373605175812, "y:22": 0.02062948129369884, "y:23": 0.0661610141326827, "y:24": 0.01870356923267761, "y:25": 0.0633707982103997, "y:26": 0.018324601815402845, "y:27": 0.0681979797674646, "y:28": 0.018763053704721255, "y:29": 0.0664910879221659}, "7": {"y:0": 0.043195186764250146, "y:1": 0.01719835087988576, "y:2": 0.05039863198713353, "y:3": 0.013035236006873539, "y:4": 0.05126114259184453, "y:5": 0.01230726836729758, "y:6": 0.05719309972087939, "y:7": 0.013400839008191416, "y:8": 0.06326608457669868, "y:9": 0.01493331700882778, "y:10": 0.06297409973723346, "y:11": 0.017777115537772732, "y:12": 0.06495068510376213, "y:13": 0.01832077244293853, "y:14": 0.05887928438242883, "y:15": 0.019582080319736486, "y:16": 0.06010917561382757, "y:17": 0.022091555232467815, "y:18": 0.060048096560461985, "y:19": 0.023714127411280206, "y:20": 0.06024923650302345, "y:21": 0.025643896239353158, "y:22": 0.06725257691221398, "y:23": 0.030151665990762893, "y:24": 0.06092852361075367, "y:25": 0.03266335891964755, "y:26": 0.06320859479019501, "y:27": 0.035544449141494946, "y:28": 0.07152558411972784, "y:29": 0.040922409192150226}, "8": {"y:0": 0.03673991843647883, "y:1": 0.01867770643570125, "y:2": 0.038405537996972626, "y:3": 0.011449043129278417, "y:4": 0.04770230722078277, "y:5": 0.011440097397694384, "y:6": 0.057196327348821234, "y:7": 0.012231483272345668, "y:8": 0.058767915536957385, "y:9": 0.013557319560972171, "y:10": 0.06686667348573476, "y:11": 0.015380949092658674, "y:12": 0.0655604934972732, "y:13": 0.015810655622564118, "y:14": 0.0708784983267754, "y:15": 0.016461959141826, "y:16": 0.06479690117179888, "y:17": 0.01763278801759979, "y:18": 0.06763414967529376, "y:19": 0.018633229411139086, "y:20": 0.06128271465239594, "y:21": 0.01885593031174771, "y:22": 0.07544512207138102, "y:23": 0.018294635901430406, "y:24": 0.07339261153402805, "y:25": 0.019328183369381028, "y:26": 0.07630753574443393, "y:27": 0.018834724739311772, "y:28": 0.07954945491374969, "y:29": 0.02061402646077902}, "9": {"y:0": 0.0422777434703162, "y:1": 0.03304365589496864, "y:2": 0.03360972464853459, "y:3": 0.020320061844951262, "y:4": 0.0307189550300004,