{"0": {"y:0": 0.0005935989964232192, "y:1": 0.00208535287932826, "y:2": 0.000360299222917857, "y:3": 0.000257269903243536, "y:4": 0.01774630972948599, "y:5": 0.0026624443388887356, "y:6": 0.047307891906305494, "y:7": 0.005008217441791987, "y:8": 0.02217930543057365, "y:9": 0.008385913970969095, "y:10": 0.006728489546044854, "y:11": 0.010503145693404351, "y:12": 0.0015025166780614474, "y:13": 0.005043447797020177, "y:14": 0.07034925184797841, "y:15": 0.0017316310106553654, "y:16": 0.061426888183052496, "y:17": 0.005813422264456658, "y:18": 0.05434885511109871, "y:19": 0.013028166086370805, "y:20": 0.015839744424202537, "y:21": 0.019427636905054557, "y:22": 0.0037908387264941642, "y:23": 0.016914888575967627, "y:24": 0.0026316722608611507, "y:25": 0.0013198634856304372, "y:26": 0.04324903255257025, "y:27": 0.002402217450151919, "y:28": 0.021611766954504317, "y:29": 0.0008648203966195051, "y:30": 0.028858361616520573, "y:31": 0.017434734228024766}, "1": {"y:0": 0.0005938234274302217, "y:1": 0.002198000641320746, "y:2": 0.0003602207160288907, "y:3": 0.0002574476435899014, "y:4": 0.017280880133092386, "y:5": 0.0029203131466313524, "y:6": 0.05144333810963849, "y:7": 0.005490222685358874, "y:8": 0.021618409676286816, "y:9": 0.008353168440082348, "y:10": 0.006777030224291344, "y:11": 0.010213109622301163, "y:12": 0.0015003169592920811, "y:13": 0.00507578346674667, "y:14": 0.06654562972934999, "y:15": 0.0017716440519221608, "y:16": 0.053944128766878756, "y:17": 0.005748436266063702, "y:18": 0.059327790719493144, "y:19": 0.012501830234574263, "y:20": 0.01681690104012025, "y:21": 0.016725575166602138, "y:22": 0.0038111187284190027, "y:23": 0.015302629069249446, "y:24": 0.0026157761809519177, "y:25": 0.001325085153927459, "y:26": 0.04254536705357492, "y:27": 0.002394285579982714, "y:28": 0.021632390381343625, "y:29": 0.0008672532908978884, "y:30": 0.02947602698982729, "y:31": 0.016524202128012644}, "2": {"y:0": 0.0005938126058422051, "y:1": 0.0021507945256465325, "y:2": 0.0003602404871278129, "y:3": 0.000257283159083665, "y:4": 0.01706133733312422, "y:5": 0.002829155248783256, "y:6": 0.055363829512858634, "y:7": 0.0058578468936921, "y:8": 0.021840135523492836, "y:9": 0.009801697863238144, "y:10": 0.0067373844812223995, "y:11": 0.011826163735092047, "y:12": 0.0014991053366967932, "y:13": 0.0053363857441752404, "y:14": 0.07167640674487623, "y:15": 0.0017742366790453508, "y:16": 0.06133543426450294, "y:17": 0.006082391922528423, "y:18": 0.06577223019073858, "y:19": 0.015140222411035784, "y:20": 0.016622220246235515, "y:21": 0.022108448536493568, "y:22": 0.0037985793735039494, "y:23": 0.01889625185631446, "y:24": 0.0026280267685280766, "y:25": 0.0013326574956112913, "y:26": 0.0462060770556189, "y:27": 0.0024253532223233202, "y:28": 0.0218113963955221, "y:29": 0.0008688201022006944, "y:30": 0.031071470304260218, "y:31": 0.02160570634680396}, "3": {"y:0": 0.0005933316059274301, "y:1": 0.002297008635660882, "y:2": 0.00036027817095977965, "y:3": 0.0002597006527244242, "y:4": 0.017440229913602504, "y:5": 0.003130584175960694, "y:6": 0.054113468892250084, "y:7": 0.007169771226562104, "y:8": 0.02153805872947274, "y:9": 0.012358623197777766, "y:10": 0.0067514045481197275, "y:11": 0.013142060509206663, "y:12": 0.0014994282728476855, "y:13": 0.005726880400273335, "y:14": 0.07096892570691368, "y:15": 0.001803820126682256, "y:16": 0.060047626438348066, "y:17": 0.0064853668745193365, "y:18": 0.06634835286489991, "y:19": 0.016235869530593673, "y:20": 0.016927856422512086, "y:21": 0.021957003939327403, "y:22": 0.003794356382210595, "y:23": 0.020454657784820345, "y:24": 0.002631533924312183, "y:25": 0.001338513608492166, "y:26": 0.05027617967319711, "y:27": 0.002440397837618418, "y:28": 0.021907987774230798, "y:29": 0.0008713675691404885, "y:30": 0.02869758916143745, "y:31": 0.023454935027312617}, "4": {"y:0": 0.0005933786149778261, "y:1": 0.002352187628723923, "y:2": 0.00036010263723473265, "y:3": 0.0002610556316076041, "y:4": 0.01756629289370486, "y:5": 0.0033636922846884383, "y:6": 0.052885801753002074, "y:7": 0.008597117047383914, "y:8": 0.02186013479010975, "y:9": 0.019289361342448266, "y:10": 0.0067218029017702425, "y:11": 0.01796713854753701, "y:12": 0.001499692584944392, "y:13": 0.006636361618790507, "y:14": 0.07801598914633838, "y:15": 0.001874013494434383, "y:16": 0.06113919594269486, "y:17": 0.0073257239667028785, "y:18": 0.0687656815638348, "y:19": 0.020995710795094585, "y:20": 0.01652114516546576, "y:21": 0.021652054364173837, "y:22": 0.0038011309294560783, "y:23": 0.02332314428403054, "y:24": 0.0026286957811751228, "y:25": 0.0013575402084079608, "y:26": 0.04820026090500635, "y:27": 0.0024876596508848566, "y:28": 0.022017355481477704, "y:29": 0.0008760799085640436, "y:30": 0.0296941871413537, "y:31": 0.02714786840156938}, "5": {"y:0": 0.0005937004725644743, "y:1": 0.0023718883575169353, "y:2": 0.00036016719753221595, "y:3": 0.000261104574064671, "y:4": 0.017542338622079934, "y:5": 0.0034731851216055513, "y:6": 0.05569692373652874, "y:7": 0.009405538364417355, "y:8": 0.022013738872089763, "y:9": 0.02599189995110846, "y:10": 0.006757021901886766, "y:11": 0.023189120788462473, "y:12": 0.0015022956773972458, "y:13": 0.007117073935992601, "y:14": 0.0727447961202076, "y:15": 0.001908701202066058, "y:16": 0.06445234100453266, "y:17": 0.007876667103849797, "y:18": 0.07276746544770177, "y:19": 0.032355680410607976, "y:20": 0.016603874598773362, "y:21": 0.027131395107118646, "y:22": 0.003787329244016898, "y:23": 0.03297441534002071, "y:24": 0.0026284373083260613, "y:25": 0.0013658710966410654, "y:26": 0.0495756330081499, "y:27": 0.002511378653108959, "y:28": 0.022794249946733867, "y:29": 0.0008787891657712054, "y:30": 0.030211035619511932, "y:31": 0.034193227119611334}, "6": {"y:0": 0.0005936238410051253, "y:1": 0.0023737657301073074, "y:2": 0.0003602233067117608, "y:3": 0.0002613689647148975, "y:4": 0.017405151306081296, "y:5": 0.0034998321047548025, "y:6": 0.052636707127270366, "y:7": 0.009818331601088453, "y:8": 0.021783949473502925, "y:9": 0.027514662064210105, "y:10": 0.006749481987095192, "y:11": 0.02325483896955778, "y:12": 0.0015007165250718567, "y:13": 0.007392725987093775, "y:14": 0.08353472274963633, "y:15": 0.0019202690607625522, "y:16": 0.06032376875835281, "y:17": 0.008137373026158513, "y:18": 0.06957057439675762, "y:19": 0.03356688812934175, "y:20": 0.016782148992997417, "y:21": 0.027191977202388837, "y:22": 0.003800379761590525, "y:23": 0.037718856182314575, "y:24": 0.0026307572393199966, "y:25": 0.0013742126312186068, "y:26": 0.0498898045607317, "y:27": 0.002533145297039924, "y:28": 0.022343224236666733, "y:29": 0.0008808166906275067, "y:30": 0.030471126884968523, "y:31": 0.03783726135487976}, "7": {"y:0": 0.0005935768225998187, "y:1": 0.002374026785540327, "y:2": 0.00036023043355585757, "y:3": 0.00026134661537473264, "y:4": 0.01729584747853921, "y:5": 0.003478961895362638, "y:6": 0.0543158499097381, "y:7": 0.009769575542998156, "y:8": 0.021791527777556934, "y:9": 0.03093705054174444, "y:10": 0.006770578469157899, "y:11": 0.026164908251962663, "y:12": 0.0014994472391448236, "y:13": 0.0073417702016103925, "y:14": 0.07302219512098133, "y:15": 0.0019192652880981533, "y:16": 0.06435357735016187, "y:17": 0.008041608085532902, "y:18": 0.07513108820078483, "y:19": 0.038465989975210856, "y:20": 0.016769017376598926, "y:21": 0.029759596717710963, "y:22": 0.0037909063640852417, "y:23": 0.04049878272499555, "y:24": 0.00262794384398352, "y:25": 0.0013703436033978837, "y:26": 0.050415771630181905, "y:27": 0.002528989515913571, "y:28": 0.02239117421598383, "y:29": 0.0008815436117587336, "y:30": 0.02995403054786321, "y:31": 0.037182085345061004}, "8": {"y:0": 0.0005934349544877205, "y:1": 0.002378427276615141, "y:2": 0.0003602099070486525, "y:3": 0.00026136879262919844, "y:4": 0.017459662119832322, "y:5": 0.0034809694604402697, "y:6": 0.05409294674740994, "y:7": 0.009807359856408454, "y:8": 0.021774033345867635, "y:9": 0.03321151688728143, "y:10": 0.006730093977108352,