{"0": {"y:0": 0.10659076812792513, "y:1": 0.02132498877295188, "y:2": 0.129821617289721, "y:3": 0.016406195236983702, "y:4": 0.1258028701424647, "y:5": 0.017382815385994756, "y:6": 0.1401081193458363, "y:7": 0.022270851246509713, "y:8": 0.12954680250290182, "y:9": 0.02629954900836589, "y:10": 0.1530139367068835, "y:11": 0.028138061924361434, "y:12": 0.13443162254305238, "y:13": 0.033920914126839244, "y:14": 0.13517719187047286, "y:15": 0.036541438525173324, "y:16": 0.14233549248856237, "y:17": 0.03813523158617701, "y:18": 0.13526148970739865, "y:19": 0.049691773015646964, "y:20": 0.13363676000640437, "y:21": 0.051945294309416155, "y:22": 0.136886644285655, "y:23": 0.04862194778676352, "y:24": 0.11525512583317198, "y:25": 0.05912930678588428, "y:26": 0.12587959004786708, "y:27": 0.0578172746785788, "y:28": 0.13518766406875976, "y:29": 0.05768662803927364, "y:30": 0.11884176115410058, "y:31": 0.050434975252146214}, "1": {"y:0": 0.11347997192802618, "y:1": 0.023687801344204718, "y:2": 0.1427278763431127, "y:3": 0.016316066829470417, "y:4": 0.12879693503560416, "y:5": 0.015340031150999314, "y:6": 0.12497012720417923, "y:7": 0.015776111576391003, "y:8": 0.1613963053276797, "y:9": 0.0183315245612805, "y:10": 0.12484995230257089, "y:11": 0.025826852019548867, "y:12": 0.12199859893306922, "y:13": 0.028358223221535694, "y:14": 0.13185253519228063, "y:15": 0.030143058375333067, "y:16": 0.13163717941591774, "y:17": 0.03337255484259345, "y:18": 0.12845489590283712, "y:19": 0.03839251518439647, "y:20": 0.13227549455878224, "y:21": 0.04097387498453108, "y:22": 0.14550628702115112, "y:23": 0.04234024400449362, "y:24": 0.14630204371191677, "y:25": 0.044199007634634135, "y:26": 0.1330827498383767, "y:27": 0.04779099818586586, "y:28": 0.12800616104065143, "y:29": 0.048357304371629814, "y:30": 0.13071856815200592, "y:31": 0.047030108415161066}, "2": {"y:0": 0.11495900000723926, "y:1": 0.041868235560148105, "y:2": 0.11156806032451808, "y:3": 0.034201399732770206, "y:4": 0.13308428151955898, "y:5": 0.02643221310521055, "y:6": 0.12567332837223136, "y:7": 0.02192414552340856, "y:8": 0.1313618231049643, "y:9": 0.02024410075625206, "y:10": 0.13143353450613926, "y:11": 0.019525382186167145, "y:12": 0.12919337100916714, "y:13": 0.017203547784009652, "y:14": 0.13143634090744755, "y:15": 0.01739632854685895, "y:16": 0.1255780987833495, "y:17": 0.017340184300326383, "y:18": 0.13491761891281095, "y:19": 0.019024125419918856, "y:20": 0.12985796900811594, "y:21": 0.01880381907389657, "y:22": 0.1336540780968508, "y:23": 0.020461245338316166, "y:24": 0.1252499562100699, "y:25": 0.022489753442417257, "y:26": 0.1222403745883195, "y:27": 0.02367817232732819, "y:28": 0.12842923909932574, "y:29": 0.025273965518395308, "y:30": 0.13899460537980204, "y:31": 0.026142717325881505}, "3": {"y:0": 0.10236022785050823, "y:1": 0.056496718258139796, "y:2": 0.11975010591793203, "y:3": 0.046080567181889534, "y:4": 0.11304098609479729, "y:5": 0.0386694302889163, "y:6": 0.12459058929456898, "y:7": 0.033718901506612095, "y:8": 0.1172355439462652, "y:9": 0.029727578317437497, "y:10": 0.1290778369437644, "y:11": 0.025764543081060732, "y:12": 0.1348114845476108, "y:13": 0.024665519816169733, "y:14": 0.11784754448530492, "y:15": 0.022236486180717874, "y:16": 0.11986712531605086, "y:17": 0.02089994731027474, "y:18": 0.12532297137581463, "y:19": 0.01981751599869058, "y:20": 0.12859407441044957, "y:21": 0.018570606829001843, "y:22": 0.11727266375975719, "y:23": 0.018651646279162874, "y:24": 0.11547821651066824, "y:25": 0.018433328862373692, "y:26": 0.11864291737865763, "y:27": 0.018237540056463008, "y:28": 0.12116306793906065, "y:29": 0.019524184687972596, "y:30": 0.118159816777082, "y:31": 0.01983017723761505}, "4": {"y:0": 0.09186286727887577, "y:1": 0.043791032602618206, "y:2": 0.09869961399234611, "y:3": 0.03355745348962278, "y:4": 0.11593438165838263, "y:5": 0.02750120522062239, "y:6": 0.11647835894908491, "y:7": 0.023870185595161967, "y:8": 0.1082977409252537, "y:9": 0.020828789759571937, "y:10": 0.11180241168688888, "y:11": 0.018662597097510787, "y:12": 0.11006675765956485, "y:13": 0.017530378398885178, "y:14": 0.11227612366697214, "y:15": 0.017025538862466938, "y:16": 0.11900629183435396, "y:17": 0.016857721508340116, "y:18": 0.11594779653473768, "y:19": 0.017345686673102555, "y:20": 0.11143178523643414, "y:21": 0.017710912982174636, "y:22": 0.11362466363698485, "y:23": 0.01907922298493337, "y:24": 0.11323117072541256, "y:25": 0.0192885072244365, "y:26": 0.11637517512638358, "y:27": 0.021752010290384167, "y:28": 0.11122316900151719, "y:29": 0.02312436386958793, "y:30": 0.11045989561350898, "y:31": 0.024649877067539697}, "5": {"y:0": 0.08038284455921077, "y:1": 0.03883583345527525, "y:2": 0.09082006344871137, "y:3": 0.027425616771925922, "y:4": 0.10279902413530562, "y:5": 0.024145997604977598, "y:6": 0.10514986188774483, "y:7": 0.020338660299215584, "y:8": 0.10339978961170014, "y:9": 0.01864386267712273, "y:10": 0.10654206366108764, "y:11": 0.017154000288118552, "y:12": 0.09859255607874823, "y:13": 0.016503633679500543, "y:14": 0.10540355894327029, "y:15": 0.017220772083028395, "y:16": 0.10488735823849125, "y:17": 0.01780974986826444, "y:18": 0.10719567261690689, "y:19": 0.01909243648554268, "y:20": 0.10656575337679193, "y:21": 0.021127577408321756, "y:22": 0.09971184857934166, "y:23": 0.02260998007467429, "y:24": 0.10319205465769644, "y:25": 0.023582829333370733, "y:26": 0.10073264781020651, "y:27": 0.025476364296056542, "y:28": 0.10348714654032452, "y:29": 0.02690299944682583, "y:30": 0.10305306708134045, "y:31": 0.029690900340034642}, "6": {"y:0": 0.059893067205891846, "y:1": 0.018313847776726174, "y:2": 0.06435756419684277, "y:3": 0.015210697147889975, "y:4": 0.0678146555822327, "y:5": 0.01694895920476973, "y:6": 0.07292707053050283, "y:7": 0.02025036208666909, "y:8": 0.07363320849415153, "y:9": 0.024894056826286613, "y:10": 0.06453334430594497, "y:11": 0.027977735812235408, "y:12": 0.06757000416805158, "y:13": 0.03336357240925686, "y:14": 0.0679785877296467, "y:15": 0.03506855869131715, "y:16": 0.0648372280985471, "y:17": 0.04075701770453135, "y:18": 0.06540492624339639, "y:19": 0.04062861596945787, "y:20": 0.06509787782068144, "y:21": 0.045927832862100504, "y:22": 0.06254907484375244, "y:23": 0.047627384480593914, "y:24": 0.06607285757708535, "y:25": 0.05285499255140416, "y:26": 0.0638961832650506, "y:27": 0.054138435891963446, "y:28": 0.06268379471555412, "y:29": 0.05440609546046443, "y:30": 0.06216126043447322, "y:31": 0.058088908444723614}, "7": {"y:0": 0.10263474290479585, "y:1": 0.028804980521142675, "y:2": 0.1126679703656675, "y:3": 0.019964133152723378, "y:4": 0.11807997511584344, "y:5": 0.017826799971439926, "y:6": 0.11983884490848842, "y:7": 0.019801778256427767, "y:8": 0.12014040628542637, "y:9": 0.023020985720612813, "y:10": 0.12031758253338572, "y:11": 0.027429876948814984, "y:12": 0.11845566011946716, "y:13": 0.0321051244028927, "y:14": 0.1173455715439993, "y:15": 0.03694991548692343, "y:16": 0.11755669118616852, "y:17": 0.041180064540762625, "y:18": 0.12447229419494762, "y:19": 0.045362113241337584, "y:20": 0.12193717400801442, "y:21": 0.049435451129814546, "y:22": 0.1184825792064825, "y:23": 0.05293042891574238, "y:24": 0.12125374271871174, "y:25": 0.05999034747467256, "y:26": 0.11973879970373333, "y:27": 0.06111712188598766, "y:28": 0.11677337337948293, "y:29": 0.06512132937759435, "y:30": 0.11868703264309048, "y:31": 0.06566172727606609}, "8": {"y:0": 0.060084074005859564, "y:1": 0.047769614359469414, "y:2": 0.07858010677828002, "y:3": 0.04038354588954964, "y:4": 0.09272557719237157, "y:5": 0.03237768102803579, "y:6": 0.09874362831171271, "y:7": 0.028389381875364342, "y:8": 0.09384489685634802, "y:9": 0.026367690154945667, "y:10": 0.10181220196178549, "y:11": 0.02381503088615295, "y:12": 0.10801492087932599, "y:13": 0.022514884559049743, "y:14": 0.10292135760072157, "y:15": 0.021842479427710164, "y:16": 0.11512876985497199, "y:17": 0.021068979923962453,