{"0": {"y:0": 0.1334524256408641, "y:1": 0.022935332737116145, "y:2": 0.1303200260177116, "y:3": 0.016403646139816295, "y:4": 0.13517370828413156, "y:5": 0.015014182929673605, "y:6": 0.12427803987164833, "y:7": 0.015727102550245554, "y:8": 0.13192198458539822, "y:9": 0.018003585815904267, "y:10": 0.12717553585311717, "y:11": 0.021901201648350466, "y:12": 0.1352178928904433, "y:13": 0.02424051064998245, "y:14": 0.14884463352087987, "y:15": 0.028710616659743247, "y:16": 0.12996149526626752, "y:17": 0.0341263170608177, "y:18": 0.13402465694016596, "y:19": 0.03466082684865318, "y:20": 0.12324963753695066, "y:21": 0.03881405650909137, "y:22": 0.1316135702405263, "y:23": 0.039896883153963184, "y:24": 0.1384956259775455, "y:25": 0.04251185816106506, "y:26": 0.1320548333667155, "y:27": 0.04084904221290929, "y:28": 0.12784340643186523, "y:29": 0.04496330276957666, "y:30": 0.13863373925408762, "y:31": 0.054216199035066366}, "1": {"y:0": 0.11613888525358125, "y:1": 0.029213343757798632, "y:2": 0.12397984893674673, "y:3": 0.022110282583289724, "y:4": 0.13835911662325104, "y:5": 0.01761883009513504, "y:6": 0.1250347924087688, "y:7": 0.01623399867827038, "y:8": 0.12893138599019704, "y:9": 0.015148316246499424, "y:10": 0.13139340602607552, "y:11": 0.01591628066587983, "y:12": 0.13169227287011037, "y:13": 0.01653389387751557, "y:14": 0.14538696351779185, "y:15": 0.01761212895254242, "y:16": 0.13066738041352974, "y:17": 0.020430349249426983, "y:18": 0.13261795400295923, "y:19": 0.02233776518320475, "y:20": 0.13059668304513047, "y:21": 0.024426206894675395, "y:22": 0.13393105786464918, "y:23": 0.02570594975225402, "y:24": 0.13008329170957464, "y:25": 0.029590497446351113, "y:26": 0.138514137510811, "y:27": 0.03117254309985129, "y:28": 0.13490839503934793, "y:29": 0.033788602928437196, "y:30": 0.13356894842429173, "y:31": 0.03606525466569162}, "2": {"y:0": 0.11199569109211976, "y:1": 0.07952731901702327, "y:2": 0.13389954820445263, "y:3": 0.06680367777500473, "y:4": 0.12767408903758934, "y:5": 0.0607412955572957, "y:6": 0.13582376358366466, "y:7": 0.04863054216865087, "y:8": 0.13791729681738432, "y:9": 0.04504143583735243, "y:10": 0.13941505102195775, "y:11": 0.03931052449009249, "y:12": 0.1335866717448462, "y:13": 0.03738448675829087, "y:14": 0.13260729101142474, "y:15": 0.0356298713029776, "y:16": 0.13299949166503927, "y:17": 0.0320004106686965, "y:18": 0.1241903108840767, "y:19": 0.03160179292854388, "y:20": 0.13462828408750346, "y:21": 0.02941132230461556, "y:22": 0.13639621372213764, "y:23": 0.027303583464103613, "y:24": 0.13703212346698634, "y:25": 0.026505625059553693, "y:26": 0.13689617191624717, "y:27": 0.02548006424839581, "y:28": 0.12817739410429663, "y:29": 0.025050847019712535, "y:30": 0.13039784150565545, "y:31": 0.023129275226143876}, "3": {"y:0": 0.09635366083900632, "y:1": 0.059818926658784695, "y:2": 0.11237586144626659, "y:3": 0.05238502697612084, "y:4": 0.12004071176370282, "y:5": 0.04646682739917406, "y:6": 0.12110931970088205, "y:7": 0.03920787711823374, "y:8": 0.1264758301402568, "y:9": 0.03586862381095023, "y:10": 0.11789295118197143, "y:11": 0.03242843178282422, "y:12": 0.11569332887266344, "y:13": 0.030494605696861393, "y:14": 0.11606376200788579, "y:15": 0.02876576163391293, "y:16": 0.11584692718841473, "y:17": 0.02625619672846433, "y:18": 0.11894465533592796, "y:19": 0.025917566784343177, "y:20": 0.11717790624390233, "y:21": 0.023453716419136097, "y:22": 0.11022844485009385, "y:23": 0.02325498752613928, "y:24": 0.11875663731049772, "y:25": 0.02180031386112873, "y:26": 0.1149414684298422, "y:27": 0.021032103722690636, "y:28": 0.11421579813764987, "y:29": 0.020792180492520587, "y:30": 0.11701995243496897, "y:31": 0.020533498753558952}, "4": {"y:0": 0.06367737684880344, "y:1": 0.03241705978345837, "y:2": 0.07870942444840416, "y:3": 0.02611710939478764, "y:4": 0.0828796574803619, "y:5": 0.021353297015692715, "y:6": 0.08593267928392276, "y:7": 0.019582328364888227, "y:8": 0.08268082347960092, "y:9": 0.017188159937011352, "y:10": 0.08153283891324854, "y:11": 0.016170692400613026, "y:12": 0.08253428825895681, "y:13": 0.015534330434972484, "y:14": 0.08080812908230857, "y:15": 0.015557101649089812, "y:16": 0.08261640225858592, "y:17": 0.015538417434506364, "y:18": 0.07751534819813777, "y:19": 0.015947801167829512, "y:20": 0.08122336744595861, "y:21": 0.01672352266385567, "y:22": 0.07737688254720197, "y:23": 0.017664468698013754, "y:24": 0.07947374507556268, "y:25": 0.01820650438579594, "y:26": 0.07694951838374395, "y:27": 0.019359587682586017, "y:28": 0.08099585551146779, "y:29": 0.020111571359613358, "y:30": 0.08097277068414464, "y:31": 0.02091115205407721}, "5": {"y:0": 0.06302945064986842, "y:1": 0.033064944955300886, "y:2": 0.05189311220271242, "y:3": 0.0475224248690338, "y:4": 0.05052309422730698, "y:5": 0.05868053074799548, "y:6": 0.04721420135513919, "y:7": 0.07097133851740868, "y:8": 0.04253772752257794, "y:9": 0.07445614678305375, "y:10": 0.03977539419833742, "y:11": 0.07024050785780105, "y:12": 0.038700585201097315, "y:13": 0.07252212901840303, "y:14": 0.03769332221575296, "y:15": 0.08213242891369349, "y:16": 0.03528847772322467, "y:17": 0.0899015816324604, "y:18": 0.03438307742638675, "y:19": 0.08500330095242496, "y:20": 0.032864983733830205, "y:21": 0.08503165257252845, "y:22": 0.031710278444234886, "y:23": 0.08806840905321993, "y:24": 0.0312804259034223, "y:25": 0.09067422415232637, "y:26": 0.029733124401457884, "y:27": 0.09191471711684222, "y:28": 0.02730514894207364, "y:29": 0.09255412361632356, "y:30": 0.02712291863584436, "y:31": 0.09113270611809828}, "6": {"y:0": 0.07022558226304679, "y:1": 0.04010235559660821, "y:2": 0.06075752933248918, "y:3": 0.05343562591570984, "y:4": 0.05411947686798412, "y:5": 0.059638558213166895, "y:6": 0.05007135545404093, "y:7": 0.06617595729002944, "y:8": 0.04345554286680995, "y:9": 0.0656763541001762, "y:10": 0.04326721208299334, "y:11": 0.07287932993593862, "y:12": 0.035913690032078394, "y:13": 0.06927453261337725, "y:14": 0.033449119256566975, "y:15": 0.07187033720676894, "y:16": 0.03069671354145286, "y:17": 0.08151898522122163, "y:18": 0.028542154574263068, "y:19": 0.07842761541272374, "y:20": 0.026335425247662997, "y:21": 0.08004906341928424, "y:22": 0.024893216370742804, "y:23": 0.08670477678078413, "y:24": 0.022368910754383853, "y:25": 0.08852063108503003, "y:26": 0.021661416636243113, "y:27": 0.08667176990159259, "y:28": 0.02014783766007488, "y:29": 0.0900452118930873, "y:30": 0.01879938778125866, "y:31": 0.0964120541171665}, "7": {"y:0": 0.05571693198768683, "y:1": 0.023007828262515014, "y:2": 0.05622265077677905, "y:3": 0.014305890383154147, "y:4": 0.0683243781334604, "y:5": 0.01235107492644314, "y:6": 0.07825228780993752, "y:7": 0.012958013452206785, "y:8": 0.08214273415035718, "y:9": 0.013846679221858236, "y:10": 0.08050831769553993, "y:11": 0.014859955590767897, "y:12": 0.0755333283506934, "y:13": 0.015488090148675455, "y:14": 0.0764820713930775, "y:15": 0.016825590898555315, "y:16": 0.08170929961936377, "y:17": 0.018853715541821973, "y:18": 0.0782178155123957, "y:19": 0.021963226878592416, "y:20": 0.07605578769746564, "y:21": 0.023435831375902626, "y:22": 0.0809295504903367, "y:23": 0.0255135208624243, "y:24": 0.08086940822558736, "y:25": 0.026879790002269175, "y:26": 0.07672619313301254, "y:27": 0.028573271758316258, "y:28": 0.07582410593195847, "y:29": 0.03300133420433983, "y:30": 0.07902563416339319, "y:31": 0.03673487288178707}, "8": {"y:0": 0.05510971483336135, "y:1": 0.02206901632128013, "y:2": 0.07978831691148762, "y:3": 0.018533160311759146, "y:4": 0.09848659661688508, "y:5": 0.018114157469364393, "y:6": 0.10338902360909452, "y:7": 0.017261881318378355, "y:8": 0.12143594612880826, "y:9": 0.016543677135629847, "y:10": 0.11623841971601495, "y:11": 0.01647706557320307, "y:12": 0.12098998555936367, "y:13": 0.017074757566315085, "y:14": 0.12058569951602836, "y:15": 0.016963080618878155, "y:16": 0.12053493017230049, "y:17": 0.01709517954499748, "y:18": 0.11740677298132468,