{"0": {"y:0": 0.006729305779790344, "y:1": 0.09300986305587482, "y:2": 0.1925900614342838, "y:3": 0.13003862942775052, "y:4": 0.12023998598547114, "y:5": 0.019126465986437996, "y:6": 0.0009643584759398709}, "1": {"y:0": 0.007802932874321083, "y:1": 0.09843342691276166, "y:2": 0.20490099341222895, "y:3": 0.1359368474143065, "y:4": 0.12144045705274502, "y:5": 0.01924938724997794, "y:6": 0.001237925953923554}, "2": {"y:0": 0.045397497276589434, "y:1": 0.18725245229703286, "y:2": 0.2329075653962329, "y:3": 0.14619368379377656, "y:4": 0.15145398101688023, "y:5": 0.0455983605512049, "y:6": 0.006333028893708739}, "3": {"y:0": 0.06501382589298027, "y:1": 0.25353834232068045, "y:2": 0.3271209617655672, "y:3": 0.2216379675793493, "y:4": 0.2564885131003023, "y:5": 0.06562337928986187, "y:6": 0.010047191409831365}, "4": {"y:0": 0.17227851568861557, "y:1": 0.3457362583022669, "y:2": 0.39124133394005917, "y:3": 0.2458752301107778, "y:4": 0.32488342241397516, "y:5": 0.11655410013542103, "y:6": 0.02734994806051062}, "5": {"y:0": 0.2518130859777498, "y:1": 0.4594024472121246, "y:2": 0.5185651976485, "y:3": 0.30195733171940276, "y:4": 0.45780194110002886, "y:5": 0.17812776537293207, "y:6": 0.04307418254362062}, "6": {"y:0": 0.40726598906118483, "y:1": 0.6186850867279263, "y:2": 0.6477399831798639, "y:3": 0.30774604253943455, "y:4": 0.6034071686707947, "y:5": 0.27014610775661885, "y:6": 0.0751167206219956}, "7": {"y:0": 0.5620328994881636, "y:1": 0.8361730520225538, "y:2": 0.8757780968010495, "y:3": 0.3281282538863024, "y:4": 0.8334767884157522, "y:5": 0.42253716506314276, "y:6": 0.121122075291507}, "8": {"y:0": 0.888947098027668, "y:1": 1.1387805223401275, "y:2": 1.1879246140763817, "y:3": 0.3306069246312096, "y:4": 1.1666992348156235, "y:5": 0.6003728066444027, "y:6": 0.20103521298936336}, "9": {"y:0": 1.2533461298260868, "y:1": 1.644642858970717, "y:2": 1.6859718657630967, "y:3": 0.33359430976901183, "y:4": 1.5411723847462366, "y:5": 0.8118074758807178, "y:6": 0.27094940075993584}, "10": {"y:0": 1.6789927505369753, "y:1": 2.2459060225207725, "y:2": 2.2965307166776676, "y:3": 0.3398329309620789, "y:4": 1.9495708572150476, "y:5": 0.97740234742733, "y:6": 0.3579637501429542}, "11": {"y:0": 2.2859887293819954, "y:1": 2.9235918675885, "y:2": 3.0414484331153444, "y:3": 0.34078310852702776, "y:4": 2.352791965003098, "y:5": 1.2926668462212638, "y:6": 0.48440246700409273}, "12": {"y:0": 3.087640211782186, "y:1": 3.9684598114354386, "y:2": 4.204778200754232, "y:3": 0.34438590492203225, "y:4": 3.053471894989995, "y:5": 1.6764361252173194, "y:6": 0.6556168890794758}, "13": {"y:0": 3.647425578575747, "y:1": 5.023189033113074, "y:2": 5.068733558904003, "y:3": 0.3484290347733865, "y:4": 3.5963996239702416, "y:5": 2.128718711821226, "y:6": 0.8203640159599175}, "14": {"y:0": 4.29387515742661, "y:1": 6.453656716287068, "y:2": 5.82425962561098, "y:3": 0.35128165637368397, "y:4": 4.40116635419761, "y:5": 2.648961480392452, "y:6": 1.007730545060958}, "15": {"y:0": 4.3963836602361255, "y:1": 7.824232554774511, "y:2": 6.389617019557329, "y:3": 0.3518705614465559, "y:4": 5.361902768605714, "y:5": 3.4349807666702885, "y:6": 1.3224625940304762}, "16": {"y:0": 4.466150413548156, "y:1": 8.857259665829913, "y:2": 6.902150497648778, "y:3": 0.35205171409269737, "y:4": 6.601574286446392, "y:5": 4.196497283814815, "y:6": 1.5406785124974172}, "17": {"y:0": 4.1943792950803065, "y:1": 8.42125848152687, "y:2": 6.998700843088399, "y:3": 0.3451620681837127, "y:4": 6.9928883548949194, "y:5": 4.651980070999504, "y:6": 1.9290170870789263}, "18": {"y:0": 3.921298617327217, "y:1": 7.921185225076532, "y:2": 7.968269532859247, "y:3": 0.3397423709092127, "y:4": 8.177080209428755, "y:5": 4.9445199742050905, "y:6": 2.1081659637565915}, "19": {"y:0": 3.384927208637541, "y:1": 6.96144267001335, "y:2": 8.755860341921878, "y:3": 0.33522880816799, "y:4": 9.354953478407804, "y:5": 5.004566557472977, "y:6": 2.262735535575051}, "20": {"y:0": 3.0250878388770106, "y:1": 7.09167820205248, "y:2": 11.084124520032228, "y:3": 0.33428318646440464, "y:4": 11.51639931279144, "y:5": 5.602942873527733, "y:6": 2.2277693136902044}, "21": {"y:0": 4.0919911371975335, "y:1": 10.609804022808698, "y:2": 14.251728757492716, "y:3": 0.3344690043151442, "y:4": 13.593225440263893, "y:5": 7.387248053208032, "y:6": 2.9971475102663696}, "22": {"y:0": 5.507082601080309, "y:1": 14.914425040694095, "y:2": 18.145939547707552, "y:3": 0.3347667447745987, "y:4": 15.478242236226636, "y:5": 10.139591670648683, "y:6": 3.623725576976827}, "23": {"y:0": 6.864653854259912, "y:1": 19.68871981278405, "y:2": 22.56635554863663, "y:3": 0.33490249046767806, "y:4": 17.185077903912575, "y:5": 10.667045443046208, "y:6": 4.336356378774404}, "24": {"y:0": 8.77745895420385, "y:1": 25.310759773012027, "y:2": 26.34280187299709, "y:3": 0.33502872192431915, "y:4": 17.28068993138111, "y:5": 11.551439972289069, "y:6": 4.636950397518238}, "25": {"y:0": 10.777042632649001, "y:1": 32.09179523676984, "y:2": 29.792965489625452, "y:3": 0.335335255796932, "y:4": 20.7418732562636, "y:5": 12.84771555614169, "y:6": 4.9514698701428586}, "26": {"y:0": 14.16180548715326, "y:1": 36.95906934936265, "y:2": 35.37519615570219, "y:3": 0.3351502345551883, "y:4": 20.484273648471163, "y:5": 12.780947493143197, "y:6": 5.382748910408753}, "27": {"y:0": 16.31383555255823, "y:1": 42.281495301865455, "y:2": 38.52731608585899, "y:3": 0.3352804470199389, "y:4": 21.556640394849364, "y:5": 12.855574845162199, "y:6": 5.242195878617641}, "28": {"y:0": 21.883886701867148, "y:1": 48.35224657220513, "y:2": 43.011623093512824, "y:3": 0.3354553815410238, "y:4": 21.273976536260676, "y:5": 13.264143902216386, "y:6": 5.818008125332979}, "29": {"y:0": 26.234625177654664, "y:1": 51.541275287242385, "y:2": 45.119800763918576, "y:3": 0.33532803021250573, "y:4": 23.36172374477102, "y:5": 14.225360886771849, "y:6": 6.031964122874785}}