{"0": {"y:0": 0.1391691940436586, "y:1": 0.1400883822083778, "y:2": 0.19657399359984717, "y:3": 0.20282112218781184, "y:4": 0.19862353449572917, "y:5": 0.19778853105837685, "y:6": 0.2028068897622445, "y:7": 0.20263187353412793, "y:8": 0.20243092394234077, "y:9": 0.20308756324251528}, "1": {"y:0": 0.13748007701322176, "y:1": 0.1363970037707121, "y:2": 0.1925707282028012, "y:3": 0.19430727951036428, "y:4": 0.19487237248119316, "y:5": 0.19454432931309867, "y:6": 0.19313035641294293, "y:7": 0.19441826564309042, "y:8": 0.19480642845474644, "y:9": 0.19338271166636348}, "2": {"y:0": 0.14665554369820732, "y:1": 0.1465153573754135, "y:2": 0.3896010432906373, "y:3": 0.3936635670698721, "y:4": 0.39090850663654, "y:5": 0.38633526720631495, "y:6": 0.3858059952530702, "y:7": 0.38629336031136036, "y:8": 0.38371719961324974, "y:9": 0.39046165992099596}, "3": {"y:0": 0.1577281663819292, "y:1": 0.1568667187870902, "y:2": 0.7573179477241394, "y:3": 0.7995000119480714, "y:4": 0.7675789652902557, "y:5": 0.7967749461783294, "y:6": 0.7882694653311759, "y:7": 0.8137981472843273, "y:8": 0.7953383423580949, "y:9": 0.791307129706171}, "4": {"y:0": 0.16066025574106615, "y:1": 0.1608667780679645, "y:2": 1.3552297945393441, "y:3": 1.4897918273986677, "y:4": 1.3629166931925139, "y:5": 1.4776630868815495, "y:6": 1.5147083861731618, "y:7": 1.5457645577012613, "y:8": 1.5286109098376783, "y:9": 1.514565682965703}, "5": {"y:0": 0.16256969955034584, "y:1": 0.16255463525119251, "y:2": 1.9799342457904154, "y:3": 2.4113759403714567, "y:4": 1.9716490105994766, "y:5": 2.549332570953774, "y:6": 2.3927927016712225, "y:7": 2.4516903898578124, "y:8": 2.1812426236913067, "y:9": 2.4957896721459036}, "6": {"y:0": 0.16313955177759737, "y:1": 0.16278152832483958, "y:2": 2.2018469383800965, "y:3": 2.7791126808797553, "y:4": 2.2150753349502303, "y:5": 2.925246873923462, "y:6": 2.9416033631916014, "y:7": 2.6944929500001793, "y:8": 2.4332463082886555, "y:9": 2.9187209148830484}, "7": {"y:0": 0.16333996346679003, "y:1": 0.16352572899293413, "y:2": 2.2586248685111268, "y:3": 2.9602723326535014, "y:4": 2.273870917344798, "y:5": 3.077231182272494, "y:6": 3.096951163596409, "y:7": 2.859341999263586, "y:8": 2.459848608143086, "y:9": 3.09224444933454}, "8": {"y:0": 0.1632400408469346, "y:1": 0.16341545163475987, "y:2": 2.361744956864812, "y:3": 3.065771901073855, "y:4": 2.3969706129714887, "y:5": 3.2533216751161205, "y:6": 3.2637903701158995, "y:7": 2.9293482375231212, "y:8": 2.470171346077472, "y:9": 3.2514216130899767}, "9": {"y:0": 0.16351623609907953, "y:1": 0.16356750182591276, "y:2": 2.3213737415644813, "y:3": 3.0929191260668984, "y:4": 2.352003864762594, "y:5": 3.2824136163247752, "y:6": 3.2892422951185645, "y:7": 2.955753050422231, "y:8": 2.540480279018144, "y:9": 3.26367822404557}, "10": {"y:0": 0.16361656571868016, "y:1": 0.16364688487172827, "y:2": 2.3628595038745765, "y:3": 3.1393288209547614, "y:4": 2.394253858760007, "y:5": 3.35847812311964, "y:6": 3.336234755012351, "y:7": 2.986894103348389, "y:8": 2.5626246068786713, "y:9": 3.2773626056096035}, "11": {"y:0": 0.16366557266008847, "y:1": 0.16366998138877256, "y:2": 2.374587066789996, "y:3": 3.164610223166303, "y:4": 2.4128816348647257, "y:5": 3.3858220515424025, "y:6": 3.3990124636531935, "y:7": 3.0076264514836204, "y:8": 2.5784042525573803, "y:9": 3.3755363028330945}}