{"0": {"y:0": 0.10306564446973569, "y:1": 0.024915330374494234, "y:2": 0.13654543969741276, "y:3": 0.017286519307332025, "y:4": 0.12363350646961448, "y:5": 0.014982502824306142, "y:6": 0.11599960409391215, "y:7": 0.01687949951652073, "y:8": 0.1269266874511984, "y:9": 0.020013447825113502, "y:10": 0.12070373447254251, "y:11": 0.024484355446628688, "y:12": 0.13747661275222278, "y:13": 0.02872439935019442, "y:14": 0.11037599906122822, "y:15": 0.032667324615500884, "y:16": 0.13396836755091024, "y:17": 0.030368369708275937, "y:18": 0.1165466089517468, "y:19": 0.03751357234373658, "y:20": 0.13020107060439737, "y:21": 0.04166913206382915, "y:22": 0.12472172703856176, "y:23": 0.03963217114428751, "y:24": 0.1202098123245465, "y:25": 0.04760002272582414, "y:26": 0.12012506179432578, "y:27": 0.05073644739884193, "y:28": 0.1169890375617181, "y:29": 0.041952992135639355}}