{"0": {"y:0": 0.12439652975282617, "y:1": 0.024762030721240575, "y:2": 0.11481167285384257, "y:3": 0.01600201784169567, "y:4": 0.11980300402281854, "y:5": 0.015953042329848222, "y:6": 0.14255210082127323, "y:7": 0.01780840107022014, "y:8": 0.1356765832787714, "y:9": 0.022155499303637305, "y:10": 0.13820777730957504, "y:11": 0.027001971780489808, "y:12": 0.13807384826232882, "y:13": 0.03570861341057893, "y:14": 0.13166766532307123, "y:15": 0.03222238453088893, "y:16": 0.1185868892621889, "y:17": 0.037811622370851, "y:18": 0.13613865015103413, "y:19": 0.040596668193857606, "y:20": 0.12728968821431688, "y:21": 0.05104335081352723, "y:22": 0.12356779825139254, "y:23": 0.04578843421317595, "y:24": 0.1278787674446457, "y:25": 0.04638171879011806, "y:26": 0.1206969161474131, "y:27": 0.045562649469869654, "y:28": 0.1348483538900249, "y:29": 0.054534391865100625}, "1": {"y:0": 0.12577481385543202, "y:1": 0.02444743813561123, "y:2": 0.12349400512088934, "y:3": 0.017990429067637637, "y:4": 0.12849457094158398, "y:5": 0.015290480340479057, "y:6": 0.1319453190186124, "y:7": 0.015228932651085948, "y:8": 0.1388491569522087, "y:9": 0.01789132757109978, "y:10": 0.15658014733705253, "y:11": 0.02074073375398438, "y:12": 0.12633950957240428, "y:13": 0.023395197902386502, "y:14": 0.13572427839420403, "y:15": 0.02749150202647198, "y:16": 0.11804366519336351, "y:17": 0.03350961357910109, "y:18": 0.124703258182221, "y:19": 0.03734428255405255, "y:20": 0.14014758779255268, "y:21": 0.03208549624857084, "y:22": 0.11632561056468635, "y:23": 0.03718521890646608, "y:24": 0.14111547308853503, "y:25": 0.037622978626508576, "y:26": 0.1266539962535657, "y:27": 0.03874126257152395, "y:28": 0.13069753751136146, "y:29": 0.044859546086478706}, "2": {"y:0": 0.11654380876849602, "y:1": 0.06777344711186932, "y:2": 0.13056381335107461, "y:3": 0.05377048393540105, "y:4": 0.13884284619793708, "y:5": 0.04710459994030568, "y:6": 0.13027441840326212, "y:7": 0.039621793143070475, "y:8": 0.13071246215739799, "y:9": 0.03651800401238124, "y:10": 0.13451331232092612, "y:11": 0.030107819287251363, "y:12": 0.1341639704934049, "y:13": 0.027363689938989993, "y:14": 0.12892310734571247, "y:15": 0.024778385417516997, "y:16": 0.13919420416421285, "y:17": 0.023148719199462712, "y:18": 0.127867232025103, "y:19": 0.02238043048449868, "y:20": 0.14162942794661662, "y:21": 0.02218211035606514, "y:22": 0.12643722502262267, "y:23": 0.021280900716092403, "y:24": 0.12785887736642623, "y:25": 0.019964279380538855, "y:26": 0.1290733967537555, "y:27": 0.019609601847859308, "y:28": 0.11716260663387605, "y:29": 0.019565735021530986}, "3": {"y:0": 0.09934943720753528, "y:1": 0.06978050708374592, "y:2": 0.12429462153628329, "y:3": 0.05657351213794845, "y:4": 0.11702472672837264, "y:5": 0.043306425136867034, "y:6": 0.1276059816159674, "y:7": 0.03942659689608228, "y:8": 0.12018072298928627, "y:9": 0.03404745076833612, "y:10": 0.13514106096750603, "y:11": 0.03055358789371173, "y:12": 0.12767607701302794, "y:13": 0.02867682636229618, "y:14": 0.12808002874410748, "y:15": 0.026964266679407812, "y:16": 0.13286778776911912, "y:17": 0.02401823761924979, "y:18": 0.12176626912353071, "y:19": 0.023424133752284887, "y:20": 0.12475633223634909, "y:21": 0.022418343692475275, "y:22": 0.11578440959807758, "y:23": 0.020453735379493618, "y:24": 0.1250353069098051, "y:25": 0.02015014932148235, "y:26": 0.12959878386262935, "y:27": 0.01992082561815163, "y:28": 0.11915371713096903, "y:29": 0.019613091636768793}, "4": {"y:0": 0.09175348094672857, "y:1": 0.053606084755177065, "y:2": 0.1038418004692745, "y:3": 0.04392519938923653, "y:4": 0.10970087571900478, "y:5": 0.03642092009984203, "y:6": 0.11207867718552213, "y:7": 0.03208520484653696, "y:8": 0.11086206949790794, "y:9": 0.027579690305114545, "y:10": 0.11454153663793663, "y:11": 0.026802532807300522, "y:12": 0.12331883505060066, "y:13": 0.024472010346873265, "y:14": 0.11655839071032366, "y:15": 0.02287212211744852, "y:16": 0.11401475114546869, "y:17": 0.021381884808409413, "y:18": 0.1145659040883078, "y:19": 0.020153555130743423, "y:20": 0.11600991587915971, "y:21": 0.019514929830763722, "y:22": 0.11929951253264619, "y:23": 0.018470236647493872, "y:24": 0.1153281769403818, "y:25": 0.018008168080716737, "y:26": 0.11032527336279997, "y:27": 0.01779758068810298, "y:28": 0.12125735220397385, "y:29": 0.017704203230194965}, "5": {"y:0": 0.06142799033631111, "y:1": 0.022144499546773125, "y:2": 0.07123879928227568, "y:3": 0.016720668303950494, "y:4": 0.08574624346241104, "y:5": 0.014282004987775751, "y:6": 0.08041532907310131, "y:7": 0.013806451228865075, "y:8": 0.08692687758163282, "y:9": 0.014413620764617604, "y:10": 0.08676072098475633, "y:11": 0.015281090862095616, "y:12": 0.09008636824041959, "y:13": 0.01645112781258263, "y:14": 0.0839610287280894, "y:15": 0.01679353161348369, "y:16": 0.08635964315011906, "y:17": 0.019218243581721136, "y:18": 0.08716738792576971, "y:19": 0.021035790098469318, "y:20": 0.0910033912282727, "y:21": 0.023906407933102752, "y:22": 0.08620506211059147, "y:23": 0.0268290644689502, "y:24": 0.08341134057682421, "y:25": 0.028512211195342523, "y:26": 0.0842783222006711, "y:27": 0.030362485903255302, "y:28": 0.09208281545974052, "y:29": 0.03607056088257806}, "6": {"y:0": 0.07625979298119578, "y:1": 0.024263377521120226, "y:2": 0.059335679681436715, "y:3": 0.03490553807704486, "y:4": 0.04923375991597603, "y:5": 0.04227304146706841, "y:6": 0.04438036689510286, "y:7": 0.04888092046955274, "y:8": 0.0438298812524038, "y:9": 0.04999202980152706, "y:10": 0.042087092827225184, "y:11": 0.054449346840841614, "y:12": 0.03796251844521405, "y:13": 0.056489263479902685, "y:14": 0.035776067780805644, "y:15": 0.05921314421660671, "y:16": 0.03465006760391564, "y:17": 0.07476717456295963, "y:18": 0.03237103176264419, "y:19": 0.06825924821936642, "y:20": 0.032293000467931834, "y:21": 0.07096949733182469, "y:22": 0.030078614981222294, "y:23": 0.06884055723101415, "y:24": 0.02916037772543955, "y:25": 0.07801644429853771, "y:26": 0.028577280437669633, "y:27": 0.08008435704662957, "y:28": 0.026433373547289998, "y:29": 0.08556934218686187}, "7": {"y:0": 0.06745761253882115, "y:1": 0.026949512459402754, "y:2": 0.05945307567195315, "y:3": 0.03762339425507002, "y:4": 0.05738098278540095, "y:5": 0.04806471469035458, "y:6": 0.05285567426325679, "y:7": 0.04923143238487226, "y:8": 0.0448422285223492, "y:9": 0.05458272995668197, "y:10": 0.03991212299757032, "y:11": 0.055382066856536315, "y:12": 0.038718756499194734, "y:13": 0.05502909522010364, "y:14": 0.03492485519481146, "y:15": 0.05829238918510894, "y:16": 0.03266148188906148, "y:17": 0.06417252956191721, "y:18": 0.030741673257763967, "y:19": 0.06132005528677773, "y:20": 0.028760897761563382, "y:21": 0.07309357132167114, "y:22": 0.025406850742548125, "y:23": 0.07000956803616411, "y:24": 0.025429483171955362, "y:25": 0.07669780984042196, "y:26": 0.024863686301060638, "y:27": 0.07486073147484623, "y:28": 0.02200110921101515, "y:29": 0.07858554999540118}, "8": {"y:0": 0.03335866577504758, "y:1": 0.016451841480500787, "y:2": 0.044094883990755306, "y:3": 0.011307591607776162, "y:4": 0.051953022010792146, "y:5": 0.011354380105356122, "y:6": 0.05806489547423125, "y:7": 0.013016059024355852, "y:8": 0.05648103914935166, "y:9": 0.013877878033988952, "y:10": 0.05256641687611102, "y:11": 0.015484769678147228, "y:12": 0.05540460650946261, "y:13": 0.016385532729096864, "y:14": 0.06050711950479195, "y:15": 0.01722880126169361, "y:16": 0.06813181602252998, "y:17": 0.018884388947556823, "y:18": 0.06265606772475649, "y:19": 0.020724723874389485, "y:20": 0.07112994885666046, "y:21": 0.02323026029644961, "y:22": 0.07320959276198563, "y:23": 0.026278130472824707, "y:24": 0.07202828820070371, "y:25": 0.032197506431262485, "y:26": 0.06832965928012052, "y:27": 0.03006148325688988, "y:28": 0.0697199880703624, "y:29": 0.034466539437933666}, "9": {"y:0": 0.03188170408009178, "y:1": 0.013235662882784664, "y:2": 0.052507727037463765, "y:3": 0.012685061558542708,