{"0": {"y:0": 0.134398075551743, "y:1": 0.02631103131538673, "y:2": 0.14568220367298093, "y:3": 0.019639632723285665, "y:4": 0.13281460032314416, "y:5": 0.015636269969167144, "y:6": 0.1459515194637244, "y:7": 0.016579728467573843, "y:8": 0.1444654942401033, "y:9": 0.01605771018963294, "y:10": 0.13122207117959814, "y:11": 0.021088933329926722, "y:12": 0.12224278631766658, "y:13": 0.023342610612691456, "y:14": 0.12129668829910398, "y:15": 0.02845521024061836, "y:16": 0.13627898156654933, "y:17": 0.02898153179021092, "y:18": 0.12650880310013968, "y:19": 0.03225234200995279, "y:20": 0.1327802149714307, "y:21": 0.04111091968046519, "y:22": 0.15600644669461505, "y:23": 0.03772258115160669, "y:24": 0.1439989146498887, "y:25": 0.04229535431914107, "y:26": 0.1250304744611183, "y:27": 0.04265179348805097, "y:28": 0.1385588347314447, "y:29": 0.045449110850749916}}