{"0": {"y:0": 79.71703719148769, "y:1": 7.109198370743593, "y:2": 5.230390618498455, "y:3": 4.628339844808038, "y:4": 4.089857147729051, "y:5": 3.7771149592932445, "y:6": 3.5878332857590483, "y:7": 3.5197672088882817, "y:8": 3.2867564549950576, "y:9": 3.2888109852444876}}