{"0": {"y:0": 74.21076332275076, "y:1": 6.774722977274268, "y:2": 5.1624555232994025, "y:3": 4.288087817915763, "y:4": 3.7584738575173358, "y:5": 3.4508838641289254, "y:6": 3.3673201573773475, "y:7": 3.193211527725596, "y:8": 3.1323209979135633, "y:9": 2.9807804040177754}}