{"15": {"y:0": 0.09048427669088263, "y:1": 0.7334631321432623, "y:2": 0.672206234980472, "y:3": 0.6915695467855671, "y:4": 0.3623792736984854, "y:5": 0.08975415384820015, "y:6": 0.15411484393772873, "y:7": 0.12324625905626291, "y:8": 0.28150484467835685, "y:9": 0.8012774341807817}}