{"0": {"y:0": 72.30971153313918, "y:1": 7.978807604507012, "y:2": 5.616949301051033, "y:3": 4.902196878481531, "y:4": 4.294469757137401, "y:5": 3.7910952026430356, "y:6": 3.445161424540825, "y:7": 3.309586903062466, "y:8": 3.2123750325408786, "y:9": 3.1421956231664483}, "1": {"y:0": 70.92211443921276, "y:1": 8.278976095974048, "y:2": 6.123232070478988, "y:3": 5.430948402816769, "y:4": 4.892914741723405, "y:5": 4.433170330511806, "y:6": 4.267721074466982, "y:7": 4.0638601248888335, "y:8": 3.9190193974984595, "y:9": 3.842268895301099}, "2": {"y:0": 77.75823368367278, "y:1": 15.81719472355109, "y:2": 11.100909968004432, "y:3": 9.430986039464159, "y:4": 8.451698291676312, "y:5": 7.884262772860309, "y:6": 7.257883064836863, "y:7": 6.931996252455876, "y:8": 6.799826940513648, "y:9": 6.428826580256542}, "3": {"y:0": 75.95609200919283, "y:1": 9.560063095938219, "y:2": 8.031332897606173, "y:3": 7.522740229987869, "y:4": 7.034846626478619, "y:5": 6.72835652437577, "y:6": 6.699824926250351, "y:7": 6.492726255981458, "y:8": 6.504050845024122, "y:9": 6.347767712341334}, "4": {"y:0": 78.92223863904107, "y:1": 9.756046424728686, "y:2": 10.179211431297855, "y:3": 10.398306270744483, "y:4": 10.74866522385341, "y:5": 10.267967314142608, "y:6": 10.167712998608902, "y:7": 9.739954767251168, "y:8": 9.13472683505275, "y:9": 8.697576664648002}, "5": {"y:0": 75.12563579925359, "y:1": 10.903889544609836, "y:2": 10.982626835635177, "y:3": 11.731569126056833, "y:4": 11.747971627707463, "y:5": 11.5304521229555, "y:6": 11.293969878948618, "y:7": 11.015382630644686, "y:8": 10.51546225833964, "y:9": 9.863071887897497}, "6": {"y:0": 75.82270620951806, "y:1": 16.73405877764496, "y:2": 13.331040719065232, "y:3": 14.453635057487864, "y:4": 14.403349850789425, "y:5": 14.012312525762056, "y:6": 13.59289946721026, "y:7": 12.828638657973706, "y:8": 12.063866048945185, "y:9": 11.345058977634645}, "7": {"y:0": 75.27601307457407, "y:1": 30.835203037752432, "y:2": 23.88385173717084, "y:3": 23.544242434021466, "y:4": 23.742326218907728, "y:5": 24.449855747274334, "y:6": 23.323113344934956, "y:7": 20.70559807239287, "y:8": 18.923537915047934, "y:9": 17.026267730562157}, "8": {"y:0": 74.57806276408478, "y:1": 37.10996291712578, "y:2": 30.26830015923763, "y:3": 30.168501179119257, "y:4": 31.160994457720104, "y:5": 32.1236320026575, "y:6": 31.02889618833297, "y:7": 28.20446730616359, "y:8": 24.221249348103058, "y:9": 20.409798938634903}, "9": {"y:0": 74.7274490982981, "y:1": 44.324119555285186, "y:2": 37.97850201241315, "y:3": 39.59176023606751, "y:4": 43.16619418966213, "y:5": 43.099895607434185, "y:6": 39.693496915074675, "y:7": 34.315259474418205, "y:8": 31.02151150625735, "y:9": 26.031015487830697}, "10": {"y:0": 71.97908540208505, "y:1": 51.10297498915211, "y:2": 46.21937443153988, "y:3": 47.0976522406743, "y:4": 50.4820576149328, "y:5": 51.89626270310806, "y:6": 49.166943339449034, "y:7": 44.20891663340658, "y:8": 39.864684012698355, "y:9": 35.38952633650184}, "11": {"y:0": 73.54360703105975, "y:1": 55.55583657963221, "y:2": 51.145066802249694, "y:3": 51.79100668500519, "y:4": 55.6581733251436, "y:5": 56.4614828489651, "y:6": 55.227786275364316, "y:7": 48.756111900835606, "y:8": 44.092225535858326, "y:9": 39.455076219496476}, "12": {"y:0": 75.28414654265063, "y:1": 60.71469559579007, "y:2": 53.818643137672176, "y:3": 56.69064826534129, "y:4": 59.836415253184505, "y:5": 59.21903622376241, "y:6": 61.634414864459835, "y:7": 54.79892572788207, "y:8": 51.45639209966521, "y:9": 47.8281194393588}, "13": {"y:0": 73.8509798173634, "y:1": 61.52793115746145, "y:2": 55.77840935074428, "y:3": 58.08391991542759, "y:4": 60.90941114750376, "y:5": 64.6466302342385, "y:6": 62.58024201407551, "y:7": 57.15032273761298, "y:8": 54.005943121677866, "y:9": 49.32106169108136}, "14": {"y:0": 74.22705606219017, "y:1": 61.945941639462745, "y:2": 57.29986292774842, "y:3": 58.957511757648184, "y:4": 61.438578781919084, "y:5": 62.8301396326376, "y:6": 62.89391277692149, "y:7": 59.434944848480804, "y:8": 57.048706321801944, "y:9": 53.1390157727686}, "15": {"s_p0_0": 1.4821480362253314, "s_p1_0": 1.2160754865569159, "s_p0_1": 1.2256348867452935, "s_p1_1": 1.4432525880464864}, "16": {"s_p0_0": 1.511572795413476, "s_p1_0": 1.2921359367339107, "s_p0_1": 1.261443076861371, "s_p1_1": 1.554200576842373}, "17": {"s_p0_0": 1.6566344873036452, "s_p1_0": 1.576455273684944, "s_p0_1": 1.4245496119139232, "s_p1_1": 1.680718420597094}, "18": {"s_p0_0": 1.6475646379749445, "s_p1_0": 1.4352516039025789, "s_p0_1": 1.3306278094962556, "s_p1_1": 1.5672782497365922}, "19": {"s_p0_0": 1.6973899784701099, "s_p1_0": 1.2102539544616495, "s_p0_1": 1.1600149425030606, "s_p1_1": 1.5534718233699971}, "20": {"s_p0_0": 1.6429016297250432, "s_p1_0": 1.2920766754454107, "s_p0_1": 1.292288410556289, "s_p1_1": 1.4838236088676013}, "21": {"s_p0_0": 1.6471555955996802, "s_p1_0": 1.3562686502843144, "s_p0_1": 1.333231591806607, "s_p1_1": 1.5607868373828624}, "22": {"s_p0_0": 1.5661404115058353, "s_p1_0": 1.2931117633940004, "s_p0_1": 1.276190670665935, "s_p1_1": 1.5010533060482674}}