{"23": {"y:0": 0.18802212584819616, "y:1": 0.050798120960235685, "y:2": 0.08997317555638475, "y:3": 0.05881753759075969, "y:4": 0.06797239060774095, "y:5": 0.06441350345382868, "y:6": 0.13409003527781313, "y:7": 0.06366570257480067, "y:8": 0.0643120478724187, "y:9": 0.25786317898559397, "y:10": 0.22002109746410664, "y:11": 0.08069526029650631, "y:12": 0.12497814766790867, "y:13": 0.2433630399251122, "y:14": 0.1364733244704981, "y:15": 0.16146722501278676, "y:16": 0.09511821854891285, "y:17": 0.24932326999582924, "y:18": 0.19331276487547616, "y:19": 0.07452768259425774, "y:20": 0.1315997533439574, "y:21": 0.08682875334037837, "y:22": 0.15674409207648524, "y:23": 0.07991205423108702, "y:24": 0.10808080351090435, "y:25": 0.0969393496301478, "y:26": 0.10288725037614271, "y:27": 0.13746247946056225, "y:28": 0.03174367266387906, "y:29": 0.09709121955209375, "y:30": 0.11167126807638866, "y:31": 0.08456011928700247, "y:32": 0.07915247812118256, "y:33": 0.06604721788184979, "y:34": 0.2135554064632436, "y:35": 0.16809694470766462, "y:36": 0.09375233249098236, "y:37": 0.0594608944086548, "y:38": 0.1098198935871941, "y:39": 0.1392174238422642, "y:40": 0.06434741699961868, "y:41": 0.11131023471016126, "y:42": 0.041265613633422474, "y:43": 0.0625184432115162, "y:44": 0.11973477750107195, "y:45": 0.05092168960176331, "y:46": 0.05097826744077827, "y:47": 0.046126774790114615, "y:48": 0.011366000834436467, "y:49": 0.11957669271689457, "y:50": 0.014411383249340713, "y:51": 0.10222898417745402, "y:52": 0.054042547818364706, "y:53": 0.10807576502871835, "y:54": 0.05487502070734967, "y:55": 0.09780894262621367, "y:56": 0.03788299077674981, "y:57": 0.07009974187797835, "y:58": 0.04995753393454521, "y:59": 0.04124019632452386, "y:60": 0.10378243378384017, "y:61": 0.10716338331377628, "y:62": 0.10659382170458062, "y:63": 0.052502001659534975, "y:64": 0.03750428965169121, "y:65": 0.028140088287120304, "y:66": 0.04493163037786775, "y:67": 0.026584140963035026, "y:68": 0.020411040800067108, "y:69": 0.04587913516795124, "y:70": 0.03102643399906049, "y:71": 0.04398928764320664, "y:72": 0.07165463844656306, "y:73": 0.027303068853431006, "y:74": 0.04975255354452447, "y:75": 0.034600653660356195, "y:76": 0.020022606363388713, "y:77": 0.04855083472760335, "y:78": 0.04870435517569399, "y:79": 0.03919928232170208, "y:80": 0.02532959918238168, "y:81": 0.06093322680366607, "y:82": 0.0521435107591886, "y:83": 0.026252210138521838, "y:84": 0.022849835977998396, "y:85": 0.019188750027210016, "y:86": 0.02931751075002533, "y:87": 0.020617965097838205, "y:88": 0.006992675012383044, "y:89": 0.07395273180343698, "y:90": 0.050858068835436, "y:91": 0.03881454159922474, "y:92": 0.0464886073205252, "y:93": 0.054318724275336475, "y:94": 0.07643639474037378, "y:95": 0.09495318150493584, "y:96": 0.026632055014648156, "y:97": 0.048751905739098766, "y:98": 0.06620766123742576, "y:99": 0.08806488914310252}}