{"0": {"y:0": 1.6897844214624366e-05, "y:1": 8.964129445883698e-05, "y:2": 0.00011461530654917821, "y:3": 0.0001491409673969724, "y:4": 0.0004976621683567839, "y:5": 0.0002747627152418826, "y:6": 0.0006792594996711626, "y:7": 0.001409572646174042, "y:8": 0.0011644792203700585, "y:9": 0.0005542808061399424, "y:10": 0.0022037635199859775, "y:11": 0.0011162998075660915, "y:12": 0.0027820449963149537, "y:13": 0.004400887061348229, "y:14": 0.0028547110120316077, "y:15": 0.007306621004193228, "y:16": 0.006987753630574107, "y:17": 0.004951524336639406, "y:18": 0.004918111463298739, "y:19": 0.00561657704754813, "y:20": 0.004936065331019586, "y:21": 0.011524507752425698, "y:22": 0.009038456268911714, "y:23": 0.0035879531983492, "y:24": 0.014632088947377084, "y:25": 0.03131224134540724, "y:26": 0.02222993565654022, "y:27": 0.05793655826468051, "y:28": 0.028295943545479645, "y:29": 0.04503620575843861, "y:30": 0.057606786935380995, "y:31": 0.04715741504360902, "y:32": 0.08027468258244501, "y:33": 0.06982244513892047, "y:34": 0.0709414685046622, "y:35": 0.09714894568030409, "y:36": 0.08328890920046948, "y:37": 0.0632623470222539, "y:38": 0.07907931358439496, "y:39": 0.07322225971038022, "y:40": 0.044550450419904214, "y:41": 0.12913893228625145, "y:42": 0.09967174358377878, "y:43": 0.08582520795115749, "y:44": 0.10820965054434194, "y:45": 0.08536002470508444, "y:46": 0.08454052390774197, "y:47": 0.09850579923451402, "y:48": 0.08101269627857376, "y:49": 0.13322673308289557, "y:50": 0.10117260419326905, "y:51": 0.10290486254904008, "y:52": 0.07627249763990328, "y:53": 0.039907422957691716, "y:54": 0.0998634413570065, "y:55": 0.13099759185455565, "y:56": 0.10652476668334365, "y:57": 0.07099442461832711, "y:58": 0.09257889969277837, "y:59": 0.08155860042119525, "y:60": 0.17814642423200985, "y:61": 0.10448369078792985, "y:62": 0.07075367659686185, "y:63": 0.0856690082548246, "y:64": 0.0725446718946484, "y:65": 0.044841449025455046, "y:66": 0.09303879877622859, "y:67": 0.042931382771233845, "y:68": 0.03148280382818604, "y:69": 0.07434946524429571, "y:70": 0.034850578985376336, "y:71": 0.057603754578978365, "y:72": 0.049858920475401115, "y:73": 0.025353502408145906, "y:74": 0.025337044674065043, "y:75": 0.024765055687353828, "y:76": 0.017527704593777973, "y:77": 0.020767953468364166, "y:78": 0.006512480092466507, "y:79": 0.017705346209848555, "y:80": 0.021075348911200397, "y:81": 0.0113115521507236, "y:82": 0.0038252791705521687, "y:83": 0.007116886019906137, "y:84": 0.007593764855231554, "y:85": 0.002104945663626864, "y:86": 0.0037588397700830086, "y:87": 0.0039803090435511345, "y:88": 0.0035687151666516353, "y:89": 0.0013563684890423716, "y:90": 0.0007461168757540634, "y:91": 0.001549446965196546, "y:92": 0.0007542577996644615, "y:93": 0.00021399302274353882, "y:94": 0.0006839373480627552, "y:95": 0.00016298431088569376, "y:96": 0.00021456247952078596, "y:97": 9.006222521947955e-05, "y:98": 9.03332518976086e-05, "y:99": 3.8574114156665796e-05}}