{"0": {"y:0": 76.34481794911073, "y:1": 6.461002100851905, "y:2": 4.698940805168766, "y:3": 4.254252912718472, "y:4": 3.951445934991836, "y:5": 3.574585583540672, "y:6": 3.2906783834274904, "y:7": 3.2537068458138703, "y:8": 3.0246673837084117, "y:9": 2.9226561449216844}}