{"0": {"y:0": 0.1325101022525137, "y:1": 0.13254378996915417, "y:2": 0.19775956689353155, "y:3": 0.198768564192767, "y:4": 0.19650496041726673, "y:5": 0.19926192079734945, "y:6": 0.19965732668925704, "y:7": 0.1986282973777694, "y:8": 0.19698603422823885, "y:9": 0.1989589065336111}, "1": {"y:0": 0.1329657399305027, "y:1": 0.13256376163095068, "y:2": 0.19719561759597642, "y:3": 0.1999605165540401, "y:4": 0.19884880991881504, "y:5": 0.19819716662781633, "y:6": 0.19869254462582966, "y:7": 0.19895118596704853, "y:8": 0.19916508257143067, "y:9": 0.19738691088119162}, "2": {"y:0": 0.14647062555920945, "y:1": 0.1482626153696661, "y:2": 0.40368703772213155, "y:3": 0.4003402771562078, "y:4": 0.4027960643573255, "y:5": 0.3982786725994683, "y:6": 0.4043505322810898, "y:7": 0.39944325147105303, "y:8": 0.401349160540966, "y:9": 0.4043986450264718}, "3": {"y:0": 0.16171725191985142, "y:1": 0.16198892468782874, "y:2": 0.7558970824869389, "y:3": 0.6954122796659145, "y:4": 0.7349879003224474, "y:5": 0.7746972663499424, "y:6": 0.7367014425963353, "y:7": 0.707471859029504, "y:8": 0.7224210964638589, "y:9": 0.7487908529205954}, "4": {"y:0": 0.15924551198038503, "y:1": 0.1592991519690131, "y:2": 1.5227823788611452, "y:3": 1.3618523124289614, "y:4": 1.4277525509899216, "y:5": 1.4393596157837085, "y:6": 1.4900637611960503, "y:7": 1.4071213226468102, "y:8": 1.4403521314991181, "y:9": 1.5396605544002029}, "5": {"y:0": 0.15891954628536298, "y:1": 0.1588836865320927, "y:2": 2.498541811067404, "y:3": 2.12071952893013, "y:4": 2.4297126150940933, "y:5": 2.164214885039597, "y:6": 2.3728000912863654, "y:7": 2.222922802585409, "y:8": 2.309332666366399, "y:9": 2.4508313144759004}, "6": {"y:0": 0.1586445813070926, "y:1": 0.15895589910623098, "y:2": 2.8199719986447227, "y:3": 2.6609691987833095, "y:4": 2.8530917280464307, "y:5": 2.316078549508549, "y:6": 2.9915979252919107, "y:7": 2.8215929987607, "y:8": 2.8426434674374614, "y:9": 2.987897041204266}, "7": {"y:0": 0.15942611360037875, "y:1": 0.15907551886826257, "y:2": 3.092423416272438, "y:3": 2.7208369403140455, "y:4": 3.2143124115724695, "y:5": 2.4480908020951495, "y:6": 3.1854628817374344, "y:7": 2.9825512823383042, "y:8": 3.0699017347663835, "y:9": 3.164859096931065}, "8": {"y:0": 0.15923977492129215, "y:1": 0.15924791654563816, "y:2": 3.1788890129986767, "y:3": 2.894371935854291, "y:4": 3.325070141362263, "y:5": 2.487443278496996, "y:6": 3.3828721260285195, "y:7": 3.1241375011103987, "y:8": 3.2380273284391943, "y:9": 3.373217713971176}, "9": {"y:0": 0.1589242877559176, "y:1": 0.15896988238739745, "y:2": 3.1678227169673634, "y:3": 2.8815936251363463, "y:4": 3.287482743120973, "y:5": 2.4424415716451344, "y:6": 3.2753721117786934, "y:7": 3.0435087826002274, "y:8": 3.1899525034880054, "y:9": 3.24500064878647}, "10": {"y:0": 0.15906291284440852, "y:1": 0.15900148054525276, "y:2": 3.1484231947685526, "y:3": 2.8738225921907254, "y:4": 3.266518231833954, "y:5": 2.4345481208234343, "y:6": 3.2708053271877313, "y:7": 3.0606303060314684, "y:8": 3.1935618153999883, "y:9": 3.2933534152592223}, "11": {"y:0": 0.1591671266143973, "y:1": 0.159151594100094, "y:2": 3.2453984840496886, "y:3": 2.9758445909465774, "y:4": 3.383074666287522, "y:5": 2.4668181196141727, "y:6": 3.389487908411635, "y:7": 3.157290507337283, "y:8": 3.3025785332049833, "y:9": 3.3691439820271967}}