{"0": {"y:0": 0.11353097902151424, "y:1": 0.029761538264891002, "y:2": 0.12366658561953157, "y:3": 0.020129809980906157, "y:4": 0.1355868672401602, "y:5": 0.016343639189395964, "y:6": 0.1437458731604413, "y:7": 0.01520928434923057, "y:8": 0.1329054917615109, "y:9": 0.0165911662277968, "y:10": 0.13702254869235594, "y:11": 0.01909888660517738, "y:12": 0.12998203700650263, "y:13": 0.021870296924578096, "y:14": 0.15045213525294446, "y:15": 0.025844465029651875, "y:16": 0.14557822507673876, "y:17": 0.027426839455627832, "y:18": 0.12444582560884389, "y:19": 0.0308985728262198, "y:20": 0.13619697283642432, "y:21": 0.03163140820446558, "y:22": 0.1368813417133189, "y:23": 0.033689455151716535, "y:24": 0.13176179957298617, "y:25": 0.037622838476746974, "y:26": 0.13800650008916626, "y:27": 0.04219015258541475, "y:28": 0.1390421183854144, "y:29": 0.04145422186664707, "y:30": 0.13362938277344058, "y:31": 0.04000643653381764}, "1": {"y:0": 0.12023781428442241, "y:1": 0.030110087799944868, "y:2": 0.14090239977021307, "y:3": 0.022588051154925206, "y:4": 0.1368608202188771, "y:5": 0.01752346803643074, "y:6": 0.13484918263470505, "y:7": 0.015431327201719667, "y:8": 0.13163423033853414, "y:9": 0.01555916555608004, "y:10": 0.13808866187499994, "y:11": 0.01591699066933116, "y:12": 0.13478604875562358, "y:13": 0.01713484489201518, "y:14": 0.1396850928742163, "y:15": 0.018415518047502258, "y:16": 0.1383475763667951, "y:17": 0.020545586929003733, "y:18": 0.13708377059991564, "y:19": 0.022498507294920964, "y:20": 0.13233152659873243, "y:21": 0.025192540689039797, "y:22": 0.12963085854759346, "y:23": 0.026780737306242444, "y:24": 0.1277860313453874, "y:25": 0.03163957011966111, "y:26": 0.13407444716193775, "y:27": 0.03313659234638738, "y:28": 0.131872348919642, "y:29": 0.033886444160154176, "y:30": 0.13652391626028884, "y:31": 0.035738965941372554}, "2": {"y:0": 0.12103767223173575, "y:1": 0.09648004627579397, "y:2": 0.14251966509782676, "y:3": 0.07332670921293039, "y:4": 0.14766528648198354, "y:5": 0.06508839347859505, "y:6": 0.1346990578405228, "y:7": 0.059858081220786535, "y:8": 0.14142384221335924, "y:9": 0.05274384072965169, "y:10": 0.14829594873853955, "y:11": 0.04783866784114331, "y:12": 0.1392430839121926, "y:13": 0.0425978187650299, "y:14": 0.1505297007865603, "y:15": 0.04184720141675464, "y:16": 0.13832646633208043, "y:17": 0.0371451496524794, "y:18": 0.13971005879765783, "y:19": 0.03480858017443202, "y:20": 0.14811195384108222, "y:21": 0.03263721590223204, "y:22": 0.15085180536386045, "y:23": 0.03100922159917049, "y:24": 0.14239421468703395, "y:25": 0.02920857901016145, "y:26": 0.13962389710330683, "y:27": 0.029566268139609726, "y:28": 0.13796048229688135, "y:29": 0.02727471630102524, "y:30": 0.1493528488578387, "y:31": 0.027135389481582516}, "3": {"y:0": 0.12361553281059473, "y:1": 0.10631081996201172, "y:2": 0.14011596599441253, "y:3": 0.11051461076194062, "y:4": 0.15198107471587907, "y:5": 0.09829575967416829, "y:6": 0.14495425928728692, "y:7": 0.09506457529706464, "y:8": 0.1454222132954931, "y:9": 0.09106976419539423, "y:10": 0.13860065288050955, "y:11": 0.08944557901261652, "y:12": 0.14573276521340256, "y:13": 0.09322955157924662, "y:14": 0.14858561688440058, "y:15": 0.08078866134769054, "y:16": 0.14735011634204095, "y:17": 0.08621667575568423, "y:18": 0.14938979929927826, "y:19": 0.0782947108602073, "y:20": 0.14632474398679848, "y:21": 0.07103675787545531, "y:22": 0.14589136546601697, "y:23": 0.0704673264896282, "y:24": 0.15126875812339863, "y:25": 0.07335823008761028, "y:26": 0.14431150975056048, "y:27": 0.06914202796524536, "y:28": 0.14370392442974356, "y:29": 0.0667281439486361, "y:30": 0.14632543535419093, "y:31": 0.06423978449083402}, "4": {"y:0": 0.11934947938726219, "y:1": 0.1041195756885295, "y:2": 0.13389836997128798, "y:3": 0.1040665898636464, "y:4": 0.15223484413379118, "y:5": 0.10125426153394046, "y:6": 0.14566079968575626, "y:7": 0.10361973370122131, "y:8": 0.15144606024557591, "y:9": 0.10327068211494453, "y:10": 0.15242566391664436, "y:11": 0.09502996535115481, "y:12": 0.15136953778993179, "y:13": 0.09502363990736032, "y:14": 0.1445251511177585, "y:15": 0.08961864637072937, "y:16": 0.1419049820910886, "y:17": 0.08923602412155261, "y:18": 0.14401055437271695, "y:19": 0.08552303323740208, "y:20": 0.1501730862579456, "y:21": 0.08557094965007371, "y:22": 0.1436968136290207, "y:23": 0.08113288461721047, "y:24": 0.14988891033725635, "y:25": 0.08026720944694453, "y:26": 0.14765795388328187, "y:27": 0.0777222075458576, "y:28": 0.14866777108665635, "y:29": 0.07375251701154205, "y:30": 0.1442258978017488, "y:31": 0.07104465764960907}, "5": {"y:0": 0.11363635870295952, "y:1": 0.10107097735923404, "y:2": 0.13586136994069228, "y:3": 0.09791545339688988, "y:4": 0.1394541877718207, "y:5": 0.09795924408415906, "y:6": 0.14536494641925157, "y:7": 0.09190959366161941, "y:8": 0.14483548151111997, "y:9": 0.09244014835348642, "y:10": 0.14598181760530254, "y:11": 0.09242695893273437, "y:12": 0.14137519206739896, "y:13": 0.085736404849837, "y:14": 0.14254615875053817, "y:15": 0.08246519947545625, "y:16": 0.14592175770600932, "y:17": 0.08343820938109749, "y:18": 0.1434647645645528, "y:19": 0.08520326823140167, "y:20": 0.14918430742569416, "y:21": 0.07934170628679624, "y:22": 0.14370725704618148, "y:23": 0.07581835265417233, "y:24": 0.15107747765747712, "y:25": 0.07743392273559216, "y:26": 0.14426230256323244, "y:27": 0.07503066850367457, "y:28": 0.14544573699509553, "y:29": 0.07068104818087913, "y:30": 0.14785231726689194, "y:31": 0.06982731515964631}, "6": {"y:0": 0.10643703704124163, "y:1": 0.09076932403720415, "y:2": 0.13162912467111218, "y:3": 0.08973321315235304, "y:4": 0.1373018903332749, "y:5": 0.08604017096734926, "y:6": 0.14305223838796957, "y:7": 0.08597562749902722, "y:8": 0.14576362126427383, "y:9": 0.08134494803391991, "y:10": 0.14450650333179205, "y:11": 0.0794751384040803, "y:12": 0.14507459634012632, "y:13": 0.07782129585314816, "y:14": 0.14675610461864858, "y:15": 0.07409720792420653, "y:16": 0.1418711695345609, "y:17": 0.07253129074450784, "y:18": 0.14573756372235103, "y:19": 0.0715822716708894, "y:20": 0.14292861701568793, "y:21": 0.07074850690566328, "y:22": 0.14726709622472262, "y:23": 0.0697689911387961, "y:24": 0.14087420479429819, "y:25": 0.06715342786650232, "y:26": 0.14572799076973159, "y:27": 0.06634400980325082, "y:28": 0.14529863435056742, "y:29": 0.06430362039556636, "y:30": 0.14370018897376902, "y:31": 0.0640795769853561}, "7": {"y:0": 0.08897203982991071, "y:1": 0.07509990195985325, "y:2": 0.11865980047792465, "y:3": 0.06892481207098387, "y:4": 0.1291118784780724, "y:5": 0.06462931884594528, "y:6": 0.1363887551072371, "y:7": 0.06374404544374221, "y:8": 0.1335976881757367, "y:9": 0.061446604252367455, "y:10": 0.13467477905910819, "y:11": 0.06117718656742254, "y:12": 0.13504588163701978, "y:13": 0.059691427028479335, "y:14": 0.1365363374156479, "y:15": 0.05810400943139259, "y:16": 0.1371117536309488, "y:17": 0.05592100537538036, "y:18": 0.13621896907143502, "y:19": 0.05531387745570311, "y:20": 0.13594171246379178, "y:21": 0.05279160548035071, "y:22": 0.13946715856551983, "y:23": 0.051389881248648656, "y:24": 0.1401839580242854, "y:25": 0.05151536656292358, "y:26": 0.137969162364983, "y:27": 0.050031417260829616, "y:28": 0.13832880210497622, "y:29": 0.04874691343079869, "y:30": 0.1388335591509304, "y:31": 0.04738969353825242}, "8": {"y:0": 0.053961951276416294, "y:1": 0.037303394449092316, "y:2": 0.08603372414966572, "y:3": 0.02632951317893567, "y:4": 0.10405426147310913, "y:5": 0.023355757818268413, "y:6": 0.11006645668522219, "y:7": 0.02193784451624715, "y:8": 0.1173374725659941, "y:9": 0.020693349325618348, "y:10": 0.116934423086864, "y:11": 0.02069240781473805, "y:12": 0.11540260930619109, "y:13": 0.019983452226312627, "y:14": 0.11329066246979007, "y:15": 0.019626335147692357, "y:16": 0.11673174438591187, "y:17": 0.019566407570404894, "y:18": 0.12025935118865516, "y:19": 0.018875415240639397, "y:20": 0.11746615711462667,