{"3": {"y:0": 0.005735988989470455, "y:1": 0.0820415241805998, "y:2": 0.05272246113020574, "y:3": 0.01600791724658874, "y:4": 0.08304654236403657, "y:5": 0.08087078788640044, "y:6": 0.04204564676566755, "y:7": 0.06675976727271316, "y:8": 0.08924630506658979, "y:9": 0.4815230590977278}}