{"0": {"y:0": 2.141418097997638, "y:1": 0.8093724413163584, "y:2": 0.49498483292871165, "y:3": 0.35898471249614783, "y:4": 0.27622361807330914, "y:5": 0.22848849890965858, "y:6": 0.19416696960931656, "y:7": 0.16994457961883297, "y:8": 0.1489696562963572, "y:9": 0.13153318931804509}, "1": {"y:0": 2.0410664351402503, "y:1": 0.865720959430885, "y:2": 0.5407297435599401, "y:3": 0.3830167471865496, "y:4": 0.2951357597786355, "y:5": 0.24257431408381575, "y:6": 0.2070603611503012, "y:7": 0.1788799882425391, "y:8": 0.1582196210932133, "y:9": 0.14494208206128392}, "2": {"y:0": 3.0260741002840277, "y:1": 1.507550550673565, "y:2": 1.0098754228269384, "y:3": 0.7577612572947948, "y:4": 0.6038823188925712, "y:5": 0.5006675992152742, "y:6": 0.42669157442471145, "y:7": 0.3819423232678307, "y:8": 0.33437782132780924, "y:9": 0.301525660306405}, "3": {"y:0": 2.249961618797604, "y:1": 1.2842626498738117, "y:2": 0.9488252616222396, "y:3": 0.7519566323656041, "y:4": 0.6276825286337667, "y:5": 0.5403130510274637, "y:6": 0.4752545395459198, "y:7": 0.4270030472906582, "y:8": 0.38305581214344425, "y:9": 0.3482768501046005}, "4": {"y:0": 2.1140935651214883, "y:1": 1.2766027741070516, "y:2": 1.0167618367503202, "y:3": 0.8428535399102323, "y:4": 0.7446925489943926, "y:5": 0.6674852752490936, "y:6": 0.6114343977974992, "y:7": 0.5733897989080385, "y:8": 0.5323291128445903, "y:9": 0.49157322082776317}, "5": {"y:0": 2.260030265812887, "y:1": 1.3781665957430187, "y:2": 1.10053773369021, "y:3": 0.9606766885838434, "y:4": 0.8633027479029557, "y:5": 0.8036782042168784, "y:6": 0.7431489698281936, "y:7": 0.7134506496534608, "y:8": 0.6845863298159321, "y:9": 0.6634084537401425}}