{"0": {"y:0": 1.8872625447569171, "y:1": 0.8213776757236106, "y:2": 0.5213125469152117, "y:3": 0.38597654558172867, "y:4": 0.29989967804505335, "y:5": 0.24765367906231875, "y:6": 0.20755489664031432, "y:7": 0.17900337692658988, "y:8": 0.15373952851711245, "y:9": 0.13916673343612848}, "1": {"y:0": 2.0359381669938243, "y:1": 0.8539981348740678, "y:2": 0.529425722892602, "y:3": 0.38313901470837874, "y:4": 0.30344427184517, "y:5": 0.24886780762421554, "y:6": 0.20913283058258578, "y:7": 0.1807841478355363, "y:8": 0.1610388281463917, "y:9": 0.14256334511218038}, "2": {"y:0": 2.8257753978967264, "y:1": 1.4637145094923778, "y:2": 1.0005569827943916, "y:3": 0.7397383571710318, "y:4": 0.5977394086604106, "y:5": 0.4909187853176472, "y:6": 0.4224942212896228, "y:7": 0.36356008565995834, "y:8": 0.3269731924499215, "y:9": 0.28698325773543937}, "3": {"y:0": 2.211478659047752, "y:1": 1.2202712916378056, "y:2": 0.9217335784243819, "y:3": 0.7638072578717998, "y:4": 0.6642184770595404, "y:5": 0.5751079690240242, "y:6": 0.4966511571704079, "y:7": 0.4429783961998538, "y:8": 0.411885648836447, "y:9": 0.37406847262785636}, "4": {"y:0": 2.2014507293298093, "y:1": 1.3369360014873157, "y:2": 1.0404958122253, "y:3": 0.8763746958446968, "y:4": 0.7722567646482157, "y:5": 0.6885868210969741, "y:6": 0.6372505591890086, "y:7": 0.5923092003816359, "y:8": 0.5441220993639441, "y:9": 0.5133859614712695}, "5": {"y:0": 2.4499845924053885, "y:1": 1.5239530304261502, "y:2": 1.2073039601188809, "y:3": 1.0800636332335598, "y:4": 0.9967041758261884, "y:5": 0.9719347656031356, "y:6": 0.9657973970035079, "y:7": 0.9815312271669293, "y:8": 1.0095184457693658, "y:9": 1.027927029348071}, "6": {"y:0": 2.358837450540363, "y:1": 1.455391797673861, "y:2": 1.195693825812343, "y:3": 1.0667780853714557, "y:4": 1.0351667277464471, "y:5": 1.0298307362342471, "y:6": 1.0530738568808915, "y:7": 1.1174386576565876, "y:8": 1.2169627093098438, "y:9": 1.420444576276213}}