{"0": {"y:0": 0.1288956265691615, "y:1": 0.02795234553718763, "y:2": 0.12468216175009132, "y:3": 0.01673231856072601, "y:4": 0.14021075203030997, "y:5": 0.015611879813805414, "y:6": 0.11519710016898657, "y:7": 0.015430589700438091, "y:8": 0.1187480304457672, "y:9": 0.015639260266784454, "y:10": 0.13879124205161125, "y:11": 0.017488601594905416, "y:12": 0.15073779777601257, "y:13": 0.019881468124703743, "y:14": 0.1305623777026515, "y:15": 0.023985056811349798, "y:16": 0.13834266928292116, "y:17": 0.026912513117656373, "y:18": 0.1256713049458489, "y:19": 0.028297691693986538, "y:20": 0.120512507565753, "y:21": 0.029045338849971993, "y:22": 0.12562605645294608, "y:23": 0.030777186962004027, "y:24": 0.16618987538833768, "y:25": 0.0384079942767341, "y:26": 0.14210891792745933, "y:27": 0.04082950451851164, "y:28": 0.14552115950754926, "y:29": 0.03974906065475859, "y:30": 0.1332043732231135, "y:31": 0.04020018641444625}}