{"0": {"y:0": 0.10358279263189409, "y:1": 0.0249808691274963, "y:2": 0.11809920988589667, "y:3": 0.018087831363717347, "y:4": 0.12173575590240113, "y:5": 0.015566887287819834, "y:6": 0.15956779792811923, "y:7": 0.016922936107610576, "y:8": 0.13249735644760854, "y:9": 0.0172238672345508, "y:10": 0.12462701465853122, "y:11": 0.024689767603899324, "y:12": 0.1358894887391153, "y:13": 0.026778196995614362, "y:14": 0.12043997439929888, "y:15": 0.027506995943785067, "y:16": 0.1179383756756598, "y:17": 0.0336809132957244, "y:18": 0.1373767368332958, "y:19": 0.03408136643866464, "y:20": 0.11925519484800513, "y:21": 0.04899712526891997, "y:22": 0.14395354797817206, "y:23": 0.04525389258569829, "y:24": 0.1169799959102391, "y:25": 0.050070127185463296, "y:26": 0.12323459254504057, "y:27": 0.050735609116570435, "y:28": 0.12178583351355898, "y:29": 0.05472318291336429, "y:30": 0.12732795650802806, "y:31": 0.05124517223516857}, "1": {"y:0": 0.13079300215201162, "y:1": 0.02637354894733954, "y:2": 0.1394732009432191, "y:3": 0.018632858469812937, "y:4": 0.12938123421732078, "y:5": 0.015002102776428768, "y:6": 0.13713207243798545, "y:7": 0.015964780797752154, "y:8": 0.13536145326801566, "y:9": 0.019783838461057125, "y:10": 0.13333873116397543, "y:11": 0.02188093912491591, "y:12": 0.11716873326111317, "y:13": 0.025314217421342034, "y:14": 0.13597547650356312, "y:15": 0.03042027953185163, "y:16": 0.13607578874929904, "y:17": 0.03031441062997098, "y:18": 0.14653533323531814, "y:19": 0.03893731749867523, "y:20": 0.13744348454838443, "y:21": 0.03716192699519563, "y:22": 0.13751214026152198, "y:23": 0.03991209944628242, "y:24": 0.1344956131579331, "y:25": 0.040296071065800736, "y:26": 0.13036723607497816, "y:27": 0.03938990372722113, "y:28": 0.14008092934651997, "y:29": 0.04254462815403502, "y:30": 0.1223703489402638, "y:31": 0.04804351621371655}, "2": {"y:0": 0.12762349832746117, "y:1": 0.07179482125473122, "y:2": 0.1339459639330633, "y:3": 0.0657005458285191, "y:4": 0.13885340330947127, "y:5": 0.04712060348042393, "y:6": 0.1435628829624888, "y:7": 0.04352992253215244, "y:8": 0.13523645604467646, "y:9": 0.036159585672437426, "y:10": 0.1440530517834457, "y:11": 0.030787770434025055, "y:12": 0.14281113015718952, "y:13": 0.030990654057746342, "y:14": 0.13743044278122246, "y:15": 0.028170995244756872, "y:16": 0.14103451304944525, "y:17": 0.02600509200489753, "y:18": 0.13881079878427252, "y:19": 0.02638830809433326, "y:20": 0.13280680074137435, "y:21": 0.02429794683208984, "y:22": 0.13575437599264648, "y:23": 0.021496730960423985, "y:24": 0.12652810193805308, "y:25": 0.02186902711485032, "y:26": 0.129489833875697, "y:27": 0.02173086540476091, "y:28": 0.12603252215352304, "y:29": 0.01998466837997158, "y:30": 0.13971446427190398, "y:31": 0.019570312316249287}, "3": {"y:0": 0.08771585800237665, "y:1": 0.05404843765504642, "y:2": 0.10886681100129639, "y:3": 0.04399496626965149, "y:4": 0.11451714363333618, "y:5": 0.03911354109138399, "y:6": 0.12595149703398192, "y:7": 0.034560896709880724, "y:8": 0.11996390000810402, "y:9": 0.029775776498236824, "y:10": 0.11585203692368874, "y:11": 0.028505620613551216, "y:12": 0.11526003492586463, "y:13": 0.026256323718997193, "y:14": 0.11638506275186278, "y:15": 0.024182592843986207, "y:16": 0.11328294793582667, "y:17": 0.022966039297144213, "y:18": 0.11485574985342764, "y:19": 0.02157736458250267, "y:20": 0.11035791410561141, "y:21": 0.0201001442548888, "y:22": 0.10519103181572369, "y:23": 0.019480729734210313, "y:24": 0.11418062485743771, "y:25": 0.01947245295865956, "y:26": 0.11260138382934422, "y:27": 0.017990476297630658, "y:28": 0.12251510782771743, "y:29": 0.017642582356335323, "y:30": 0.11130552339435212, "y:31": 0.0168891257903211}, "4": {"y:0": 0.06502859318122767, "y:1": 0.016124788119912754, "y:2": 0.07786363217010296, "y:3": 0.010680870111879357, "y:4": 0.08079393760076031, "y:5": 0.01132882819368229, "y:6": 0.07834227161506317, "y:7": 0.01246876679784859, "y:8": 0.0872455469127588, "y:9": 0.013794817736499461, "y:10": 0.08244095221727174, "y:11": 0.01427672041632399, "y:12": 0.09092061894284927, "y:13": 0.01616096488576841, "y:14": 0.07723829666573909, "y:15": 0.019336410832431965, "y:16": 0.0829563224157662, "y:17": 0.018723339481544594, "y:18": 0.08119545381076777, "y:19": 0.020530635416068182, "y:20": 0.0819242336095697, "y:21": 0.02510173574448639, "y:22": 0.07779632155627474, "y:23": 0.027649492349086827, "y:24": 0.08320395859009541, "y:25": 0.029760381106898135, "y:26": 0.08163347118178568, "y:27": 0.03170572930025093, "y:28": 0.06969324538019886, "y:29": 0.03334956109995062, "y:30": 0.0759505004295276, "y:31": 0.03533811803542002}, "5": {"y:0": 0.05422765828291328, "y:1": 0.027027714998204666, "y:2": 0.05309777776172138, "y:3": 0.03990796326725873, "y:4": 0.05240218335397912, "y:5": 0.05211013090841498, "y:6": 0.04600855820090471, "y:7": 0.056030334342497955, "y:8": 0.04510414846939693, "y:9": 0.06284201835395001, "y:10": 0.0437418529294643, "y:11": 0.06843742714543659, "y:12": 0.03955642973332561, "y:13": 0.06870802283534021, "y:14": 0.0364550167009803, "y:15": 0.07707968766660347, "y:16": 0.036500252403267784, "y:17": 0.07798199093539851, "y:18": 0.03395469221984025, "y:19": 0.08360492117014362, "y:20": 0.03138754278363145, "y:21": 0.09241843809063043, "y:22": 0.02900712462022024, "y:23": 0.08023168001785456, "y:24": 0.030530831029253632, "y:25": 0.08546182312946154, "y:26": 0.0278896808321656, "y:27": 0.08672217559200826, "y:28": 0.02691215156656372, "y:29": 0.0847043561404918, "y:30": 0.024624769213766474, "y:31": 0.09025120028807573}, "6": {"y:0": 0.05046405059333034, "y:1": 0.016357041201226656, "y:2": 0.043444642215911065, "y:3": 0.021995350518902942, "y:4": 0.04232083546224686, "y:5": 0.027824307947893392, "y:6": 0.03825877014308587, "y:7": 0.03351195409314647, "y:8": 0.035844778894349415, "y:9": 0.0338967383618584, "y:10": 0.0328143196740171, "y:11": 0.03729722198405989, "y:12": 0.030685459803759595, "y:13": 0.037617996383805564, "y:14": 0.027034181982110085, "y:15": 0.0392895206717309, "y:16": 0.02515361120663064, "y:17": 0.03984846319907443, "y:18": 0.024681479825364113, "y:19": 0.04223636796135294, "y:20": 0.02224599253857838, "y:21": 0.0420518589813387, "y:22": 0.022577609849387822, "y:23": 0.04485337301222395, "y:24": 0.021156862747186648, "y:25": 0.046406438436989064, "y:26": 0.021195989032818666, "y:27": 0.048973582228495474, "y:28": 0.02159501412031215, "y:29": 0.05241423300230591, "y:30": 0.02069070355441157, "y:31": 0.05111754450669699}, "7": {"y:0": 0.02414892002078494, "y:1": 0.014974658238769608, "y:2": 0.033248315756711666, "y:3": 0.006502717276773738, "y:4": 0.04727541939288366, "y:5": 0.006211215734286561, "y:6": 0.06135847074304772, "y:7": 0.0069824533737539675, "y:8": 0.06693675545945312, "y:9": 0.007114295670660021, "y:10": 0.06090881969390626, "y:11": 0.0072370430179187735, "y:12": 0.06415931163259013, "y:13": 0.0075567689312420715, "y:14": 0.07141754107079246, "y:15": 0.007674077163630591, "y:16": 0.06304435616760741, "y:17": 0.008448823631449179, "y:18": 0.06746537980415218, "y:19": 0.008479890595867241, "y:20": 0.0663770343358875, "y:21": 0.008881767957112182, "y:22": 0.07136726792558508, "y:23": 0.010065102034084405, "y:24": 0.07275886139707126, "y:25": 0.010193964280748669, "y:26": 0.07559010546879028, "y:27": 0.011201738354842356, "y:28": 0.0718189807976205, "y:29": 0.012420734598754115, "y:30": 0.07717089160270402, "y:31": 0.012257921284131466}, "8": {"y:0": 0.020550116066488138, "y:1": 0.014530261942563193, "y:2": 0.027612842888769373, "y:3": 0.0060280312768709295, "y:4": 0.05517054429146805, "y:5": 0.005637135343404737, "y:6": 0.07739801666020042, "y:7": 0.005701150210381567, "y:8": 0.07576717700152195, "y:9": 0.00598510155357679, "y:10": 0.08614963097139948, "y:11": 0.006077518580089268, "y:12": 0.08461528569859439, "y:13": 0.006172647122531264, "y:14": 0.08444236995332581, "y:15": 0.0065276314519549, "y:16": 0.08574910673145243, "y:17": 0.0066595879632591615,