{"0": {"y:0": 0.40734218389227844, "y:1": 0.41074849001772595, "y:2": 0.4094270424376813, "y:3": 0.40727141844002007, "y:4": 0.40797882145691255, "y:5": 0.40560087464920475, "y:6": 0.4028644752401152, "y:7": 0.4041255866211793, "y:8": 0.41008618014182885, "y:9": 0.4065951040914768}}