{"23": {"y:0": 1.7949916761355273, "y:1": 0.7105541973234072, "y:2": 1.4747028286352792, "y:3": 1.2884687886416981, "y:4": 0.6766969040135812, "y:5": 0.4430285271682328, "y:6": 1.6115570780822737}}