{"0": {"y:0": 71.19175640064974, "y:1": 7.638186296717789, "y:2": 5.606923712163649, "y:3": 4.935046629546867, "y:4": 4.4080634845210565, "y:5": 4.035087556412592, "y:6": 3.7863585476684083, "y:7": 3.7247066430508493, "y:8": 3.5040424483669885, "y:9": 3.4032441851063995}, "1": {"y:0": 73.72517125999201, "y:1": 6.544566763489532, "y:2": 4.7955623155114235, "y:3": 4.302480373433285, "y:4": 3.898120960482295, "y:5": 3.583636925347292, "y:6": 3.461309083128037, "y:7": 3.2323228635442813, "y:8": 3.137579305729316, "y:9": 2.985442060309269}, "2": {"y:0": 71.53580327469854, "y:1": 18.927089305699646, "y:2": 13.770462397118072, "y:3": 11.751714573806877, "y:4": 10.851539885219616, "y:5": 9.942118076652775, "y:6": 9.19282525498144, "y:7": 8.50987056953476, "y:8": 8.267106201714371, "y:9": 8.093324002534404}, "3": {"y:0": 74.07568073324886, "y:1": 12.450025888463884, "y:2": 9.779508168812725, "y:3": 8.718568430015726, "y:4": 7.982745244086699, "y:5": 7.674112804463283, "y:6": 7.262957844996324, "y:7": 6.994668228219742, "y:8": 6.7791356223220545, "y:9": 6.606573521125629}, "4": {"y:0": 76.81645023135678, "y:1": 13.332495851478676, "y:2": 12.144734685877571, "y:3": 11.755794727922167, "y:4": 11.196845475033385, "y:5": 10.385829676544937, "y:6": 9.988891036423198, "y:7": 9.402665077722956, "y:8": 9.030745423819498, "y:9": 8.6761021881799}, "5": {"y:0": 73.04680143169362, "y:1": 17.747415633309416, "y:2": 15.280642112232687, "y:3": 14.3546253425414, "y:4": 13.258015454686978, "y:5": 11.965286390345028, "y:6": 11.325707121128191, "y:7": 10.459028935954105, "y:8": 9.680628719195417, "y:9": 9.14479205231764}, "6": {"y:0": 75.47333467410294, "y:1": 36.237143805978505, "y:2": 27.214391639952176, "y:3": 23.06395862634528, "y:4": 21.054477038872843, "y:5": 19.496491584822216, "y:6": 17.701971702671756, "y:7": 16.507344345346635, "y:8": 15.284443642678735, "y:9": 13.95102298207336}, "7": {"y:0": 73.57050963396252, "y:1": 50.56214765809647, "y:2": 37.899326967859714, "y:3": 32.48661721251091, "y:4": 29.37085525054346, "y:5": 26.74691214264826, "y:6": 24.27802904174399, "y:7": 21.93080416346477, "y:8": 20.580031074438978, "y:9": 18.097241404465763}, "8": {"y:0": 73.24908255103344, "y:1": 51.78330447156966, "y:2": 42.56670692651613, "y:3": 38.418113177011506, "y:4": 35.2297731045548, "y:5": 32.08195312461528, "y:6": 28.698311669925534, "y:7": 25.877311457152533, "y:8": 23.41534412604832, "y:9": 20.98469199771302}, "9": {"y:0": 73.73981730059757, "y:1": 54.28961497608219, "y:2": 43.93384343518532, "y:3": 39.80626690077766, "y:4": 36.33632374470616, "y:5": 32.95487300196733, "y:6": 29.455846890134804, "y:7": 26.278956064462278, "y:8": 23.34369749115449, "y:9": 20.508643297767364}, "10": {"y:0": 75.33696771809929, "y:1": 55.94857258089915, "y:2": 46.99543318864181, "y:3": 42.5932388557147, "y:4": 40.1995917513013, "y:5": 37.75145899493184, "y:6": 33.66614406569294, "y:7": 30.457687626584388, "y:8": 27.350841262749842, "y:9": 24.7307992692761}, "11": {"y:0": 74.13376277892695, "y:1": 58.96853099286564, "y:2": 49.2263251499279, "y:3": 45.5321666851014, "y:4": 42.78012247874789, "y:5": 39.86905571791865, "y:6": 36.16581508614569, "y:7": 32.782484057071905, "y:8": 29.174343866148604, "y:9": 25.972241843341944}, "12": {"y:0": 73.97773802290403, "y:1": 59.36274197548363, "y:2": 49.606810454303435, "y:3": 46.06973747722291, "y:4": 44.06917939151315, "y:5": 41.77837171311713, "y:6": 38.85770291067491, "y:7": 35.33606389741649, "y:8": 31.47735321743352, "y:9": 27.851852062152467}}