{"0": {"y:0": 75.63849108709263, "y:1": 7.6517658428831705, "y:2": 5.931209651840906, "y:3": 5.042049431191332, "y:4": 4.831815260514253, "y:5": 4.303985116309616, "y:6": 4.185689481215605, "y:7": 4.026540802604124, "y:8": 3.8338589404886734, "y:9": 3.650760546109682}}