{"0": {"y:0": 0.10646319079275424, "y:1": 0.025839061754828706, "y:2": 0.10885203038756723, "y:3": 0.01731274939827403, "y:4": 0.13539805840631727, "y:5": 0.016011878497557138, "y:6": 0.12049284923680188, "y:7": 0.0194236909546309, "y:8": 0.12497925215505241, "y:9": 0.021362037725792843, "y:10": 0.1246084365321399, "y:11": 0.030298473014384854, "y:12": 0.1218615535591788, "y:13": 0.030697493498576516, "y:14": 0.15420775899806727, "y:15": 0.037541539977145336, "y:16": 0.13496328264696855, "y:17": 0.03679748481492393, "y:18": 0.13683652591918943, "y:19": 0.040939131800464434, "y:20": 0.13566686836080796, "y:21": 0.050614208618073406, "y:22": 0.12672348223684146, "y:23": 0.04538597863889394, "y:24": 0.14745294067863998, "y:25": 0.05300459606798113, "y:26": 0.1350043949365227, "y:27": 0.051238294948597905, "y:28": 0.12732862321800215, "y:29": 0.04408408461318098}, "1": {"y:0": 0.12029748895326156, "y:1": 0.026859475465409195, "y:2": 0.13084266986491327, "y:3": 0.017483955873958814, "y:4": 0.132527695279821, "y:5": 0.015414034668535165, "y:6": 0.1271848017807415, "y:7": 0.01556333128922141, "y:8": 0.11827921212932103, "y:9": 0.018480059563820473, "y:10": 0.13230281431819996, "y:11": 0.02336742064959757, "y:12": 0.13537014546627418, "y:13": 0.02550662641729811, "y:14": 0.13693004285854263, "y:15": 0.027920688534223664, "y:16": 0.1389537899546378, "y:17": 0.030887632431196646, "y:18": 0.14328422438743957, "y:19": 0.034306276167609624, "y:20": 0.12871236713000997, "y:21": 0.039463964885445894, "y:22": 0.14306621081773796, "y:23": 0.04224133091920431, "y:24": 0.12610589519509594, "y:25": 0.044676465959734186, "y:26": 0.12746882871687362, "y:27": 0.04364374351131486, "y:28": 0.13496509421428982, "y:29": 0.04783285855090356}, "2": {"y:0": 0.11306879099663818, "y:1": 0.048593199704520175, "y:2": 0.1179126799631101, "y:3": 0.0326514041197488, "y:4": 0.12627262085955285, "y:5": 0.02783372564613453, "y:6": 0.14266071602209454, "y:7": 0.023368568060972275, "y:8": 0.13209454946809138, "y:9": 0.02099376680652172, "y:10": 0.12088128311853626, "y:11": 0.01846269201930897, "y:12": 0.13033291501645897, "y:13": 0.017561165181955912, "y:14": 0.12650101055315294, "y:15": 0.017055692815870334, "y:16": 0.12880711957828492, "y:17": 0.017008190619469368, "y:18": 0.13035541754689994, "y:19": 0.017078444846174087, "y:20": 0.1311257816595909, "y:21": 0.018807204376881225, "y:22": 0.12149753873419625, "y:23": 0.019030183141639855, "y:24": 0.12177935734088771, "y:25": 0.020669713115062816, "y:26": 0.13529708704837426, "y:27": 0.022099392732968993, "y:28": 0.12357240851111409, "y:29": 0.02303516725639743}, "3": {"y:0": 0.1049715061533178, "y:1": 0.037264413901849064, "y:2": 0.11895847068532342, "y:3": 0.028554775966787516, "y:4": 0.11603291923438758, "y:5": 0.02214732121744229, "y:6": 0.1232177416362906, "y:7": 0.019030676261116625, "y:8": 0.12266158018083342, "y:9": 0.017031625837740635, "y:10": 0.1311891693432049, "y:11": 0.016287378261913312, "y:12": 0.12140079721364057, "y:13": 0.016221651776641793, "y:14": 0.1251719310821562, "y:15": 0.017294075769325446, "y:16": 0.12055256900313208, "y:17": 0.018792011486807786, "y:18": 0.11888195797205933, "y:19": 0.0193848389269763, "y:20": 0.11605903248327656, "y:21": 0.020502314459624957, "y:22": 0.11378520559120946, "y:23": 0.023515808061878134, "y:24": 0.11315474286056816, "y:25": 0.02434138204308201, "y:26": 0.11961451003067754, "y:27": 0.026754933426100018, "y:28": 0.1232162679667539, "y:29": 0.02968746111013605}, "4": {"y:0": 0.07021141553340846, "y:1": 0.017704664758442595, "y:2": 0.0795320310053203, "y:3": 0.014721389399860885, "y:4": 0.08630137734966507, "y:5": 0.018347999015300053, "y:6": 0.08505133410142678, "y:7": 0.023453052488043434, "y:8": 0.08665146515236784, "y:9": 0.029306591233177554, "y:10": 0.08633989182009714, "y:11": 0.03120257368803008, "y:12": 0.08429519272135999, "y:13": 0.03793626910741322, "y:14": 0.08914922841356732, "y:15": 0.03873672175799325, "y:16": 0.07707156499562866, "y:17": 0.044279560032091256, "y:18": 0.08266509230700948, "y:19": 0.04701858546239353, "y:20": 0.08197138599741034, "y:21": 0.04953607403499188, "y:22": 0.08814190804782843, "y:23": 0.044491068437926315, "y:24": 0.08024964797402478, "y:25": 0.05180600291997892, "y:26": 0.08227124251905579, "y:27": 0.05390386732418103, "y:28": 0.0866942372477931, "y:29": 0.054631894352228455}, "5": {"y:0": 0.07304209468311018, "y:1": 0.04595534007994771, "y:2": 0.06391919194734655, "y:3": 0.06918186678112999, "y:4": 0.0639129458441533, "y:5": 0.08706158490565939, "y:6": 0.05444408938278012, "y:7": 0.08957842755353318, "y:8": 0.0538822124452735, "y:9": 0.08296217667291494, "y:10": 0.053301721268228484, "y:11": 0.09951771471553758, "y:12": 0.04463303387135614, "y:13": 0.09468480474858838, "y:14": 0.04058841914329623, "y:15": 0.10736671819914304, "y:16": 0.04076538385894231, "y:17": 0.1084596410352087, "y:18": 0.04002570494137226, "y:19": 0.101365832804808, "y:20": 0.0353356566446835, "y:21": 0.0979788441809047, "y:22": 0.033771441695964764, "y:23": 0.1025028866512999, "y:24": 0.03227012172697111, "y:25": 0.11388621052658443, "y:26": 0.03164651902568017, "y:27": 0.10809377003130459, "y:28": 0.02891454463070865, "y:29": 0.11133491953519684}, "6": {"y:0": 0.0780337052676808, "y:1": 0.04749339509635877, "y:2": 0.06324411662027853, "y:3": 0.06771353134693572, "y:4": 0.06066233597038609, "y:5": 0.06643836854355409, "y:6": 0.05259458393464172, "y:7": 0.08358170734131833, "y:8": 0.04855423587273387, "y:9": 0.08496132801604145, "y:10": 0.04703275883870532, "y:11": 0.08832473340221265, "y:12": 0.039017476262533116, "y:13": 0.09032613538920033, "y:14": 0.03914388477758302, "y:15": 0.08526274702254963, "y:16": 0.03444413736102647, "y:17": 0.09504315319915259, "y:18": 0.032458101007643236, "y:19": 0.09665355425323806, "y:20": 0.029424776662808648, "y:21": 0.09612534781207357, "y:22": 0.028725593344885562, "y:23": 0.0923987569496268, "y:24": 0.024987897113662266, "y:25": 0.0930399281918643, "y:26": 0.02514424159233369, "y:27": 0.10181288156728559, "y:28": 0.025023996028896205, "y:29": 0.10740159453863392}, "7": {"y:0": 0.06928651148428851, "y:1": 0.02838174900508316, "y:2": 0.0725226128469438, "y:3": 0.016205425676150177, "y:4": 0.09262162943042325, "y:5": 0.014564290009760303, "y:6": 0.0840828301154951, "y:7": 0.014726276903623017, "y:8": 0.10237727449743979, "y:9": 0.01457518361742028, "y:10": 0.0872410885394166, "y:11": 0.014981448073199984, "y:12": 0.09082770100244951, "y:13": 0.01658574287290427, "y:14": 0.08987871384996292, "y:15": 0.01886239800701343, "y:16": 0.09009417236062232, "y:17": 0.01823626883658848, "y:18": 0.09382282143549416, "y:19": 0.020991965525424754, "y:20": 0.08924112941792724, "y:21": 0.023418660427338766, "y:22": 0.0937926997188284, "y:23": 0.025690460993670807, "y:24": 0.08853646453508246, "y:25": 0.027184536362619686, "y:26": 0.09377290723504952, "y:27": 0.03388030093601932, "y:28": 0.08712535239947898, "y:29": 0.03229358634419752}, "8": {"y:0": 0.06014523118210753, "y:1": 0.041098493427508584, "y:2": 0.07901612881171463, "y:3": 0.026121688028791158, "y:4": 0.08760511223783563, "y:5": 0.021583935686615697, "y:6": 0.10064435163551125, "y:7": 0.020907870782464023, "y:8": 0.1101703564324807, "y:9": 0.019075838081909255, "y:10": 0.09785564478817846, "y:11": 0.020920245494133058, "y:12": 0.11186682881108122, "y:13": 0.02155270544206274, "y:14": 0.1239837899082866, "y:15": 0.020344523916495882, "y:16": 0.12647213470251298, "y:17": 0.019850799341488985, "y:18": 0.11936841898618084, "y:19": 0.019581877103307686, "y:20": 0.10824415080875828, "y:21": 0.018737966121739755, "y:22": 0.11374893623289987, "y:23": 0.018725561609609497, "y:24": 0.12079075148990336, "y:25": 0.017858420707377646, "y:26": 0.11071399558025456, "y:27": 0.017818551709788046, "y:28": 0.12087349852154657, "y:29": 0.01805503451100321}, "9": {"y:0": 0.05501489481879412, "y:1": 0.029043096328838284, "y:2": 0.06869107299595488, "y:3": 0.01931547190562932, "y:4": 0.07828029056920578,