{"0": {"y:0": 0.11272624262724101, "y:1": 0.027571658824879382, "y:2": 0.11925019109755995, "y:3": 0.017852912500468186, "y:4": 0.13822987399632689, "y:5": 0.015857503066660093, "y:6": 0.1250941364957837, "y:7": 0.018937315909332626, "y:8": 0.1341660235683014, "y:9": 0.02007043288522492, "y:10": 0.1575617068328142, "y:11": 0.022987293691403742, "y:12": 0.12578372032599983, "y:13": 0.028423544331599264, "y:14": 0.14936754105985492, "y:15": 0.03171452645170109, "y:16": 0.13896645281039977, "y:17": 0.03463387601279053, "y:18": 0.13114612107429935, "y:19": 0.03550226482195893, "y:20": 0.1431929509858113, "y:21": 0.04066145345661624, "y:22": 0.15764011386546928, "y:23": 0.040612575792008936, "y:24": 0.14012914471357127, "y:25": 0.04594074069899436, "y:26": 0.13746141719137056, "y:27": 0.053165176198809914, "y:28": 0.14431147861600846, "y:29": 0.047391492793657806, "y:30": 0.15293999365966598, "y:31": 0.05306540840116412}, "1": {"y:0": 0.11631410228502165, "y:1": 0.02930178377834894, "y:2": 0.1297660401300515, "y:3": 0.018165914390727587, "y:4": 0.1306647905735858, "y:5": 0.014997765009077131, "y:6": 0.13731921237908834, "y:7": 0.014722659358455365, "y:8": 0.1349279890020794, "y:9": 0.015591134453318854, "y:10": 0.1372914475484864, "y:11": 0.016602360938772594, "y:12": 0.1458402213343126, "y:13": 0.01859415794764923, "y:14": 0.14116955606647272, "y:15": 0.020181562745120934, "y:16": 0.12844215325113809, "y:17": 0.025168087249489136, "y:18": 0.12318471164262954, "y:19": 0.02489045755548316, "y:20": 0.13393070528181908, "y:21": 0.03038549966851919, "y:22": 0.13411514465846394, "y:23": 0.0332763443246104, "y:24": 0.14431238129205132, "y:25": 0.03205537028224024, "y:26": 0.140546470881404, "y:27": 0.03728990126370193, "y:28": 0.12201147708406564, "y:29": 0.03718535789583917, "y:30": 0.1334732736828928, "y:31": 0.03596326524510504}, "2": {"y:0": 0.1133220685834117, "y:1": 0.06546014898590499, "y:2": 0.12313223396451467, "y:3": 0.05093496474589479, "y:4": 0.13672902849105245, "y:5": 0.04078133472658896, "y:6": 0.1400088742864109, "y:7": 0.037802493868731336, "y:8": 0.13147451891944134, "y:9": 0.03292438639006324, "y:10": 0.1244581017675215, "y:11": 0.02778904567805374, "y:12": 0.1271488096193069, "y:13": 0.024516290480567048, "y:14": 0.1490404587680242, "y:15": 0.02583790928558174, "y:16": 0.1435415963812696, "y:17": 0.022705179751976935, "y:18": 0.1296664869936513, "y:19": 0.02133352689697035, "y:20": 0.1259813114594976, "y:21": 0.020400015393796583, "y:22": 0.1319362924286548, "y:23": 0.02006060018226685, "y:24": 0.13363325360335646, "y:25": 0.01939749926954593, "y:26": 0.1249508438451364, "y:27": 0.019402904929060914, "y:28": 0.13508822116051294, "y:29": 0.019082424959727503, "y:30": 0.12796330734070696, "y:31": 0.018475793299991647}, "3": {"y:0": 0.09834629221455135, "y:1": 0.047353140026202306, "y:2": 0.11209639453143676, "y:3": 0.040783447107252166, "y:4": 0.12277118186297936, "y:5": 0.03538785981863272, "y:6": 0.1183645771395887, "y:7": 0.030920269328402698, "y:8": 0.12359973652893813, "y:9": 0.026533089572317363, "y:10": 0.12118275756277169, "y:11": 0.02362949636607601, "y:12": 0.12453331894065771, "y:13": 0.02287454513386595, "y:14": 0.11555987789949004, "y:15": 0.021624319709939128, "y:16": 0.11891819072751962, "y:17": 0.01926193902221164, "y:18": 0.1186883019816466, "y:19": 0.018895936212724153, "y:20": 0.11774401395958538, "y:21": 0.018535215556055765, "y:22": 0.11761706260945363, "y:23": 0.017969343229282116, "y:24": 0.12036824917848159, "y:25": 0.017853414286994107, "y:26": 0.128012821631444, "y:27": 0.01774666222857264, "y:28": 0.10839515058071632, "y:29": 0.017662417805722922, "y:30": 0.12308703510566163, "y:31": 0.018187175731249363}, "4": {"y:0": 0.07038534234084655, "y:1": 0.01748207586645847, "y:2": 0.08114056855821061, "y:3": 0.01474312199384252, "y:4": 0.09376073503581497, "y:5": 0.016121203436402273, "y:6": 0.08578381467953551, "y:7": 0.0193040448081828, "y:8": 0.08586344402734801, "y:9": 0.022702567939736885, "y:10": 0.08647487062412243, "y:11": 0.024319531557455597, "y:12": 0.08869975822313944, "y:13": 0.03131744653288017, "y:14": 0.08078661433323518, "y:15": 0.033956152781846084, "y:16": 0.08013831560115407, "y:17": 0.03545862071209262, "y:18": 0.08572225006593996, "y:19": 0.03810652046679781, "y:20": 0.07742409945862895, "y:21": 0.038111521236083246, "y:22": 0.07950492141236692, "y:23": 0.04134986055135557, "y:24": 0.08534677178617955, "y:25": 0.04449124367936547, "y:26": 0.07827991124215826, "y:27": 0.04659082976267932, "y:28": 0.08440804571582634, "y:29": 0.04472854766233711, "y:30": 0.07703172137991357, "y:31": 0.05144881363667803}, "5": {"y:0": 0.07008728917145898, "y:1": 0.05552173694832327, "y:2": 0.058642617971399136, "y:3": 0.07870107981969686, "y:4": 0.059547272711729944, "y:5": 0.08599275697804556, "y:6": 0.055781972705633405, "y:7": 0.09375283858229255, "y:8": 0.05389747061172391, "y:9": 0.10266262901299672, "y:10": 0.053457457578755044, "y:11": 0.10153131242539795, "y:12": 0.05010093052109899, "y:13": 0.10887886574881783, "y:14": 0.043371255924517876, "y:15": 0.11047689515275008, "y:16": 0.045167662038443745, "y:17": 0.11082229135755482, "y:18": 0.03812781402059893, "y:19": 0.10910907236915832, "y:20": 0.03617879312016862, "y:21": 0.1065939166233789, "y:22": 0.035202715933194906, "y:23": 0.10867639035595203, "y:24": 0.03222965116744438, "y:25": 0.10741426441546968, "y:26": 0.0316353819445188, "y:27": 0.1409349920350592, "y:28": 0.029926440401045588, "y:29": 0.10749869347212793, "y:30": 0.027547895734571212, "y:31": 0.1208698207248233}, "6": {"y:0": 0.08642577680298424, "y:1": 0.059017202473320256, "y:2": 0.07152795156364361, "y:3": 0.07753239497723662, "y:4": 0.07013561609142913, "y:5": 0.08280884799413621, "y:6": 0.06493039830331257, "y:7": 0.08797628097680547, "y:8": 0.052213482209571636, "y:9": 0.093516787457332, "y:10": 0.05518424831214389, "y:11": 0.09030282884273122, "y:12": 0.050858900495717195, "y:13": 0.09544442817481029, "y:14": 0.04399286256685851, "y:15": 0.09950057354188245, "y:16": 0.043557548270664, "y:17": 0.10192840192815823, "y:18": 0.04140130037996253, "y:19": 0.09866689389733475, "y:20": 0.041051890214276576, "y:21": 0.09574427868073387, "y:22": 0.03654240449989901, "y:23": 0.09935251432442503, "y:24": 0.03189351066865227, "y:25": 0.10394485525217775, "y:26": 0.031236163073556762, "y:27": 0.10930993816297427, "y:28": 0.029503103275014934, "y:29": 0.11414823590671534, "y:30": 0.02560939468650301, "y:31": 0.1104207732056927}, "7": {"y:0": 0.05839414720254337, "y:1": 0.017169020598665513, "y:2": 0.05168001809168937, "y:3": 0.01727876397090155, "y:4": 0.0457081775576204, "y:5": 0.01930603114699817, "y:6": 0.04262813765599757, "y:7": 0.02468828287100648, "y:8": 0.03949718329666292, "y:9": 0.03001187197314254, "y:10": 0.036355370672830935, "y:11": 0.03230030295944942, "y:12": 0.03460902661576766, "y:13": 0.04031692451181167, "y:14": 0.03483300277763619, "y:15": 0.040925001764403654, "y:16": 0.03131468889542399, "y:17": 0.04430588420782309, "y:18": 0.030579499594185145, "y:19": 0.04762040649485872, "y:20": 0.028504058868579575, "y:21": 0.050292104300816834, "y:22": 0.026025439966542486, "y:23": 0.050761566351515706, "y:24": 0.02629312112299023, "y:25": 0.050423681568208145, "y:26": 0.025737065543428975, "y:27": 0.054107517701808314, "y:28": 0.0242405372265056, "y:29": 0.05857757719777737, "y:30": 0.026407351829040904, "y:31": 0.05625788757226938}, "8": {"y:0": 0.04853685568920916, "y:1": 0.03459378420524907, "y:2": 0.034112649882859884, "y:3": 0.025976374708303038, "y:4": 0.03167204713283405, "y:5": 0.02213113882311446, "y:6": 0.03615438992935156, "y:7": 0.019852365027178392, "y:8": 0.03404564666466984, "y:9": 0.019597168260369748, "y:10": 0.03551594623190654, "y:11": 0.02398623583394571, "y:12": 0.03337931348938764, "y:13": 0.020427926332942978, "y:14": 0.03664474397473946, "y:15": 0.019438651535549255, "y:16": 0.03485595053539721, "y:17": 0.02093065875388692, "y:18": 0.036968147118094985,