{"0": {"y:0": 0.11799388155328057, "y:1": 0.0313184910006351, "y:2": 0.1354603066777347, "y:3": 0.01938342744286943, "y:4": 0.1143606199013128, "y:5": 0.016527978724607473, "y:6": 0.1343800868516667, "y:7": 0.01622515036781107, "y:8": 0.1421378213392315, "y:9": 0.0159688635789952, "y:10": 0.13194954672583759, "y:11": 0.02012405316386184, "y:12": 0.14011663326567977, "y:13": 0.024036689254182016, "y:14": 0.1385217433833351, "y:15": 0.026015993950691985, "y:16": 0.1322277433111196, "y:17": 0.030183775701592173, "y:18": 0.14317094767442065, "y:19": 0.031658151304458544, "y:20": 0.14361889027991426, "y:21": 0.03549726189043985, "y:22": 0.13769970417053692, "y:23": 0.04064281471579491, "y:24": 0.1340384439491894, "y:25": 0.04722004337036721, "y:26": 0.13034993566455155, "y:27": 0.05054399254704941, "y:28": 0.1236564363067279, "y:29": 0.05270026603886478, "y:30": 0.14361404647999887, "y:31": 0.06009733515580603}}