{"0": {"y:0": 0.0049536577477855845, "y:1": 0.009296489896004954, "y:2": 0.002834743851337221, "y:3": 0.0046330594397291855, "y:4": 0.020533508955665223, "y:5": 0.0028748617002309026, "y:6": 0.02773105385608973, "y:7": 0.006712661797606928, "y:8": 0.013775316928839933, "y:9": 0.007743028459043053, "y:10": 0.07039290260726903, "y:11": 0.007773435398390012, "y:12": 0.007253196111665102, "y:13": 0.002416313764508761, "y:14": 0.025613454760810835, "y:15": 0.004894235903919178, "y:16": 0.07045190645837393, "y:17": 0.013143568013283632, "y:18": 0.006955999084914396, "y:19": 0.00902720843309641, "y:20": 0.0038072506017619227, "y:21": 0.0034529473410990284, "y:22": 0.014245789573516505, "y:23": 0.003313232351080499, "y:24": 0.03223085554852296, "y:25": 0.005826418166174897, "y:26": 0.008237010946681212, "y:27": 0.008409084246216938, "y:28": 0.00379967592955339, "y:29": 0.0044108282151842405}, "1": {"y:0": 0.005015575180002247, "y:1": 0.009506026725890862, "y:2": 0.002838230002952748, "y:3": 0.004866661420868176, "y:4": 0.01979583441812951, "y:5": 0.0029582532599080618, "y:6": 0.02593410246661723, "y:7": 0.007150746763590712, "y:8": 0.013450739757818422, "y:9": 0.007795518745456136, "y:10": 0.06311946402733053, "y:11": 0.007764809819136954, "y:12": 0.0072402785530213554, "y:13": 0.0024858954399001433, "y:14": 0.023918062353525928, "y:15": 0.004999117567053221, "y:16": 0.06726619745684739, "y:17": 0.01114023535041999, "y:18": 0.006907713533342891, "y:19": 0.00878746953177928, "y:20": 0.0038290086381203995, "y:21": 0.003552429655149955, "y:22": 0.014196156216295552, "y:23": 0.0033642379532438623, "y:24": 0.03072401250933993, "y:25": 0.006011073647034195, "y:26": 0.008270524339622713, "y:27": 0.008555953053317036, "y:28": 0.0038037762184902125, "y:29": 0.004441972670780899}, "2": {"y:0": 0.0050206351782378, "y:1": 0.010308671373768941, "y:2": 0.0028478874333441786, "y:3": 0.00675428971191554, "y:4": 0.020196806888231514, "y:5": 0.0035592102338795908, "y:6": 0.027322097075267, "y:7": 0.017345983808703547, "y:8": 0.013569256492041135, "y:9": 0.011393022223402174, "y:10": 0.07366687287910681, "y:11": 0.007339612217994375, "y:12": 0.007240596518589595, "y:13": 0.0028629955467224396, "y:14": 0.024377207635342166, "y:15": 0.006902778501773746, "y:16": 0.07170594532246509, "y:17": 0.007805870986148549, "y:18": 0.006939496266169687, "y:19": 0.010486948831530807, "y:20": 0.003839287920599941, "y:21": 0.004045339284002946, "y:22": 0.014347377176756482, "y:23": 0.0037452733465047567, "y:24": 0.0297967203396966, "y:25": 0.006833448241493078, "y:26": 0.00834669500421035, "y:27": 0.01010979621496682, "y:28": 0.00381900642686602, "y:29": 0.004809823025531945}, "3": {"y:0": 0.00501584240860762, "y:1": 0.010283623246112582, "y:2": 0.002831267666159029, "y:3": 0.007522522453190485, "y:4": 0.02025579787975192, "y:5": 0.003923737597064946, "y:6": 0.026767059542569388, "y:7": 0.03462533926070051, "y:8": 0.013605989331802655, "y:9": 0.013034828847531635, "y:10": 0.07961884168063307, "y:11": 0.007074401268730791, "y:12": 0.007187697441670247, "y:13": 0.0032533070091077367, "y:14": 0.023957126580410045, "y:15": 0.009855146625165451, "y:16": 0.07016849516703957, "y:17": 0.007508989930156056, "y:18": 0.006968845362336545, "y:19": 0.015975506850168256, "y:20": 0.0038336607333373527, "y:21": 0.004912596105129058, "y:22": 0.014207149700711118, "y:23": 0.004461537003879404, "y:24": 0.030818375397042116, "y:25": 0.010373542189728182, "y:26": 0.00828533641771675, "y:27": 0.015156058869615028, "y:28": 0.003812568773727514, "y:29": 0.006125522341565416}, "4": {"y:0": 0.005007772768916973, "y:1": 0.009944501474263647, "y:2": 0.002830493537031571, "y:3": 0.007971403309513344, "y:4": 0.020410708382461985, "y:5": 0.0040822577301472445, "y:6": 0.026939967407442724, "y:7": 0.04336634557922266, "y:8": 0.013627983728135722, "y:9": 0.01204508798234107, "y:10": 0.080246151279985, "y:11": 0.006859476356392982, "y:12": 0.007300752504898229, "y:13": 0.00350305287589488, "y:14": 0.024131543513132903, "y:15": 0.013489093686387493, "y:16": 0.07607612229375103, "y:17": 0.007200955955180341, "y:18": 0.006951764358770578, "y:19": 0.01879129026920389, "y:20": 0.0038384029829159833, "y:21": 0.005782823299202487, "y:22": 0.01456223697408621, "y:23": 0.0053104631503081805, "y:24": 0.03110970004506828, "y:25": 0.01616159298398575, "y:26": 0.008314876656762947, "y:27": 0.021289097227253435, "y:28": 0.0038071429724235955, "y:29": 0.007838367014647053}, "5": {"y:0": 0.005029841926244549, "y:1": 0.010074541454864614, "y:2": 0.002840872064886461, "y:3": 0.00812362576170836, "y:4": 0.019893918376648882, "y:5": 0.0041231663111063405, "y:6": 0.027326885358050324, "y:7": 0.051092344683436576, "y:8": 0.013766219133843216, "y:9": 0.01222818798283272, "y:10": 0.07775654139992157, "y:11": 0.0068747448828559935, "y:12": 0.007252237132570226, "y:13": 0.003587662074344132, "y:14": 0.023678801045748245, "y:15": 0.01467901405465117, "y:16": 0.07518856251087365, "y:17": 0.0070951142592031, "y:18": 0.006919044648903313, "y:19": 0.019990970223499178, "y:20": 0.00383552278423862, "y:21": 0.006074442445187661, "y:22": 0.01425977321913109, "y:23": 0.0055609806312387385, "y:24": 0.0307032255405976, "y:25": 0.018699659543398337, "y:26": 0.008317126168890365, "y:27": 0.027347452637972825, "y:28": 0.003802523684200343, "y:29": 0.008469580801309258}, "6": {"y:0": 0.00500058997055212, "y:1": 0.009961359747928857, "y:2": 0.002833579012939991, "y:3": 0.008265937011224633, "y:4": 0.01984488783961094, "y:5": 0.004176767364661501, "y:6": 0.027388690705000194, "y:7": 0.05519934333293472, "y:8": 0.013650398112638695, "y:9": 0.012085755379534454, "y:10": 0.07192251163136307, "y:11": 0.006775937521623334, "y:12": 0.007274157709930995, "y:13": 0.003668669643252736, "y:14": 0.023931032609906547, "y:15": 0.016084035350968244, "y:16": 0.07741366207577899, "y:17": 0.007018795474162809, "y:18": 0.006976873264978269, "y:19": 0.01917891763230597, "y:20": 0.0038323653793917176, "y:21": 0.006411306925243634, "y:22": 0.0141619878563949, "y:23": 0.005856095595627065, "y:24": 0.03119153559025678, "y:25": 0.02320111728827922, "y:26": 0.008312974923957304, "y:27": 0.03146292519652685, "y:28": 0.0038042888722298308, "y:29": 0.009341530480436393}, "7": {"y:0": 0.005004909819008329, "y:1": 0.009922395728063981, "y:2": 0.0028356456406407496, "y:3": 0.008327945182941776, "y:4": 0.020006459941099612, "y:5": 0.004201023320435131, "y:6": 0.02721412075153412, "y:7": 0.05537261074531817, "y:8": 0.013638742843804792, "y:9": 0.0118554531836315, "y:10": 0.07553651754813648, "y:11": 0.006748362954968644, "y:12": 0.007255227867055057, "y:13": 0.0037068702340056475, "y:14": 0.024046161822506944, "y:15": 0.016743069820705694, "y:16": 0.07571015701445631, "y:17": 0.006934201116862015, "y:18": 0.0069765552638651135, "y:19": 0.0183822845363342, "y:20": 0.0038363708004857857, "y:21": 0.006567471085312761, "y:22": 0.014246946159932631, "y:23": 0.00601054943043844, "y:24": 0.03060548660923331, "y:25": 0.025535934706587694, "y:26": 0.008306920931310306, "y:27": 0.03052905449314726, "y:28": 0.0038083836503478856, "y:29": 0.00988763219878478}, "8": {"y:0": 0.005014051937481912, "y:1": 0.01002407141626336, "y:2": 0.0028368920129873136, "y:3": 0.00827865340806953, "y:4": 0.01997730861164739, "y:5": 0.00419221597296932, "y:6": 0.027326510362944992, "y:7": 0.056116283089810884, "y:8": 0.013584144702523926, "y:9": 0.011990479550003295, "y:10": 0.074426154845713, "y:11": 0.006775188285060599, "y:12": 0.007259777635370091, "y:13": 0.003694837169138325, "y:14": 0.024001775044529067, "y:15": 0.016648601813019543, "y:16": 0.07478615878478104, "y:17": 0.006981127706467413, "y:18": 0.006963792255064012, "y:19": 0.018630399009324807, "y:20": 0.0038320961370034235, "y:21": 0.006546538306618247, "y:22": 0.01430969102110781, "y:23": 0.005977787882169803, "y:24": 0.030966520603469067, "y:25": 0.024875153383703767, "y:26": 0.008334723769655468, "y:27": 0.030718544149694185, "y:28": 0.0038060368178554054,