{"0": {"y:0": 0.10576520536463757, "y:1": 0.02869355724136064, "y:2": 0.13133875254368182, "y:3": 0.019519902145363643, "y:4": 0.11841033484998173, "y:5": 0.018174777692298284, "y:6": 0.13377617038620382, "y:7": 0.015404644704872988, "y:8": 0.13073338688654268, "y:9": 0.015070621765083149, "y:10": 0.1484568564446656, "y:11": 0.01637876688998716, "y:12": 0.13251546829498406, "y:13": 0.01632777469770198, "y:14": 0.12049196806552052, "y:15": 0.018358635070597012, "y:16": 0.13464257974374433, "y:17": 0.021974121066118305, "y:18": 0.12649338152298262, "y:19": 0.020913522428056424, "y:20": 0.1342746501051712, "y:21": 0.029258175756357963, "y:22": 0.1290838175131988, "y:23": 0.027832039048071862, "y:24": 0.15575012318672632, "y:25": 0.032706148968022083, "y:26": 0.1394241729147627, "y:27": 0.029116219389288128, "y:28": 0.13034761435451234, "y:29": 0.032693136051391514}}