{"0": {"y:0": 0.11797352678209252, "y:1": 0.017034822612223544, "y:2": 0.1373736727813031, "y:3": 0.016172977990390972, "y:4": 0.13460454943877417, "y:5": 0.022737982938966457, "y:6": 0.12571007722910343, "y:7": 0.02570855322804925, "y:8": 0.142952020539895, "y:9": 0.03607556377639877, "y:10": 0.12344940075056228, "y:11": 0.039930301294215764, "y:12": 0.12482054778081868, "y:13": 0.03488411873973191, "y:14": 0.1589024043618333, "y:15": 0.04519190369928638, "y:16": 0.12735765563924545, "y:17": 0.04658761769777642, "y:18": 0.14325901398219867, "y:19": 0.05518065239385201, "y:20": 0.1202378131432865, "y:21": 0.05144555377324733, "y:22": 0.1142769664775807, "y:23": 0.04620342135457417, "y:24": 0.12611198148857108, "y:25": 0.059242468863648014, "y:26": 0.12988227292847646, "y:27": 0.06782529098013149, "y:28": 0.12224846695526631, "y:29": 0.061663998702457, "y:30": 0.15784160083223753, "y:31": 0.05958877514205636}}