{"0": {"y:0": 71.92672065502072, "y:1": 6.254382817243724, "y:2": 4.983468661281437, "y:3": 4.177674848900924, "y:4": 3.8250628013120718, "y:5": 3.6685185657241615, "y:6": 3.4143273003895533, "y:7": 3.319971994149384, "y:8": 3.1985570518463455, "y:9": 3.0583292277769285}, "1": {"y:0": 72.99255374098296, "y:1": 7.675972099726885, "y:2": 5.633903892918127, "y:3": 4.947782603199835, "y:4": 4.394524422992057, "y:5": 4.135816135197939, "y:6": 3.886625490248842, "y:7": 3.701225859426972, "y:8": 3.580416618873837, "y:9": 3.4149580265831414}, "2": {"y:0": 78.2402529020547, "y:1": 16.875473040100427, "y:2": 12.21055537500358, "y:3": 10.134533452120928, "y:4": 9.080448378349548, "y:5": 8.215876565720741, "y:6": 7.6438753583967, "y:7": 7.224391875876211, "y:8": 7.119394421402927, "y:9": 6.668936762591415}, "3": {"y:0": 71.71377634583706, "y:1": 10.466750462846825, "y:2": 8.604426763205083, "y:3": 7.592184931785596, "y:4": 7.132638447049261, "y:5": 6.773651406104524, "y:6": 6.387453703975761, "y:7": 6.187724737073324, "y:8": 6.007097719706818, "y:9": 5.720953791584036}, "4": {"y:0": 73.62644872149414, "y:1": 12.256501489132136, "y:2": 11.857875216209408, "y:3": 10.898187219665655, "y:4": 10.307093519345251, "y:5": 9.684243287530027, "y:6": 8.969820479895777, "y:7": 8.381792041166273, "y:8": 7.966512160452865, "y:9": 7.455018695956884}, "5": {"y:0": 72.97795481415307, "y:1": 11.775064159899957, "y:2": 12.814063769730291, "y:3": 13.376091795412185, "y:4": 13.222086369391047, "y:5": 12.617334082482742, "y:6": 11.856872808271183, "y:7": 11.142586427829146, "y:8": 10.703078920469052, "y:9": 9.890291369257788}, "6": {"y:0": 71.35480223459578, "y:1": 11.076055250606755, "y:2": 13.901051356637748, "y:3": 15.792702017277438, "y:4": 16.015722356609466, "y:5": 15.84826073590519, "y:6": 15.222454227955897, "y:7": 14.357942226960684, "y:8": 13.59343588261071, "y:9": 12.943934636090942}, "7": {"y:0": 75.30890144022904, "y:1": 11.949197841121238, "y:2": 18.016896794261157, "y:3": 22.049054593368165, "y:4": 24.70046496453179, "y:5": 24.87579696482567, "y:6": 24.417276094068544, "y:7": 23.2006585325351, "y:8": 22.413668487481186, "y:9": 21.813084493593006}, "8": {"y:0": 74.66923537905345, "y:1": 12.700667300966032, "y:2": 19.699691648892085, "y:3": 27.038211355454543, "y:4": 30.22089519501268, "y:5": 31.958128647433018, "y:6": 31.47583036113884, "y:7": 30.901583715836093, "y:8": 30.029051043898463, "y:9": 30.046572853640765}, "9": {"y:0": 72.61135008093896, "y:1": 19.063662433215583, "y:2": 26.15961909789357, "y:3": 38.06183482394294, "y:4": 43.24096631167799, "y:5": 44.75615717713312, "y:6": 42.69309997728434, "y:7": 41.576823221466064, "y:8": 41.567324211815475, "y:9": 38.845451420653205}, "10": {"y:0": 73.52824718457661, "y:1": 19.802948281404152, "y:2": 27.830348060227195, "y:3": 42.21219392246017, "y:4": 47.80639495683407, "y:5": 51.06538658602543, "y:6": 51.36834066836471, "y:7": 51.95762980094947, "y:8": 50.74673873487886, "y:9": 51.08701560586494}, "11": {"y:0": 74.25514840448265, "y:1": 30.650990842455784, "y:2": 36.653685865088526, "y:3": 48.57194481003612, "y:4": 54.912759389713166, "y:5": 56.1402977813175, "y:6": 55.675648928457676, "y:7": 53.535118999792736, "y:8": 53.92422028164743, "y:9": 53.7272171210975}, "12": {"y:0": 74.28902408458863, "y:1": 31.70654155631652, "y:2": 37.68723903098075, "y:3": 49.14395966259935, "y:4": 56.908736935723034, "y:5": 59.9827341415132, "y:6": 58.66410186181441, "y:7": 58.26882983902653, "y:8": 58.997719422469515, "y:9": 56.40329609085014}, "13": {"y:0": 73.7983694455847, "y:1": 39.1357321332744, "y:2": 42.63291733340141, "y:3": 54.94590527988419, "y:4": 58.610701068149446, "y:5": 59.989627799933565, "y:6": 58.87208280623221, "y:7": 58.18514386524113, "y:8": 56.62357321563524, "y:9": 55.293891449036806}, "14": {"y:0": 73.88319876295144, "y:1": 41.38853402908153, "y:2": 44.61864582924183, "y:3": 54.49775202458643, "y:4": 61.05741449888811, "y:5": 61.26620134667394, "y:6": 61.36363374158217, "y:7": 59.54147898138201, "y:8": 58.15377087958067, "y:9": 56.6157643482156}, "15": {"y:0": 74.34265694664582, "y:1": 44.09297803468262, "y:2": 46.592589446984206, "y:3": 56.012878397117255, "y:4": 62.17326409294671, "y:5": 63.729895710742824, "y:6": 62.27343584240558, "y:7": 61.07887981421812, "y:8": 60.04355868591406, "y:9": 59.65356708075218}}