{"0": {"y:0": 0.13530724036065817, "y:1": 0.023932130478379048, "y:2": 0.12217614798127376, "y:3": 0.016582934418610015, "y:4": 0.11969254729340363, "y:5": 0.017250888735028155, "y:6": 0.14272900317421638, "y:7": 0.02124835039467988, "y:8": 0.1295710623121656, "y:9": 0.02511025286633196, "y:10": 0.1259610411009665, "y:11": 0.030283081682971377, "y:12": 0.13243884393791763, "y:13": 0.031195705058620234, "y:14": 0.12815291648928043, "y:15": 0.032993046545947334, "y:16": 0.12982773205568618, "y:17": 0.044352922568993966, "y:18": 0.14515456133340301, "y:19": 0.05058729954407614, "y:20": 0.1290001922507315, "y:21": 0.048518253163846246, "y:22": 0.13462248180609032, "y:23": 0.05614930193623502, "y:24": 0.13896488991463474, "y:25": 0.050761575849296, "y:26": 0.12279036937376514, "y:27": 0.054488207677771364, "y:28": 0.15135630991342003, "y:29": 0.05760058558915528, "y:30": 0.14050001376080604, "y:31": 0.06435108390214977}, "1": {"y:0": 0.13047277651443112, "y:1": 0.02956980981514664, "y:2": 0.14989833774700856, "y:3": 0.01891151391090994, "y:4": 0.13140290739177382, "y:5": 0.015327185104562716, "y:6": 0.12716652162332337, "y:7": 0.015034949447597342, "y:8": 0.1383442501350889, "y:9": 0.015634232649703768, "y:10": 0.13413169255289675, "y:11": 0.016615550690543053, "y:12": 0.13814834459187875, "y:13": 0.018599691458469254, "y:14": 0.13955746578271416, "y:15": 0.021565298809178627, "y:16": 0.13674880490042193, "y:17": 0.023902469278980945, "y:18": 0.1392971223709059, "y:19": 0.026139481185611338, "y:20": 0.13004891215650793, "y:21": 0.026924359799708853, "y:22": 0.12939848737302379, "y:23": 0.029234661880379674, "y:24": 0.14374076637172017, "y:25": 0.03512926307057187, "y:26": 0.12447391031337185, "y:27": 0.03592491750287382, "y:28": 0.13761293321878312, "y:29": 0.03656422381613848, "y:30": 0.14020345550456817, "y:31": 0.03764900099026077}, "2": {"y:0": 0.13184228191124628, "y:1": 0.07441859568197137, "y:2": 0.1349211243350371, "y:3": 0.06371141525093976, "y:4": 0.14102962381403472, "y:5": 0.054674232480388274, "y:6": 0.14214432201403826, "y:7": 0.04675143004801437, "y:8": 0.13309857662757035, "y:9": 0.039341962097226395, "y:10": 0.1433022178880063, "y:11": 0.03558422158639789, "y:12": 0.12107148839722964, "y:13": 0.033789338219275475, "y:14": 0.13528860615724383, "y:15": 0.03106169605798269, "y:16": 0.1491465356777171, "y:17": 0.029809804964002692, "y:18": 0.14566626825822182, "y:19": 0.027240728065320227, "y:20": 0.14551285829231997, "y:21": 0.02365582957880135, "y:22": 0.14828112018239747, "y:23": 0.023544912256516892, "y:24": 0.14156081755869085, "y:25": 0.0234861630131172, "y:26": 0.14186588811345133, "y:27": 0.021713543230534354, "y:28": 0.1486187150067266, "y:29": 0.021064961673674838, "y:30": 0.13313271333627177, "y:31": 0.02078190762871187}, "3": {"y:0": 0.10251620326837182, "y:1": 0.07015577073162421, "y:2": 0.12952300043745976, "y:3": 0.058208322582617655, "y:4": 0.1283251959163474, "y:5": 0.050544490626629704, "y:6": 0.12417703612643356, "y:7": 0.042150479445334066, "y:8": 0.1239605038754446, "y:9": 0.041916242296414434, "y:10": 0.13063632395446634, "y:11": 0.037252041264460425, "y:12": 0.1334787311523722, "y:13": 0.034059006924697564, "y:14": 0.13209960604415727, "y:15": 0.032605050817154015, "y:16": 0.12285968587237081, "y:17": 0.031184281884811815, "y:18": 0.12144668058496251, "y:19": 0.030177393173631162, "y:20": 0.12640142155229878, "y:21": 0.02773396017473559, "y:22": 0.12651433504643436, "y:23": 0.026352092780353355, "y:24": 0.12543262480507994, "y:25": 0.02553908854394647, "y:26": 0.12752648351027632, "y:27": 0.024474725764431823, "y:28": 0.12844764005937956, "y:29": 0.023719633401155325, "y:30": 0.13646209322438815, "y:31": 0.0230283496273145}, "4": {"y:0": 0.07944510403573339, "y:1": 0.039670098001948026, "y:2": 0.0934374189800337, "y:3": 0.03322242906568989, "y:4": 0.10589132411974919, "y:5": 0.027989298309880038, "y:6": 0.11461875380920321, "y:7": 0.024675327443339487, "y:8": 0.10431938205172918, "y:9": 0.023613176514459676, "y:10": 0.1016398520489696, "y:11": 0.0213811586075827, "y:12": 0.10022681898924778, "y:13": 0.020794462185266368, "y:14": 0.10187201637968328, "y:15": 0.019604707008403433, "y:16": 0.10261853794238954, "y:17": 0.018216845041119506, "y:18": 0.11355217966993855, "y:19": 0.017062556410988722, "y:20": 0.10774978513342985, "y:21": 0.01668916604049259, "y:22": 0.10269234937855133, "y:23": 0.01660700189765854, "y:24": 0.10263349906362865, "y:25": 0.016640357973475427, "y:26": 0.10528184683534786, "y:27": 0.01650246664921644, "y:28": 0.10518111963283236, "y:29": 0.016689668828837757, "y:30": 0.10754642678513977, "y:31": 0.017167578334518836}, "5": {"y:0": 0.06373450173285662, "y:1": 0.015992837701656996, "y:2": 0.0681324487372028, "y:3": 0.014981856763526893, "y:4": 0.06974120245862347, "y:5": 0.016575606047845023, "y:6": 0.07011148765115528, "y:7": 0.020215073078812727, "y:8": 0.06842396261602693, "y:9": 0.023077728831047417, "y:10": 0.06989687765883297, "y:11": 0.02454768387416331, "y:12": 0.0712087103037846, "y:13": 0.030240532313666222, "y:14": 0.06855450377611302, "y:15": 0.030463480879141257, "y:16": 0.06685175215908681, "y:17": 0.03257417433971974, "y:18": 0.07057494421462814, "y:19": 0.03713510451799183, "y:20": 0.06679441027658035, "y:21": 0.03641676056401857, "y:22": 0.0651275481415343, "y:23": 0.03934193194174297, "y:24": 0.06454145152282212, "y:25": 0.039352821458598725, "y:26": 0.06215333500195163, "y:27": 0.044342646112298316, "y:28": 0.06330889395072739, "y:29": 0.044109513099305005, "y:30": 0.06481092542214685, "y:31": 0.04601576957505099}, "6": {"y:0": 0.07176645428962497, "y:1": 0.051569693718145695, "y:2": 0.06376074071545529, "y:3": 0.076863632827706, "y:4": 0.06040750369142967, "y:5": 0.07595109900574944, "y:6": 0.05686642437692969, "y:7": 0.09223156839210589, "y:8": 0.04777483789970587, "y:9": 0.09300419719054269, "y:10": 0.04565919357501009, "y:11": 0.09953995213915463, "y:12": 0.03946693368471216, "y:13": 0.0984984101117971, "y:14": 0.03508266146758606, "y:15": 0.1035702629313304, "y:16": 0.03406492469716763, "y:17": 0.09575202716759973, "y:18": 0.028286544807269914, "y:19": 0.0970075209025505, "y:20": 0.02535267164669561, "y:21": 0.10294421914999094, "y:22": 0.024792749251068242, "y:23": 0.10247593464422257, "y:24": 0.022467056189647235, "y:25": 0.0984067438074312, "y:26": 0.020764861107924294, "y:27": 0.10334624674195655, "y:28": 0.01961796433674744, "y:29": 0.09809726027963526, "y:30": 0.018104797709558952, "y:31": 0.10535213523486381}, "7": {"y:0": 0.06257388784511539, "y:1": 0.020150356862901998, "y:2": 0.057222153867221015, "y:3": 0.025617444354472673, "y:4": 0.046491853507373684, "y:5": 0.02923591678992159, "y:6": 0.040453431900534055, "y:7": 0.03253070250211436, "y:8": 0.03255502391340075, "y:9": 0.03786781905829081, "y:10": 0.031029469973573823, "y:11": 0.03717042053160912, "y:12": 0.0285167715849099, "y:13": 0.037154593930579974, "y:14": 0.02607312040298547, "y:15": 0.042556404719007804, "y:16": 0.0249149441321971, "y:17": 0.046975373662871786, "y:18": 0.02283849339687034, "y:19": 0.048487702581073086, "y:20": 0.02064405321995517, "y:21": 0.05156467877654035, "y:22": 0.0202097295344997, "y:23": 0.05118794180595205, "y:24": 0.019560758920609107, "y:25": 0.05253825994273743, "y:26": 0.01976400969341879, "y:27": 0.057221653737442674, "y:28": 0.018422137524626556, "y:29": 0.060594043779099854, "y:30": 0.01705730707818259, "y:31": 0.05977801111020546}, "8": {"y:0": 0.038863966293675285, "y:1": 0.022231659962178355, "y:2": 0.03922905318522154, "y:3": 0.016153047324265146, "y:4": 0.045807696404767985, "y:5": 0.014795000951247925, "y:6": 0.04927415400945385, "y:7": 0.015078704798503586, "y:8": 0.05433250675946619, "y:9": 0.014546670069791622, "y:10": 0.05928594990147658, "y:11": 0.015473689343921961, "y:12": 0.061406975981922, "y:13": 0.016696917995231295, "y:14": 0.05886339937505374, "y:15": 0.017888514028664936, "y:16": 0.06377325311806176, "y:17": 0.017331632956655865,