{"0": {"y:0": 0.20358929493340325, "y:1": 0.20596188089691936, "y:2": 0.20759615262957107, "y:3": 0.20315515603734655, "y:4": 0.20191113199700975, "y:5": 0.20682197701568786, "y:6": 0.20488833989773403, "y:7": 0.20856909557188305, "y:8": 0.20648394905376682, "y:9": 0.20560377920943815}, "1": {"y:0": 0.20018076319899367, "y:1": 0.2000923801012498, "y:2": 0.20156058598892584, "y:3": 0.20146192668909954, "y:4": 0.20265341368958742, "y:5": 0.20242689600441682, "y:6": 0.20124667966026122, "y:7": 0.20154824653525757, "y:8": 0.20238124228510723, "y:9": 0.2013813069219603}, "2": {"y:0": 0.4075122800774491, "y:1": 0.4091818258545197, "y:2": 0.4103860032211895, "y:3": 0.41464553291137035, "y:4": 0.4127365299431151, "y:5": 0.4128725666406694, "y:6": 0.41666429565488117, "y:7": 0.4202211557449643, "y:8": 0.4106940941653132, "y:9": 0.41285955685290837}, "3": {"y:0": 0.7915243502727087, "y:1": 0.7848568764121082, "y:2": 0.8068725585038803, "y:3": 0.8031646577330742, "y:4": 0.7986426917930518, "y:5": 0.7878235279649345, "y:6": 0.8035183613438023, "y:7": 0.7772209167010591, "y:8": 0.8039952479988908, "y:9": 0.8057021745659048}, "4": {"y:0": 1.6213006092283004, "y:1": 1.6152962512981521, "y:2": 1.646929483365454, "y:3": 1.652797546173215, "y:4": 1.6755494226347134, "y:5": 1.649770792208258, "y:6": 1.6415580878614968, "y:7": 1.3441993756662851, "y:8": 1.6106854131250294, "y:9": 1.626383532612815}, "5": {"y:0": 2.6901281214224726, "y:1": 2.646172997029289, "y:2": 2.6757481481637693, "y:3": 2.5092779383482724, "y:4": 2.643284140673573, "y:5": 2.5261571090543535, "y:6": 2.4574751472650758, "y:7": 1.6580015660561709, "y:8": 2.6228811049121967, "y:9": 2.634482077880677}, "6": {"y:0": 3.037405807512032, "y:1": 2.901066217408101, "y:2": 3.084372355490284, "y:3": 3.1015500303161634, "y:4": 3.0925888550666967, "y:5": 3.1098116959664432, "y:6": 2.709066222271485, "y:7": 1.745797450226943, "y:8": 3.175111501479903, "y:9": 3.0675540013330007}, "7": {"y:0": 3.28747033368898, "y:1": 3.060016897825804, "y:2": 3.1772498730511876, "y:3": 3.2258741320853894, "y:4": 3.293601996987484, "y:5": 3.2527229571930527, "y:6": 2.931059040041055, "y:7": 1.7085100614504862, "y:8": 3.2938727627608104, "y:9": 3.249014947134905}, "8": {"y:0": 3.328661222543363, "y:1": 3.157179356494321, "y:2": 3.294601507193266, "y:3": 3.2469842310863197, "y:4": 3.4332943536872134, "y:5": 3.3333152638071257, "y:6": 2.9424931769564617, "y:7": 1.7398273090256908, "y:8": 3.287446844089278, "y:9": 3.3758400304881286}, "9": {"y:0": 3.395099348184438, "y:1": 3.2566063816849606, "y:2": 3.4305255993397186, "y:3": 3.384955617140287, "y:4": 3.3988555631760926, "y:5": 3.4655776312425686, "y:6": 2.944016570582052, "y:7": 1.7442165305839823, "y:8": 3.3993770978526263, "y:9": 3.434604767722777}, "10": {"y:0": 3.386619845854499, "y:1": 3.2253260314423553, "y:2": 3.3707680516569734, "y:3": 3.3128695889936863, "y:4": 3.3965907955020955, "y:5": 3.3706728606685448, "y:6": 2.951559496850366, "y:7": 1.7348768308365394, "y:8": 3.4134748615494988, "y:9": 3.4281943462649522}, "11": {"y:0": 3.424070772687369, "y:1": 3.2684913416006722, "y:2": 3.428073492508759, "y:3": 3.3619738325194986, "y:4": 3.405582470227914, "y:5": 3.425773743432148, "y:6": 2.945236512583676, "y:7": 1.7397931228374373, "y:8": 3.3994821515574905, "y:9": 3.4054239151775487}}