{"0": {"y:0": 0.13121057253501311, "y:1": 0.03121995762646177, "y:2": 0.13451041281955559, "y:3": 0.020342443866560207, "y:4": 0.11002121308560811, "y:5": 0.016984136672025557, "y:6": 0.1374531137886042, "y:7": 0.01538519706948535, "y:8": 0.13175948051663366, "y:9": 0.016248006631216293, "y:10": 0.14134043919533856, "y:11": 0.017232206373271098, "y:12": 0.14578624285325414, "y:13": 0.020908788821712675, "y:14": 0.13648675109734298, "y:15": 0.02335340080534136, "y:16": 0.15020507846609463, "y:17": 0.02474187478133103, "y:18": 0.12226556011273099, "y:19": 0.02807972255828165, "y:20": 0.14133674926904854, "y:21": 0.03278267752221618, "y:22": 0.14176828189080348, "y:23": 0.03879917243405184, "y:24": 0.13520284604829857, "y:25": 0.03519235151962103, "y:26": 0.12566894830060463, "y:27": 0.0379685327329639, "y:28": 0.13169883139813232, "y:29": 0.03732172975129463, "y:30": 0.12565256925698967, "y:31": 0.040048241149049056}}