{"0": {"y:0": 0.12931162335765634, "y:1": 0.0223258030920412, "y:2": 0.11281598730050568, "y:3": 0.018760560994752137, "y:4": 0.12240334030262719, "y:5": 0.015599723373533587, "y:6": 0.10937029123071873, "y:7": 0.015730647079885775, "y:8": 0.13170047532087095, "y:9": 0.019460474391401222, "y:10": 0.12233954304408673, "y:11": 0.023008897891090986, "y:12": 0.13696395533755434, "y:13": 0.027032782177119644, "y:14": 0.15230105631773372, "y:15": 0.02803311224518023, "y:16": 0.12717793263873622, "y:17": 0.035427141971091904, "y:18": 0.13383914278682021, "y:19": 0.04139075783980059, "y:20": 0.1243704630917351, "y:21": 0.04361557151724283, "y:22": 0.14543622875123, "y:23": 0.04638046017134278, "y:24": 0.13104029293585137, "y:25": 0.04428728940082489, "y:26": 0.14635516962810038, "y:27": 0.050664264882800715, "y:28": 0.14036771233037074, "y:29": 0.05243891283497928, "y:30": 0.12986643789329608, "y:31": 0.05322812385796724}}