{"14": {"y:0": 0.0, "y:1": 0.0, "y:2": 0.001795880203839805, "y:3": 0.00042773132533227863, "y:4": 0.0011921518082154158, "y:5": 0.0015208424638613936, "y:6": 0.0015414985279758678, "y:7": 0.002459742701109155, "y:8": 0.0016176864556946204, "y:9": 0.0012340288705007846, "y:10": 0.000908357645422761, "y:11": 0.001352726098880719, "y:12": 0.0007452330621560723, "y:13": 0.001934520132119903, "y:14": 0.001022534229235381, "y:15": 0.0005057689422610396, "y:16": 0.001734174670587012, "y:17": 0.0006636534879269564, "y:18": 0.000855417748746071, "y:19": 0.0012953708624550016, "y:20": 0.0007748566454715921, "y:21": 0.002077121051813787, "y:22": 0.0009008182250030081, "y:23": 0.0034240019888276256, "y:24": 0.0016741302107023228, "y:25": 0.0011913220165262477, "y:26": 0.0002590812584920069, "y:27": 0.0028187402739293255, "y:28": 0.0026255179300638484, "y:29": 0.003560818051552288, "y:30": 0.0023125680820334747, "y:31": 0.003890566678894157, "y:32": 0.0035422479036389025, "y:33": 0.0019616741739441968, "y:34": 0.002916535193338581, "y:35": 0.0014850876364215654, "y:36": 0.0045733637536039835, "y:37": 0.0018782796536035186, "y:38": 0.0009795084866416398, "y:39": 0.001063326934208004, "y:40": 0.0020878367426941944, "y:41": 0.004308775184250495, "y:42": 0.003807685599071224, "y:43": 0.0030140322073512853, "y:44": 0.0046673567539910945, "y:45": 0.002270178100799743, "y:46": 0.0023678589969438894, "y:47": 0.0046141094158339, "y:48": 0.0013806308028478762, "y:49": 0.0046952840006270966, "y:50": 0.004055848117124132, "y:51": 0.006301574430194129, "y:52": 0.004672926100940745, "y:53": 0.0041751479276092235, "y:54": 0.0030895634300042826, "y:55": 0.0025152637689378975, "y:56": 0.004274896644752458, "y:57": 0.0027846325571229506, "y:58": 0.004471677519956255, "y:59": 0.00145768958180886, "y:60": 0.0052529392052304, "y:61": 0.002819370663076146, "y:62": 0.007778123439976596, "y:63": 0.0024460340417223544, "y:64": 0.004058029574315181, "y:65": 0.005941921895719129, "y:66": 0.010167465517340225, "y:67": 0.012340672658480097, "y:68": 0.005645950353912675, "y:69": 0.002278152762416397, "y:70": 0.004612736860514386, "y:71": 0.002581507998002091, "y:72": 0.00373087170075962, "y:73": 0.0013336497344699448, "y:74": 0.003005336806232159, "y:75": 0.005809832273675979, "y:76": 0.008835795422015076, "y:77": 0.005684924299138447, "y:78": 0.003968659061202203, "y:79": 0.004162333520114007, "y:80": 0.007359705863500032, "y:81": 0.0017027613760098592, "y:82": 0.003756082581273622, "y:83": 0.003795593047206786, "y:84": 0.006497245943889745, "y:85": 0.009329529536187911, "y:86": 0.002288205610310342, "y:87": 0.006323428002731926, "y:88": 0.003443960974987039, "y:89": 0.004581877613626841, "y:90": 0.002394822719382005, "y:91": 0.0038412362218164424, "y:92": 0.004656875775678476, "y:93": 0.006178484776166253, "y:94": 0.007805009864128746, "y:95": 0.011842991593176, "y:96": 0.006349850129730981, "y:97": 0.004770596815079682, "y:98": 0.003682109020996684, "y:99": 0.004123694278007227, "y:100": 0.0022396995350226017, "y:101": 0.004664959776133489, "y:102": 0.006021609424967664, "y:103": 0.00657638223065199, "y:104": 0.006549216377668104, "y:105": 0.017565911287246678, "y:106": 0.011128388469502955, "y:107": 0.011450545006505972, "y:108": 0.012428908385203307, "y:109": 0.006737207280887456, "y:110": 0.012855625264037846, "y:111": 0.006910702029004431, "y:112": 0.004094302535327653, "y:113": 0.009593493123606547, "y:114": 0.008942661832059308, "y:115": 0.007853312830442386, "y:116": 0.003941201836840798, "y:117": 0.005926997515748685, "y:118": 0.004727116144427186, "y:119": 0.007607573161926087, "y:120": 0.012155122415974358, "y:121": 0.009392639214993462, "y:122": 0.008075098253470322, "y:123": 0.00799161980320865, "y:124": 0.007973586083344185, "y:125": 0.007603069805321622, "y:126": 0.006521744704117542, "y:127": 0.01109455135136975, "y:128": 0.006009133147853567, "y:129": 0.004108967036274321, "y:130": 0.01723041781836193, "y:131": 0.0045397353935883854, "y:132": 0.008892256073155603, "y:133": 0.015969317355426116, "y:134": 0.009223189473952691, "y:135": 0.007567182411451213, "y:136": 0.003419937319658808, "y:137": 0.004255022636432818, "y:138": 0.006165866029992924, "y:139": 0.010731626864469898, "y:140": 0.007535849904772767, "y:141": 0.013459091822619323, "y:142": 0.006889672246775561, "y:143": 0.0061564985805398365, "y:144": 0.004059401723268592, "y:145": 0.011135664203936564, "y:146": 0.0029005597103887505, "y:147": 0.011802232723796, "y:148": 0.010505318605784046, "y:149": 0.0019067024972397324, "y:150": 0.007107992977130592, "y:151": 0.004386891843502958, "y:152": 0.0046875276264991385, "y:153": 0.01374738304776451, "y:154": 0.006164986906699836, "y:155": 0.014699229140839898, "y:156": 0.0037396454066427713, "y:157": 0.013072382808916205, "y:158": 0.009090321271623809, "y:159": 0.004423861742985263, "y:160": 0.023310416850768116, "y:161": 0.015498381283302802, "y:162": 0.010537158474181596, "y:163": 0.01414616799249949, "y:164": 0.010750922460116158, "y:165": 0.018067346422737454, "y:166": 0.013951424031584314, "y:167": 0.03704643555669329, "y:168": 0.007953995976123649, "y:169": 0.009634054897049339, "y:170": 0.005929760793430529, "y:171": 0.006644252731741671, "y:172": 0.007525442794300979, "y:173": 0.013348659966085039, "y:174": 0.003930610157411854, "y:175": 0.012236565068357873, "y:176": 0.006928478251385636, "y:177": 0.01735788041727139, "y:178": 0.009296780228566351, "y:179": 0.013316573140203687, "y:180": 0.004988203039226958, "y:181": 0.0055788202081387735, "y:182": 0.00832409508729303, "y:183": 0.007768670751146935, "y:184": 0.006856673909460071, "y:185": 0.006400206330252097, "y:186": 0.0031920611170611307, "y:187": 0.00257652204236265, "y:188": 0.004975823224867433, "y:189": 0.003513558319396289, "y:190": 0.003452759986617579, "y:191": 0.007115659157533406, "y:192": 0.008585702509730408, "y:193": 0.015374579567791605, "y:194": 0.0005903918216163453, "y:195": 0.006524379392909147, "y:196": 0.008155904937290882, "y:197": 0.005841425772833657, "y:198": 0.00306248039259931, "y:199": 0.0074777440646977555, "y:200": 0.005014611524189385, "y:201": 0.015620963598157818, "y:202": 0.005912941539556949, "y:203": 0.011756365888193813, "y:204": 0.014511094828720842, "y:205": 0.015056569151568087, "y:206": 0.010189883217400835, "y:207": 0.004593303012399788, "y:208": 0.0015663920131093261, "y:209": 0.008074320218771264, "y:210": 0.006136803858678034, "y:211": 0.013489893148656878, "y:212": 0.0041736525719757896, "y:213": 0.011250561855342503, "y:214": 0.0034737589388052284, "y:215": 0.011839476626260488, "y:216": 0.006814071259585929, "y:217": 0.011813944801188362, "y:218": 0.005536595815953716, "y:219": 0.01434695197886271, "y:220": 0.0021690876005989526, "y:221": 0.019615505604208834, "y:222": 0.004037491512288465, "y:223": 0.010509641764569248, "y:224": 0.004435659889547831, "y:225": 0.00934692491062173, "y:226": 0.010750675784944465, "y:227": 0.009467683068280656, "y:228": 0.006279525381684336, "y:229": 0.009276195705168128, "y:230": 0.005519232645749823, "y:231": 0.006324590906684085, "y:232": 0.0030222070731817444, "y:233": 0.019020247757532374, "y:234": 0.008553817194586266, "y:235": 0.015565731667650967, "y:236": 0.011522625028336727, "y:237": 0.005392741093339863, "y:238": 0.009386257612949069, "y:239": 0.007943978269340391, "y:240": 0.001852416590252787, "y:241": 0.01700976464604343, "y:242": 0.005043855967965274, "y:243": 0.020186400759729745, "y:244": 0.0023310590730443452, "y:245": 0.008292643908541415, "y:246": 0.005146559246256681, "y:247": 0.007847290064040927, "y:248": 0.004390043754761904, "y:249": 0.005652008086840494, "y:250": 0.006344719988654374, "y:251": 0.0012233883078622044, "y:252": 0.005378013353970064, "y:253": 0.0040321185902762536, "y:254": 0.012951447205092264, "y:255": 0.014073485496076552, "y:256": 0.015034150712261597, "y:257": 0.013722942254026425, "y:258": 0.008960585895026001, "y:259": 0.007932981755443285, "y:260": 0.006098912502212067,