{"23": {"y:0": 0.03991906837690821, "y:1": 0.012173756618285084, "y:2": 0.06370895319035885, "y:3": 0.031447002135850215, "y:4": 0.010886883747146844, "y:5": 0.048165320389039264, "y:6": 0.07845469379156368, "y:7": 0.08233644813297351, "y:8": 0.033586670473997514, "y:9": 0.050794689230560915, "y:10": 0.11584135747010704, "y:11": 0.03282885537852854, "y:12": 0.05879747989177108, "y:13": 0.07292112487839865, "y:14": 0.14483806683185108, "y:15": 0.0989783421496383, "y:16": 0.061344095188093035, "y:17": 0.0435025643430862, "y:18": 0.12309620175843407, "y:19": 0.08139866907788551, "y:20": 0.04545067580343012, "y:21": 0.03882912220716394, "y:22": 0.05971515990633448, "y:23": 0.06336761238305157, "y:24": 0.08800653061769186, "y:25": 0.04059465157491368, "y:26": 0.045519677311084784, "y:27": 0.11750205710015978, "y:28": 0.06120166436597635, "y:29": 0.04261044821397631, "y:30": 0.014506210366305982, "y:31": 0.055229750179942805, "y:32": 0.06935204313350758, "y:33": 0.031088202109545583, "y:34": 0.06391020212206441, "y:35": 0.08992281994772088, "y:36": 0.04067474326692043, "y:37": 0.025669173722474504, "y:38": 0.02066792901789318, "y:39": 0.025019573789219637, "y:40": 0.013706996398668457, "y:41": 0.013676608181999821, "y:42": 0.011080225790342702, "y:43": 0.04245287855233202, "y:44": 0.07812311496399256, "y:45": 0.0699296651393648, "y:46": 0.05766936880658606, "y:47": 0.03008773717326465, "y:48": 0.02391360468942958, "y:49": 0.01172046663648025, "y:50": 0.01798788697262134, "y:51": 0.017444636299515755, "y:52": 0.026178563155921243, "y:53": 0.04360334361627426, "y:54": 0.05592605258234536, "y:55": 0.052528224026736486, "y:56": 0.022477178158874202, "y:57": 0.017992234493095206, "y:58": 0.014832163321711835, "y:59": 0.016414154007832093, "y:60": 0.02204644912070819, "y:61": 0.015770567633437146, "y:62": 0.043798952779591824, "y:63": 0.02747387824749266, "y:64": 0.07328738352066574, "y:65": 0.03961623419012236, "y:66": 0.024954843965577903, "y:67": 0.024359755482898735, "y:68": 0.01871705868134349, "y:69": 0.017079889613442038, "y:70": 0.017413666514971636, "y:71": 0.03319364074856673, "y:72": 0.0187129856714323, "y:73": 0.023133470735945287, "y:74": 0.03161742455103282, "y:75": 0.022277408615719994, "y:76": 0.045834439792362194, "y:77": 0.057477933964177254, "y:78": 0.0467530569288598, "y:79": 0.00751392403999445, "y:80": 0.024758551111746328, "y:81": 0.024876372674327553, "y:82": 0.03372654901086063, "y:83": 0.008505665397775294, "y:84": 0.007376771972223748, "y:85": 0.009676171836795103, "y:86": 0.04361772529591511, "y:87": 0.027118556109981366, "y:88": 0.013277868703860019, "y:89": 0.031644784375659055, "y:90": 0.009266850970778982, "y:91": 0.04032334346502403, "y:92": 0.021696639316992984, "y:93": 0.016603288970169005, "y:94": 0.0008644190555696203, "y:95": 0.027849407069816895, "y:96": 0.023492707913490445, "y:97": 0.013574760600032794, "y:98": 0.019814386595550536, "y:99": 0.029298621593843503}}