{"0": {"y:0": 0.011165509935780492, "y:1": 0.010786531649349694, "y:2": 0.012781296623488512, "y:3": 0.008768829313531509, "y:4": 0.008577746431166598, "y:5": 0.0031875581832332455, "y:6": 0.01777315209072329, "y:7": 0.0059740682887206645, "y:8": 0.01201337794924654, "y:9": 0.008155894625163425, "y:10": 0.003364419167824139, "y:11": 0.00712832522184841, "y:12": 0.012214375115510255, "y:13": 0.00221855490608351, "y:14": 0.0523559515229708, "y:15": 0.005085970842778541, "y:16": 0.024138122667730792, "y:17": 0.009489878977359138, "y:18": 0.025040079324259033, "y:19": 0.004953555024122159, "y:20": 0.002604351168770178, "y:21": 0.002935076292964082, "y:22": 0.03950941632532267, "y:23": 0.0025697015941330893, "y:24": 0.025614654752140874, "y:25": 0.007118361092899452, "y:26": 0.006057375539492506, "y:27": 0.003904377106702979, "y:28": 0.004747847725024639, "y:29": 0.009442190594634843, "y:30": 0.0062252169556043045, "y:31": 0.0030151025439382542}, "1": {"y:0": 0.011122192170490918, "y:1": 0.010191779724517066, "y:2": 0.012760877044903461, "y:3": 0.007970853669896645, "y:4": 0.00860072275417764, "y:5": 0.00288173611797219, "y:6": 0.017686825988545266, "y:7": 0.005074428834825411, "y:8": 0.011846239217425428, "y:9": 0.007348851991356544, "y:10": 0.00338053760065053, "y:11": 0.006437726128523201, "y:12": 0.012130111054358239, "y:13": 0.0021871112473426323, "y:14": 0.05747964301305311, "y:15": 0.0048794698678644366, "y:16": 0.02519590410487198, "y:17": 0.011749581200887625, "y:18": 0.023705478038751598, "y:19": 0.004916995342975319, "y:20": 0.002603579017050255, "y:21": 0.0029343870432630426, "y:22": 0.04112548808087814, "y:23": 0.002590543305115227, "y:24": 0.02592037572314672, "y:25": 0.007152704653966507, "y:26": 0.006104160636869125, "y:27": 0.0038905307265324636, "y:28": 0.004823005817807115, "y:29": 0.009654059473527763, "y:30": 0.006184830069816399, "y:31": 0.0029961905317008137}, "2": {"y:0": 0.01110605521432679, "y:1": 0.015183977928301992, "y:2": 0.01277543348855564, "y:3": 0.012405358022554769, "y:4": 0.00865994060669787, "y:5": 0.004377031771222055, "y:6": 0.0176977180054741, "y:7": 0.014585224970442097, "y:8": 0.011916913187269841, "y:9": 0.017975228004067607, "y:10": 0.0033775010421137693, "y:11": 0.020004301097274992, "y:12": 0.012097690517370316, "y:13": 0.0028422105745646007, "y:14": 0.05915482748098186, "y:15": 0.009739176664315332, "y:16": 0.02527090918219003, "y:17": 0.011138485388998512, "y:18": 0.024901338993743492, "y:19": 0.008462207786477488, "y:20": 0.002598634341585319, "y:21": 0.003699644170383501, "y:22": 0.03994176622892163, "y:23": 0.003202465207247337, "y:24": 0.025278276272611918, "y:25": 0.012070747957523453, "y:26": 0.006119893401063125, "y:27": 0.0050754480438997595, "y:28": 0.004765329393632698, "y:29": 0.01181284029317576, "y:30": 0.006158724235688656, "y:31": 0.0035463296909500216}, "3": {"y:0": 0.011032720518756211, "y:1": 0.01506707963262733, "y:2": 0.012737635166016751, "y:3": 0.012440152840292337, "y:4": 0.008624365047110484, "y:5": 0.004806349992951831, "y:6": 0.01766311275538457, "y:7": 0.020491262099361675, "y:8": 0.01173787456707678, "y:9": 0.02501782739595752, "y:10": 0.003376369752989044, "y:11": 0.04054408050843625, "y:12": 0.012152538788898196, "y:13": 0.0031120222755941195, "y:14": 0.05993290405275857, "y:15": 0.014006669428553234, "y:16": 0.025165965403360063, "y:17": 0.011668895751009345, "y:18": 0.02510816629169079, "y:19": 0.012666830010372502, "y:20": 0.002600296791209187, "y:21": 0.004524417935931997, "y:22": 0.04146387188210293, "y:23": 0.003734876714779313, "y:24": 0.026453094737657612, "y:25": 0.032615318961311555, "y:26": 0.006053153962335789, "y:27": 0.006961220287095699, "y:28": 0.004822340132550964, "y:29": 0.020674909632877065, "y:30": 0.006125911410257802, "y:31": 0.0044092092226436135}, "4": {"y:0": 0.01115378792424212, "y:1": 0.015355852044324454, "y:2": 0.012625690458142056, "y:3": 0.01228551394636335, "y:4": 0.008605368710597491, "y:5": 0.0048591199361994585, "y:6": 0.017573637565970315, "y:7": 0.023314202555060334, "y:8": 0.011864013716236674, "y:9": 0.025274175756963283, "y:10": 0.0033718215583457296, "y:11": 0.04744015196778891, "y:12": 0.012109835456050497, "y:13": 0.0031648556329943772, "y:14": 0.06223750439347508, "y:15": 0.015337770523728632, "y:16": 0.025389779411770143, "y:17": 0.011725978310926087, "y:18": 0.024485099355250544, "y:19": 0.014072833102180675, "y:20": 0.0026042864772544343, "y:21": 0.004681943860262267, "y:22": 0.041387014241692104, "y:23": 0.003798880152547885, "y:24": 0.026689955933435972, "y:25": 0.0410568880222335, "y:26": 0.006070136184890693, "y:27": 0.007349085978797008, "y:28": 0.004811794721137029, "y:29": 0.02351395362919168, "y:30": 0.00615649006135728, "y:31": 0.004551554253607418}, "5": {"y:0": 0.01109963594797794, "y:1": 0.01494944607912253, "y:2": 0.012746653126517972, "y:3": 0.012242330365449064, "y:4": 0.008611385343900189, "y:5": 0.004881912264037735, "y:6": 0.01757526559754406, "y:7": 0.02393900262568233, "y:8": 0.01173797100096768, "y:9": 0.024508610451676485, "y:10": 0.003363967999505988, "y:11": 0.049699174393065884, "y:12": 0.012074927590635772, "y:13": 0.003190529623457449, "y:14": 0.06328231305188096, "y:15": 0.016215794401275463, "y:16": 0.024712515912774752, "y:17": 0.011528180326973149, "y:18": 0.02479065467451909, "y:19": 0.014387610678593517, "y:20": 0.0026037614097450174, "y:21": 0.004738297368017818, "y:22": 0.04243599988359549, "y:23": 0.003878943793846555, "y:24": 0.026693242291215478, "y:25": 0.043424250208678905, "y:26": 0.006102064124592819, "y:27": 0.007507915683056476, "y:28": 0.004797587961412386, "y:29": 0.023456340556976964, "y:30": 0.006145838749086645, "y:31": 0.004643420804528507}, "6": {"y:0": 0.011093464027772445, "y:1": 0.015088583977455845, "y:2": 0.012567739163124668, "y:3": 0.012239316380487298, "y:4": 0.008657358271747415, "y:5": 0.0049015607409520386, "y:6": 0.01758125601383701, "y:7": 0.02486130084088675, "y:8": 0.011800694702771983, "y:9": 0.024216014856523225, "y:10": 0.003367792290881211, "y:11": 0.05047401990369213, "y:12": 0.012171846849694818, "y:13": 0.0032142239318092066, "y:14": 0.06217360433119876, "y:15": 0.01682512016208468, "y:16": 0.024924073241398382, "y:17": 0.011502175872020551, "y:18": 0.024932253717962087, "y:19": 0.015242451155578547, "y:20": 0.0026017796242281377, "y:21": 0.004821692143578666, "y:22": 0.041290684075287805, "y:23": 0.003939164389877108, "y:24": 0.02647122686598339, "y:25": 0.05015648633473993, "y:26": 0.006106307194505671, "y:27": 0.007736650803762908, "y:28": 0.004820668349146286, "y:29": 0.022625522673135744, "y:30": 0.00615960394387788, "y:31": 0.004734590419321574}, "7": {"y:0": 0.011164002121730606, "y:1": 0.014886074203182931, "y:2": 0.012747594368891361, "y:3": 0.012174048946780857, "y:4": 0.008635382243202783, "y:5": 0.004909882713732349, "y:6": 0.017554813834975754, "y:7": 0.02415402905432651, "y:8": 0.01173345050026827, "y:9": 0.023809394689002134, "y:10": 0.0033689331235562756, "y:11": 0.04868654840977499, "y:12": 0.012121343773785577, "y:13": 0.0032232118468535167, "y:14": 0.06170973952455086, "y:15": 0.016790024328813255, "y:16": 0.025040872374591207, "y:17": 0.01142714006976225, "y:18": 0.024693678669467013, "y:19": 0.01505125377501826, "y:20": 0.0026032883564380193, "y:21": 0.004818512764871155, "y:22": 0.043109325378305786, "y:23": 0.0039216006559605575, "y:24": 0.026788263107168794, "y:25": 0.04707586681997659, "y:26": 0.006097558222031637, "y:27": 0.007682813133094053, "y:28": 0.004818552551633032, "y:29": 0.02280240585480153, "y:30": 0.006159675204004423, "y:31": 0.004733155451813565}, "8": {"y:0": 0.01116139667714119, "y:1": 0.015103215216976813, "y:2": 0.012814013837363053, "y:3": 0.012175691004873125, "y:4": 0.00863369266865055, "y:5": 0.004920840030952142, "y:6": 0.017636466553313333, "y:7": 0.02436845865126792, "y:8": 0.011755046044905692, "y:9": 0.023814662754138453, "y:10": 0.0033663869527541025, "y:11": 0.04949505169644536,