{"0": {"y:0": 0.10996400077261637, "y:1": 0.030204079668912323, "y:2": 0.13744388787708356, "y:3": 0.02053899203944641, "y:4": 0.12007213140464405, "y:5": 0.01669255098094625, "y:6": 0.13945503150791808, "y:7": 0.014836858033293593, "y:8": 0.12289226465197069, "y:9": 0.016754268444329326, "y:10": 0.12434935445486721, "y:11": 0.017830552818160733, "y:12": 0.14632535107419792, "y:13": 0.02214070709948851, "y:14": 0.1469151717154856, "y:15": 0.02468016656850162, "y:16": 0.14003927977098202, "y:17": 0.026405402792448497, "y:18": 0.1352021765494773, "y:19": 0.029162544895634124, "y:20": 0.13358448417361923, "y:21": 0.03362647543130633, "y:22": 0.15234580736701128, "y:23": 0.035298191133252034, "y:24": 0.13308923807808146, "y:25": 0.04057969390721541, "y:26": 0.1140381578805873, "y:27": 0.03933672316274496, "y:28": 0.126459904133465, "y:29": 0.04226546971224817, "y:30": 0.15232214100498376, "y:31": 0.040040326766908683}, "1": {"y:0": 0.1039798227158341, "y:1": 0.023174653516650934, "y:2": 0.12013347999843474, "y:3": 0.01654581730155871, "y:4": 0.11612333310573786, "y:5": 0.015338897855604487, "y:6": 0.12198069636327273, "y:7": 0.016950098277298764, "y:8": 0.13122153476767942, "y:9": 0.022006722777766035, "y:10": 0.13862098556401087, "y:11": 0.02946326142925995, "y:12": 0.12487482567614151, "y:13": 0.028141313658567948, "y:14": 0.1191101096306176, "y:15": 0.036363546359368885, "y:16": 0.11857262177881021, "y:17": 0.038563363876248216, "y:18": 0.12912338578674062, "y:19": 0.03921171958015546, "y:20": 0.12930827123500513, "y:21": 0.044960930529927993, "y:22": 0.13796813414548353, "y:23": 0.04391586536436198, "y:24": 0.13443776706479965, "y:25": 0.048889315894388115, "y:26": 0.12378001746489012, "y:27": 0.055173925139917736, "y:28": 0.13108761821936052, "y:29": 0.05476712042670217, "y:30": 0.12577318175391497, "y:31": 0.0522352162572123}, "2": {"y:0": 0.10669096826819116, "y:1": 0.04564712938815068, "y:2": 0.10557804736464821, "y:3": 0.03432200398504034, "y:4": 0.12098263615197334, "y:5": 0.026169582562714247, "y:6": 0.12281768042138234, "y:7": 0.0238861060111292, "y:8": 0.12692363144255228, "y:9": 0.020149761493306405, "y:10": 0.13430488750046404, "y:11": 0.019368788673964736, "y:12": 0.13051466333877926, "y:13": 0.017578264567139797, "y:14": 0.13357028492511225, "y:15": 0.01667645590774313, "y:16": 0.13067070137857606, "y:17": 0.017204232378028667, "y:18": 0.12347504143896638, "y:19": 0.017973570142542285, "y:20": 0.12688462213117194, "y:21": 0.01862604978143286, "y:22": 0.13942963491424762, "y:23": 0.01991758608946466, "y:24": 0.12955746701012089, "y:25": 0.02062526757611658, "y:26": 0.13106784011854164, "y:27": 0.021349309434833253, "y:28": 0.11319062980398273, "y:29": 0.02318958611501538, "y:30": 0.11971996923848298, "y:31": 0.025683599377245445}, "3": {"y:0": 0.09456640073240381, "y:1": 0.05999903640826249, "y:2": 0.10450534361595215, "y:3": 0.05084083871884894, "y:4": 0.12045335243776299, "y:5": 0.0422120914381361, "y:6": 0.1191721375731093, "y:7": 0.038210453496751555, "y:8": 0.11738572377693525, "y:9": 0.03194418157927418, "y:10": 0.11529423207325036, "y:11": 0.03143508197640903, "y:12": 0.12321774683316274, "y:13": 0.028412281809928084, "y:14": 0.11791803380978472, "y:15": 0.025699844606062318, "y:16": 0.11975540539576747, "y:17": 0.023381355719679156, "y:18": 0.12590355804874034, "y:19": 0.02265147090947109, "y:20": 0.12190979708200259, "y:21": 0.02237955083615913, "y:22": 0.11931899603304587, "y:23": 0.020490821384587937, "y:24": 0.11820906848617187, "y:25": 0.02047106483313209, "y:26": 0.12234728988846805, "y:27": 0.019405438253310266, "y:28": 0.12028908206665655, "y:29": 0.01890070453786515, "y:30": 0.12271646809081149, "y:31": 0.018083121585165153}, "4": {"y:0": 0.07469810865190821, "y:1": 0.02188351695114388, "y:2": 0.09125501396338105, "y:3": 0.015922748758159737, "y:4": 0.09870018056269513, "y:5": 0.014675445653686671, "y:6": 0.09407205878813149, "y:7": 0.015298029531686347, "y:8": 0.1036689631823582, "y:9": 0.017848736515891157, "y:10": 0.09405648403708829, "y:11": 0.01884608256779772, "y:12": 0.09817141519366568, "y:13": 0.02403042685697805, "y:14": 0.10195395283690555, "y:15": 0.023918177118285942, "y:16": 0.09950584890617313, "y:17": 0.02766193086216517, "y:18": 0.10062950371397356, "y:19": 0.02959509978134566, "y:20": 0.09451781294883123, "y:21": 0.031862392637491174, "y:22": 0.09965479011668445, "y:23": 0.03240489224418168, "y:24": 0.09040918427225283, "y:25": 0.03523692813049818, "y:26": 0.09397027919925949, "y:27": 0.036755688051670087, "y:28": 0.0893897733553874, "y:29": 0.040312487635248785, "y:30": 0.08947926020872461, "y:31": 0.03972655786231749}, "5": {"y:0": 0.0761295116297678, "y:1": 0.043272451715071256, "y:2": 0.05937889482491206, "y:3": 0.06398681291528686, "y:4": 0.05167590722515265, "y:5": 0.072084124544988, "y:6": 0.04657756819964674, "y:7": 0.08317492728979321, "y:8": 0.047559042088606875, "y:9": 0.0946692756680709, "y:10": 0.044164210873839725, "y:11": 0.08773329412266376, "y:12": 0.04220111043079146, "y:13": 0.09550306424585313, "y:14": 0.04030225807793063, "y:15": 0.09200152278397934, "y:16": 0.036307997907181325, "y:17": 0.09195761502706522, "y:18": 0.03517372098945798, "y:19": 0.09871336081786687, "y:20": 0.0341259538630305, "y:21": 0.09411568931157076, "y:22": 0.03218259918398527, "y:23": 0.10279551237958662, "y:24": 0.03391699720499469, "y:25": 0.1007692971307461, "y:26": 0.032203978617560254, "y:27": 0.10683628345247308, "y:28": 0.029161075572651466, "y:29": 0.11043075995193091, "y:30": 0.028680352475160376, "y:31": 0.09537862847782387}, "6": {"y:0": 0.08700182820631293, "y:1": 0.05554984254973213, "y:2": 0.06831834031588531, "y:3": 0.07683528759158606, "y:4": 0.06623184150003622, "y:5": 0.09021738513828441, "y:6": 0.05899948892158984, "y:7": 0.0911301071230048, "y:8": 0.05880929010676495, "y:9": 0.09160868499924474, "y:10": 0.04980490752380863, "y:11": 0.09796074075421808, "y:12": 0.04665550924599257, "y:13": 0.09797941819939457, "y:14": 0.047691584725165506, "y:15": 0.09964065811517597, "y:16": 0.04405152924362738, "y:17": 0.1038024470542769, "y:18": 0.039391427585108656, "y:19": 0.10962846460419713, "y:20": 0.038034420967948686, "y:21": 0.11252739169622511, "y:22": 0.0351951040131743, "y:23": 0.10991244275953956, "y:24": 0.030616249123673903, "y:25": 0.10773992342293164, "y:26": 0.028383578452389407, "y:27": 0.11077467467031908, "y:28": 0.027445271757954998, "y:29": 0.10909077362116601, "y:30": 0.025460073271377913, "y:31": 0.10754443167644072}, "7": {"y:0": 0.061847666412617436, "y:1": 0.021521496669323178, "y:2": 0.05427675291296621, "y:3": 0.02822477178658243, "y:4": 0.04962673154739182, "y:5": 0.03323187814426091, "y:6": 0.04244260693199675, "y:7": 0.04191049350072459, "y:8": 0.041607611334445474, "y:9": 0.04746803256025558, "y:10": 0.03773943630727796, "y:11": 0.05307913775474287, "y:12": 0.034934697907757335, "y:13": 0.05154222306817559, "y:14": 0.032781810489042607, "y:15": 0.049991847597175454, "y:16": 0.030961275106578787, "y:17": 0.05673945726823551, "y:18": 0.029340261337851337, "y:19": 0.06224966739061186, "y:20": 0.02549356549970968, "y:21": 0.06526153565209346, "y:22": 0.025673181892939677, "y:23": 0.055733051067017626, "y:24": 0.024125244609598927, "y:25": 0.06717954849785347, "y:26": 0.024406203896863824, "y:27": 0.07241457943413704, "y:28": 0.024640961931738828, "y:29": 0.0717284757652566, "y:30": 0.02309828277307653, "y:31": 0.08079969477104808}, "8": {"y:0": 0.046821800487817616, "y:1": 0.03833154577302214, "y:2": 0.03239582744269301, "y:3": 0.025610322700128692, "y:4": 0.03250316350587075, "y:5": 0.021518427237586263, "y:6": 0.03304997718475854, "y:7": 0.020064939492211217, "y:8": 0.03222205748393919, "y:9": 0.017628970588234323, "y:10": 0.03156261940887453, "y:11": 0.018974612030271388, "y:12": 0.0366133531465217, "y:13": 0.02013678891859154, "y:14": 0.034105625857055906, "y:15": 0.02317913121027953, "y:16": 0.029263861985084138, "y:17": 0.02216536139091302, "y:18": 0.02859740118028008,