{"0": {"y:0": 0.20192063785941233, "y:1": 0.20300505108235553, "y:2": 0.2024697684517088, "y:3": 0.19643254302380425, "y:4": 0.2027255927991393, "y:5": 0.2013608160207494, "y:6": 0.2027698005116875, "y:7": 0.20397577999470337, "y:8": 0.1997928072913707, "y:9": 0.2027433871942618}, "1": {"y:0": 0.19554059500863652, "y:1": 0.1961601269010458, "y:2": 0.19484855341134646, "y:3": 0.19359587725922162, "y:4": 0.1946922300632137, "y:5": 0.19440200582745318, "y:6": 0.19403182305943728, "y:7": 0.19574321471082234, "y:8": 0.19592586325922678, "y:9": 0.19315873595601865}, "2": {"y:0": 0.4215201003074934, "y:1": 0.428759760091915, "y:2": 0.4223233077129858, "y:3": 0.4232108579489926, "y:4": 0.42189195829089654, "y:5": 0.4253949346888057, "y:6": 0.42546340366434027, "y:7": 0.42481667635577347, "y:8": 0.4255792565098603, "y:9": 0.4204153135674432}, "3": {"y:0": 0.7948542173773363, "y:1": 0.8077351386782866, "y:2": 0.8390189543777423, "y:3": 0.8267375029978062, "y:4": 0.8220133698779933, "y:5": 0.8077247886209146, "y:6": 0.8097411365056075, "y:7": 0.8197368405049796, "y:8": 0.8135426416213344, "y:9": 0.8342143524182012}, "4": {"y:0": 1.355057519745162, "y:1": 1.5270172179064407, "y:2": 1.5605900327492002, "y:3": 1.4723436657929228, "y:4": 1.3980599930609845, "y:5": 1.5602510478267424, "y:6": 1.534933869881331, "y:7": 1.5642694883153547, "y:8": 1.4945655508709577, "y:9": 1.4149358871700752}, "5": {"y:0": 1.6488900880422082, "y:1": 2.5172569207568736, "y:2": 2.5071062242357005, "y:3": 1.9676867097067472, "y:4": 1.8511494504849821, "y:5": 2.21365154649171, "y:6": 2.3923674329024722, "y:7": 2.447278579173781, "y:8": 2.440606470864294, "y:9": 2.064979718165669}, "6": {"y:0": 1.7405273828282128, "y:1": 2.891802002421123, "y:2": 3.0401051959149537, "y:3": 2.251440305371507, "y:4": 1.9609251212500562, "y:5": 2.57158473051766, "y:6": 2.7175703284426422, "y:7": 2.995660666962087, "y:8": 3.1260062044450954, "y:9": 2.290639747259401}, "7": {"y:0": 1.8354454247957679, "y:1": 3.046808888357462, "y:2": 3.098796262274459, "y:3": 2.352887946217034, "y:4": 1.995865352175352, "y:5": 2.705552903412933, "y:6": 2.8016301938835193, "y:7": 3.159913776655198, "y:8": 3.179514155913991, "y:9": 2.2889307920910196}, "8": {"y:0": 1.7908579292789994, "y:1": 3.0577087565484407, "y:2": 3.137845128689673, "y:3": 2.2326156930026633, "y:4": 2.0288477976946018, "y:5": 2.6712514044242748, "y:6": 2.8840611882134217, "y:7": 3.162961244405325, "y:8": 3.1541870675603327, "y:9": 2.3452045296694832}, "9": {"y:0": 1.8059821741667372, "y:1": 3.2137388914767406, "y:2": 3.319095370117995, "y:3": 2.319918940432855, "y:4": 2.0512284153927305, "y:5": 2.7403906017964417, "y:6": 3.0000074032729693, "y:7": 3.3130796749984195, "y:8": 3.3177710774318596, "y:9": 2.4232661070008716}, "10": {"y:0": 1.8171548429760649, "y:1": 3.212333398555185, "y:2": 3.3544857798481167, "y:3": 2.328952444188933, "y:4": 2.0705647148613733, "y:5": 2.766351658804905, "y:6": 3.0052410605627204, "y:7": 3.352235311793142, "y:8": 3.3702425070556097, "y:9": 2.4167506286777343}, "11": {"y:0": 1.7843778103988772, "y:1": 3.2686257115790354, "y:2": 3.356364397688019, "y:3": 2.289919138377939, "y:4": 2.0981803572268127, "y:5": 2.7037928984534294, "y:6": 3.0457643260851954, "y:7": 3.409637229898414, "y:8": 3.3504231088233474, "y:9": 2.465788019636493}}