{"0": {"y:0": 0.3931758733559221, "y:1": 0.39174075397341857, "y:2": 0.39614527047109077, "y:3": 0.3897127720930751, "y:4": 0.39207239220023976, "y:5": 0.39893362953083844, "y:6": 0.3900420175566846, "y:7": 0.39762042637181655, "y:8": 0.3926401801687892, "y:9": 0.3920851897861822}, "1": {"y:0": 0.413228097854097, "y:1": 0.41071179614099546, "y:2": 0.4115653869115201, "y:3": 0.4119668912875742, "y:4": 0.40779583011430715, "y:5": 0.40892793085905066, "y:6": 0.4117576769086467, "y:7": 0.41612598577868803, "y:8": 0.4069153052785284, "y:9": 0.4179327614420029}, "2": {"y:0": 0.8265813593665867, "y:1": 0.8402518165223468, "y:2": 0.8309451297920695, "y:3": 0.8433909277370731, "y:4": 0.8398426633512216, "y:5": 0.8334942597692301, "y:6": 0.838749734135788, "y:7": 0.8426478749706997, "y:8": 0.8300367672624266, "y:9": 0.8460998572929401}, "3": {"y:0": 1.771175584873079, "y:1": 1.7710112678242305, "y:2": 1.769146723416105, "y:3": 1.7613168037845828, "y:4": 1.8041668446311616, "y:5": 1.8081510378514198, "y:6": 1.7733542629616292, "y:7": 1.7617459414325527, "y:8": 1.7450995293886813, "y:9": 1.7723994334840656}, "4": {"y:0": 3.4869672827897262, "y:1": 3.503452627954412, "y:2": 3.5338393676651014, "y:3": 3.4642999629824525, "y:4": 3.433964959167999, "y:5": 3.4678541546685535, "y:6": 3.430192560113301, "y:7": 3.432280809458683, "y:8": 3.5957023627573967, "y:9": 3.3563530844631013}, "5": {"y:0": 5.161796574805013, "y:1": 5.183335463987757, "y:2": 5.219638323454378, "y:3": 5.346895691453564, "y:4": 5.291161083185994, "y:5": 5.167362490259295, "y:6": 5.486326367704908, "y:7": 5.279090334349439, "y:8": 5.33227178564389, "y:9": 5.19882741328232}, "6": {"y:0": 5.733097269296571, "y:1": 6.042708384864128, "y:2": 5.850489677006247, "y:3": 5.851403784634437, "y:4": 6.124099711600213, "y:5": 5.934997570081861, "y:6": 5.90226235296198, "y:7": 5.767228547938256, "y:8": 5.974127322606292, "y:9": 5.927616108466859}, "7": {"y:0": 6.5592680193495365, "y:1": 6.186205148092369, "y:2": 6.345991197615715, "y:3": 6.440822762448373, "y:4": 6.1676239709275, "y:5": 6.38615645858199, "y:6": 6.5135428209047745, "y:7": 6.3767733104986295, "y:8": 6.3760205948755, "y:9": 6.342354966199156}, "8": {"y:0": 6.622437618829624, "y:1": 6.6572668450751, "y:2": 6.572187746230532, "y:3": 6.556746267415481, "y:4": 6.600638842464833, "y:5": 6.562689485965977, "y:6": 6.614673577232042, "y:7": 6.641436721073635, "y:8": 6.604606701152381, "y:9": 6.479939247195885}, "9": {"y:0": 6.610727407016462, "y:1": 6.554402661449738, "y:2": 6.71641846617231, "y:3": 6.582044015259249, "y:4": 6.607791145879591, "y:5": 6.613369213614257, "y:6": 6.672574918196343, "y:7": 6.682059597366689, "y:8": 6.640608104827589, "y:9": 6.572107474565385}, "10": {"y:0": 6.718007635851068, "y:1": 6.685826288722363, "y:2": 6.709707428912325, "y:3": 6.751179888440376, "y:4": 6.714757585299782, "y:5": 6.7238754864707175, "y:6": 6.745195503945364, "y:7": 6.762912365064859, "y:8": 6.70634086318089, "y:9": 6.767553775457578}, "11": {"y:0": 6.8890462615852845, "y:1": 6.900312428104806, "y:2": 6.855562880697279, "y:3": 6.837107465984354, "y:4": 6.8754032173863395, "y:5": 6.841407459223343, "y:6": 6.851205840314809, "y:7": 6.887369168318896, "y:8": 6.837639007474291, "y:9": 6.838441708321114}}