{"0": {"y:0": 0.09796087292086303, "y:1": 0.025957279257400004, "y:2": 0.1252253039820303, "y:3": 0.018581145556870782, "y:4": 0.1496467948899829, "y:5": 0.015602364242786444, "y:6": 0.11619209280866684, "y:7": 0.014828600202433831, "y:8": 0.14130181409145515, "y:9": 0.016547846894069875, "y:10": 0.15016604981137874, "y:11": 0.020808944633064656, "y:12": 0.13237423036042012, "y:13": 0.024997732628587663, "y:14": 0.14158741203570338, "y:15": 0.029792829802865895, "y:16": 0.16601789714906035, "y:17": 0.03456841798796241, "y:18": 0.14971429463550107, "y:19": 0.036933469056854726, "y:20": 0.14875380913870462, "y:21": 0.04149903261489777, "y:22": 0.13822521887016442, "y:23": 0.04469503995052953, "y:24": 0.13777421838330087, "y:25": 0.04800978059890241, "y:26": 0.13596207414256098, "y:27": 0.041727736790326764, "y:28": 0.148112829800145, "y:29": 0.04366721145230069, "y:30": 0.14477944126230544, "y:31": 0.05231590586170513}, "1": {"y:0": 0.12592396900651276, "y:1": 0.026126578939788404, "y:2": 0.13414935927786215, "y:3": 0.020336033340793692, "y:4": 0.12640464192289827, "y:5": 0.01562848375423556, "y:6": 0.12415117546205952, "y:7": 0.015457119324257883, "y:8": 0.14135440844013847, "y:9": 0.016375164999279542, "y:10": 0.14199661726344223, "y:11": 0.019449757979774735, "y:12": 0.12614811207030308, "y:13": 0.02180326104117422, "y:14": 0.13445499630571794, "y:15": 0.023084058433076253, "y:16": 0.1403604468325602, "y:17": 0.027540142890380804, "y:18": 0.12556156878451474, "y:19": 0.0321757326804029, "y:20": 0.14390443570378025, "y:21": 0.03308089563372072, "y:22": 0.14413638627327816, "y:23": 0.03540698456616934, "y:24": 0.12732332293903614, "y:25": 0.03928026946292054, "y:26": 0.1400183853354364, "y:27": 0.04372698705406225, "y:28": 0.13351047464885749, "y:29": 0.0454387267713742, "y:30": 0.1383565608467365, "y:31": 0.04734138020926782}, "2": {"y:0": 0.11808870137746316, "y:1": 0.068108821101323, "y:2": 0.12541925359861486, "y:3": 0.05826248613909899, "y:4": 0.1501380323254782, "y:5": 0.04973054364944489, "y:6": 0.136745275103049, "y:7": 0.0354992876943574, "y:8": 0.13075121529087266, "y:9": 0.03260587547803799, "y:10": 0.13897243945206028, "y:11": 0.029690550369560777, "y:12": 0.13978669334983895, "y:13": 0.026385797101530727, "y:14": 0.13590449238049052, "y:15": 0.02526159192902799, "y:16": 0.13979523701567398, "y:17": 0.023548455038818007, "y:18": 0.1352140167919843, "y:19": 0.023204157082244558, "y:20": 0.13020523889502847, "y:21": 0.021560047807505582, "y:22": 0.14373197647990738, "y:23": 0.02042882858450336, "y:24": 0.12951288139844286, "y:25": 0.02087635739678918, "y:26": 0.15354243500546624, "y:27": 0.01977656336762289, "y:28": 0.13244553242768076, "y:29": 0.019649065883425347, "y:30": 0.12557056614642131, "y:31": 0.01920699057703452}, "3": {"y:0": 0.11383634785231819, "y:1": 0.0856743179575264, "y:2": 0.13555919445256664, "y:3": 0.08356059040815768, "y:4": 0.13977314603876023, "y:5": 0.07076487329103422, "y:6": 0.1369611363706117, "y:7": 0.05938778484990947, "y:8": 0.13313679762334807, "y:9": 0.058614929908703255, "y:10": 0.13363723464954835, "y:11": 0.05035079872869701, "y:12": 0.13415634307901153, "y:13": 0.047922839224863414, "y:14": 0.14626237922676394, "y:15": 0.05331049383942339, "y:16": 0.14213701858176817, "y:17": 0.04470448549299682, "y:18": 0.1338623973448838, "y:19": 0.04055224311721018, "y:20": 0.1291233647985819, "y:21": 0.037576739740669274, "y:22": 0.13979969748472978, "y:23": 0.03824010603295105, "y:24": 0.1353186399181079, "y:25": 0.035434131041782786, "y:26": 0.1278964412720106, "y:27": 0.032451093123260735, "y:28": 0.1340635227114868, "y:29": 0.03288026739196898, "y:30": 0.14215968223174588, "y:31": 0.03191865572479102}, "4": {"y:0": 0.10293917734665863, "y:1": 0.063435408978498, "y:2": 0.11137429192202897, "y:3": 0.058411592494597056, "y:4": 0.11852442293204468, "y:5": 0.045338373692721354, "y:6": 0.12461635197473869, "y:7": 0.04168665786125103, "y:8": 0.12436673853735843, "y:9": 0.039157846222462385, "y:10": 0.1176774528083169, "y:11": 0.03559715427234294, "y:12": 0.13036237677250073, "y:13": 0.032339960713649585, "y:14": 0.12045598934275412, "y:15": 0.03136410813785732, "y:16": 0.12061938632537489, "y:17": 0.031296947509979155, "y:18": 0.11662739566034289, "y:19": 0.02788215492306323, "y:20": 0.12751585459909265, "y:21": 0.025948764642872338, "y:22": 0.11521232776859687, "y:23": 0.0249769058676352, "y:24": 0.12319742456964689, "y:25": 0.024880636972105057, "y:26": 0.12538710946292234, "y:27": 0.024288010455849194, "y:28": 0.11624434845583079, "y:29": 0.023372183703459348, "y:30": 0.1228782609305898, "y:31": 0.021858567077114942}, "5": {"y:0": 0.08120365254488936, "y:1": 0.04461054385857992, "y:2": 0.09570050821230879, "y:3": 0.039776738973486644, "y:4": 0.09582749020993434, "y:5": 0.03509062678650511, "y:6": 0.09896963469830698, "y:7": 0.028820295022536854, "y:8": 0.10319126180797109, "y:9": 0.029616105943595348, "y:10": 0.09824779922194875, "y:11": 0.026192743025005745, "y:12": 0.10426489259405058, "y:13": 0.024764297884782766, "y:14": 0.10351828512811437, "y:15": 0.023293989188259593, "y:16": 0.11190602399872952, "y:17": 0.022414621231594774, "y:18": 0.09799388410242085, "y:19": 0.019853214848417393, "y:20": 0.09915378547836848, "y:21": 0.01971777032163274, "y:22": 0.10264967390040662, "y:23": 0.019168614075162585, "y:24": 0.10226519724536863, "y:25": 0.018603747702405405, "y:26": 0.1037606439165366, "y:27": 0.0175009948698142, "y:28": 0.10175841558420538, "y:29": 0.017088171457463504, "y:30": 0.10560615554584532, "y:31": 0.017107964598744894}, "6": {"y:0": 0.05373998840128274, "y:1": 0.019475367106619474, "y:2": 0.0540370296848826, "y:3": 0.0316045073144078, "y:4": 0.05251017868007712, "y:5": 0.03898100195011561, "y:6": 0.05138117341189074, "y:7": 0.04652502089964834, "y:8": 0.048677031923991025, "y:9": 0.053611029410253294, "y:10": 0.04712511209577265, "y:11": 0.058542134931431074, "y:12": 0.046142277554269445, "y:13": 0.06393883508203226, "y:14": 0.04393136027139231, "y:15": 0.066115279661371, "y:16": 0.044154169309245164, "y:17": 0.06739926330654188, "y:18": 0.043086938510215715, "y:19": 0.07329174933978876, "y:20": 0.04238666597013886, "y:21": 0.07142553596997053, "y:22": 0.04073389221872264, "y:23": 0.0704475426554417, "y:24": 0.04003939527061754, "y:25": 0.07855836723142087, "y:26": 0.039013025878315656, "y:27": 0.07654719783615863, "y:28": 0.03956921823689003, "y:29": 0.08054861647068942, "y:30": 0.040413037435570016, "y:31": 0.08037449417901012}, "7": {"y:0": 0.08130842051756718, "y:1": 0.04656221436621214, "y:2": 0.06950103887044934, "y:3": 0.06261125225660147, "y:4": 0.06641645726720519, "y:5": 0.07154993106017707, "y:6": 0.06067998379823239, "y:7": 0.08061934871264179, "y:8": 0.05903474980250661, "y:9": 0.08036884053075467, "y:10": 0.05271317995244389, "y:11": 0.0922006031614037, "y:12": 0.05043943359769231, "y:13": 0.08953326286127214, "y:14": 0.0434714377829829, "y:15": 0.08911980648648254, "y:16": 0.04448272644249306, "y:17": 0.09284688382529652, "y:18": 0.039512970102391624, "y:19": 0.09724234535096193, "y:20": 0.03652000343569825, "y:21": 0.09132222462939303, "y:22": 0.03646931376071637, "y:23": 0.09959165945541057, "y:24": 0.03349997296558603, "y:25": 0.09174070094243496, "y:26": 0.03158011642759741, "y:27": 0.09423813650934998, "y:28": 0.029366297578330616, "y:29": 0.10766147789695424, "y:30": 0.025934899836533645, "y:31": 0.10417263764055935}, "8": {"y:0": 0.05194038031953485, "y:1": 0.01565210862129493, "y:2": 0.04352770512016098, "y:3": 0.01548181400128044, "y:4": 0.046588265257860806, "y:5": 0.018879537237823374, "y:6": 0.04683534656727723, "y:7": 0.02042452421749821, "y:8": 0.042810849952458783, "y:9": 0.023192959224577526, "y:10": 0.04227098805182506, "y:11": 0.026492551409794368, "y:12": 0.04059945093174561, "y:13": 0.029854042924852112, "y:14": 0.037832443731225324, "y:15": 0.030896862684364892, "y:16": 0.04071421230081385, "y:17": 0.03397791889645747, "y:18": 0.03518216219187294,