{"0": {"y:0": 0.10837463694084382, "y:1": 0.020779183219790526, "y:2": 0.11508504709808345, "y:3": 0.016251244519577258, "y:4": 0.13705036242936042, "y:5": 0.01729489586769906, "y:6": 0.1256534686086936, "y:7": 0.022457194528470906, "y:8": 0.12910377908491713, "y:9": 0.026205716003153953, "y:10": 0.1240888774449519, "y:11": 0.031050615148860542, "y:12": 0.12103032008838595, "y:13": 0.03124473276041516, "y:14": 0.13563862761529843, "y:15": 0.03642571654126124, "y:16": 0.13707662618088728, "y:17": 0.04169887383539612, "y:18": 0.12207203771310968, "y:19": 0.042709936690032584, "y:20": 0.12781553906611468, "y:21": 0.04712035780577452, "y:22": 0.12005858986934387, "y:23": 0.05551914653383341, "y:24": 0.11637695276897911, "y:25": 0.050379092700462036, "y:26": 0.12646915728722577, "y:27": 0.05675663053808912, "y:28": 0.11416709382541398, "y:29": 0.05154877625730041, "y:30": 0.11696698448795691, "y:31": 0.05875872641919175}, "1": {"y:0": 0.11918593736119446, "y:1": 0.030033256399220404, "y:2": 0.11981156123450126, "y:3": 0.02163085218506669, "y:4": 0.1321805270038126, "y:5": 0.016892443609698448, "y:6": 0.13707343904165364, "y:7": 0.01535888092383667, "y:8": 0.1277531928397847, "y:9": 0.01636675148666231, "y:10": 0.12420688158729716, "y:11": 0.01817480345958395, "y:12": 0.12846655870966764, "y:13": 0.021071745104191946, "y:14": 0.14117072492168678, "y:15": 0.020863506556069118, "y:16": 0.1404120169688222, "y:17": 0.027303631835974482, "y:18": 0.14510247811495286, "y:19": 0.028905591870231805, "y:20": 0.13031458733991322, "y:21": 0.02954673420016888, "y:22": 0.12293391611017486, "y:23": 0.030162258585720705, "y:24": 0.13504634534709567, "y:25": 0.03306372315522405, "y:26": 0.1400789956125867, "y:27": 0.03734451043917832, "y:28": 0.12972324261639256, "y:29": 0.0399927112605191, "y:30": 0.1374359501670962, "y:31": 0.04024741925507397}, "2": {"y:0": 0.1244937765715293, "y:1": 0.07815700828842809, "y:2": 0.1272233112998184, "y:3": 0.058176065120982515, "y:4": 0.12883602170983025, "y:5": 0.057171549393063924, "y:6": 0.15169736607387466, "y:7": 0.043749618480982654, "y:8": 0.1471634512727477, "y:9": 0.03969052636303567, "y:10": 0.14422196896978026, "y:11": 0.03433209996109516, "y:12": 0.13421910145657348, "y:13": 0.0343027468652114, "y:14": 0.13652267141255048, "y:15": 0.02837683839462936, "y:16": 0.13268891955894968, "y:17": 0.03060670920039805, "y:18": 0.13857503513467895, "y:19": 0.02771438769314276, "y:20": 0.12845431890921413, "y:21": 0.02674863028921146, "y:22": 0.14372161440727146, "y:23": 0.024405377795161984, "y:24": 0.1433419441184631, "y:25": 0.025147734184685685, "y:26": 0.1350422866869052, "y:27": 0.024345667346175954, "y:28": 0.13196237389504123, "y:29": 0.02261385785462114, "y:30": 0.14056738509310324, "y:31": 0.02211275201543354}, "3": {"y:0": 0.10893668848831259, "y:1": 0.04466996393988964, "y:2": 0.1159200707493411, "y:3": 0.03626941852229719, "y:4": 0.12421368496878533, "y:5": 0.028796818970027793, "y:6": 0.12925348359400857, "y:7": 0.024707591360374273, "y:8": 0.12542981650085314, "y:9": 0.0221275145167067, "y:10": 0.11460661774197055, "y:11": 0.019096577446354117, "y:12": 0.1183688356229259, "y:13": 0.018308153460066205, "y:14": 0.12110320086042409, "y:15": 0.01651437917157665, "y:16": 0.11921150905588959, "y:17": 0.01650045842904005, "y:18": 0.11903662615038982, "y:19": 0.016701571516722084, "y:20": 0.11521649885841592, "y:21": 0.01730416885607408, "y:22": 0.12320478763157847, "y:23": 0.018681227539277676, "y:24": 0.1263302410792322, "y:25": 0.018907837049154747, "y:26": 0.12144734938611325, "y:27": 0.02030007720893954, "y:28": 0.12468016614739474, "y:29": 0.020896630286584738, "y:30": 0.11318648091225374, "y:31": 0.021895656342506082}, "4": {"y:0": 0.08656187793779149, "y:1": 0.029312163522521025, "y:2": 0.09754780551755203, "y:3": 0.021083880857170483, "y:4": 0.09505519086222032, "y:5": 0.016370862397539102, "y:6": 0.10295878938758576, "y:7": 0.01535715228319027, "y:8": 0.1002489465379081, "y:9": 0.016852109627114628, "y:10": 0.10055879219282754, "y:11": 0.018589195150209507, "y:12": 0.10029087395336161, "y:13": 0.02143014472882654, "y:14": 0.1018863207310831, "y:15": 0.023695851353772456, "y:16": 0.09842957721014362, "y:17": 0.024426870465762238, "y:18": 0.09474401742715544, "y:19": 0.027762343096379104, "y:20": 0.09172653806285523, "y:21": 0.030354127330334303, "y:22": 0.09355967404806866, "y:23": 0.03332046541142639, "y:24": 0.09342868701458583, "y:25": 0.03458437960232326, "y:26": 0.09244329588143785, "y:27": 0.03857845046169945, "y:28": 0.09204718560466611, "y:29": 0.03839007946944506, "y:30": 0.10451601529139687, "y:31": 0.03951802195069221}, "5": {"y:0": 0.060245647029815365, "y:1": 0.02759122554492203, "y:2": 0.058090485617621, "y:3": 0.04671192268189182, "y:4": 0.0565374715791075, "y:5": 0.06691682274530662, "y:6": 0.054177680423448275, "y:7": 0.06443838093299543, "y:8": 0.057885170611224356, "y:9": 0.0777459118454491, "y:10": 0.05187377593943043, "y:11": 0.08443574610680776, "y:12": 0.05013274703449823, "y:13": 0.09039280331395738, "y:14": 0.050455530562327995, "y:15": 0.08846521779630094, "y:16": 0.04867891550963169, "y:17": 0.09387766910954602, "y:18": 0.04533761913388294, "y:19": 0.08254602236433733, "y:20": 0.04668820474477587, "y:21": 0.10003846913262032, "y:22": 0.04498424187610922, "y:23": 0.1087358319319945, "y:24": 0.043817915059940614, "y:25": 0.09492752459867021, "y:26": 0.03972547885277321, "y:27": 0.09963975593290568, "y:28": 0.04032617691161702, "y:29": 0.09735359331530882, "y:30": 0.04110061059020135, "y:31": 0.09245001687022496}, "6": {"y:0": 0.07781695470893332, "y:1": 0.0607746388089789, "y:2": 0.061690052422138146, "y:3": 0.07654416839827223, "y:4": 0.06102063582244043, "y:5": 0.09143568608041756, "y:6": 0.05662481393951771, "y:7": 0.09956289263777944, "y:8": 0.049619159032895856, "y:9": 0.11173579185224952, "y:10": 0.04971812584359922, "y:11": 0.1150266933956538, "y:12": 0.04865744488999238, "y:13": 0.11975454596524993, "y:14": 0.04223149781665172, "y:15": 0.11078666769256924, "y:16": 0.04440283920277706, "y:17": 0.1170866636832865, "y:18": 0.0422257163209985, "y:19": 0.12491687028778732, "y:20": 0.03953859939554151, "y:21": 0.12356297864101796, "y:22": 0.037920663938594515, "y:23": 0.12597693968693374, "y:24": 0.03536397251287164, "y:25": 0.11906622344187692, "y:26": 0.03382386278594461, "y:27": 0.11547691282609487, "y:28": 0.035492685290503825, "y:29": 0.12318128174580753, "y:30": 0.031533956931477716, "y:31": 0.12442139996056063}, "7": {"y:0": 0.10803106605362565, "y:1": 0.05823356805879314, "y:2": 0.1182084255620895, "y:3": 0.048183510866393664, "y:4": 0.10719742269672625, "y:5": 0.03889860277108131, "y:6": 0.12318186722945412, "y:7": 0.03219579929076204, "y:8": 0.1349230601071595, "y:9": 0.028161610399888085, "y:10": 0.11602160540320175, "y:11": 0.02623631553797092, "y:12": 0.12725283596718545, "y:13": 0.02407158227520518, "y:14": 0.13686771648442092, "y:15": 0.021746776477138498, "y:16": 0.12028077589172373, "y:17": 0.020545466739891886, "y:18": 0.1390950853326413, "y:19": 0.018823532106622475, "y:20": 0.12241685585909458, "y:21": 0.01812598870515142, "y:22": 0.1286304094482885, "y:23": 0.018930298131906068, "y:24": 0.11439141556503339, "y:25": 0.019122916140773594, "y:26": 0.11585624688081253, "y:27": 0.019340943508401515, "y:28": 0.1302526503760909, "y:29": 0.019910088640237664, "y:30": 0.12875149001327338, "y:31": 0.021007900508308877}, "8": {"y:0": 0.14542325814556273, "y:1": 0.11824400026220788, "y:2": 0.14811851465894596, "y:3": 0.11264514749395758, "y:4": 0.15127624621062497, "y:5": 0.10683946763889336, "y:6": 0.15483799790848798, "y:7": 0.08664656359153174, "y:8": 0.13660863512213606, "y:9": 0.08826808550553004, "y:10": 0.14256852267803868, "y:11": 0.08112790894143443, "y:12": 0.15545346495315818, "y:13": 0.07943632659550337, "y:14": 0.13432994245765179, "y:15": 0.06576808898750397, "y:16": 0.16370929348190563, "y:17": 0.06589107269340327, "y:18": 0.1389909284571986, "y:19": 0.06461412891168179,