{"0": {"y:0": 39.07957743861598, "y:1": 1.6843528008127897, "y:2": 2.11110330924824, "y:3": 1.7971929142430902, "y:4": 1.516623702547642, "y:5": 1.486914090788579, "y:6": 1.4316845996880185, "y:7": 1.3756846990978007, "y:8": 2.010962855339025, "y:9": 1.3271176564542533}, "1": {"y:0": 36.45749362808619, "y:1": 1.6907333776011795, "y:2": 2.141970918841358, "y:3": 1.8415789385937735, "y:4": 1.5232366899543828, "y:5": 1.4793432117253622, "y:6": 1.4475167921212824, "y:7": 1.3763633017790509, "y:8": 2.0808185724839285, "y:9": 1.3255188450148565}, "2": {"y:0": 37.84980997596974, "y:1": 2.0820589226037995, "y:2": 3.1700201346418035, "y:3": 2.7454121541498315, "y:4": 2.2565630597475033, "y:5": 2.2199567188143843, "y:6": 2.176761175294929, "y:7": 2.08924437165731, "y:8": 3.4178163234828816, "y:9": 1.9610501652617007}, "3": {"y:0": 36.32855160741672, "y:1": 2.339658297950555, "y:2": 3.4766091258831553, "y:3": 3.2317545883233745, "y:4": 2.8806242546367984, "y:5": 2.9116135757938744, "y:6": 2.840257281723145, "y:7": 2.8245941490153017, "y:8": 3.0553733277374797, "y:9": 2.6932681713139957}, "4": {"y:0": 36.658507613509926, "y:1": 2.638632255710752, "y:2": 4.76249733740152, "y:3": 4.710748743352336, "y:4": 4.216136273201937, "y:5": 4.356955332007697, "y:6": 4.27335868602123, "y:7": 4.096755022211708, "y:8": 3.272567627682081, "y:9": 3.7353415373811174}, "5": {"y:0": 35.49620221700044, "y:1": 3.4808779202379387, "y:2": 5.71703667109664, "y:3": 6.328334076513837, "y:4": 6.0579482246484595, "y:5": 6.328037893103526, "y:6": 6.155778692605995, "y:7": 5.773507850406335, "y:8": 3.479616062038455, "y:9": 5.123595007225264}, "6": {"y:0": 37.148567892290465, "y:1": 5.169866982811427, "y:2": 6.893822873876534, "y:3": 9.99178315938368, "y:4": 10.197737961090638, "y:5": 10.631242935663881, "y:6": 10.092836763403994, "y:7": 8.691604922312454, "y:8": 3.8035101068096457, "y:9": 6.673466265305476}, "7": {"y:0": 36.15654285612868, "y:1": 7.266768296302514, "y:2": 7.019077342872459, "y:3": 10.580225082785365, "y:4": 15.81370778349259, "y:5": 16.000435031183272, "y:6": 14.465463344933898, "y:7": 11.394913461085276, "y:8": 3.8695206861920846, "y:9": 8.117915165711803}, "8": {"y:0": 36.50174449748242, "y:1": 9.068002989028606, "y:2": 6.718384699604141, "y:3": 10.232085566863551, "y:4": 21.63058098646547, "y:5": 20.884785167694297, "y:6": 18.52090826665173, "y:7": 13.396347330643914, "y:8": 3.8666040372642176, "y:9": 8.963855518774542}, "9": {"y:0": 35.96358506926874, "y:1": 12.259408950394155, "y:2": 6.276709652809865, "y:3": 9.367379675143484, "y:4": 25.861366957350103, "y:5": 26.152816939818873, "y:6": 23.311717401345156, "y:7": 16.214806169704392, "y:8": 3.7838852901863445, "y:9": 10.232006165027837}, "10": {"y:0": 35.832017424905224, "y:1": 14.493311894800332, "y:2": 6.076969397793641, "y:3": 8.816765972042003, "y:4": 30.037356592033664, "y:5": 29.497719340907206, "y:6": 27.271149105706687, "y:7": 18.54092550263974, "y:8": 3.716673868360227, "y:9": 11.131003558986594}, "11": {"y:0": 37.1371896276689, "y:1": 16.950443246621862, "y:2": 5.88283536186309, "y:3": 8.51904061218629, "y:4": 31.123427928403135, "y:5": 31.15939240981151, "y:6": 29.653349352437814, "y:7": 20.83201134195962, "y:8": 3.657299306039532, "y:9": 11.790407396981774}, "12": {"y:0": 36.592797475038836, "y:1": 18.299033245276892, "y:2": 5.737873297858552, "y:3": 8.240873370224302, "y:4": 30.67333053840101, "y:5": 31.271431455751987, "y:6": 30.998375279723337, "y:7": 22.782616156294484, "y:8": 3.6003119898622007, "y:9": 12.398339873866853}, "13": {"y:0": 36.19909571814249, "y:1": 19.560613368845356, "y:2": 5.655827508338363, "y:3": 8.071373045944304, "y:4": 30.788429318227806, "y:5": 31.426408320285976, "y:6": 32.337518541826405, "y:7": 24.087834968292672, "y:8": 3.5742023533053984, "y:9": 12.96386588741646}}