{"0": {"y:0": 0.1909171683411886, "y:1": 0.19505621307237628, "y:2": 0.2016027789873706, "y:3": 0.20804103678441493, "y:4": 0.199360049034395, "y:5": 0.19797817368166792, "y:6": 0.19586153375075843, "y:7": 0.19923360322198153, "y:8": 0.20207898072205555, "y:9": 0.2004416218828938, "y:10": 0.48392769577248834}, "1": {"y:0": 0.19857502107491995, "y:1": 0.19690455272748233, "y:2": 0.20503258304333205, "y:3": 0.20157315866878434, "y:4": 0.1965408109714619, "y:5": 0.20047171333240152, "y:6": 0.19771593688665567, "y:7": 0.19912873596684885, "y:8": 0.20179802230499352, "y:9": 0.19673715670540756, "y:10": 0.4837079408496276}, "2": {"y:0": 0.38713638334543415, "y:1": 0.3854856123951331, "y:2": 0.37968375517247416, "y:3": 0.3821726158231101, "y:4": 0.37938662925158256, "y:5": 0.38321198781445776, "y:6": 0.38158955070220635, "y:7": 0.39014426360440047, "y:8": 0.3682989648592297, "y:9": 0.34300731942681006, "y:10": 0.4831549631247648}, "3": {"y:0": 0.5304795004301578, "y:1": 0.5714699787834491, "y:2": 0.502775618484138, "y:3": 0.5589832472625391, "y:4": 0.5174177964356584, "y:5": 0.560252144748481, "y:6": 0.563765863887263, "y:7": 0.5624483320860089, "y:8": 0.4998415744043267, "y:9": 0.44993129038443513, "y:10": 0.4839928543407965}, "4": {"y:0": 0.570291113986409, "y:1": 0.5871882128105651, "y:2": 0.5426792716155961, "y:3": 0.6067190256776285, "y:4": 0.5668286943125778, "y:5": 0.5992845299113543, "y:6": 0.6061171319386346, "y:7": 0.6244919701944115, "y:8": 0.5317564858159479, "y:9": 0.45664110240767813, "y:10": 0.4829520843183183}, "5": {"y:0": 0.6084891734979078, "y:1": 0.6317898623656145, "y:2": 0.5747967500846912, "y:3": 0.6252817803749458, "y:4": 0.5943846192080099, "y:5": 0.6304759095234665, "y:6": 0.6227323275349707, "y:7": 0.6347001642341236, "y:8": 0.5330006294143649, "y:9": 0.4493078166710678, "y:10": 0.48369219386812035}, "6": {"y:0": 0.6307497938132283, "y:1": 0.6477499432085625, "y:2": 0.5752223832046649, "y:3": 0.6443452764883261, "y:4": 0.6075025602559456, "y:5": 0.6390672598480793, "y:6": 0.6465172794916483, "y:7": 0.6695494748397803, "y:8": 0.5449465078807151, "y:9": 0.46284858198971274, "y:10": 0.4835046793590972}, "7": {"y:0": 0.6282639279049146, "y:1": 0.6685069693505533, "y:2": 0.5785504828812559, "y:3": 0.6585641726707706, "y:4": 0.6148594832919679, "y:5": 0.6576085074511356, "y:6": 0.6607330049703725, "y:7": 0.6829557512936983, "y:8": 0.5521145435077344, "y:9": 0.46800815651690575, "y:10": 0.4834735076552252}, "8": {"y:0": 0.6395241749660674, "y:1": 0.6698342746992856, "y:2": 0.5930872126376864, "y:3": 0.6540221425833509, "y:4": 0.6233232411015293, "y:5": 0.665027126285874, "y:6": 0.6522413846299496, "y:7": 0.6862858435031512, "y:8": 0.5547388156901812, "y:9": 0.4641843101757806, "y:10": 0.48346658130924686}, "9": {"y:0": 0.6462421271154196, "y:1": 0.6761386290114245, "y:2": 0.5967975984558865, "y:3": 0.6636210215073853, "y:4": 0.6239060191648154, "y:5": 0.670856072066156, "y:6": 0.6583347153561664, "y:7": 0.6933946709570629, "y:8": 0.5566482380442314, "y:9": 0.4676497736819852, "y:10": 0.48362872556544056}}