{"0": {"y:0": 71.4260536956787, "y:1": 7.030424954006194, "y:2": 4.909251050404931, "y:3": 3.990395516849992, "y:4": 3.6623500638154303, "y:5": 3.33911513587206, "y:6": 3.2644331719168744, "y:7": 3.1229644362959923, "y:8": 3.0953794670817145, "y:9": 2.9268299041520445}}