{"0": {"y:0": 0.008589233790910136, "y:1": 0.10624556731226768, "y:2": 0.20733383506024478, "y:3": 0.20471801951252003, "y:4": 0.12355636475586088, "y:5": 0.021033286179868268, "y:6": 0.0011961341421315276}, "1": {"y:0": 0.007436400427387033, "y:1": 0.10070941145649237, "y:2": 0.19989195063212642, "y:3": 0.1977216697469654, "y:4": 0.1209390479787535, "y:5": 0.02080978571590546, "y:6": 0.0011384716112920429}, "2": {"y:0": 0.05071648906460622, "y:1": 0.21131830861899714, "y:2": 0.2502473030101078, "y:3": 0.24851966076745796, "y:4": 0.16804620809051646, "y:5": 0.047748281202403146, "y:6": 0.006696164107815658}, "3": {"y:0": 0.08948886564049278, "y:1": 0.28976248014285233, "y:2": 0.36725124234462886, "y:3": 0.37408796775043857, "y:4": 0.25778914661175123, "y:5": 0.07055569106648502, "y:6": 0.012482483889974558}, "4": {"y:0": 0.19211450119768603, "y:1": 0.39121427698928685, "y:2": 0.4266150899596843, "y:3": 0.44447281370480435, "y:4": 0.31566103253207395, "y:5": 0.11336689881353705, "y:6": 0.028861445936397827}, "5": {"y:0": 0.30758608612067984, "y:1": 0.539859892199826, "y:2": 0.5917589589258946, "y:3": 0.6122846039358621, "y:4": 0.46470722422393823, "y:5": 0.18391309496065691, "y:6": 0.048547187196865516}, "6": {"y:0": 0.4601967814192039, "y:1": 0.7121163170849489, "y:2": 0.7397109236590331, "y:3": 0.7570137250776425, "y:4": 0.5884398010329079, "y:5": 0.264850744965956, "y:6": 0.0715470387990662}, "7": {"y:0": 0.7089749344763914, "y:1": 1.03469012715836, "y:2": 1.091330006629105, "y:3": 1.0916103107445216, "y:4": 0.8871919321173446, "y:5": 0.43313816911191183, "y:6": 0.1270683670896849}, "8": {"y:0": 1.1596081137408283, "y:1": 1.5385667740433624, "y:2": 1.5795046437942977, "y:3": 1.6458486977181208, "y:4": 1.3419866442551376, "y:5": 0.6672118188766335, "y:6": 0.21070060984456745}, "9": {"y:0": 1.470504471351446, "y:1": 1.9836626033140445, "y:2": 2.163347644365377, "y:3": 2.2360816747500087, "y:4": 1.6742619532427143, "y:5": 0.8080910652739544, "y:6": 0.2866288568587305}, "10": {"y:0": 1.9624349706916089, "y:1": 2.6006950530403965, "y:2": 3.109670950644986, "y:3": 3.065368368578137, "y:4": 2.040470246516498, "y:5": 1.024363733601861, "y:6": 0.3684719286946038}, "11": {"y:0": 2.450416326622679, "y:1": 3.2447218111773846, "y:2": 4.112951465797024, "y:3": 3.6926182776544465, "y:4": 2.5194452846450766, "y:5": 1.2807052425380412, "y:6": 0.5062775602117313}, "12": {"y:0": 2.798789165740349, "y:1": 3.834175497882383, "y:2": 5.305693455729496, "y:3": 4.264420878554971, "y:4": 3.252719966838211, "y:5": 1.6775460568853129, "y:6": 0.6754021065297034}, "13": {"y:0": 3.042148216219359, "y:1": 4.6396507018026245, "y:2": 6.864041001822183, "y:3": 4.441269198917413, "y:4": 4.240669272955172, "y:5": 2.194570988429901, "y:6": 0.7952627079764585}, "14": {"y:0": 3.059422646426288, "y:1": 4.980643777699459, "y:2": 8.426735497042095, "y:3": 4.999946074814047, "y:4": 5.567247044696484, "y:5": 2.8634919334700557, "y:6": 1.0099833779364602}, "15": {"y:0": 3.0429396819661236, "y:1": 5.241822589661103, "y:2": 9.706448211090585, "y:3": 5.349439391458985, "y:4": 6.405970542317893, "y:5": 3.226995996638714, "y:6": 1.1651780975279131}, "16": {"y:0": 2.8277255627196682, "y:1": 5.24813445653381, "y:2": 10.798660737485223, "y:3": 6.691736105165196, "y:4": 7.602860991162469, "y:5": 3.6970748503376876, "y:6": 1.411620052557673}, "17": {"y:0": 2.9505721093161923, "y:1": 6.630297997283922, "y:2": 11.660507831809081, "y:3": 9.018345995647751, "y:4": 8.149051309219475, "y:5": 4.5425808870619635, "y:6": 1.486995359690749}, "18": {"y:0": 3.2890213656515206, "y:1": 7.57573022878067, "y:2": 13.779773484492404, "y:3": 11.779797059611514, "y:4": 9.495242361582898, "y:5": 5.367236982395551, "y:6": 1.743608634756756}, "19": {"y:0": 4.051370285469276, "y:1": 10.045577301775943, "y:2": 14.942659375043867, "y:3": 14.063396465823413, "y:4": 11.483742535541914, "y:5": 6.1404661641506175, "y:6": 1.853959880552753}, "20": {"y:0": 4.694607003892108, "y:1": 11.3550084589524, "y:2": 18.0932592931093, "y:3": 17.576345579623368, "y:4": 12.796039481743955, "y:5": 7.6515291587203675, "y:6": 2.1334718215329618}, "21": {"y:0": 5.931536877669404, "y:1": 14.54684882954688, "y:2": 21.460563222677962, "y:3": 20.412610610122908, "y:4": 14.066819890163663, "y:5": 7.81664168899025, "y:6": 2.2123851941938697}, "22": {"y:0": 6.596359578476374, "y:1": 16.804036577198126, "y:2": 22.954595214917443, "y:3": 22.598428261498302, "y:4": 15.681648475685002, "y:5": 9.153277980351065, "y:6": 2.586931970266402}, "23": {"y:0": 8.464207835588255, "y:1": 21.803977749246943, "y:2": 29.72756456359994, "y:3": 28.599910285362306, "y:4": 18.1074293915349, "y:5": 9.922213867273388, "y:6": 2.831129924956682}, "24": {"y:0": 10.238802329052456, "y:1": 24.28298460790296, "y:2": 30.983414778703864, "y:3": 29.672729135847906, "y:4": 19.956033470341715, "y:5": 11.192793310382555, "y:6": 3.206879008382121}, "25": {"y:0": 12.2418894858542, "y:1": 29.070479053270276, "y:2": 34.51515059494705, "y:3": 30.062716875211926, "y:4": 20.55815976567441, "y:5": 11.859867420803985, "y:6": 3.6148533144416755}, "26": {"y:0": 14.980353882182424, "y:1": 26.87891166487785, "y:2": 27.92502598258993, "y:3": 25.178774575181865, "y:4": 16.623096657755536, "y:5": 9.05775271511812, "y:6": 3.2504710694176575}, "27": {"y:0": 18.49647398231942, "y:1": 38.424865970121594, "y:2": 41.27025651760939, "y:3": 34.71874379029218, "y:4": 22.472982827220367, "y:5": 12.220938609060303, "y:6": 4.581488448990913}, "28": {"y:0": 26.35875694366936, "y:1": 43.91078537856815, "y:2": 39.91457595796377, "y:3": 32.90601021061091, "y:4": 22.00472261190501, "y:5": 12.66064119695046, "y:6": 5.326095098133661}, "29": {"y:0": 29.47402644392115, "y:1": 48.2207053792384, "y:2": 44.194644108319665, "y:3": 35.21489210641787, "y:4": 23.055342352969255, "y:5": 13.248463501390516, "y:6": 5.460716823316822}, "30": {"y:0": 34.81528196674903, "y:1": 50.971022347900146, "y:2": 45.93999282238971, "y:3": 35.49424753503954, "y:4": 23.25546940607382, "y:5": 13.685410016449902, "y:6": 6.083485293514889}}