{"0": {"y:0": 78.03365229905663, "y:1": 7.318676400694688, "y:2": 5.454306649969781, "y:3": 4.709826508494241, "y:4": 4.282569201285718, "y:5": 3.7943653366913677, "y:6": 3.619517983704047, "y:7": 3.453817493561753, "y:8": 3.278640578028178, "y:9": 3.1654720092985795}}