{"0": {"y:0": 32.33489881586614, "y:1": 2.3652319668399526, "y:2": 1.8016656522498367, "y:3": 1.4572882860530711, "y:4": 1.3388192896183284, "y:5": 1.2978172810683164, "y:6": 1.2078392354409206, "y:7": 1.2152472395367642, "y:8": 1.1794741165936016, "y:9": 1.17271245939551}, "1": {"y:0": 31.443381443685666, "y:1": 2.859007427569164, "y:2": 2.1871403011105075, "y:3": 1.6503302992568358, "y:4": 1.5412838573182237, "y:5": 1.4577684070101293, "y:6": 1.3452603393907525, "y:7": 1.3435598363321317, "y:8": 1.3178649451708724, "y:9": 1.3065611435517792}, "2": {"y:0": 33.93615678707472, "y:1": 4.521054163741833, "y:2": 3.4092318197983, "y:3": 2.4840097753549277, "y:4": 2.335815046391194, "y:5": 2.186418872123955, "y:6": 2.022748157739656, "y:7": 2.0379483120456086, "y:8": 1.9454047604700584, "y:9": 1.9646180007074103}, "3": {"y:0": 32.735853959187324, "y:1": 4.829006553092933, "y:2": 3.916997633410097, "y:3": 3.1771103406139987, "y:4": 2.9841780472194155, "y:5": 2.8432982596000262, "y:6": 2.6519591194725343, "y:7": 2.683186915252128, "y:8": 2.555596138514036, "y:9": 2.553538293261676}, "4": {"y:0": 33.0231054197249, "y:1": 5.3027168704323415, "y:2": 5.125893485724427, "y:3": 4.451409653221747, "y:4": 4.372876707175285, "y:5": 4.24080942173185, "y:6": 3.786689313724567, "y:7": 3.862614289754476, "y:8": 3.5969978286644255, "y:9": 3.5644070672679673}, "5": {"y:0": 32.479960064094456, "y:1": 5.713608383950085, "y:2": 5.863305268210779, "y:3": 5.575409259078838, "y:4": 5.512276176505633, "y:5": 5.313173174967261, "y:6": 4.830463467846956, "y:7": 4.781591954033084, "y:8": 4.446617263348198, "y:9": 4.331029061104983}, "6": {"y:0": 32.797895871106526, "y:1": 7.794165855108532, "y:2": 7.421512196729203, "y:3": 6.940413711976218, "y:4": 7.264160610764601, "y:5": 6.996894306562645, "y:6": 6.447108348844965, "y:7": 6.154622971887692, "y:8": 5.702954240686088, "y:9": 5.151305825093036}, "7": {"y:0": 32.60621599014502, "y:1": 10.174881250634083, "y:2": 10.479241194848246, "y:3": 8.952988128393988, "y:4": 10.609022041910212, "y:5": 10.836361346651247, "y:6": 10.113016781953139, "y:7": 9.065596869740071, "y:8": 8.25784781372, "y:9": 6.672894538810012}, "8": {"y:0": 32.60299892061827, "y:1": 12.116652317201218, "y:2": 11.950703443627296, "y:3": 11.387684220162935, "y:4": 14.215784086477711, "y:5": 15.059422766348634, "y:6": 13.963877057652992, "y:7": 11.905329936821825, "y:8": 10.814341394233152, "y:9": 8.730140338946548}, "9": {"y:0": 31.872922575278377, "y:1": 15.699159487488176, "y:2": 15.937686855618699, "y:3": 15.746492524992762, "y:4": 20.308135725325403, "y:5": 20.93142060659919, "y:6": 18.414263941533825, "y:7": 16.260995625345902, "y:8": 14.640343749165538, "y:9": 12.075761892586623}, "10": {"y:0": 31.833127902295097, "y:1": 18.41691169159155, "y:2": 17.984161342061025, "y:3": 18.767050160524356, "y:4": 23.763690656182295, "y:5": 25.171322081177035, "y:6": 21.274636135303034, "y:7": 20.472679698010516, "y:8": 18.364205756240764, "y:9": 16.43498151723889}, "11": {"y:0": 31.895431721276108, "y:1": 20.031086099050274, "y:2": 19.219770067777567, "y:3": 20.71095139897636, "y:4": 25.090228026047527, "y:5": 27.069971428738782, "y:6": 24.78864838126324, "y:7": 23.822231849834505, "y:8": 22.341379200555817, "y:9": 20.353722226324496}, "12": {"y:0": 32.28507424610571, "y:1": 23.9461972837511, "y:2": 20.469596443452037, "y:3": 22.824668931433116, "y:4": 29.421310491970285, "y:5": 28.40810387898135, "y:6": 26.014856064859234, "y:7": 27.98514966893409, "y:8": 24.402308390283117, "y:9": 24.544095765457477}, "13": {"y:0": 32.477331764375705, "y:1": 23.804547792555635, "y:2": 21.50225085691922, "y:3": 23.255382449362152, "y:4": 30.184455246858704, "y:5": 29.218255954872863, "y:6": 27.42903286713984, "y:7": 28.43567976417561, "y:8": 26.60961901721793, "y:9": 25.426199273871145}, "14": {"y:0": 32.30496128163226, "y:1": 24.534769164656062, "y:2": 20.88901698984579, "y:3": 24.044150781298537, "y:4": 30.900770472763636, "y:5": 30.546647111591952, "y:6": 27.47167393661176, "y:7": 28.343732121276236, "y:8": 26.253617038776767, "y:9": 25.067056268853076}, "15": {"y:0": 32.72637693032727, "y:1": 25.39732328748939, "y:2": 20.56651522840218, "y:3": 25.188333400061172, "y:4": 30.429904616466615, "y:5": 29.954166245690974, "y:6": 27.894256213801697, "y:7": 30.48994831466424, "y:8": 27.661681462247703, "y:9": 28.22666339088784}, "16": {"y:0": 32.3760182012832, "y:1": 26.200264126517673, "y:2": 22.01941040252396, "y:3": 25.698067059219415, "y:4": 32.31241373596763, "y:5": 30.701982997589464, "y:6": 28.255436006427775, "y:7": 30.852983898189922, "y:8": 28.558229407413137, "y:9": 28.7915625410122}}