{"0": {"y:0": 73.29899771967462, "y:1": 7.121613365622772, "y:2": 5.678400352301706, "y:3": 4.901533429514364, "y:4": 4.384205849951142, "y:5": 4.09274597765624, "y:6": 3.821217232049844, "y:7": 3.8754002535331646, "y:8": 3.6666288791218347, "y:9": 3.591254395176596}, "1": {"y:0": 79.576973124975, "y:1": 7.254887693592878, "y:2": 5.26591439192014, "y:3": 4.545086046905851, "y:4": 4.206094062869129, "y:5": 3.867945210323082, "y:6": 3.73393723323725, "y:7": 3.547268727973234, "y:8": 3.4338120957517257, "y:9": 3.357635059415639}, "2": {"y:0": 70.16581753307132, "y:1": 16.460657677871584, "y:2": 12.390550389051908, "y:3": 10.534093554080423, "y:4": 9.519196096601341, "y:5": 8.90968293386666, "y:6": 8.143918572092694, "y:7": 7.745460029476699, "y:8": 7.39253537858731, "y:9": 7.204722593758591}, "3": {"y:0": 73.619290651931, "y:1": 9.59211650937751, "y:2": 8.140886451741284, "y:3": 7.243865407318619, "y:4": 6.879819377981256, "y:5": 6.69220446750703, "y:6": 6.5509408441645185, "y:7": 6.2227198129962975, "y:8": 5.982973840099357, "y:9": 5.909664429816363}, "4": {"y:0": 76.59057790741029, "y:1": 10.316842201055987, "y:2": 10.714157983777136, "y:3": 10.453073132923839, "y:4": 10.002132829781983, "y:5": 9.484541494872536, "y:6": 9.129752290542951, "y:7": 8.776160223534946, "y:8": 8.282583498064552, "y:9": 8.048958321278707}, "5": {"y:0": 75.80432907511027, "y:1": 12.296871637814782, "y:2": 12.046109319631315, "y:3": 12.494097383536069, "y:4": 12.34872126181051, "y:5": 11.618049568559133, "y:6": 10.860355057586414, "y:7": 10.091350697749418, "y:8": 9.624321988778872, "y:9": 9.127240902321155}, "6": {"y:0": 75.84035728050671, "y:1": 21.255818391073305, "y:2": 16.83994903409636, "y:3": 16.934468005425984, "y:4": 16.638871571119534, "y:5": 15.559919114293653, "y:6": 14.442529434264971, "y:7": 13.307676014759993, "y:8": 12.50014477754142, "y:9": 11.38712893620486}, "7": {"y:0": 75.31995291401162, "y:1": 27.38589739231032, "y:2": 22.53598246146753, "y:3": 23.46946744741166, "y:4": 23.472772259599644, "y:5": 23.45690092472893, "y:6": 21.312072398606468, "y:7": 18.715202835381845, "y:8": 16.60594778058534, "y:9": 14.429204130168994}, "8": {"y:0": 75.91278242052915, "y:1": 31.015595507445045, "y:2": 27.485388733544397, "y:3": 29.59898370295623, "y:4": 30.463608208773863, "y:5": 29.292223270222852, "y:6": 26.515116279432483, "y:7": 22.596919986410406, "y:8": 20.379779827164576, "y:9": 18.01473278109846}, "9": {"y:0": 71.74011100790796, "y:1": 39.88245547190802, "y:2": 34.519086162177885, "y:3": 37.765975982424386, "y:4": 39.63555901388152, "y:5": 40.47837663895017, "y:6": 35.96775451209543, "y:7": 31.860894483521065, "y:8": 27.586787609516314, "y:9": 25.613787863687815}, "10": {"y:0": 76.60144638268123, "y:1": 43.61263063210864, "y:2": 37.849198160910184, "y:3": 41.622992934173034, "y:4": 47.355958350729, "y:5": 45.25366473151011, "y:6": 45.48316579625145, "y:7": 40.482095824749095, "y:8": 36.03086455984679, "y:9": 33.836796289464615}, "11": {"y:0": 74.32133143975284, "y:1": 50.48030428196666, "y:2": 45.34032084053719, "y:3": 48.43877867803346, "y:4": 54.80202746492239, "y:5": 55.42364259494136, "y:6": 52.76298307021801, "y:7": 49.60060427259515, "y:8": 44.163498544147984, "y:9": 40.144634608531085}, "12": {"y:0": 73.44086971850844, "y:1": 50.85487132275598, "y:2": 47.8406847044562, "y:3": 52.11333672571009, "y:4": 54.81220414266766, "y:5": 58.0686667283249, "y:6": 57.750912186859765, "y:7": 52.845688863505444, "y:8": 49.854724807048775, "y:9": 45.207679540412116}, "13": {"y:0": 75.5024721996152, "y:1": 56.700478631210174, "y:2": 52.060577734932245, "y:3": 54.84789725848513, "y:4": 57.52810448776787, "y:5": 60.28374785524621, "y:6": 60.04916063934565, "y:7": 56.52477815366619, "y:8": 54.19209110368665, "y:9": 50.61283166098768}, "14": {"y:0": 73.50850957752662, "y:1": 56.86452902537403, "y:2": 53.92368202993927, "y:3": 57.683901320460535, "y:4": 62.240541316012596, "y:5": 62.124693248499874, "y:6": 58.558498416626136, "y:7": 53.5080393427593, "y:8": 50.34870231500717, "y:9": 48.055046594851035}, "15": {"y:0": 75.00422108185079, "y:1": 59.24682989680108, "y:2": 55.18748060098156, "y:3": 59.40357021981569, "y:4": 62.33498520082354, "y:5": 64.23065963861686, "y:6": 63.978862799923625, "y:7": 59.699821119660605, "y:8": 57.469708860616024, "y:9": 53.441616511342914}, "16": {"y:0": 73.45607795396798, "y:1": 62.16360445990891, "y:2": 58.563635103225764, "y:3": 61.52372796391531, "y:4": 64.31336926764203, "y:5": 65.77304902818184, "y:6": 64.52115912289025, "y:7": 60.33224208321476, "y:8": 57.95413905400996, "y:9": 55.78251304054699}}