{"0": {"y:0": 1.9017849622460228, "y:1": 0.8368056423272663, "y:2": 0.4916462807381355, "y:3": 0.36145647139812004, "y:4": 0.2793070766370629, "y:5": 0.2346361109107221, "y:6": 0.193226350894051, "y:7": 0.16743447904412498, "y:8": 0.14965248117645327, "y:9": 0.13135820359730863}, "1": {"y:0": 2.0756349099193776, "y:1": 0.8341363672679833, "y:2": 0.5222906150349798, "y:3": 0.370786458994497, "y:4": 0.2929738250754336, "y:5": 0.23798704980502902, "y:6": 0.20160020186741745, "y:7": 0.17624091402617492, "y:8": 0.15588884325049102, "y:9": 0.1385802653757602}, "2": {"y:0": 3.476050033132761, "y:1": 1.7561470458528843, "y:2": 1.1613092933263065, "y:3": 0.8724471617079229, "y:4": 0.7014069526822964, "y:5": 0.5890453556822237, "y:6": 0.5072919981709022, "y:7": 0.438086270176877, "y:8": 0.38219075062942415, "y:9": 0.34468042497212537}, "3": {"s_theta": 1.7170852798823382}, "4": {"s_theta": 2.395300432524581}, "5": {"s_theta": 4.313488358535099}, "6": {"s_theta": 5.589477041228225}}