{"0": {"y:0": 0.005517839602362476, "y:1": 0.2244804563347329, "y:2": 0.2278338210450247, "y:3": 0.251687626354406, "y:4": 0.10013555051229256, "y:5": 0.066608650451654, "y:6": 0.0946454859678929, "y:7": 0.18791344686721495, "y:8": 0.4932892787236053, "y:9": 0.3478878441408141}}