{"15": {"y:0": 0.06937021154554213, "y:1": 0.6475568409445522, "y:2": 0.7527278456349831, "y:3": 0.6087987862903148, "y:4": 0.3830112340824944, "y:5": 0.16986246770960195, "y:6": 0.10045344422896221, "y:7": 0.2038254531410814, "y:8": 0.4272942961717968, "y:9": 0.6370994202506711}}