{"0": {"y:0": 77.10009373138003, "y:1": 6.42736118373886, "y:2": 4.8580200960056255, "y:3": 4.3174619818256765, "y:4": 3.673420041577528, "y:5": 3.407287467777062, "y:6": 3.256531783365025, "y:7": 3.1461909512797246, "y:8": 3.074271407327484, "y:9": 2.997569643465049}, "1": {"y:0": 76.93337473372507, "y:1": 7.976008938121297, "y:2": 6.1011543716495895, "y:3": 5.078890129082484, "y:4": 4.657824160358635, "y:5": 4.283871358368861, "y:6": 4.215121491337562, "y:7": 4.057987087949889, "y:8": 3.7900549947112356, "y:9": 3.6822610931777673}, "2": {"y:0": 78.13002100569598, "y:1": 12.199537303171361, "y:2": 9.04707565418941, "y:3": 7.909406142003978, "y:4": 7.130727329759636, "y:5": 6.714597267750705, "y:6": 6.360440690832658, "y:7": 6.010720573960372, "y:8": 5.925358492952688, "y:9": 5.729635464871246}, "3": {"y:0": 73.15324046572361, "y:1": 9.194393219058844, "y:2": 8.037937234648256, "y:3": 7.25930239326245, "y:4": 6.8249670740110435, "y:5": 6.559134002323391, "y:6": 6.335684897767366, "y:7": 6.2214315240542355, "y:8": 6.192834194762057, "y:9": 5.966324712318825}, "4": {"y:0": 77.66842639950804, "y:1": 8.88991123148348, "y:2": 9.395009469545702, "y:3": 9.77070457020705, "y:4": 10.078481161127335, "y:5": 9.778244377817535, "y:6": 9.526855412812933, "y:7": 8.912421696416837, "y:8": 8.883940237391261, "y:9": 8.401116028532604}, "5": {"y:0": 76.19444779412055, "y:1": 9.671508958821107, "y:2": 10.30726738385165, "y:3": 11.580825905972299, "y:4": 12.309323992605293, "y:5": 12.309954492693524, "y:6": 11.830897408773893, "y:7": 11.421461994957896, "y:8": 10.653981529283776, "y:9": 9.948239361906767}, "6": {"y:0": 75.1453566000491, "y:1": 11.796141866092423, "y:2": 11.444213991581803, "y:3": 13.08406024971622, "y:4": 13.91059585400593, "y:5": 14.14037215812035, "y:6": 14.099186545287676, "y:7": 13.090208479891809, "y:8": 12.642014622912011, "y:9": 12.126715706144553}, "7": {"y:0": 74.93535074265556, "y:1": 16.829309612104826, "y:2": 15.293288178624627, "y:3": 17.574996209640968, "y:4": 18.220565869970596, "y:5": 18.383664569027655, "y:6": 18.172774997208617, "y:7": 17.243640142422397, "y:8": 16.02522690354058, "y:9": 15.090923262790355}, "8": {"y:0": 72.59212333745428, "y:1": 23.845074756870357, "y:2": 20.444429291744836, "y:3": 23.725403730852534, "y:4": 27.674283764098888, "y:5": 28.550207006813892, "y:6": 28.636631461577302, "y:7": 27.676016470616087, "y:8": 24.90877505679176, "y:9": 23.245574222947013}, "9": {"y:0": 74.58283135958747, "y:1": 34.22244989842313, "y:2": 29.43801198857698, "y:3": 35.119971908891884, "y:4": 39.6539999846265, "y:5": 42.78802454953723, "y:6": 42.80261834246556, "y:7": 37.553913385093416, "y:8": 35.03553923900044, "y:9": 30.942676706685347}, "10": {"y:0": 76.48191006684269, "y:1": 40.24376656210441, "y:2": 34.48435803327134, "y:3": 39.249239855904065, "y:4": 46.23646180423684, "y:5": 50.661632444625205, "y:6": 51.53920418682795, "y:7": 47.39260626869585, "y:8": 43.28038561734372, "y:9": 41.15456745408539}, "11": {"y:0": 73.10505804761532, "y:1": 49.114982771883184, "y:2": 45.54923334120883, "y:3": 47.88067023530751, "y:4": 52.47185755179541, "y:5": 56.248385858095034, "y:6": 56.216949130584275, "y:7": 54.207871959808614, "y:8": 50.0955573296525, "y:9": 46.53112908415739}, "12": {"y:0": 77.0718467835229, "y:1": 53.22996165804761, "y:2": 48.02602953198183, "y:3": 53.256196085317875, "y:4": 57.092173017296126, "y:5": 60.98788465007062, "y:6": 60.1788958034629, "y:7": 56.430970154017096, "y:8": 55.660394511471985, "y:9": 53.10486064760018}, "13": {"y:0": 75.1111265621326, "y:1": 55.9964623401241, "y:2": 51.88850405154122, "y:3": 55.177549595443395, "y:4": 59.842145060172655, "y:5": 63.06302556469712, "y:6": 62.638734623146945, "y:7": 61.23849985631851, "y:8": 56.1976803947254, "y:9": 54.51929238971845}, "14": {"y:0": 75.98488973002512, "y:1": 59.096638763633884, "y:2": 53.63249734197922, "y:3": 56.599086053529064, "y:4": 61.00603285946766, "y:5": 64.48672879707392, "y:6": 64.16098388006297, "y:7": 60.593282529488384, "y:8": 58.948897190369316, "y:9": 56.092162786156045}, "15": {"y:0": 73.72235519800691, "y:1": 58.99568936273556, "y:2": 54.702472095094144, "y:3": 57.50700935665016, "y:4": 62.45184763424348, "y:5": 64.70911540494801, "y:6": 65.27562991392185, "y:7": 62.66569403860095, "y:8": 60.841513539861474, "y:9": 58.286813544589215}, "16": {"y:0": 74.08037437644603, "y:1": 59.665026213871656, "y:2": 55.51179791173243, "y:3": 57.76331606565422, "y:4": 62.17617001958773, "y:5": 65.99711859889834, "y:6": 65.59745736199078, "y:7": 64.13245069705695, "y:8": 61.82750985750253, "y:9": 58.806959713417015}, "17": {"y:0": 74.51184999949213, "y:1": 63.56494758161017, "y:2": 59.45194495020814, "y:3": 62.47357928932413, "y:4": 64.18242825808238, "y:5": 64.80773264496136, "y:6": 63.94744327522429, "y:7": 61.62070013692436, "y:8": 59.85377756243046, "y:9": 57.53534728569681}, "18": {"y:0": 74.34155975009855, "y:1": 64.57801008158998, "y:2": 61.8621345829775, "y:3": 62.75140121390279, "y:4": 65.76800323161993, "y:5": 66.16816082335455, "y:6": 64.74422781197441, "y:7": 62.526113548154626, "y:8": 60.180051598807154, "y:9": 58.82124757399937}}