{"15": {"y:0": 0.0278992492211935, "y:1": 0.3201190547463878, "y:2": 0.4156848929762919, "y:3": 0.32092066895629995, "y:4": 0.18469142405586986, "y:5": 0.061017706596403626, "y:6": 0.08607418438541987, "y:7": 0.09991563233390238, "y:8": 0.2234242586774028, "y:9": 0.26025292805082834}}