{"15": {"y:0": 0.014387334096230282, "y:1": 0.28708855868457506, "y:2": 0.4038159109125888, "y:3": 0.31401196182392566, "y:4": 0.1906041889232918, "y:5": 0.06883885759240746, "y:6": 0.047348733165032866, "y:7": 0.1519747921942079, "y:8": 0.19268295385716444, "y:9": 0.32924670875057577}}