{"0": {"y:0": 0.13058662658560125, "y:1": 0.02416580310079555, "y:2": 0.14520723684295833, "y:3": 0.017881424027463393, "y:4": 0.14051914488417266, "y:5": 0.015095475234322885, "y:6": 0.15074571851946558, "y:7": 0.016275367497491408, "y:8": 0.1304041949886617, "y:9": 0.019805252170812148, "y:10": 0.14385262536618332, "y:11": 0.024966615580550296, "y:12": 0.14000227895011433, "y:13": 0.028491944498058062, "y:14": 0.1258075303273862, "y:15": 0.03132391560499957, "y:16": 0.12774366361035366, "y:17": 0.03114468456314471, "y:18": 0.14291644177851495, "y:19": 0.04011208716015565, "y:20": 0.15198863844987293, "y:21": 0.03733410655557927, "y:22": 0.11637199869892247, "y:23": 0.03840069734277404, "y:24": 0.12888064602057098, "y:25": 0.04701881756512068, "y:26": 0.13028210144685365, "y:27": 0.044004006376807556, "y:28": 0.1403164878794321, "y:29": 0.04889539181225047, "y:30": 0.1436579407693769, "y:31": 0.050737716486952536}, "1": {"y:0": 0.11289017143800521, "y:1": 0.036393586579836955, "y:2": 0.1256217259878349, "y:3": 0.025889985346207827, "y:4": 0.1449592837825627, "y:5": 0.02152102310689129, "y:6": 0.14456280592413678, "y:7": 0.01834343102525208, "y:8": 0.15280056733149028, "y:9": 0.01625552053999227, "y:10": 0.16034412926957686, "y:11": 0.01578472034404138, "y:12": 0.13752219610584018, "y:13": 0.016334781839317546, "y:14": 0.12383744217330339, "y:15": 0.01638344375224363, "y:16": 0.1484002969842212, "y:17": 0.017834674335006906, "y:18": 0.1534909593258598, "y:19": 0.01903527183010264, "y:20": 0.14149164215045737, "y:21": 0.019882327782708233, "y:22": 0.14490735068651697, "y:23": 0.02204280877029549, "y:24": 0.1328693213591186, "y:25": 0.025861208160882793, "y:26": 0.13446011207683373, "y:27": 0.02785013005793234, "y:28": 0.13640165124905487, "y:29": 0.02878660596592285, "y:30": 0.141061950042762, "y:31": 0.03250171118672108}, "2": {"y:0": 0.12694600613073923, "y:1": 0.05434145223181434, "y:2": 0.1424007653989998, "y:3": 0.045245317450585756, "y:4": 0.13690705004126322, "y:5": 0.03519048565626741, "y:6": 0.1348114484396144, "y:7": 0.027394403116848324, "y:8": 0.1463647477862271, "y:9": 0.02387566484214573, "y:10": 0.13751320257805022, "y:11": 0.022555965116935604, "y:12": 0.14885061500589156, "y:13": 0.021504765230203792, "y:14": 0.14247246249485326, "y:15": 0.02064418166031734, "y:16": 0.1257799700431167, "y:17": 0.01902524067855395, "y:18": 0.14691803938830988, "y:19": 0.01824405543112592, "y:20": 0.1396754776258487, "y:21": 0.01806247500323459, "y:22": 0.1410311157778032, "y:23": 0.018305313429488344, "y:24": 0.14723179794097555, "y:25": 0.01868549985657109, "y:26": 0.14572057613427702, "y:27": 0.01936822600123855, "y:28": 0.1279426670872977, "y:29": 0.02021827630362539, "y:30": 0.14728975703988012, "y:31": 0.02098868810560349}, "3": {"y:0": 0.12457110859874444, "y:1": 0.05256871308208667, "y:2": 0.1333214825630679, "y:3": 0.037042883450538924, "y:4": 0.13986630035178213, "y:5": 0.029935720404222637, "y:6": 0.13484817685040035, "y:7": 0.02511959824715051, "y:8": 0.1375018367439241, "y:9": 0.021412128997637617, "y:10": 0.13876238466733012, "y:11": 0.019244820078525484, "y:12": 0.13819873859316537, "y:13": 0.018372497055275706, "y:14": 0.14109250180880548, "y:15": 0.01802049666079829, "y:16": 0.14622513182449454, "y:17": 0.017777565072282363, "y:18": 0.13587719801119008, "y:19": 0.01834470119878013, "y:20": 0.14309394837637204, "y:21": 0.01918974579878301, "y:22": 0.15097886838543198, "y:23": 0.020579103888098933, "y:24": 0.14104287612136804, "y:25": 0.02115487680218955, "y:26": 0.1394470288066076, "y:27": 0.023773968335424098, "y:28": 0.1334601369033589, "y:29": 0.024399820709954743, "y:30": 0.14040725092718492, "y:31": 0.02507347171819803}, "4": {"y:0": 0.11628905253447348, "y:1": 0.061623038584412086, "y:2": 0.13598715814139883, "y:3": 0.04617629469546057, "y:4": 0.13658893190995258, "y:5": 0.03725717141751456, "y:6": 0.1361947767028571, "y:7": 0.031706749781396426, "y:8": 0.13150339857705556, "y:9": 0.02803912765165674, "y:10": 0.1350346785424623, "y:11": 0.02419029445586672, "y:12": 0.13295598718195897, "y:13": 0.022071386932391867, "y:14": 0.13981636313109694, "y:15": 0.020755649097899898, "y:16": 0.13402709180500072, "y:17": 0.019670458266592895, "y:18": 0.13717366534820558, "y:19": 0.01918697869268577, "y:20": 0.13534822938585467, "y:21": 0.019183665927964676, "y:22": 0.13257083343532275, "y:23": 0.019581518965474373, "y:24": 0.14102863206162494, "y:25": 0.020836673171811648, "y:26": 0.13645243329679718, "y:27": 0.02113319589597851, "y:28": 0.13857695098095626, "y:29": 0.02282298164724367, "y:30": 0.13454627839205216, "y:31": 0.024434809957015573}, "5": {"y:0": 0.09036109896241547, "y:1": 0.054273691457169905, "y:2": 0.1147569616932454, "y:3": 0.0411559353542992, "y:4": 0.13085938682597165, "y:5": 0.03388320730117332, "y:6": 0.12502501828930598, "y:7": 0.02840683304167653, "y:8": 0.13221467297028403, "y:9": 0.024917628328496585, "y:10": 0.12542329776457373, "y:11": 0.022781772369689, "y:12": 0.128278564955013, "y:13": 0.020620913951052155, "y:14": 0.13253552436453003, "y:15": 0.01951544744554793, "y:16": 0.1276054082788989, "y:17": 0.01947472700135615, "y:18": 0.12691230033260933, "y:19": 0.01951325018074005, "y:20": 0.12872411730687996, "y:21": 0.019725860442270402, "y:22": 0.1330285593326714, "y:23": 0.02056208022158069, "y:24": 0.12679583299228256, "y:25": 0.02144551334940533, "y:26": 0.12896559347638248, "y:27": 0.0230779103500688, "y:28": 0.13134109682408213, "y:29": 0.024293211060031548, "y:30": 0.1277583219379534, "y:31": 0.025827417523782873}, "6": {"y:0": 0.06855617682279415, "y:1": 0.038547666633920896, "y:2": 0.09626520792973361, "y:3": 0.027895035458714017, "y:4": 0.1092514274379361, "y:5": 0.022770743869006523, "y:6": 0.11061987867213828, "y:7": 0.02087699288728966, "y:8": 0.11425457854939866, "y:9": 0.01928806110017221, "y:10": 0.11473352780837193, "y:11": 0.019008650568618425, "y:12": 0.11335554447913379, "y:13": 0.01902628894351353, "y:14": 0.1162849697499909, "y:15": 0.020684713342974097, "y:16": 0.1129462442594554, "y:17": 0.02339980190095442, "y:18": 0.12196542526649914, "y:19": 0.02483710233851485, "y:20": 0.11704256068745704, "y:21": 0.027888519881876208, "y:22": 0.11298870335045348, "y:23": 0.03128276654146653, "y:24": 0.11597045384517302, "y:25": 0.03358611821390222, "y:26": 0.11870560583314999, "y:27": 0.037767603922410534, "y:28": 0.11987530528648285, "y:29": 0.038927175328879834, "y:30": 0.12246536084936517, "y:31": 0.04248574758716535}, "7": {"y:0": 0.07401253407915225, "y:1": 0.03394735450464835, "y:2": 0.09437535693005902, "y:3": 0.025279104092594547, "y:4": 0.10589568504746633, "y:5": 0.021676445451215783, "y:6": 0.11542339438424866, "y:7": 0.019354640078404418, "y:8": 0.11292829641468571, "y:9": 0.01767647774287834, "y:10": 0.11427753261921227, "y:11": 0.018151690358614265, "y:12": 0.11810468944911846, "y:13": 0.019298071505336526, "y:14": 0.11587902756949696, "y:15": 0.0204929822930444, "y:16": 0.1185691135117996, "y:17": 0.02285017499339594, "y:18": 0.12020255196589116, "y:19": 0.026129726980312313, "y:20": 0.11781570731043833, "y:21": 0.029282214507685218, "y:22": 0.11692002866029787, "y:23": 0.0324009372932855, "y:24": 0.12289874172587593, "y:25": 0.036169231422444575, "y:26": 0.11834788752242129, "y:27": 0.03766547542683917, "y:28": 0.12057284271610302, "y:29": 0.04166177403457073, "y:30": 0.12189526573445543, "y:31": 0.04359709166961294}, "8": {"y:0": 0.11200174520073192, "y:1": 0.043039706056008736, "y:2": 0.12358973187939692, "y:3": 0.02898408619071416, "y:4": 0.12698794505677208, "y:5": 0.02451817370838711, "y:6": 0.12976767342895032, "y:7": 0.024255071431868808, "y:8": 0.12879635970735667, "y:9": 0.02595380833177931, "y:10": 0.13069522613234263, "y:11": 0.0298019821250854, "y:12": 0.12843488832937053, "y:13": 0.034648588857651944, "y:14": 0.1322894412340611, "y:15": 0.03878919047632865, "y:16": 0.13046439335572835, "y:17": 0.04452869415786299, "y:18": 0.13164832581254707, "y:19": 0.049042635481922114,