{"0": {"y:0": 0.13079840966978223, "y:1": 0.12894759860247035, "y:2": 0.19123227043982338, "y:3": 0.19062631980012482, "y:4": 0.19212345602216227, "y:5": 0.19018908083669778, "y:6": 0.19055206780102726, "y:7": 0.1961713163933005, "y:8": 0.1911254646418815, "y:9": 0.18950475260007932}, "1": {"y:0": 0.13597430437578562, "y:1": 0.13608811664334136, "y:2": 0.19799954998838082, "y:3": 0.19864827125054482, "y:4": 0.19771981478442976, "y:5": 0.19456710927322238, "y:6": 0.19691637938102582, "y:7": 0.19854020763880395, "y:8": 0.19857077285404098, "y:9": 0.1989791384480786}, "2": {"y:0": 0.14704902768588127, "y:1": 0.14610878883260606, "y:2": 0.3942098298128727, "y:3": 0.3874281532571151, "y:4": 0.39374258294799164, "y:5": 0.395597589038582, "y:6": 0.40111473072488646, "y:7": 0.3838984432177193, "y:8": 0.39966697865690065, "y:9": 0.3947149521275413}, "3": {"y:0": 0.15200187740524523, "y:1": 0.15280546308889006, "y:2": 0.7702703133670106, "y:3": 0.7765958947247887, "y:4": 0.783417936837721, "y:5": 0.762822517761997, "y:6": 0.7785107747613107, "y:7": 0.7263348039846362, "y:8": 0.7659680468190353, "y:9": 0.7762347130702039}, "4": {"y:0": 0.1557929176614539, "y:1": 0.155964200458521, "y:2": 1.5957827864940832, "y:3": 1.5297371577323047, "y:4": 1.5331568552163577, "y:5": 1.5883533432639585, "y:6": 1.5147402028718076, "y:7": 1.2462511076076956, "y:8": 1.604611835135388, "y:9": 1.5881973611964675}, "5": {"y:0": 0.15813829558961467, "y:1": 0.1584557564862603, "y:2": 2.5314241109505553, "y:3": 2.4932756500516526, "y:4": 2.3727637947573803, "y:5": 2.484473931337377, "y:6": 2.331642606972261, "y:7": 1.5724806896822006, "y:8": 2.5141031973542347, "y:9": 2.5563212540591604}, "6": {"y:0": 0.15868351908784675, "y:1": 0.15868689438087, "y:2": 3.1525968356602587, "y:3": 2.9900976846053062, "y:4": 3.006501148460126, "y:5": 3.013339232175524, "y:6": 2.65095848135867, "y:7": 1.716420283827917, "y:8": 3.0328829809128792, "y:9": 3.0668261455342973}, "7": {"y:0": 0.15934281405614673, "y:1": 0.15931323279990298, "y:2": 3.215549538398827, "y:3": 3.212548241645458, "y:4": 3.252900869863298, "y:5": 3.254176468996358, "y:6": 2.8578352385694754, "y:7": 1.7261760106667703, "y:8": 3.2397999701096616, "y:9": 3.288482492539878}, "8": {"y:0": 0.15927916355245822, "y:1": 0.15912790096839266, "y:2": 3.358574408938277, "y:3": 3.328748131996786, "y:4": 3.369393782323266, "y:5": 3.3517100912409634, "y:6": 2.816013895836766, "y:7": 1.7474543856240887, "y:8": 3.30167479179874, "y:9": 3.2894899809992277}, "9": {"y:0": 0.15940525683721463, "y:1": 0.15938697420013503, "y:2": 3.346393969755959, "y:3": 3.3518517103806955, "y:4": 3.3232235578713047, "y:5": 3.374841175817015, "y:6": 2.9181292308015854, "y:7": 1.7444981204943695, "y:8": 3.3568493937245365, "y:9": 3.3223389556579623}, "10": {"y:0": 0.15970483906940275, "y:1": 0.1597087396631798, "y:2": 3.244137832148937, "y:3": 3.1887408760377873, "y:4": 3.272071899783987, "y:5": 3.230330716581962, "y:6": 2.9014885350842823, "y:7": 1.6853739592681538, "y:8": 3.2554375406838516, "y:9": 3.236485928447673}, "11": {"y:0": 0.15927102978334354, "y:1": 0.15926954119868925, "y:2": 3.4092587212578467, "y:3": 3.3781761919098217, "y:4": 3.404965408539049, "y:5": 3.418374376070165, "y:6": 2.898381249472877, "y:7": 1.7774859724131038, "y:8": 3.4084731971447977, "y:9": 3.416462469971555}}