{"0": {"y:0": 0.39578559803367097, "y:1": 0.3919033146983881, "y:2": 0.3907476902915141, "y:3": 0.39141611848819297, "y:4": 0.3933442924614083, "y:5": 0.3990548334165467, "y:6": 0.39612145416973876, "y:7": 0.39611503652712604, "y:8": 0.39188559909248516, "y:9": 0.3960083942599433}}