{"0": {"y:0": 0.19866290336551284, "y:1": 0.19333760486691864, "y:2": 0.19278268090554007, "y:3": 0.20394444525266614, "y:4": 0.1944958905820891, "y:5": 0.19054344159365658, "y:6": 0.19174639419392184, "y:7": 0.20339709756962193, "y:8": 0.20289752948459921, "y:9": 0.19586862355552792, "y:10": 0.4843468841381935}, "1": {"y:0": 0.20144227923955124, "y:1": 0.20449147346663285, "y:2": 0.2095031409613246, "y:3": 0.19801261279807322, "y:4": 0.20636336631724433, "y:5": 0.20433498902294137, "y:6": 0.20995120803227163, "y:7": 0.2026116934122728, "y:8": 0.19800001704221792, "y:9": 0.20224065211423156, "y:10": 0.48385454294478764}, "2": {"y:0": 0.3511920955786262, "y:1": 0.3631631505765804, "y:2": 0.3518427658477394, "y:3": 0.36138321950703634, "y:4": 0.366799806008995, "y:5": 0.36591071082431686, "y:6": 0.3678037687281573, "y:7": 0.34965949114468753, "y:8": 0.34158463533369715, "y:9": 0.3652671675292548, "y:10": 0.4842268675043909}, "3": {"y:0": 0.49685322687720235, "y:1": 0.498909925733183, "y:2": 0.4934373943410043, "y:3": 0.5622435091494022, "y:4": 0.5389865295459828, "y:5": 0.5668961238486523, "y:6": 0.554249385960504, "y:7": 0.5371174650642613, "y:8": 0.4907671182241787, "y:9": 0.5291619760107915, "y:10": 0.48318435970846335}, "4": {"y:0": 0.5769626280096649, "y:1": 0.5521712790638881, "y:2": 0.5652629380452031, "y:3": 0.6308463113122135, "y:4": 0.6126777883020833, "y:5": 0.6082640957464447, "y:6": 0.6113882208540209, "y:7": 0.6266486879445679, "y:8": 0.5139992686213056, "y:9": 0.6175359309368371, "y:10": 0.4841660685046584}, "5": {"y:0": 0.5871351779017058, "y:1": 0.5502732127398887, "y:2": 0.5765943271535995, "y:3": 0.6634642563651083, "y:4": 0.6600365155008575, "y:5": 0.6530867899322426, "y:6": 0.6524763331387118, "y:7": 0.6597706563110215, "y:8": 0.5415270870202616, "y:9": 0.6348590155145373, "y:10": 0.48356133156577136}, "6": {"y:0": 0.5867534709715402, "y:1": 0.5162829488954223, "y:2": 0.5214036854522804, "y:3": 0.6212959684956284, "y:4": 0.6244852839558874, "y:5": 0.6298530581554904, "y:6": 0.6231310347849209, "y:7": 0.6303516625469953, "y:8": 0.5447374576663874, "y:9": 0.6036422540932118, "y:10": 0.4838858934412715}, "7": {"y:0": 0.6009889253029945, "y:1": 0.5855103525916743, "y:2": 0.586973361496936, "y:3": 0.6837908430484064, "y:4": 0.6649662593010709, "y:5": 0.677574436747667, "y:6": 0.6798431852669814, "y:7": 0.6759423167156491, "y:8": 0.5406816421290654, "y:9": 0.6719874872651004, "y:10": 0.4840886477595978}, "8": {"y:0": 0.6087095056349935, "y:1": 0.5908155999900532, "y:2": 0.596711224727867, "y:3": 0.6980279851158913, "y:4": 0.6697130821554029, "y:5": 0.6899752924209146, "y:6": 0.6956665047426026, "y:7": 0.6984289677231349, "y:8": 0.5470015162625912, "y:9": 0.6840113441604782, "y:10": 0.48370999496033923}, "9": {"y:0": 0.5972534496974737, "y:1": 0.5845781238663457, "y:2": 0.5947898472131437, "y:3": 0.6875625705705525, "y:4": 0.6665858437714621, "y:5": 0.681818749395382, "y:6": 0.6821772401922901, "y:7": 0.6817301064444183, "y:8": 0.5374670050027546, "y:9": 0.6769124360293248, "y:10": 0.48374423180685694}}