{"0": {"y:0": 70.91324376301479, "y:1": 6.473551388615345, "y:2": 4.98179007411569, "y:3": 4.417585690210835, "y:4": 3.9309126059654003, "y:5": 3.662711345932712, "y:6": 3.4941225783866043, "y:7": 3.4966715646426607, "y:8": 3.375919935447651, "y:9": 3.3105713845079423}}