{"0": {"y:0": 0.11304831242234482, "y:1": 0.026916310159850756, "y:2": 0.15529661181638446, "y:3": 0.017786490517052948, "y:4": 0.12463203641579629, "y:5": 0.01656213093372854, "y:6": 0.1468792397666282, "y:7": 0.017903468702386762, "y:8": 0.1333345603250502, "y:9": 0.02189770646798042, "y:10": 0.13148023360370978, "y:11": 0.02566324129786149, "y:12": 0.16092006404915435, "y:13": 0.03031518343710139, "y:14": 0.13023905155034965, "y:15": 0.03371113697223498, "y:16": 0.13930070154052615, "y:17": 0.03661401658469477, "y:18": 0.11877322088025576, "y:19": 0.04428483531219562, "y:20": 0.12881519920601706, "y:21": 0.04631588819054464, "y:22": 0.13843611548482532, "y:23": 0.044780324830081736, "y:24": 0.11656057584663065, "y:25": 0.05292891584969393, "y:26": 0.1475318084238836, "y:27": 0.057528271673769706, "y:28": 0.12940203038170017, "y:29": 0.05869184515670037, "y:30": 0.1386927383084622, "y:31": 0.05795812160757466}}