{"0": {"y:0": 0.19931267161352578, "y:1": 0.19925531585726627, "y:2": 0.19943183352041188, "y:3": 0.20075481847761126, "y:4": 0.2024190633245793, "y:5": 0.20100147221480447, "y:6": 0.19907878668203327, "y:7": 0.20049431255161104, "y:8": 0.20369054824149355, "y:9": 0.20299112429603905}, "1": {"y:0": 0.20105202859806612, "y:1": 0.20430760526575112, "y:2": 0.20371921487636058, "y:3": 0.202617949883289, "y:4": 0.2018908108494265, "y:5": 0.20109704704888445, "y:6": 0.20304101043220268, "y:7": 0.203200072355766, "y:8": 0.20508773603149827, "y:9": 0.2034963354052225}, "2": {"y:0": 0.40411565249068293, "y:1": 0.40273959334750853, "y:2": 0.398969960436192, "y:3": 0.40207819669975065, "y:4": 0.39965176936276053, "y:5": 0.4004856856820939, "y:6": 0.40407241894260465, "y:7": 0.40564903685097065, "y:8": 0.39897348874448757, "y:9": 0.4099993072895918}, "3": {"y:0": 0.8093223787778019, "y:1": 0.7959865318030177, "y:2": 0.7787847643294826, "y:3": 0.7981393768788568, "y:4": 0.8094895380919538, "y:5": 0.8112367269121405, "y:6": 0.8218456346413049, "y:7": 0.8177830387180121, "y:8": 0.8126735587362146, "y:9": 0.813598550982512}, "4": {"y:0": 1.6470015512810512, "y:1": 1.5699318246408835, "y:2": 1.4302347868255978, "y:3": 1.5718075956264403, "y:4": 1.4919106173460617, "y:5": 1.6244206555722158, "y:6": 1.5669850459648647, "y:7": 1.5658817289913105, "y:8": 1.6077119431314468, "y:9": 1.5754296272498338}, "5": {"y:0": 2.563795596531846, "y:1": 2.360430514807128, "y:2": 1.8810207902006595, "y:3": 2.2969858679295037, "y:4": 1.9018813989950905, "y:5": 2.437778037803326, "y:6": 2.501777487666357, "y:7": 2.573220600703546, "y:8": 2.3620780255218854, "y:9": 2.521988089422324}, "6": {"y:0": 3.004177196740807, "y:1": 2.6709259550763, "y:2": 2.0057220693122617, "y:3": 2.4775048253835403, "y:4": 1.9790674039614216, "y:5": 3.1417274554882413, "y:6": 2.9880336280968725, "y:7": 3.065606103738302, "y:8": 2.8010021410466086, "y:9": 3.1074128020607112}, "7": {"y:0": 3.2547325939482548, "y:1": 2.8421637177150463, "y:2": 2.029377659429747, "y:3": 2.5616851675693946, "y:4": 1.9906526847953159, "y:5": 3.2903971089968236, "y:6": 3.180692428687631, "y:7": 3.2178329488102673, "y:8": 2.9413464648772023, "y:9": 3.0590293708038723}, "8": {"y:0": 3.247043757236875, "y:1": 2.81807429262354, "y:2": 2.015594606594337, "y:3": 2.622692343262438, "y:4": 2.039177942867339, "y:5": 3.2439823506415566, "y:6": 3.1567487217842065, "y:7": 3.251315544904313, "y:8": 2.9897523810116087, "y:9": 3.173228668126299}, "9": {"y:0": 3.3727929929291833, "y:1": 2.8647354689142634, "y:2": 2.028560009541231, "y:3": 2.697833315268449, "y:4": 2.050863302688294, "y:5": 3.325935144836648, "y:6": 3.241917691042723, "y:7": 3.3325144916983107, "y:8": 2.969988625536608, "y:9": 3.2356410386802357}, "10": {"y:0": 3.308214805395679, "y:1": 2.852587963275488, "y:2": 2.011038951619161, "y:3": 2.6777469912199474, "y:4": 2.0593156517708584, "y:5": 3.3096921607300565, "y:6": 3.201944993145363, "y:7": 3.3503095559757456, "y:8": 3.0191673220467616, "y:9": 3.275369552812443}, "11": {"y:0": 3.386764958994408, "y:1": 2.8789379017037335, "y:2": 2.0417037412674772, "y:3": 2.7060987902472062, "y:4": 2.0613344368790845, "y:5": 3.402317735776996, "y:6": 3.282766592221692, "y:7": 3.3962962795824962, "y:8": 3.04095905645755, "y:9": 3.2780331125767908}}