{"0": {"y:0": 0.4225139540801302, "y:1": 0.4123082166000929, "y:2": 0.4232256706998712, "y:3": 0.39190046275361273, "y:4": 0.40993834881834185, "y:5": 0.42714773238495607, "y:6": 0.41148369407413804, "y:7": 0.4388126290650928, "y:8": 0.416773668417433, "y:9": 0.41914425288340856, "y:10": 15.339616731840291}, "1": {"y:0": 0.41406526239865715, "y:1": 0.4076857237314249, "y:2": 0.419839892026992, "y:3": 0.41209533266443654, "y:4": 0.4037230417891924, "y:5": 0.4096044630225422, "y:6": 0.4022623982427718, "y:7": 0.40455473486247506, "y:8": 0.4091524058293638, "y:9": 0.41142490557003614, "y:10": 14.87275981414345}, "2": {"y:0": 0.7913011076671587, "y:1": 0.7779376138730904, "y:2": 0.7585680599699882, "y:3": 0.7749979891507972, "y:4": 0.7408467691378148, "y:5": 0.7728054339830356, "y:6": 0.7639725467345088, "y:7": 0.7613187992972166, "y:8": 0.7662637394777911, "y:9": 0.7979342153482654, "y:10": 15.019146223364146}, "3": {"y:0": 1.0271864468811147, "y:1": 1.021040176064192, "y:2": 1.0441345257474628, "y:3": 1.0105705743102207, "y:4": 1.0105378714082216, "y:5": 0.994004538677159, "y:6": 0.9891370273702834, "y:7": 1.0518607748849405, "y:8": 1.0145666934632687, "y:9": 1.0242582628683208, "y:10": 14.961609638623914}, "4": {"y:0": 1.2245136446567628, "y:1": 1.220274681673603, "y:2": 1.2633296763564774, "y:3": 1.2007379236242997, "y:4": 1.210569445348983, "y:5": 1.239011683908285, "y:6": 1.2559275150574867, "y:7": 1.2378563523943993, "y:8": 1.235833040898874, "y:9": 1.2779956154222707, "y:10": 14.904966719193867}, "5": {"y:0": 1.2745498471642178, "y:1": 1.2998643131977914, "y:2": 1.2844635775261726, "y:3": 1.2921737076408288, "y:4": 1.2710852663710395, "y:5": 1.2851813535440726, "y:6": 1.27344107823648, "y:7": 1.2592511911367696, "y:8": 1.2442500349626433, "y:9": 1.2454210732634228, "y:10": 14.956677012898384}, "6": {"y:0": 1.3241695034675673, "y:1": 1.326018644360352, "y:2": 1.3459835662514448, "y:3": 1.348258740811217, "y:4": 1.3117570338859161, "y:5": 1.347035467714005, "y:6": 1.3386147375185804, "y:7": 1.3303776438855182, "y:8": 1.3209152785727014, "y:9": 1.34807862286088, "y:10": 15.05112372875381}, "7": {"y:0": 1.3315721324863377, "y:1": 1.3426961925266347, "y:2": 1.3283174422047501, "y:3": 1.3415929790646128, "y:4": 1.3490375212308567, "y:5": 1.3507332301646786, "y:6": 1.3486838446744402, "y:7": 1.3366562331494782, "y:8": 1.3297646486351238, "y:9": 1.3546066691276066, "y:10": 14.705341990405572}, "8": {"y:0": 1.350023352531628, "y:1": 1.371645349374107, "y:2": 1.3576380621870638, "y:3": 1.357509785911871, "y:4": 1.3429606655207633, "y:5": 1.3540468746725427, "y:6": 1.3569830541904222, "y:7": 1.363396925175379, "y:8": 1.3547607813710498, "y:9": 1.3537028751525826, "y:10": 14.922111896299146}, "9": {"y:0": 1.3728127219397732, "y:1": 1.3698019386077824, "y:2": 1.377680682114265, "y:3": 1.3731417833713608, "y:4": 1.3700282372691823, "y:5": 1.3724460867291952, "y:6": 1.367634318800124, "y:7": 1.380995921824006, "y:8": 1.378206526691989, "y:9": 1.377024478650409, "y:10": 14.709488394641989}}