{"0": {"y:0": 0.18709934004059708, "y:1": 0.18974597273831378, "y:2": 0.1911519977464438, "y:3": 0.18538493590971544, "y:4": 0.18745686763001776, "y:5": 0.19127623772137914, "y:6": 0.17642610305793682, "y:7": 0.19067971036844475, "y:8": 0.19662201269496435, "y:9": 0.1874093096257903, "y:10": 0.48356531023362703}, "1": {"y:0": 0.20224709267794674, "y:1": 0.20562282965329703, "y:2": 0.19774266337242072, "y:3": 0.20226859892921395, "y:4": 0.20229418163091936, "y:5": 0.19991779982436325, "y:6": 0.19117061194580365, "y:7": 0.2025414063630739, "y:8": 0.20680573356958734, "y:9": 0.19489713409544943, "y:10": 0.4824160587957424}, "2": {"y:0": 0.34602276221212763, "y:1": 0.3361349018119569, "y:2": 0.3102847579725675, "y:3": 0.36618053293036995, "y:4": 0.3526972689817239, "y:5": 0.3461023296266508, "y:6": 0.28601920088004057, "y:7": 0.3466729175035054, "y:8": 0.3439292074914419, "y:9": 0.33770907680280454, "y:10": 0.484127536900473}, "3": {"y:0": 0.5270429995435544, "y:1": 0.5244416562274175, "y:2": 0.37634429273369935, "y:3": 0.5386544243222079, "y:4": 0.5340874134378832, "y:5": 0.529926147959466, "y:6": 0.33224746874378996, "y:7": 0.4886391588747187, "y:8": 0.4963136103243017, "y:9": 0.44945172497170516, "y:10": 0.48224698634977636}, "4": {"y:0": 0.5990469625443042, "y:1": 0.5751299071863222, "y:2": 0.39535459217159824, "y:3": 0.6138475167545506, "y:4": 0.5941355307153389, "y:5": 0.5999694592351745, "y:6": 0.3510068433813249, "y:7": 0.5671304930813764, "y:8": 0.5460805321644684, "y:9": 0.48383502674982953, "y:10": 0.4841338787368608}, "5": {"y:0": 0.6385965985985756, "y:1": 0.6126053295294748, "y:2": 0.40764918959976953, "y:3": 0.6406456421323586, "y:4": 0.6245950017107111, "y:5": 0.6720143626619853, "y:6": 0.3479336089021436, "y:7": 0.5699189611857994, "y:8": 0.57180858369909, "y:9": 0.48465336956843363, "y:10": 0.4837145304487656}, "6": {"y:0": 0.6455082474729111, "y:1": 0.6136143136508626, "y:2": 0.40230902093532495, "y:3": 0.6568837818343695, "y:4": 0.6465142662398468, "y:5": 0.6675068671422111, "y:6": 0.35110015633444697, "y:7": 0.5891226972302089, "y:8": 0.569436206937112, "y:9": 0.5004266297450721, "y:10": 0.48349199436111223}, "7": {"y:0": 0.6590686014088468, "y:1": 0.6292349152627609, "y:2": 0.41223454056008035, "y:3": 0.654808852454774, "y:4": 0.6448314433310818, "y:5": 0.6686966623331239, "y:6": 0.3481567079196349, "y:7": 0.5884548227346976, "y:8": 0.5846148626384245, "y:9": 0.4970929696815734, "y:10": 0.48361580183611413}, "8": {"y:0": 0.6675204986210544, "y:1": 0.6271828441061116, "y:2": 0.4065587216717841, "y:3": 0.6776064229232842, "y:4": 0.6626134963812754, "y:5": 0.6719895131860443, "y:6": 0.353734197714773, "y:7": 0.5956819950632574, "y:8": 0.590983329960334, "y:9": 0.5049683610285375, "y:10": 0.48378221787125103}, "9": {"y:0": 0.6868832655200369, "y:1": 0.6325532782084397, "y:2": 0.41447678429649704, "y:3": 0.6816590897099243, "y:4": 0.680209359752643, "y:5": 0.6886938168333527, "y:6": 0.3529283868995617, "y:7": 0.6081861755985608, "y:8": 0.5937860951847621, "y:9": 0.5086252487642364, "y:10": 0.48358177163222626}}