{"0": {"y:0": 0.12279595703730828, "y:1": 0.02741368246575817, "y:2": 0.1277070839257463, "y:3": 0.019099494167951286, "y:4": 0.1439229123290706, "y:5": 0.016740529544794363, "y:6": 0.1281487157499388, "y:7": 0.015259688479942557, "y:8": 0.14205355081561702, "y:9": 0.016630432347390707, "y:10": 0.1481732945596899, "y:11": 0.016935415657118785, "y:12": 0.15549637044036535, "y:13": 0.019800992668148824, "y:14": 0.1473764474636413, "y:15": 0.020702652387977583, "y:16": 0.1732094847729112, "y:17": 0.019628523418948753, "y:18": 0.12538470626277087, "y:19": 0.024386040879614827, "y:20": 0.13913718779856674, "y:21": 0.025666917302204686, "y:22": 0.1286093970739134, "y:23": 0.027091835504648273, "y:24": 0.15311288746365795, "y:25": 0.028459435398748345, "y:26": 0.13431396561738085, "y:27": 0.034724992935176696, "y:28": 0.12910372699570122, "y:29": 0.03217077319758033, "y:30": 0.1422664464132966, "y:31": 0.04030653255235336}, "1": {"y:0": 0.10839071309946396, "y:1": 0.02882374045710039, "y:2": 0.11749539880706246, "y:3": 0.02046573195740652, "y:4": 0.13628407143046192, "y:5": 0.016906759933761593, "y:6": 0.14048610152239568, "y:7": 0.015950290168515572, "y:8": 0.13409513511895502, "y:9": 0.01570472027831629, "y:10": 0.11927444325661427, "y:11": 0.018209337827126595, "y:12": 0.14429229679322275, "y:13": 0.022173464236676536, "y:14": 0.12987213586398227, "y:15": 0.024203973344110362, "y:16": 0.12692489276315488, "y:17": 0.026435662205921334, "y:18": 0.13526374735471366, "y:19": 0.026387827942103856, "y:20": 0.1408898599957215, "y:21": 0.030675873048164094, "y:22": 0.1421552940700768, "y:23": 0.032909025348724294, "y:24": 0.12733065088048015, "y:25": 0.03673276622567241, "y:26": 0.14399637655126074, "y:27": 0.040439791128234655, "y:28": 0.12649725091914585, "y:29": 0.04403118226325451, "y:30": 0.14764334060842724, "y:31": 0.041939809261943586}, "2": {"y:0": 0.11356780920605075, "y:1": 0.0757094065751001, "y:2": 0.12690847202156003, "y:3": 0.0551795337084718, "y:4": 0.13869073791087358, "y:5": 0.04970796382702267, "y:6": 0.1446895924416285, "y:7": 0.041548137983991665, "y:8": 0.13781581489007658, "y:9": 0.03660483942194408, "y:10": 0.12717600853505473, "y:11": 0.03400908602312255, "y:12": 0.12613276063967138, "y:13": 0.02956661405332195, "y:14": 0.13428459345373417, "y:15": 0.02786671601986257, "y:16": 0.1326529038479002, "y:17": 0.026028279175492202, "y:18": 0.1294119707223981, "y:19": 0.023720017387741266, "y:20": 0.12692720550388775, "y:21": 0.02424867654533832, "y:22": 0.15369492996367912, "y:23": 0.02196421194743749, "y:24": 0.14249315572616944, "y:25": 0.022732185819915835, "y:26": 0.13176039685979277, "y:27": 0.021449678224436684, "y:28": 0.13569195954857916, "y:29": 0.021448823600419952, "y:30": 0.15191044146311408, "y:31": 0.020615922490288}, "3": {"y:0": 0.11595203737731287, "y:1": 0.07621940574601929, "y:2": 0.12741131142889303, "y:3": 0.07126305742054956, "y:4": 0.1223000395862488, "y:5": 0.06063341785428136, "y:6": 0.12581455651880158, "y:7": 0.051816679598673275, "y:8": 0.14047245112120252, "y:9": 0.047147346211975645, "y:10": 0.12891382626809547, "y:11": 0.04076012157720763, "y:12": 0.12441801809157114, "y:13": 0.038383502242415914, "y:14": 0.13669448218409938, "y:15": 0.03399673718818012, "y:16": 0.13200665488430624, "y:17": 0.03242636802468261, "y:18": 0.13675182432551103, "y:19": 0.030542388180856722, "y:20": 0.1282680687625394, "y:21": 0.029328366002580857, "y:22": 0.13689767511575593, "y:23": 0.02677789546239973, "y:24": 0.13370367644472664, "y:25": 0.027197871599035504, "y:26": 0.13277438005229603, "y:27": 0.02477845183201724, "y:28": 0.138431062146059, "y:29": 0.025115550087651543, "y:30": 0.13661592115722207, "y:31": 0.024309220088516218}, "4": {"y:0": 0.09363013449540138, "y:1": 0.058816375181407685, "y:2": 0.11274549602815015, "y:3": 0.04514694011422298, "y:4": 0.12314907405391225, "y:5": 0.03747099377995409, "y:6": 0.11860735041003481, "y:7": 0.033142627104541494, "y:8": 0.12621979675439024, "y:9": 0.029705360200342493, "y:10": 0.12525689086209238, "y:11": 0.02612997578772272, "y:12": 0.11890214229957448, "y:13": 0.02601615720544214, "y:14": 0.12912222044677615, "y:15": 0.022123250507050222, "y:16": 0.1222309578248352, "y:17": 0.021898420085150774, "y:18": 0.12044414706835407, "y:19": 0.020233042002751177, "y:20": 0.12327645970938156, "y:21": 0.019681322904875447, "y:22": 0.11699844867223201, "y:23": 0.018948572949675536, "y:24": 0.12906284961411746, "y:25": 0.018532716073902812, "y:26": 0.11804334840065216, "y:27": 0.018120016087833892, "y:28": 0.12956147769885223, "y:29": 0.017671769239891583, "y:30": 0.12389149677881592, "y:31": 0.01833286874620116}, "5": {"y:0": 0.08959629872515885, "y:1": 0.055698237406838325, "y:2": 0.10364239059039565, "y:3": 0.04735843085267132, "y:4": 0.10947537467513596, "y:5": 0.04041560170639516, "y:6": 0.12392721690715049, "y:7": 0.03430018286860475, "y:8": 0.11516389332330837, "y:9": 0.03049620719603369, "y:10": 0.12582867538076484, "y:11": 0.029363233866383547, "y:12": 0.12106086309718085, "y:13": 0.02545960145976659, "y:14": 0.12102893020076658, "y:15": 0.024589295806846302, "y:16": 0.119617494277916, "y:17": 0.022670499360488514, "y:18": 0.12488602422154525, "y:19": 0.021649956990225802, "y:20": 0.116498719337597, "y:21": 0.020644433859854254, "y:22": 0.1225121380471808, "y:23": 0.01924709430454926, "y:24": 0.11554362610233977, "y:25": 0.018552456865124127, "y:26": 0.12270177138334358, "y:27": 0.01822250720650317, "y:28": 0.11869515233074432, "y:29": 0.01805217956090943, "y:30": 0.11353529773829019, "y:31": 0.01780361788186899}, "6": {"y:0": 0.058428581394555486, "y:1": 0.016496761696784018, "y:2": 0.06917673593580854, "y:3": 0.015054998111730254, "y:4": 0.0730024024485827, "y:5": 0.016943010261416716, "y:6": 0.07276263349186309, "y:7": 0.019911223965969074, "y:8": 0.07820187129508092, "y:9": 0.025342519384185216, "y:10": 0.07690609632895391, "y:11": 0.028557128121398795, "y:12": 0.07432606046798491, "y:13": 0.031889188611023585, "y:14": 0.07492706203227063, "y:15": 0.03362591296520997, "y:16": 0.07041294379409709, "y:17": 0.03587535109319504, "y:18": 0.07151035176653237, "y:19": 0.03839527597125299, "y:20": 0.0689887382044403, "y:21": 0.041565040313860206, "y:22": 0.06853999568052811, "y:23": 0.04548030979708802, "y:24": 0.06971793693530867, "y:25": 0.04469146651010457, "y:26": 0.06450933985069113, "y:27": 0.046240845282420326, "y:28": 0.06758300769451782, "y:29": 0.05054630332176829, "y:30": 0.06707939521988687, "y:31": 0.05120868974541959}, "7": {"y:0": 0.07583520928944674, "y:1": 0.03252206546614537, "y:2": 0.06767167354219476, "y:3": 0.05030382037947393, "y:4": 0.061637344416913854, "y:5": 0.06236702161743839, "y:6": 0.05623705993025708, "y:7": 0.06471200835798172, "y:8": 0.051591762229922254, "y:9": 0.06911598423702693, "y:10": 0.05083482759374184, "y:11": 0.06962739879733378, "y:12": 0.04671918045201306, "y:13": 0.07394963300896618, "y:14": 0.04584275479418397, "y:15": 0.0754720085058232, "y:16": 0.046480174340545785, "y:17": 0.07266541037750021, "y:18": 0.04155823767148552, "y:19": 0.07782038276626795, "y:20": 0.038702779152979976, "y:21": 0.07689347385610186, "y:22": 0.04007050207478558, "y:23": 0.08238209825356824, "y:24": 0.03646185498638734, "y:25": 0.08962144055217297, "y:26": 0.036456288054461834, "y:27": 0.08476147347211951, "y:28": 0.036980242890526586, "y:29": 0.08738493875068591, "y:30": 0.031967257879723716, "y:31": 0.09502054963636389}, "8": {"y:0": 0.05872742508031577, "y:1": 0.017851838504222457, "y:2": 0.05160092615441795, "y:3": 0.012605125442696395, "y:4": 0.058691043003728315, "y:5": 0.013003413030652743, "y:6": 0.05493898465351955, "y:7": 0.01401346548072526, "y:8": 0.06207636626703707, "y:9": 0.015519780337610384, "y:10": 0.05462926167280178, "y:11": 0.017521424108188834, "y:12": 0.05609470490804213, "y:13": 0.018833779058652408, "y:14": 0.056133310324973776, "y:15": 0.020130445034823592, "y:16": 0.0549964364152077, "y:17": 0.023272542227010373, "y:18": 0.05169503128310409,