{"0": {"y:0": 0.009004650361234972, "y:1": 0.009882286796494267, "y:2": 0.003642794949872349, "y:3": 0.00445914590185513, "y:4": 0.014909615369388701, "y:5": 0.002877850465211005, "y:6": 0.03636683446446659, "y:7": 0.006518395438930127, "y:8": 0.02687084801996816, "y:9": 0.008109468680426881, "y:10": 0.004432520799744056, "y:11": 0.008537689347267077, "y:12": 0.0028484940658022027, "y:13": 0.0017784514655824425, "y:14": 0.05221092490873057, "y:15": 0.00279353321760286, "y:16": 0.004611629217727564, "y:17": 0.012793866523035307, "y:18": 0.008386643702918327, "y:19": 0.009818721935841273, "y:20": 0.002608620826317766, "y:21": 0.005469722523329746, "y:22": 0.015479572414166892, "y:23": 0.002513623708480326, "y:24": 0.008205940127218547, "y:25": 0.014201300388858945, "y:26": 0.028875239473509267, "y:27": 0.007965462226528974, "y:28": 0.015259537958276276, "y:29": 0.013153924915587924, "y:30": 0.0034164003956321325, "y:31": 0.013166116011990886}, "1": {"y:0": 0.00886394834701511, "y:1": 0.0098651624684792, "y:2": 0.0036384389231736867, "y:3": 0.004463392411802669, "y:4": 0.014894027252313874, "y:5": 0.002898260389272032, "y:6": 0.036122600841656465, "y:7": 0.006494882820613699, "y:8": 0.025112983778536883, "y:9": 0.008884933196132193, "y:10": 0.004396593648752602, "y:11": 0.009429334711354145, "y:12": 0.002850285945478972, "y:13": 0.0017812724480493548, "y:14": 0.0503808893042855, "y:15": 0.0027961028210634975, "y:16": 0.004621081875700654, "y:17": 0.014673919571851135, "y:18": 0.00841804254253742, "y:19": 0.010547973041703906, "y:20": 0.00260688833299427, "y:21": 0.005537708983627942, "y:22": 0.015203889296225001, "y:23": 0.0025379557187151006, "y:24": 0.008183314683434934, "y:25": 0.014585949115647895, "y:26": 0.028316519434153607, "y:27": 0.00862238651545625, "y:28": 0.015435573896861841, "y:29": 0.015105344410411383, "y:30": 0.003435967120449221, "y:31": 0.012766658412117148}, "2": {"y:0": 0.008824783392770234, "y:1": 0.012502715255902583, "y:2": 0.0036320153095223493, "y:3": 0.005063995263739526, "y:4": 0.01486942545132313, "y:5": 0.003238336969066484, "y:6": 0.03482208511364265, "y:7": 0.009794630184169312, "y:8": 0.025685307344939626, "y:9": 0.010407843920932367, "y:10": 0.004367060532252086, "y:11": 0.010171529692378346, "y:12": 0.0028393788976180784, "y:13": 0.0018371334323541502, "y:14": 0.04838179677210924, "y:15": 0.002963675058853226, "y:16": 0.004613630222600914, "y:17": 0.013637819562642947, "y:18": 0.008418006647023317, "y:19": 0.011240765896500408, "y:20": 0.0026067086338642255, "y:21": 0.005962730783166061, "y:22": 0.015367857674471205, "y:23": 0.002578498718529953, "y:24": 0.008106514662354727, "y:25": 0.015198969541794213, "y:26": 0.028136489844444293, "y:27": 0.009163975836320119, "y:28": 0.015144143517333057, "y:29": 0.016723483503585126, "y:30": 0.0034294060261377953, "y:31": 0.01394789248668192}, "3": {"y:0": 0.008963475222265871, "y:1": 0.013703351054648977, "y:2": 0.003639457705991208, "y:3": 0.005637743181212592, "y:4": 0.015094040196015228, "y:5": 0.003520928723977967, "y:6": 0.034558145352668226, "y:7": 0.012350997451019299, "y:8": 0.02666903542340792, "y:9": 0.012596952677081654, "y:10": 0.004379480839369232, "y:11": 0.012741290013128946, "y:12": 0.0028429565229183395, "y:13": 0.0019205065008893042, "y:14": 0.0497990607121511, "y:15": 0.0031430953675847598, "y:16": 0.004604258821545277, "y:17": 0.013078616530424537, "y:18": 0.008517648614048915, "y:19": 0.013795276661734421, "y:20": 0.0026105022731449717, "y:21": 0.006408058599176122, "y:22": 0.01559291680067485, "y:23": 0.002664260020281528, "y:24": 0.00812759669403592, "y:25": 0.015903608316963254, "y:26": 0.028653578535533773, "y:27": 0.009890404190244366, "y:28": 0.01540121869109254, "y:29": 0.01711318389281199, "y:30": 0.003450478250902213, "y:31": 0.015236216149117928}, "4": {"y:0": 0.008991658326927398, "y:1": 0.014299292065602182, "y:2": 0.0036376917284399127, "y:3": 0.00598501359850813, "y:4": 0.014961225429096626, "y:5": 0.0037140049609528858, "y:6": 0.03546711784854304, "y:7": 0.017054961260218195, "y:8": 0.025128281326638396, "y:9": 0.013498167537797002, "y:10": 0.004362550061687112, "y:11": 0.0155316015736486, "y:12": 0.002842986559795907, "y:13": 0.0020025340892774897, "y:14": 0.049386084309566605, "y:15": 0.003369118361378396, "y:16": 0.004617116393985573, "y:17": 0.012328945951916758, "y:18": 0.008569750369123483, "y:19": 0.01840930455353002, "y:20": 0.002608894598251301, "y:21": 0.00707901831326213, "y:22": 0.015253198330357966, "y:23": 0.0027675780466755824, "y:24": 0.008170619824531607, "y:25": 0.018660627318317576, "y:26": 0.029084177201169813, "y:27": 0.011210086656808114, "y:28": 0.0155796724695155, "y:29": 0.019056261860092596, "y:30": 0.0034425243130269253, "y:31": 0.017977227031266897}, "5": {"y:0": 0.0089539796171144, "y:1": 0.01390430420804862, "y:2": 0.0036341954589949365, "y:3": 0.006152700537599943, "y:4": 0.014708381760874665, "y:5": 0.0038033021148059522, "y:6": 0.03571856329120755, "y:7": 0.019852391969173794, "y:8": 0.02569808570441627, "y:9": 0.014199628447780013, "y:10": 0.004371360537045394, "y:11": 0.016235380338618117, "y:12": 0.0028457599586929005, "y:13": 0.0020542424608825426, "y:14": 0.05172573669955006, "y:15": 0.0034901434894634526, "y:16": 0.00457853460239318, "y:17": 0.012750941700714362, "y:18": 0.008580787787167483, "y:19": 0.02243234972606059, "y:20": 0.002609605745394295, "y:21": 0.007729688649300777, "y:22": 0.015509204619906895, "y:23": 0.0028562978361469297, "y:24": 0.00826847767177659, "y:25": 0.023906333366779504, "y:26": 0.02863274048032455, "y:27": 0.012532321413988258, "y:28": 0.015331853719032935, "y:29": 0.025983603200178697, "y:30": 0.0034460297407671262, "y:31": 0.022118585894704213}, "6": {"y:0": 0.008890286563050872, "y:1": 0.013978715939787554, "y:2": 0.0036425458934062033, "y:3": 0.006250662774323789, "y:4": 0.014840740585202714, "y:5": 0.0038778422317672424, "y:6": 0.0351472787474868, "y:7": 0.02304718146976016, "y:8": 0.0257626660823118, "y:9": 0.014879448955654594, "y:10": 0.004371908381796354, "y:11": 0.01769459412185721, "y:12": 0.0028449530869320144, "y:13": 0.0020819027683494132, "y:14": 0.04956470751657923, "y:15": 0.003593293412636686, "y:16": 0.004579681539266972, "y:17": 0.013206541615225026, "y:18": 0.00851006982304609, "y:19": 0.033530616844782965, "y:20": 0.002606143161168561, "y:21": 0.008381167911179554, "y:22": 0.015247850983507952, "y:23": 0.002927144845217744, "y:24": 0.008213898433687339, "y:25": 0.030440514373605634, "y:26": 0.0283668669393217, "y:27": 0.014271305562666581, "y:28": 0.015368119244219923, "y:29": 0.033604292946457705, "y:30": 0.0034378142208479996, "y:31": 0.030362356020161643}, "7": {"y:0": 0.008948105926883818, "y:1": 0.013888053039039496, "y:2": 0.003634757232932638, "y:3": 0.006263424792760453, "y:4": 0.014951997631605924, "y:5": 0.0038790580138327764, "y:6": 0.035504032854021074, "y:7": 0.0232547907772851, "y:8": 0.025803730522451912, "y:9": 0.015021609894748695, "y:10": 0.004363314726597299, "y:11": 0.017895147242477722, "y:12": 0.002845512348837717, "y:13": 0.0020942995074158303, "y:14": 0.05063539106158493, "y:15": 0.0036133257737551937, "y:16": 0.004608044987823066, "y:17": 0.013452825853575271, "y:18": 0.008496017677774782, "y:19": 0.0353742191518245, "y:20": 0.0026077570545152916, "y:21": 0.008390977434901775, "y:22": 0.015307544419951285, "y:23": 0.0029575207903505454, "y:24": 0.008160919166463712, "y:25": 0.03238643416018367, "y:26": 0.028536234785360045, "y:27": 0.014781544982594893, "y:28": 0.015445409479100138, "y:29": 0.03592524518714767, "y:30": 0.003446611855299145, "y:31": 0.0322286238634074}, "8": {"y:0": 0.008990651728017586, "y:1": 0.01396556229484512, "y:2": 0.0036352576671877957, "y:3": 0.006281261076757136, "y:4": 0.014988977165383985, "y:5": 0.0038826318705913153, "y:6": 0.0357208773519237, "y:7": 0.02401064779314718, "y:8": 0.025857111419961606, "y:9": 0.015302968886234941, "y:10": 0.004382717123039068, "y:11": 0.018419506866121784,