{"8": {"y:0": 0.0, "y:1": 0.0, "y:2": 0.0021405533219962312, "y:3": 0.0021022769478619553, "y:4": 0.005078231168982061, "y:5": 0.004037731985873751, "y:6": 0.0015817372559390084, "y:7": 0.0006897631086335149, "y:8": 0.0029491895989922317, "y:9": 0.004198171973685537, "y:10": 0.001276750387519291, "y:11": 0.006544450821441175, "y:12": 0.008556007923000491, "y:13": 0.007571369735353909, "y:14": 0.00856502991007908, "y:15": 0.0037306206306882903, "y:16": 0.0034143934262027102, "y:17": 0.001084459642141672, "y:18": 0.002000060631571116, "y:19": 0.00627379086193537, "y:20": 0.002640749973362495, "y:21": 0.003914412885564661, "y:22": 0.002187665327205193, "y:23": 0.0031678406573560766, "y:24": 0.005137518441258828, "y:25": 0.01830619239969455, "y:26": 0.010739112715773286, "y:27": 0.009977534747554024, "y:28": 0.0030654192093915885, "y:29": 0.024854637988219, "y:30": 0.0017535599477969642, "y:31": 0.036665443974057334, "y:32": 0.010783127928811264, "y:33": 0.007708050827092163, "y:34": 0.0035659355923178078, "y:35": 0.023046003541854217, "y:36": 0.004431134320702719, "y:37": 0.014074753994307741, "y:38": 0.008580050306198189, "y:39": 0.025280917630963996, "y:40": 0.007660311085967206, "y:41": 0.015752954054014865, "y:42": 0.011946973903781292, "y:43": 0.02419476884533334, "y:44": 0.022145535786126325, "y:45": 0.006355301849631406, "y:46": 0.012571817357121443, "y:47": 0.013912596645248885, "y:48": 0.010507276557197978, "y:49": 0.014267770081703931, "y:50": 0.028779922865764106, "y:51": 0.016819276655298546, "y:52": 0.005612602031424236, "y:53": 0.007288499458951698, "y:54": 0.002149014496339263, "y:55": 0.0025026760687995395, "y:56": 0.007958210248884117, "y:57": 0.007107676879448679, "y:58": 0.02133231510207214, "y:59": 0.005476259413465377, "y:60": 0.011603416053738477, "y:61": 0.002931724156178759, "y:62": 0.02266951594651409, "y:63": 0.0008622906640356962, "y:64": 0.01046310583358058, "y:65": 0.011506389075309664, "y:66": 0.002916674976871499, "y:67": 0.004978598610629043, "y:68": 0.008933650665405607, "y:69": 0.010388935387614602, "y:70": 0.005669408133160811, "y:71": 0.012394346014120322, "y:72": 0.002552675058508026, "y:73": 0.017267990533224063, "y:74": 0.010357696242010288, "y:75": 0.013910880059259518, "y:76": 0.00475083760989069, "y:77": 0.008865850267757401, "y:78": 0.008834044448325768, "y:79": 0.021567984795859828, "y:80": 0.0035297274940664126, "y:81": 0.003685368118313953, "y:82": 0.0024052538464459598, "y:83": 0.031014442099427914, "y:84": 0.004455932033947393, "y:85": 0.003290454078832052, "y:86": 0.007782492835620302, "y:87": 0.007610605135846682, "y:88": 0.0032725049137093043, "y:89": 0.013755414602407123, "y:90": 0.006263748784509377, "y:91": 0.010705735251212644, "y:92": 0.0029392709161452607, "y:93": 0.002590082432025375, "y:94": 0.003390813547918143, "y:95": 0.012028333124411228, "y:96": 0.008772494510363398, "y:97": 0.0031588383238589086, "y:98": 0.0005882335573162176, "y:99": 0.0031804772811067695, "y:100": 0.010864035956751021, "y:101": 0.002828587321915198, "y:102": 0.0038051206993542173, "y:103": 0.005513734314510224, "y:104": 0.0029728378177757307, "y:105": 0.0014520650232723886, "y:106": 0.00786195464795545, "y:107": 0.000659968615845919, "y:108": 0.0025671982420950867, "y:109": 0.0023545393021618725, "y:110": 0.0018445205363167262, "y:111": 0.0029483385649758448, "y:112": 0.002872422764665535, "y:113": 0.0021440943356074225, "y:114": 0.0046895851668116405, "y:115": 0.007146481478898746, "y:116": 0.0028929162031284413, "y:117": 0.00867213998688517, "y:118": 0.003317992988954161, "y:119": 0.002117840088178428, "y:120": 0.005699650113254173, "y:121": 0.005915574981549834, "y:122": 0.006574669125416078, "y:123": 0.004459048121941849, "y:124": 0.0031364264220193967, "y:125": 0.004040616222313428, "y:126": 0.004516927977934853, "y:127": 0.0060400595440743155, "y:128": 0.002554138672524677, "y:129": 0.011670873214172773, "y:130": 0.001678874225234004, "y:131": 0.00308891440031593, "y:132": 0.003050885872186559, "y:133": 0.01124826053833526, "y:134": 0.0020910593921215723, "y:135": 0.004862985633679738, "y:136": 0.007016273076693949, "y:137": 0.002369309152096489, "y:138": 0.004565295622817879, "y:139": 0.00433483821967009, "y:140": 0.0029221555594430852, "y:141": 0.004027799027468908, "y:142": 0.0014022531566095391, "y:143": 0.0008667920783775303, "y:144": 0.0037511569957349167, "y:145": 0.004619908298681557, "y:146": 0.0017174860864920616, "y:147": 0.010585087092543905, "y:148": 0.0008664126365259229, "y:149": 0.002176050735262127, "y:150": 0.005855918984113169, "y:151": 0.003076474599439283, "y:152": 0.0032979351213469634, "y:153": 0.00924166972781515, "y:154": 0.006845100944870973, "y:155": 0.0019049639491379214, "y:156": 0.002852761433917196, "y:157": 0.001613137640078921, "y:158": 0.005386117425793083, "y:159": 0.004719132940571195, "y:160": 0.005937942131760158, "y:161": 0.002973261406671535, "y:162": 0.007649918446447941, "y:163": 0.00709050392121136, "y:164": 0.0035052905257375727, "y:165": 0.005152679357756946, "y:166": 0.0033402179495878167, "y:167": 0.0013073203232539612, "y:168": 0.0012455274330950708, "y:169": 0.00307733054208413, "y:170": 0.005062754303110297, "y:171": 0.0045606592483559425, "y:172": 0.010457782247781157, "y:173": 0.002574890358391261, "y:174": 0.005416512587912895, "y:175": 0.0065265891172170765, "y:176": 0.014284908874169723, "y:177": 0.0014843683784393842, "y:178": 0.0029574699962247033, "y:179": 0.00834808531524808, "y:180": 0.017113427434440866, "y:181": 0.0069526751096123125, "y:182": 0.010871353108583084, "y:183": 0.0016185138428495402, "y:184": 0.0043386898153121006, "y:185": 0.0006027542163004171, "y:186": 0.013696412877082495, "y:187": 0.0015201838497987995, "y:188": 0.016738514235568235, "y:189": 0.005909973111021887, "y:190": 0.004566011481073453, "y:191": 0.004378229692739131, "y:192": 0.0012131222771746245, "y:193": 0.001859275225661987, "y:194": 0.013548884486940083, "y:195": 0.0020932543501506586, "y:196": 0.004113488534848787, "y:197": 0.002650624835532987, "y:198": 0.004194811124348417, "y:199": 0.006155026832374197, "y:200": 0.0065278770701935425, "y:201": 0.011439344685286151, "y:202": 0.005352927336337721, "y:203": 0.004321422033959464, "y:204": 0.005607059264861247, "y:205": 0.003984538968795757, "y:206": 0.011978525386805963, "y:207": 0.0019868988459185452, "y:208": 0.009375000141841668, "y:209": 0.009282437304698146, "y:210": 0.014874582566383049, "y:211": 0.011814741298145559, "y:212": 0.014854923497036304, "y:213": 0.0021805608139547255, "y:214": 0.004990604169716233, "y:215": 0.011348468433599799, "y:216": 0.016018800727911262, "y:217": 0.009556809919598744, "y:218": 0.00914789966613572, "y:219": 0.00236600259117618, "y:220": 0.00904169295484962, "y:221": 0.0043169988242842865, "y:222": 0.002068015254413351, "y:223": 0.00516473538259258, "y:224": 0.006402640373530815, "y:225": 0.0041824309897711175, "y:226": 0.00776446313642934, "y:227": 0.0061740516908452316, "y:228": 0.016720377437072928, "y:229": 0.007966646056829051, "y:230": 0.015022045815993399, "y:231": 0.001859567837933901, "y:232": 0.015384070338765782, "y:233": 0.0046381210038611625, "y:234": 0.03337625781468887, "y:235": 0.005947571803971366, "y:236": 0.005439464107261965, "y:237": 0.017345843226324376, "y:238": 0.0014462418788270398, "y:239": 0.01480653241544777, "y:240": 0.007444035099345041, "y:241": 0.003877636316931569, "y:242": 0.004656052726181392, "y:243": 0.0036177382880926345, "y:244": 0.0073312265934503615, "y:245": 0.012880855266367841, "y:246": 0.002257681060909707, "y:247": 0.0024453326673084244, "y:248": 0.017067410837011195, "y:249": 0.002738188830546418, "y:250": 0.005502678225320957, "y:251": 0.007882194839458746, "y:252": 0.01586965844532321, "y:253": 0.008270119897567424, "y:254": 0.00839578213300167, "y:255": 0.010519830771392933, "y:256": 0.005319941989984349, "y:257": 0.014061390079887891, "y:258": 0.015621531995736784, "y:259": 0.0022390452261977583, "y:260": 0.01038622365760288,