{"0": {"y:0": 0.13160869572952608, "y:1": 0.03339035700062674, "y:2": 0.1336758827832532, "y:3": 0.02440198793351941, "y:4": 0.13080941623033582, "y:5": 0.01790014081029024, "y:6": 0.13054091894963551, "y:7": 0.015695547372909752, "y:8": 0.1589742489973238, "y:9": 0.0162780592393249, "y:10": 0.13093792208643498, "y:11": 0.016666655271163514, "y:12": 0.14404547246983793, "y:13": 0.01625925387687162, "y:14": 0.14086801784562047, "y:15": 0.018952436194156947, "y:16": 0.13042099751987057, "y:17": 0.020925100432829316, "y:18": 0.13266288389812947, "y:19": 0.022429194627962307, "y:20": 0.18647173586366989, "y:21": 0.024398215365636765, "y:22": 0.16548445595128708, "y:23": 0.028673974286933846, "y:24": 0.12010667113039773, "y:25": 0.028162162872823717, "y:26": 0.13543483254570868, "y:27": 0.026663449669481372, "y:28": 0.1238566023235103, "y:29": 0.037809000666119585, "y:30": 0.13620039354659663, "y:31": 0.03622651827072078}, "1": {"y:0": 0.106881768742447, "y:1": 0.024759218077937527, "y:2": 0.11942408321415493, "y:3": 0.01781381400799271, "y:4": 0.12027724754984845, "y:5": 0.015474469166639101, "y:6": 0.1298618677816829, "y:7": 0.01795765928212199, "y:8": 0.13768234696976533, "y:9": 0.019822508501425206, "y:10": 0.13742559241036112, "y:11": 0.02400203020888355, "y:12": 0.15401746895127016, "y:13": 0.030173478218463386, "y:14": 0.1436360509422989, "y:15": 0.030994811551358248, "y:16": 0.12661243540655137, "y:17": 0.03328355753919655, "y:18": 0.13966111301044037, "y:19": 0.03228195650847223, "y:20": 0.1320746743001099, "y:21": 0.041190436673878505, "y:22": 0.13216658075467447, "y:23": 0.042855509223477015, "y:24": 0.11994454297233297, "y:25": 0.04323726512132371, "y:26": 0.14752698968319378, "y:27": 0.04832711870954516, "y:28": 0.13148450583447163, "y:29": 0.044404629547889825, "y:30": 0.11997393526253715, "y:31": 0.058890523619655716}, "2": {"y:0": 0.10570614160501728, "y:1": 0.02709345870423676, "y:2": 0.12904771157448233, "y:3": 0.01984157670528041, "y:4": 0.12215312517946349, "y:5": 0.016622328695563494, "y:6": 0.12824954649748416, "y:7": 0.0159321348993295, "y:8": 0.11967487877669672, "y:9": 0.017535355706929316, "y:10": 0.1262856993384729, "y:11": 0.01985676820648743, "y:12": 0.12094187561654178, "y:13": 0.023388706531538413, "y:14": 0.11964251078357176, "y:15": 0.024814225400567345, "y:16": 0.12523857073200506, "y:17": 0.02832704157682424, "y:18": 0.1301721218612576, "y:19": 0.030141771566174633, "y:20": 0.12972279215151358, "y:21": 0.035313591515319084, "y:22": 0.12693556594191155, "y:23": 0.03763088806928999, "y:24": 0.1336091481883465, "y:25": 0.04245327548397248, "y:26": 0.12075807931066068, "y:27": 0.043705656756861944, "y:28": 0.1299457901407259, "y:29": 0.04568312950391213, "y:30": 0.13275508522963567, "y:31": 0.04938487430740395}, "3": {"y:0": 0.09962193343100852, "y:1": 0.029939283017628795, "y:2": 0.11020396655274486, "y:3": 0.021621846449648718, "y:4": 0.11033708793347079, "y:5": 0.017080184578668486, "y:6": 0.11976999676607918, "y:7": 0.01565728892382438, "y:8": 0.12292315120234587, "y:9": 0.017006087551524832, "y:10": 0.11327980970721917, "y:11": 0.018706093476602417, "y:12": 0.1179924782723624, "y:13": 0.021763705860252003, "y:14": 0.12015943318933094, "y:15": 0.023331639477445727, "y:16": 0.110315897870673, "y:17": 0.026418353875521185, "y:18": 0.11469545229855431, "y:19": 0.029826591448450856, "y:20": 0.11332570821682497, "y:21": 0.034353211362737564, "y:22": 0.11159908373429536, "y:23": 0.03343946025004004, "y:24": 0.11602158116398205, "y:25": 0.03677880237382936, "y:26": 0.10640349701988025, "y:27": 0.04083629323544194, "y:28": 0.11496510346005272, "y:29": 0.042876344678886326, "y:30": 0.10831281774971471, "y:31": 0.04254389093845476}, "4": {"y:0": 0.07672435622595737, "y:1": 0.017996534122009647, "y:2": 0.08379863132390762, "y:3": 0.017068610370607366, "y:4": 0.09406420308301063, "y:5": 0.022810872421311957, "y:6": 0.08768645999043867, "y:7": 0.02951903488259685, "y:8": 0.09127142284821613, "y:9": 0.036457144916120614, "y:10": 0.09280424843638618, "y:11": 0.0407472400493253, "y:12": 0.0848676299739165, "y:13": 0.04451036130769347, "y:14": 0.09765753022018982, "y:15": 0.05097871054882453, "y:16": 0.08646978245739906, "y:17": 0.054133856934582426, "y:18": 0.08584904954927562, "y:19": 0.05901881582267043, "y:20": 0.0817027057300935, "y:21": 0.06293012083667901, "y:22": 0.08414594990158081, "y:23": 0.06360927122787756, "y:24": 0.07928927392184554, "y:25": 0.06766562259266604, "y:26": 0.08426301090111175, "y:27": 0.06770591063334952, "y:28": 0.07957916362557997, "y:29": 0.06957544349941487, "y:30": 0.07748826207124394, "y:31": 0.07622021855840737}, "5": {"y:0": 0.07656297207775435, "y:1": 0.04355266439482573, "y:2": 0.06766471425158005, "y:3": 0.06094080676516258, "y:4": 0.06260680586221164, "y:5": 0.0713503013017026, "y:6": 0.05990526249907656, "y:7": 0.0881852739141004, "y:8": 0.05640996495212617, "y:9": 0.08907991940339786, "y:10": 0.05234940761877255, "y:11": 0.09327163121660588, "y:12": 0.04676558196710887, "y:13": 0.09310878730073664, "y:14": 0.046748179971829985, "y:15": 0.1056287271844676, "y:16": 0.0441858214571376, "y:17": 0.10008589594024746, "y:18": 0.038648241223723075, "y:19": 0.10661619240494613, "y:20": 0.04211510705861253, "y:21": 0.1063082284651182, "y:22": 0.037467265556873706, "y:23": 0.10653365474798712, "y:24": 0.036367111988612574, "y:25": 0.09970917268492309, "y:26": 0.03705384166008828, "y:27": 0.10804559139573333, "y:28": 0.03176589761499814, "y:29": 0.10394166349554332, "y:30": 0.030648750278866193, "y:31": 0.12045419514162797}, "6": {"y:0": 0.06258069786907046, "y:1": 0.03806877048433054, "y:2": 0.05054339603008914, "y:3": 0.05339279752517455, "y:4": 0.043860844767880804, "y:5": 0.0625343568337991, "y:6": 0.044705234303779026, "y:7": 0.07657889880033683, "y:8": 0.038888969046750724, "y:9": 0.07949564067486513, "y:10": 0.03669313336129518, "y:11": 0.07867144207625844, "y:12": 0.0351205368263458, "y:13": 0.08354038425958377, "y:14": 0.03162700775221844, "y:15": 0.07947582487663601, "y:16": 0.03203365940977782, "y:17": 0.09096832566355487, "y:18": 0.030816530265565415, "y:19": 0.09494029069889183, "y:20": 0.029299087707231178, "y:21": 0.09595592608643777, "y:22": 0.02756653750889529, "y:23": 0.09524319642967828, "y:24": 0.02699154983994268, "y:25": 0.10026871059587374, "y:26": 0.024963310585481405, "y:27": 0.10255011078143109, "y:28": 0.025712570710219894, "y:29": 0.10257187258957469, "y:30": 0.022698997012567165, "y:31": 0.11083486666700534}, "7": {"y:0": 0.06199560705621757, "y:1": 0.020060948268089736, "y:2": 0.04936782262553594, "y:3": 0.023577275716725826, "y:4": 0.04428801158733362, "y:5": 0.028639261754562963, "y:6": 0.04315427638067682, "y:7": 0.032904081887130635, "y:8": 0.03972989702403454, "y:9": 0.039199149733473396, "y:10": 0.03558868353476139, "y:11": 0.043415885870654806, "y:12": 0.0319117394757541, "y:13": 0.04441092067219796, "y:14": 0.031879704734531805, "y:15": 0.04599663588578548, "y:16": 0.03263171867125589, "y:17": 0.052387347523421716, "y:18": 0.03109990206694088, "y:19": 0.05389245486529719, "y:20": 0.029165789221378087, "y:21": 0.06295070762412414, "y:22": 0.030378712026541927, "y:23": 0.05929500829053922, "y:24": 0.02841312026567789, "y:25": 0.06648774895939163, "y:26": 0.028777145051917023, "y:27": 0.06856068200530255, "y:28": 0.027058363388463617, "y:29": 0.07337499179759616, "y:30": 0.027264887373788193, "y:31": 0.07468270376375855}, "8": {"y:0": 0.0481474669529493, "y:1": 0.030355218291681876, "y:2": 0.03905432773292907, "y:3": 0.0207134611809007, "y:4": 0.037093281151476754, "y:5": 0.01883503040692599, "y:6": 0.037652580751986284, "y:7": 0.01844890299016793, "y:8": 0.03613191266385477, "y:9": 0.01917921879109875, "y:10": 0.0370667108256675, "y:11": 0.019765811172232577, "y:12": 0.03481991240861113, "y:13": 0.018788474567160315, "y:14": 0.04074898898791758, "y:15": 0.018058762271060104, "y:16": 0.04592573913070672, "y:17": 0.020540725484579508, "y:18": 0.04310637702547226,