{"0": {"y:0": 0.00895770408950806, "y:1": 0.01012452571476941, "y:2": 0.00255743174754467, "y:3": 0.009700624953517976, "y:4": 0.0021176825921053882, "y:5": 0.008123688081501003, "y:6": 0.0657166905172725, "y:7": 0.005263005856263306, "y:8": 0.030031470708576594, "y:9": 0.00827950132388744, "y:10": 0.020980949021396675, "y:11": 0.011340688523458856, "y:12": 0.002300697741665746, "y:13": 0.012462064156404731, "y:14": 0.019393604811550346, "y:15": 0.0008580189316410411, "y:16": 0.062298101795587583, "y:17": 0.015441924047664899, "y:18": 0.06835538826048321, "y:19": 0.0069422308336880515, "y:20": 0.07364613836599952, "y:21": 0.01719410487902536, "y:22": 0.051638831521681125, "y:23": 0.015963528703630867, "y:24": 0.05212323510116926, "y:25": 0.020599049587049303, "y:26": 0.002641845496301185, "y:27": 0.026005146476338083, "y:28": 0.05042521296364758, "y:29": 0.026759348351304543, "y:30": 0.04602708699502025, "y:31": 0.021366896476884518}, "1": {"y:0": 0.13374457986734933, "y:1": 0.023498075345414343, "y:2": 0.13919236037911825, "y:3": 0.015929998528829745, "y:4": 0.15276614702396496, "y:5": 0.016891481820433207, "y:6": 0.13792359413488067, "y:7": 0.020303692877249525, "y:8": 0.1465621548854295, "y:9": 0.02287163135409148, "y:10": 0.14047844258666747, "y:11": 0.027952791919152873, "y:12": 0.15237633911531095, "y:13": 0.03422352590098237, "y:14": 0.13092585694353187, "y:15": 0.036448471509750946, "y:16": 0.1309586713308977, "y:17": 0.041803697696975534, "y:18": 0.14377530597849297, "y:19": 0.04440881418237211, "y:20": 0.14586767098051492, "y:21": 0.04797836608876398, "y:22": 0.13756360823175806, "y:23": 0.048098294255011435, "y:24": 0.1354001893336635, "y:25": 0.047178487540521924, "y:26": 0.12571856555791316, "y:27": 0.051264282784828426, "y:28": 0.1253347742245306, "y:29": 0.059086421309528056, "y:30": 0.14138941049170348, "y:31": 0.06978897149730078}, "2": {"y:0": 0.1372618004541767, "y:1": 0.02027410188545323, "y:2": 0.13486124951036443, "y:3": 0.03130315255527882, "y:4": 0.1399851475489158, "y:5": 0.04293993878228741, "y:6": 0.14983503426230654, "y:7": 0.055649944997889354, "y:8": 0.14439532783903422, "y:9": 0.06923237924969805, "y:10": 0.1257403837561729, "y:11": 0.07479660076400137, "y:12": 0.13071763182380727, "y:13": 0.09457638298061233, "y:14": 0.15378718968810362, "y:15": 0.10503862679219231, "y:16": 0.13403800623127415, "y:17": 0.10312211454191893, "y:18": 0.15405854749245262, "y:19": 0.10543404379450824, "y:20": 0.14228552742488243, "y:21": 0.11024906800393322, "y:22": 0.1248733941504291, "y:23": 0.12040801276675975, "y:24": 0.1343600378006463, "y:25": 0.12552713378219826, "y:26": 0.13308305250469044, "y:27": 0.13313935370005855, "y:28": 0.1427386891283909, "y:29": 0.12571979844652176, "y:30": 0.14606070676977004, "y:31": 0.1304773339192784}, "3": {"y:0": 0.1387769806869181, "y:1": 0.02496563392444083, "y:2": 0.1338297998918368, "y:3": 0.024233197197240364, "y:4": 0.12644991009547787, "y:5": 0.03423089916119078, "y:6": 0.1375090400021715, "y:7": 0.04614226211629801, "y:8": 0.1449384300003884, "y:9": 0.05646639270773994, "y:10": 0.15439393297738052, "y:11": 0.0635075347594294, "y:12": 0.1377385766411613, "y:13": 0.07676124853561012, "y:14": 0.13791439113113005, "y:15": 0.08716465878231504, "y:16": 0.14416710801928986, "y:17": 0.09793474528120659, "y:18": 0.14380761886755816, "y:19": 0.1063613234391461, "y:20": 0.1403781288629633, "y:21": 0.10643700759008581, "y:22": 0.1293298387413706, "y:23": 0.11141095003085427, "y:24": 0.14371140526131637, "y:25": 0.11778169178363602, "y:26": 0.1295319438858207, "y:27": 0.128830288009693, "y:28": 0.13146791257720886, "y:29": 0.11449994236583688, "y:30": 0.14768621578119556, "y:31": 0.12261191781135128}, "4": {"y:0": 0.12333610367037819, "y:1": 0.046559070300573754, "y:2": 0.13163954037983874, "y:3": 0.033088400270820814, "y:4": 0.13413668779429172, "y:5": 0.031622493405760344, "y:6": 0.14225675656238213, "y:7": 0.033748683941662555, "y:8": 0.1346871351967087, "y:9": 0.04086543591838524, "y:10": 0.14186135048535078, "y:11": 0.04920194139674376, "y:12": 0.1314319770808072, "y:13": 0.058609314853559774, "y:14": 0.14495997845200145, "y:15": 0.0682010358448922, "y:16": 0.13565420070368606, "y:17": 0.07543525515135638, "y:18": 0.14153352916855177, "y:19": 0.08803930719369045, "y:20": 0.13703454559310857, "y:21": 0.09541481140215542, "y:22": 0.13916684682448824, "y:23": 0.10003666995195135, "y:24": 0.13349742131428394, "y:25": 0.10550829041693731, "y:26": 0.13921640836732116, "y:27": 0.11741848421174529, "y:28": 0.13715093982692939, "y:29": 0.11486924779870192, "y:30": 0.13642566217521462, "y:31": 0.1254607772548665}, "5": {"y:0": 0.12829007051951385, "y:1": 0.04775317419456743, "y:2": 0.12962288898375512, "y:3": 0.035659031250910266, "y:4": 0.13326050383510538, "y:5": 0.0315925831827269, "y:6": 0.1330708652260926, "y:7": 0.03406022640515157, "y:8": 0.14044493305416558, "y:9": 0.03738854558794694, "y:10": 0.13644287675194214, "y:11": 0.048881399183904446, "y:12": 0.1375586518585233, "y:13": 0.05838991689709975, "y:14": 0.14367698234231027, "y:15": 0.06516267385898276, "y:16": 0.13885867001445545, "y:17": 0.07369380099581407, "y:18": 0.1371578340339284, "y:19": 0.08346908403882256, "y:20": 0.1408845726090924, "y:21": 0.0902287482332248, "y:22": 0.13496693884502273, "y:23": 0.0967500865903957, "y:24": 0.1352214536189175, "y:25": 0.10238574506815308, "y:26": 0.13498026483484515, "y:27": 0.10974959873054153, "y:28": 0.13307211218029744, "y:29": 0.11450624856185586, "y:30": 0.12901311824000256, "y:31": 0.11177155014277336}, "6": {"y:0": 0.10446134822695481, "y:1": 0.05867402570421139, "y:2": 0.12522821748994534, "y:3": 0.04508123406690809, "y:4": 0.12898509374265274, "y:5": 0.041617310290740776, "y:6": 0.13706428829638032, "y:7": 0.04198759697396266, "y:8": 0.13877786410376278, "y:9": 0.04578245199479076, "y:10": 0.13678534762652814, "y:11": 0.052296573284804436, "y:12": 0.1380640504683041, "y:13": 0.06127830458233721, "y:14": 0.14005661876693637, "y:15": 0.06967507199824442, "y:16": 0.1404805865816861, "y:17": 0.07977473541139844, "y:18": 0.13582051747685778, "y:19": 0.08494537882298586, "y:20": 0.13424795741458934, "y:21": 0.09675299122725874, "y:22": 0.1402183515942612, "y:23": 0.10259981633122592, "y:24": 0.1325248538078695, "y:25": 0.1128223775206726, "y:26": 0.1319270757012963, "y:27": 0.11324677679224493, "y:28": 0.1327126939097417, "y:29": 0.12024248420892723, "y:30": 0.13351247357008736, "y:31": 0.1313880782610514}, "7": {"y:0": 0.10189599180258783, "y:1": 0.06292661620869905, "y:2": 0.12466564787603547, "y:3": 0.04874935435378479, "y:4": 0.12886606804902392, "y:5": 0.04608697468500255, "y:6": 0.14061635259275704, "y:7": 0.04604491643894459, "y:8": 0.13382152180484772, "y:9": 0.050417666100849856, "y:10": 0.12964556508423122, "y:11": 0.05674328712813766, "y:12": 0.13204564477060188, "y:13": 0.06608542447913911, "y:14": 0.12855699021184816, "y:15": 0.07928764638418474, "y:16": 0.13101432874418967, "y:17": 0.08405465560552967, "y:18": 0.13143613042389254, "y:19": 0.09228092405826552, "y:20": 0.13508945193342933, "y:21": 0.10039559864412631, "y:22": 0.1335402050281925, "y:23": 0.10558890521316361, "y:24": 0.1288360469890335, "y:25": 0.11460390491289707, "y:26": 0.12929794034780903, "y:27": 0.11868884742203399, "y:28": 0.1260491291600484, "y:29": 0.12351290743875673, "y:30": 0.1237714309549179, "y:31": 0.12391054859698938}, "8": {"y:0": 0.09707701171316938, "y:1": 0.06223161196042674, "y:2": 0.11888415774979207, "y:3": 0.05240734459123903, "y:4": 0.12673116048562416, "y:5": 0.04844389935601527, "y:6": 0.13109609318161775, "y:7": 0.047945850383189124, "y:8": 0.12747818606754652, "y:9": 0.05229269435243717, "y:10": 0.13017774256290512, "y:11": 0.05976817922285199, "y:12": 0.1326503228355959, "y:13": 0.06643403422778613, "y:14": 0.13204406036755106, "y:15": 0.07473119346003644, "y:16": 0.1283837630468096, "y:17": 0.08191449731161315, "y:18": 0.13444079036867704, "y:19": 0.09439406491565154,