{"0": {"y:0": 0.1261957299381963, "y:1": 0.025238380670098287, "y:2": 0.12285082629371052, "y:3": 0.016929162154624047, "y:4": 0.14342227066231542, "y:5": 0.016373104880332032, "y:6": 0.12332957788193367, "y:7": 0.01700256705158102, "y:8": 0.12887737119812226, "y:9": 0.019125194947558478, "y:10": 0.13411558672385457, "y:11": 0.022484745167373206, "y:12": 0.12123785712041027, "y:13": 0.02761425441242248, "y:14": 0.13430289431003148, "y:15": 0.0358715680715709, "y:16": 0.1417751291359107, "y:17": 0.036347026522533715, "y:18": 0.15008944430673418, "y:19": 0.03262530633080682, "y:20": 0.13226852889544616, "y:21": 0.04487028795616276, "y:22": 0.1331192924951423, "y:23": 0.043649625986490824, "y:24": 0.14576093666376652, "y:25": 0.04590991345776365, "y:26": 0.14081075240396526, "y:27": 0.05359472646971031, "y:28": 0.13000084141719814, "y:29": 0.04748117999462337, "y:30": 0.12644107316981548, "y:31": 0.047766421807234526}, "1": {"y:0": 0.12758907592480853, "y:1": 0.026431972681102294, "y:2": 0.15140680396457717, "y:3": 0.01766548815332868, "y:4": 0.1410452516024363, "y:5": 0.015327699584126789, "y:6": 0.13825644399260917, "y:7": 0.015845088548575782, "y:8": 0.1440760698751962, "y:9": 0.01870267104682416, "y:10": 0.15368459475294294, "y:11": 0.02340446119302428, "y:12": 0.13347007074187023, "y:13": 0.026374320454388585, "y:14": 0.12163899257601031, "y:15": 0.02969788899176155, "y:16": 0.144148355062187, "y:17": 0.03567142526064866, "y:18": 0.13800451359986635, "y:19": 0.033435373112691395, "y:20": 0.12679259201151505, "y:21": 0.04267792043787787, "y:22": 0.13493773863222658, "y:23": 0.042731292813613715, "y:24": 0.1378592587223368, "y:25": 0.04609397374671813, "y:26": 0.1346307449192182, "y:27": 0.047300743386858475, "y:28": 0.13036633114648438, "y:29": 0.04866167918129725, "y:30": 0.14674722299276532, "y:31": 0.04656317081452862}, "2": {"y:0": 0.12713726674035436, "y:1": 0.02113259317125944, "y:2": 0.13539125211866368, "y:3": 0.023329949179262392, "y:4": 0.140646357541492, "y:5": 0.0384472014359644, "y:6": 0.1370357972189368, "y:7": 0.05096059727365621, "y:8": 0.14338595134429402, "y:9": 0.062218637402110685, "y:10": 0.13735785067824346, "y:11": 0.07496108552265626, "y:12": 0.12726145786406545, "y:13": 0.0718756911899195, "y:14": 0.1424312492879957, "y:15": 0.0836577315048882, "y:16": 0.14039809753071114, "y:17": 0.09024185070799731, "y:18": 0.13127350998401255, "y:19": 0.10360186375594546, "y:20": 0.14315809386930145, "y:21": 0.09608873594314285, "y:22": 0.1473686351901636, "y:23": 0.10723126519796565, "y:24": 0.13550924185792798, "y:25": 0.09790946037988235, "y:26": 0.13098628213533986, "y:27": 0.10861269415950876, "y:28": 0.13850376189714186, "y:29": 0.11440373959420998, "y:30": 0.13917176705090362, "y:31": 0.12081054744277514}, "3": {"y:0": 0.12858704802794352, "y:1": 0.025103213792024424, "y:2": 0.1272617015946207, "y:3": 0.022912676352550294, "y:4": 0.1277713535539939, "y:5": 0.03060001385737776, "y:6": 0.13835658263490613, "y:7": 0.03941266503331475, "y:8": 0.13367184603703805, "y:9": 0.053541018276668254, "y:10": 0.1255115815192218, "y:11": 0.0650679672400359, "y:12": 0.1385426677001226, "y:13": 0.07337329175383304, "y:14": 0.13252007678803007, "y:15": 0.0783644134212592, "y:16": 0.13615317703640067, "y:17": 0.08629496219720874, "y:18": 0.13552260124737264, "y:19": 0.08995528017818606, "y:20": 0.12897744848376616, "y:21": 0.10216882962337225, "y:22": 0.13625023583579768, "y:23": 0.10413496790541245, "y:24": 0.13034348751341374, "y:25": 0.10913711302841678, "y:26": 0.1296847744757165, "y:27": 0.11699274135001866, "y:28": 0.14256116712744482, "y:29": 0.11360686671726646, "y:30": 0.13269243562551683, "y:31": 0.11090514193813698}, "4": {"y:0": 0.1244964696335781, "y:1": 0.03568108427202415, "y:2": 0.13437599247089163, "y:3": 0.02633493715614879, "y:4": 0.13551839012140998, "y:5": 0.02747549083152984, "y:6": 0.13036500168807133, "y:7": 0.03343003074716972, "y:8": 0.12822675923821103, "y:9": 0.03949169268935132, "y:10": 0.14061221965156734, "y:11": 0.05179282617685668, "y:12": 0.13611610504678215, "y:13": 0.06330117994508697, "y:14": 0.1361999173281288, "y:15": 0.06778336373296479, "y:16": 0.1331080161695787, "y:17": 0.0769255819679812, "y:18": 0.12297573880035828, "y:19": 0.08650721424856377, "y:20": 0.1357687074087221, "y:21": 0.09565338925634345, "y:22": 0.12702322341944539, "y:23": 0.10126980134849277, "y:24": 0.1243632010996857, "y:25": 0.10520012343597555, "y:26": 0.12301161006932389, "y:27": 0.11239280734710645, "y:28": 0.13106182114906847, "y:29": 0.110164328276441, "y:30": 0.1312942641290006, "y:31": 0.12033143798474814}, "5": {"y:0": 0.1142850412888567, "y:1": 0.033631301528587974, "y:2": 0.1267866162314445, "y:3": 0.02666150560343372, "y:4": 0.12851042577318197, "y:5": 0.027467344730698763, "y:6": 0.12872793636509783, "y:7": 0.03485412399593458, "y:8": 0.13438494063208495, "y:9": 0.045480243959582035, "y:10": 0.1216925282701202, "y:11": 0.05485570507576741, "y:12": 0.12866192076165975, "y:13": 0.06437039492913711, "y:14": 0.12661529638921454, "y:15": 0.07340070502883442, "y:16": 0.12667930701962882, "y:17": 0.08228511750202985, "y:18": 0.12695401739355563, "y:19": 0.09737963595237105, "y:20": 0.13249261631384066, "y:21": 0.09376320270233314, "y:22": 0.13069672768451335, "y:23": 0.1069457364525, "y:24": 0.12549210011922438, "y:25": 0.11219278336152982, "y:26": 0.12900026464365566, "y:27": 0.11927194439694182, "y:28": 0.12720552886556222, "y:29": 0.11880917752726695, "y:30": 0.12979660537627177, "y:31": 0.12020288454076856}, "6": {"y:0": 0.10434414656318647, "y:1": 0.03781368500825754, "y:2": 0.12234008115022815, "y:3": 0.02982356968533776, "y:4": 0.12973375849800375, "y:5": 0.030989180655122087, "y:6": 0.12703335742384303, "y:7": 0.03790025954357, "y:8": 0.12608790625138472, "y:9": 0.04691734370954921, "y:10": 0.12784984604172667, "y:11": 0.05803639372638407, "y:12": 0.12411905983160001, "y:13": 0.06770198253612922, "y:14": 0.1230824653744964, "y:15": 0.07825519062526916, "y:16": 0.12685672079280078, "y:17": 0.08784926264513734, "y:18": 0.12380590012872841, "y:19": 0.09657939772590707, "y:20": 0.12887005464276768, "y:21": 0.10276649685524422, "y:22": 0.12910663678509965, "y:23": 0.10687669311774875, "y:24": 0.12270902901745691, "y:25": 0.1176645488481639, "y:26": 0.11704251816301492, "y:27": 0.12149551943147158, "y:28": 0.11884645728009394, "y:29": 0.11666454688538938, "y:30": 0.12613191211659586, "y:31": 0.12162001311815455}, "7": {"y:0": 0.10171272283276725, "y:1": 0.04213742074003939, "y:2": 0.10968895500936118, "y:3": 0.03348335311396351, "y:4": 0.11968275730987107, "y:5": 0.03200926490384118, "y:6": 0.12325566619838857, "y:7": 0.03582451974297016, "y:8": 0.12446689248232869, "y:9": 0.0435044332549114, "y:10": 0.1259607966269924, "y:11": 0.05363026852017811, "y:12": 0.12664572983742908, "y:13": 0.061952773330507645, "y:14": 0.12313661379102708, "y:15": 0.0701579941462179, "y:16": 0.12429556080614053, "y:17": 0.08000660989218931, "y:18": 0.12728150260055188, "y:19": 0.09127675695894485, "y:20": 0.12497258154324502, "y:21": 0.10103033061759026, "y:22": 0.12179564652726178, "y:23": 0.10483111916063793, "y:24": 0.11798210805289133, "y:25": 0.10927562046471814, "y:26": 0.11960893558406667, "y:27": 0.11794077642578181, "y:28": 0.12034314980689272, "y:29": 0.12006375909387623, "y:30": 0.12030577423965101, "y:31": 0.12393000735901484}, "8": {"y:0": 0.09483118212430257, "y:1": 0.048393473914078694, "y:2": 0.11199954255278934, "y:3": 0.03800281351323346, "y:4": 0.11502086954275761, "y:5": 0.0358142878993311, "y:6": 0.12020654163946931, "y:7": 0.03885808036711863, "y:8": 0.12461409484979373, "y:9": 0.043491976899309386, "y:10": 0.12743169356268458, "y:11": 0.051446091499615036, "y:12": 0.12179088795573642, "y:13": 0.06114163832845865, "y:14": 0.12312318381108124, "y:15": 0.07224053853589288, "y:16": 0.12260118325545473, "y:17": 0.07888249650014123, "y:18": 0.12693828974500246, "y:19": 0.09134333361413663, "y:20": 0.12364594397555366,