{"0": {"y:0": 70.73435471695653, "y:1": 7.075185228124213, "y:2": 5.2501494389556385, "y:3": 4.660712340749105, "y:4": 4.1325083277395445, "y:5": 3.921481788122857, "y:6": 3.647120620202154, "y:7": 3.4842305992823497, "y:8": 3.3535750870822945, "y:9": 3.202560090714702}, "1": {"y:0": 73.89328503089084, "y:1": 7.153093994590883, "y:2": 5.479265195039284, "y:3": 4.68618747789417, "y:4": 4.15614786660862, "y:5": 3.8728235327537055, "y:6": 3.679384310633699, "y:7": 3.4905827423758837, "y:8": 3.3641893320207275, "y:9": 3.3115630013613133}, "2": {"y:0": 74.68983381402627, "y:1": 15.625023970385929, "y:2": 11.268532945040882, "y:3": 9.855283193272138, "y:4": 8.872505103826455, "y:5": 8.076573639360433, "y:6": 7.516364809199524, "y:7": 6.992807258086237, "y:8": 6.8558909873861165, "y:9": 6.568661657653562}, "3": {"y:0": 74.86206694054655, "y:1": 9.296407177606785, "y:2": 7.34700747404819, "y:3": 6.519448314458196, "y:4": 6.271173561422452, "y:5": 6.076943186901812, "y:6": 5.9325207584400745, "y:7": 5.693611881082818, "y:8": 5.657460182777924, "y:9": 5.550390396232156}, "4": {"y:0": 72.40633163208635, "y:1": 9.733186254358282, "y:2": 10.090415971077649, "y:3": 10.03861308279367, "y:4": 9.745111310773778, "y:5": 9.604216912505958, "y:6": 9.343099331277315, "y:7": 8.804877481001256, "y:8": 8.425561524149826, "y:9": 8.238467778204434}, "5": {"y:0": 74.52516598085082, "y:1": 9.760219345715676, "y:2": 10.771260931916592, "y:3": 11.898072890549878, "y:4": 12.063125475104616, "y:5": 12.148549390452727, "y:6": 11.318343829236856, "y:7": 10.961875990687998, "y:8": 10.413500033391236, "y:9": 10.062310095650766}, "6": {"y:0": 75.22818714499282, "y:1": 11.039944492612834, "y:2": 11.57635963729132, "y:3": 12.744608718826198, "y:4": 13.325059281079664, "y:5": 13.226036471201056, "y:6": 12.796705821340865, "y:7": 12.040105146799512, "y:8": 11.512514486336, "y:9": 10.870154944365787}, "7": {"y:0": 74.8965105294079, "y:1": 13.636124192969339, "y:2": 12.827758581398435, "y:3": 15.071101716671198, "y:4": 16.261086272335913, "y:5": 16.55310868756889, "y:6": 15.798543699631121, "y:7": 15.6375746895681, "y:8": 14.661378567076143, "y:9": 13.513431224421572}, "8": {"y:0": 73.77239108284466, "y:1": 18.31524576813276, "y:2": 15.64166180083885, "y:3": 17.736102430527314, "y:4": 19.747867912762626, "y:5": 19.994244324750994, "y:6": 20.013282768598977, "y:7": 19.31633199595433, "y:8": 18.849409158285006, "y:9": 17.868992174062953}, "9": {"y:0": 76.1249622988469, "y:1": 30.966721734483695, "y:2": 27.774129228991676, "y:3": 31.030825358812226, "y:4": 37.59862632410942, "y:5": 39.90175677825934, "y:6": 37.888456958492334, "y:7": 34.27486511484774, "y:8": 29.80053649258051, "y:9": 26.526921772275685}, "10": {"y:0": 72.33759187192607, "y:1": 36.943068800368785, "y:2": 33.176723041933236, "y:3": 36.808437908804024, "y:4": 43.16609304726246, "y:5": 46.07535623435352, "y:6": 46.02041543871633, "y:7": 42.87660497493626, "y:8": 39.23774908266141, "y:9": 36.23325983093209}, "11": {"y:0": 72.07864868227198, "y:1": 47.54503886596671, "y:2": 43.17697950748726, "y:3": 45.59377687955397, "y:4": 52.559682969509154, "y:5": 56.91344756310274, "y:6": 55.02914640320655, "y:7": 50.504821763657525, "y:8": 47.14127451499406, "y:9": 42.180051906842884}, "12": {"y:0": 73.79161636915954, "y:1": 52.97021124636623, "y:2": 45.878059702097275, "y:3": 51.10925945221485, "y:4": 56.00487684440352, "y:5": 60.225374383439636, "y:6": 59.192454200989864, "y:7": 53.8147388969175, "y:8": 51.048860305772756, "y:9": 47.00419527526378}, "13": {"y:0": 74.24128503710931, "y:1": 56.080092457610455, "y:2": 53.02074143673452, "y:3": 56.99986108029428, "y:4": 62.03554405573368, "y:5": 61.786021693710055, "y:6": 60.604620224526215, "y:7": 56.64275423522954, "y:8": 54.82467708477685, "y:9": 52.175696454512064}, "14": {"y:0": 73.74334518513882, "y:1": 57.51835461818956, "y:2": 53.60523970330575, "y:3": 57.18604887803975, "y:4": 60.71779676985417, "y:5": 63.164576686048974, "y:6": 62.14744189182746, "y:7": 58.74305141771799, "y:8": 57.35821547763321, "y:9": 54.57239730487231}, "15": {"y:0": 73.68158952784557, "y:1": 59.30949946940551, "y:2": 56.3226124097702, "y:3": 59.5856714291055, "y:4": 64.10999802371688, "y:5": 65.34816975679897, "y:6": 64.01344940730004, "y:7": 62.268897645890824, "y:8": 58.66571177892382, "y:9": 56.16104714515321}}