{"0": {"y:0": 0.1452728920016619, "y:1": 0.02424968032689367, "y:2": 0.12260421598709009, "y:3": 0.016898843742751468, "y:4": 0.12943606155933704, "y:5": 0.01504698623742043, "y:6": 0.14317631532572866, "y:7": 0.015290965173365922, "y:8": 0.15573560247701893, "y:9": 0.0183190258512109, "y:10": 0.11888428982646339, "y:11": 0.01914215883666272, "y:12": 0.12539275388376334, "y:13": 0.02585708928893582, "y:14": 0.13208326536200563, "y:15": 0.02877189966777535, "y:16": 0.16255453839150827, "y:17": 0.03265956328431782, "y:18": 0.12265454723757037, "y:19": 0.03600379727744562, "y:20": 0.13109120246637662, "y:21": 0.04426234609755458, "y:22": 0.14306656761425424, "y:23": 0.04033635781960784, "y:24": 0.11501880926428552, "y:25": 0.04366332617023725, "y:26": 0.13592887993407932, "y:27": 0.04839253665903751, "y:28": 0.12537757240793335, "y:29": 0.0522453457948177, "y:30": 0.1349879884964613, "y:31": 0.05349565014518}, "1": {"y:0": 0.12044503419589944, "y:1": 0.027627071244753287, "y:2": 0.13750604542252645, "y:3": 0.018833328977367666, "y:4": 0.1340655886943363, "y:5": 0.01515006532047636, "y:6": 0.13171974904034703, "y:7": 0.015800743364849306, "y:8": 0.12807212195129503, "y:9": 0.017618733732895627, "y:10": 0.1379315392552368, "y:11": 0.0210941823406973, "y:12": 0.13390278452013762, "y:13": 0.021478372858886003, "y:14": 0.12036435740433005, "y:15": 0.023772585481066026, "y:16": 0.12569331699064426, "y:17": 0.026695193493546113, "y:18": 0.13007923312111597, "y:19": 0.035354527057627226, "y:20": 0.14041731608010175, "y:21": 0.03315246550311761, "y:22": 0.13245702893094832, "y:23": 0.03183812871944601, "y:24": 0.1453330818740487, "y:25": 0.03413016762777788, "y:26": 0.128962796987095, "y:27": 0.036569024340983636, "y:28": 0.13230260578718336, "y:29": 0.03698239146030809, "y:30": 0.12704255780856724, "y:31": 0.04498341706922554}, "2": {"y:0": 0.11798466510539882, "y:1": 0.09141796209972879, "y:2": 0.13376089897140742, "y:3": 0.07607903546332254, "y:4": 0.1265168562990194, "y:5": 0.0682503947601118, "y:6": 0.1469108607517565, "y:7": 0.06289652151271502, "y:8": 0.1369624115462781, "y:9": 0.053551276187441314, "y:10": 0.12916207726047726, "y:11": 0.04746565215423651, "y:12": 0.12440351062674872, "y:13": 0.04127996381665747, "y:14": 0.13590787916403602, "y:15": 0.040892941582660235, "y:16": 0.13184572451298393, "y:17": 0.0365542246150577, "y:18": 0.1346263765827288, "y:19": 0.03621650126044827, "y:20": 0.1372718705637548, "y:21": 0.035170533728466354, "y:22": 0.14629184950985213, "y:23": 0.032484092681931025, "y:24": 0.1366347105068992, "y:25": 0.03091233592367791, "y:26": 0.1481835258724198, "y:27": 0.029342060504742213, "y:28": 0.12633862527687392, "y:29": 0.029129659503198863, "y:30": 0.15042165012542466, "y:31": 0.029069461489251453}, "3": {"y:0": 0.09662192325072065, "y:1": 0.07056922458957018, "y:2": 0.11618366525490606, "y:3": 0.06145444242376975, "y:4": 0.12183015867107887, "y:5": 0.052899227719816165, "y:6": 0.12675306085037, "y:7": 0.04811391579539321, "y:8": 0.12928039593240778, "y:9": 0.04249200332751135, "y:10": 0.11629850350078655, "y:11": 0.03975854829629845, "y:12": 0.11944338419858958, "y:13": 0.03612243541639382, "y:14": 0.12793999156983785, "y:15": 0.033898353786477736, "y:16": 0.12444615491004105, "y:17": 0.0343041269839548, "y:18": 0.12109813085654927, "y:19": 0.030676804780437848, "y:20": 0.11468964019936423, "y:21": 0.02883157763688554, "y:22": 0.1177894847513701, "y:23": 0.02826307892758718, "y:24": 0.12068002703696253, "y:25": 0.026933441796333356, "y:26": 0.12114703736786946, "y:27": 0.02516993448044484, "y:28": 0.119567891894227, "y:29": 0.023464821483294224, "y:30": 0.1162299491385782, "y:31": 0.023746832619263223}, "4": {"y:0": 0.09129091108846367, "y:1": 0.044263813387272755, "y:2": 0.10607587265323296, "y:3": 0.039628612156759155, "y:4": 0.10647190859536747, "y:5": 0.03226981228995984, "y:6": 0.10621918828797539, "y:7": 0.027786346810345076, "y:8": 0.10752967733394407, "y:9": 0.026194491927611502, "y:10": 0.11115951027511832, "y:11": 0.021765411737508664, "y:12": 0.10273749566002646, "y:13": 0.020859309124848072, "y:14": 0.10933395001957358, "y:15": 0.02007843591790098, "y:16": 0.11209019987752471, "y:17": 0.01838931986846315, "y:18": 0.11037521506906924, "y:19": 0.01714949680447785, "y:20": 0.10158608661632099, "y:21": 0.016358369597166925, "y:22": 0.10978319979861706, "y:23": 0.016860075790969625, "y:24": 0.09970954221639557, "y:25": 0.01634574953909942, "y:26": 0.10203399724472502, "y:27": 0.016461645707555022, "y:28": 0.0989965237410631, "y:29": 0.017209619478802663, "y:30": 0.10395380683806035, "y:31": 0.017753646068352596}, "5": {"y:0": 0.06564044606827782, "y:1": 0.01866619969440111, "y:2": 0.07638504883712836, "y:3": 0.014958671224380764, "y:4": 0.08213797559552563, "y:5": 0.01564740166121494, "y:6": 0.08236214610787346, "y:7": 0.018763072101985672, "y:8": 0.07794617925723818, "y:9": 0.023313539447664042, "y:10": 0.08081534338767764, "y:11": 0.02804078702867704, "y:12": 0.07446563756032754, "y:13": 0.030440174458470616, "y:14": 0.07914048395776806, "y:15": 0.03346334940255997, "y:16": 0.07864064768435775, "y:17": 0.03651543719827223, "y:18": 0.0738825086567736, "y:19": 0.03782289081599041, "y:20": 0.07263209440956306, "y:21": 0.03962597316182733, "y:22": 0.07362713441310696, "y:23": 0.043609209139859315, "y:24": 0.07198393996104709, "y:25": 0.04558744143840769, "y:26": 0.07283103008719208, "y:27": 0.04774476411940354, "y:28": 0.07455907651112874, "y:29": 0.04657560193549145, "y:30": 0.07058973661765974, "y:31": 0.04861010742336111}, "6": {"y:0": 0.09086551726636258, "y:1": 0.05875894616210376, "y:2": 0.08282372963771552, "y:3": 0.084515539430303, "y:4": 0.0788880075967514, "y:5": 0.09563801171328856, "y:6": 0.07449153815580277, "y:7": 0.08987408357457216, "y:8": 0.07291121609186191, "y:9": 0.1087557331618007, "y:10": 0.06232007058005738, "y:11": 0.10772366379715416, "y:12": 0.06379120509060765, "y:13": 0.10306343637479866, "y:14": 0.0585005883588676, "y:15": 0.11520563547460216, "y:16": 0.0551820938910445, "y:17": 0.10901463176633294, "y:18": 0.05379446061461099, "y:19": 0.12462708446306058, "y:20": 0.05261096404129101, "y:21": 0.1234024021865641, "y:22": 0.0487478833863163, "y:23": 0.11838058418758676, "y:24": 0.04596455375763533, "y:25": 0.1112614826309725, "y:26": 0.043325146358414765, "y:27": 0.1220699255284397, "y:28": 0.04046553890780879, "y:29": 0.11454334886024829, "y:30": 0.03938970094938673, "y:31": 0.12173056731677165}, "7": {"y:0": 0.07154275253863743, "y:1": 0.03478276656574388, "y:2": 0.06346984492086283, "y:3": 0.051728502371213333, "y:4": 0.06056275581460142, "y:5": 0.05767456355276521, "y:6": 0.054067333548084316, "y:7": 0.06456044325697445, "y:8": 0.04701201174978903, "y:9": 0.07107844945287221, "y:10": 0.046741515685080046, "y:11": 0.07644272684670854, "y:12": 0.043506786449250524, "y:13": 0.08078392800670237, "y:14": 0.03817569591735248, "y:15": 0.08546869125829402, "y:16": 0.03668619521652944, "y:17": 0.09043112086974704, "y:18": 0.03280473170086525, "y:19": 0.08595522602232199, "y:20": 0.03147005982849504, "y:21": 0.08701754487065334, "y:22": 0.028753999984588496, "y:23": 0.08971876473833558, "y:24": 0.02858820267099417, "y:25": 0.09277163682179729, "y:26": 0.026964318091753692, "y:27": 0.08949981372605931, "y:28": 0.028053384814504166, "y:29": 0.09854194523191459, "y:30": 0.02795298934336796, "y:31": 0.09386278528480173}, "8": {"y:0": 0.05411932668390712, "y:1": 0.02083510358955823, "y:2": 0.055897794375025935, "y:3": 0.01371456485907448, "y:4": 0.06223663072132236, "y:5": 0.012340230353227484, "y:6": 0.0721410111171414, "y:7": 0.012944726653357557, "y:8": 0.06995684980253913, "y:9": 0.01498846531903179, "y:10": 0.07282904122445552, "y:11": 0.015060910155122271, "y:12": 0.06713565061132626, "y:13": 0.016340239100686257, "y:14": 0.0726992961658273, "y:15": 0.017697609973941552, "y:16": 0.06930610078430174, "y:17": 0.019675571342334892, "y:18": 0.06933701523475636, "y:19": 0.021387083060450812,