{"0": {"y:0": 70.1628699944595, "y:1": 6.200531113705763, "y:2": 4.6173069523126165, "y:3": 3.9062673273987567, "y:4": 3.5089699473717895, "y:5": 3.3859083524618647, "y:6": 3.209460419592228, "y:7": 2.995328803746392, "y:8": 2.9020818692147556, "y:9": 2.898061759498334}, "1": {"y:0": 72.72493475493073, "y:1": 6.80656673682553, "y:2": 5.11845171791886, "y:3": 4.494775728616585, "y:4": 3.9102792813595015, "y:5": 3.643144097775728, "y:6": 3.5322636567189014, "y:7": 3.4081391577788307, "y:8": 3.222948511022983, "y:9": 3.102110395484105}, "2": {"y:0": 74.04480212601209, "y:1": 13.32778148730571, "y:2": 9.650665973836613, "y:3": 8.355277381907726, "y:4": 7.473350672674656, "y:5": 6.781800997795138, "y:6": 6.457069775679572, "y:7": 6.387862088153901, "y:8": 6.082674149995562, "y:9": 5.88770619226063}, "3": {"y:0": 77.59877118996323, "y:1": 9.739567068932658, "y:2": 8.249699315517574, "y:3": 7.470980532730249, "y:4": 6.953749761418389, "y:5": 6.5979420007635765, "y:6": 6.354414814176905, "y:7": 6.129505310584726, "y:8": 5.986792562878344, "y:9": 5.781510982361817}, "4": {"y:0": 73.18441859124034, "y:1": 9.354535432195004, "y:2": 9.692682468562563, "y:3": 9.740652001656137, "y:4": 9.668927763046055, "y:5": 9.550909034449623, "y:6": 9.217354592089565, "y:7": 8.969129064284713, "y:8": 8.575166335454698, "y:9": 8.407231230017954}, "5": {"y:0": 75.40641338766542, "y:1": 8.47091984018493, "y:2": 10.855721247625757, "y:3": 12.154034194342838, "y:4": 12.812251330544484, "y:5": 13.20550924545253, "y:6": 12.47460174357201, "y:7": 11.900808186196425, "y:8": 11.7049355040514, "y:9": 11.010039087372142}, "6": {"y:0": 71.91827475922626, "y:1": 12.114600554247223, "y:2": 17.673839943698358, "y:3": 21.234702876575327, "y:4": 22.418035683474212, "y:5": 23.597256675240917, "y:6": 23.424245173536306, "y:7": 22.797664316326617, "y:8": 22.439549990206203, "y:9": 22.324889338630953}, "7": {"y:0": 76.0767164785913, "y:1": 17.003489009597114, "y:2": 25.64909577735245, "y:3": 30.465794036420956, "y:4": 31.99768565387015, "y:5": 33.26092793381236, "y:6": 33.69604400032555, "y:7": 33.92425435091295, "y:8": 33.335200706925484, "y:9": 33.57231879931851}, "8": {"y:0": 71.98233208456422, "y:1": 16.445413645011925, "y:2": 30.061539168868315, "y:3": 36.315876234310906, "y:4": 40.824589759345244, "y:5": 41.348552866853495, "y:6": 42.8185164477539, "y:7": 43.27943818102955, "y:8": 43.74738001112748, "y:9": 42.48185397787747}, "9": {"y:0": 72.33337048982149, "y:1": 12.81782184949159, "y:2": 28.046213446662765, "y:3": 38.682501835058495, "y:4": 43.83449728541534, "y:5": 46.25614986344349, "y:6": 47.41474695236665, "y:7": 48.3060583273385, "y:8": 47.89437947139508, "y:9": 47.86642195592534}, "10": {"y:0": 74.74928979526698, "y:1": 11.693794158163533, "y:2": 26.083598032683934, "y:3": 37.92436944602901, "y:4": 43.88944381736405, "y:5": 47.80838655254101, "y:6": 50.79937883741897, "y:7": 51.21124059562804, "y:8": 50.83474405644226, "y:9": 51.50717637344695}, "11": {"y:0": 74.5165808342349, "y:1": 16.487458100646215, "y:2": 32.35009950791973, "y:3": 42.610886455595924, "y:4": 48.37497527565192, "y:5": 51.01291125611497, "y:6": 53.50124418256241, "y:7": 53.980059089799326, "y:8": 54.34804455086205, "y:9": 54.68496622389751}, "12": {"y:0": 74.34287423780161, "y:1": 14.250191153905101, "y:2": 31.371451226675582, "y:3": 43.55393058469081, "y:4": 50.246210108713086, "y:5": 53.59394340144616, "y:6": 54.970576503019544, "y:7": 55.70775342924201, "y:8": 56.24693566354014, "y:9": 56.616117878198544}, "13": {"y:0": 73.87901608144453, "y:1": 10.562238200889047, "y:2": 24.565146266539198, "y:3": 38.18890809676465, "y:4": 46.85817587909679, "y:5": 51.771952764581926, "y:6": 53.29703666428948, "y:7": 55.10737063418319, "y:8": 55.54223997711748, "y:9": 55.40300454162671}}