{"0": {"y:0": 0.1884819753494715, "y:1": 0.20243314533266407, "y:2": 0.19589722202485665, "y:3": 0.19691481106395758, "y:4": 0.19551084743442282, "y:5": 0.1966465852050719, "y:6": 0.20007572429179069, "y:7": 0.20091725571561628, "y:8": 0.2030503693492107, "y:9": 0.20188874738461116, "y:10": 0.48343941228387494}, "1": {"y:0": 0.20231374410274902, "y:1": 0.2034606333579715, "y:2": 0.19950592871850042, "y:3": 0.2000657358155508, "y:4": 0.19743714085114553, "y:5": 0.20304857993571687, "y:6": 0.20199395292760028, "y:7": 0.20162063269476985, "y:8": 0.20322526409578767, "y:9": 0.20101641282153032, "y:10": 0.48356927103044545}, "2": {"y:0": 0.35733735063115785, "y:1": 0.36297290419610767, "y:2": 0.35127091329195376, "y:3": 0.3458768030891427, "y:4": 0.3657414535603075, "y:5": 0.35765799244107027, "y:6": 0.3439690022992298, "y:7": 0.36290459392925406, "y:8": 0.35512572073557136, "y:9": 0.36436647796940697, "y:10": 0.48289565244270943}, "3": {"y:0": 0.5384956407971014, "y:1": 0.5058608436607258, "y:2": 0.4454567985842144, "y:3": 0.4979430533209181, "y:4": 0.5152311298810648, "y:5": 0.5392976207830584, "y:6": 0.496583897397526, "y:7": 0.5465944864989251, "y:8": 0.4938545847024632, "y:9": 0.5240798863902971, "y:10": 0.4822796027265129}, "4": {"y:0": 0.5883504705936802, "y:1": 0.540187529608424, "y:2": 0.4663626169730687, "y:3": 0.5324345828580216, "y:4": 0.5714187052367485, "y:5": 0.5973872977563496, "y:6": 0.5127721846027469, "y:7": 0.6469991159360595, "y:8": 0.5369191897973413, "y:9": 0.5879875214036623, "y:10": 0.4832784229622946}, "5": {"y:0": 0.6029551372522238, "y:1": 0.555644122264988, "y:2": 0.4775845525629936, "y:3": 0.5471140092664173, "y:4": 0.6124866319892611, "y:5": 0.6203717946608348, "y:6": 0.5331163092597353, "y:7": 0.6655991089980638, "y:8": 0.5382926115697115, "y:9": 0.6302721905527298, "y:10": 0.48387221845933975}, "6": {"y:0": 0.6267319608331459, "y:1": 0.5623179762141044, "y:2": 0.47230344656148515, "y:3": 0.5661786176123786, "y:4": 0.6122751113410017, "y:5": 0.6463614212987323, "y:6": 0.5452891958325928, "y:7": 0.6440973016977606, "y:8": 0.5373232653615955, "y:9": 0.6356046752858651, "y:10": 0.48409037646018865}, "7": {"y:0": 0.6452091691805477, "y:1": 0.5767458984195912, "y:2": 0.48347918051476046, "y:3": 0.5708342908962165, "y:4": 0.6306008073012833, "y:5": 0.6519949146204469, "y:6": 0.5528878387009821, "y:7": 0.6783785290077293, "y:8": 0.5617020274859372, "y:9": 0.647560700579924, "y:10": 0.48352482051699375}, "8": {"y:0": 0.6471313324954833, "y:1": 0.5862143695791037, "y:2": 0.5001768217201066, "y:3": 0.5688530439791192, "y:4": 0.6355134745682582, "y:5": 0.6552034053063517, "y:6": 0.5474379079189553, "y:7": 0.67990802908413, "y:8": 0.5663676957432786, "y:9": 0.6484517944166452, "y:10": 0.483602990255466}, "9": {"y:0": 0.6504258429688636, "y:1": 0.5749523881293997, "y:2": 0.4888147885348845, "y:3": 0.578764425367084, "y:4": 0.6303357914772675, "y:5": 0.6633483979264682, "y:6": 0.5620706987615747, "y:7": 0.6816658494223816, "y:8": 0.5560833785667292, "y:9": 0.6480232670660632, "y:10": 0.48380831766075894}}