{"0": {"y:0": 72.31934804322019, "y:1": 5.913343942964837, "y:2": 4.380134364935584, "y:3": 4.071954356372025, "y:4": 3.6575153691272586, "y:5": 3.5106633977427917, "y:6": 3.4154462473728637, "y:7": 3.1065531019566572, "y:8": 3.206397844682734, "y:9": 3.0589083617226716}, "1": {"y:0": 76.51839695533002, "y:1": 7.509794407573986, "y:2": 5.491894775055576, "y:3": 4.640811369891794, "y:4": 4.269156411552919, "y:5": 4.0006894729764255, "y:6": 3.675518054402286, "y:7": 3.5763482352988345, "y:8": 3.401915383204581, "y:9": 3.285593067033}, "2": {"y:0": 76.86636632003147, "y:1": 12.559302943155325, "y:2": 8.968478412367203, "y:3": 7.792666924848052, "y:4": 6.983879240036445, "y:5": 6.444208676661492, "y:6": 5.938545564193911, "y:7": 5.683371171308506, "y:8": 5.434991302831723, "y:9": 5.189512752005424}, "3": {"y:0": 74.05975637082199, "y:1": 8.45788978159032, "y:2": 7.141480851728317, "y:3": 7.020159115391936, "y:4": 6.509425920163519, "y:5": 6.4423371651950525, "y:6": 6.065776577136373, "y:7": 5.956272896470318, "y:8": 5.893295321256184, "y:9": 5.804173545869637}, "4": {"y:0": 72.07861254914418, "y:1": 8.87170859106672, "y:2": 9.543664076802525, "y:3": 9.836738311562812, "y:4": 9.681583167416584, "y:5": 9.387524504025338, "y:6": 9.263276912692794, "y:7": 8.782629702971294, "y:8": 8.579774049255208, "y:9": 8.142620377922038}, "5": {"y:0": 73.61295877419917, "y:1": 8.8664281555743, "y:2": 10.587903427047456, "y:3": 11.997717359221385, "y:4": 12.367591625943584, "y:5": 12.253536392670846, "y:6": 12.0540977142394, "y:7": 11.862198040921538, "y:8": 11.392541310109566, "y:9": 10.598330733456281}, "6": {"y:0": 71.58445568082782, "y:1": 9.39299849252143, "y:2": 11.02661680741196, "y:3": 13.170594904423838, "y:4": 14.50756813960653, "y:5": 14.7884321049936, "y:6": 14.807474223723924, "y:7": 14.263354781894044, "y:8": 13.833496643919888, "y:9": 13.1790212994654}, "7": {"y:0": 74.06086390530885, "y:1": 10.600594755989572, "y:2": 12.290550927759107, "y:3": 16.072139945028443, "y:4": 18.001862191285632, "y:5": 19.89768717675317, "y:6": 19.100693764423163, "y:7": 18.572524552189186, "y:8": 18.406876234886585, "y:9": 17.861006220188457}, "8": {"y:0": 75.70189443114715, "y:1": 19.86581589272271, "y:2": 17.54459696343371, "y:3": 22.05598753792884, "y:4": 27.419989081478864, "y:5": 29.431594582139958, "y:6": 30.051610780978457, "y:7": 28.232611943979784, "y:8": 25.925908325404148, "y:9": 24.402654719495054}, "9": {"y:0": 73.78302508596596, "y:1": 29.156047273189095, "y:2": 25.045403956226316, "y:3": 30.64501058400143, "y:4": 39.44858793181742, "y:5": 44.77042778561165, "y:6": 43.42243792222012, "y:7": 39.03942823836516, "y:8": 34.537171599084616, "y:9": 29.62982054247537}, "10": {"y:0": 72.85570332159213, "y:1": 38.23614371502493, "y:2": 33.795765885089075, "y:3": 40.0527236908565, "y:4": 46.03030972458164, "y:5": 53.594455434848626, "y:6": 50.5761564338512, "y:7": 48.06516973514123, "y:8": 42.01904083713099, "y:9": 39.80674961377007}, "11": {"y:0": 75.34119011263162, "y:1": 42.350949968876044, "y:2": 39.4422414028998, "y:3": 46.49379399045866, "y:4": 54.40204241400739, "y:5": 57.865364189581555, "y:6": 56.27888378472385, "y:7": 51.03608829178632, "y:8": 46.25786104042628, "y:9": 44.63638148832097}, "12": {"y:0": 74.10358382191166, "y:1": 48.721314140806484, "y:2": 45.89043591072111, "y:3": 50.87124753023518, "y:4": 55.435660356857454, "y:5": 57.35952563537556, "y:6": 55.86308044594952, "y:7": 52.55505207697578, "y:8": 50.14577345866015, "y:9": 46.638128278642654}, "13": {"y:0": 74.5328389437036, "y:1": 52.91280872202363, "y:2": 49.13130800752172, "y:3": 53.91532449996147, "y:4": 60.69510447286223, "y:5": 62.50621345161866, "y:6": 59.280433858408735, "y:7": 58.261447257680395, "y:8": 53.37250926886683, "y:9": 50.98934097959837}, "14": {"y:0": 73.68125423054353, "y:1": 54.31398676413115, "y:2": 51.84660755724464, "y:3": 56.80557876737931, "y:4": 61.21958680555008, "y:5": 64.55261522968719, "y:6": 63.343167365837814, "y:7": 60.58199713919973, "y:8": 57.71302866335334, "y:9": 55.34228617422269}, "15": {"s_p0": 1.1171146945499966, "s_p1": 1.0983798373598106}, "16": {"s_p0": 1.158710702085196, "s_p1": 1.1290908163800946}, "17": {"s_p0": 1.3892024309772988, "s_p1": 1.4535699193231562}, "18": {"s_p0": 1.5092855486029482, "s_p1": 1.4870662985308993}, "19": {"s_p0": 1.4263389906619632, "s_p1": 1.4267809533662354}, "20": {"s_p0": 1.5282937342638878, "s_p1": 1.5406559773001478}, "21": {"s_p0": 1.5754526371317705, "s_p1": 1.5745501344822825}, "22": {"s_p0": 1.5825427824542402, "s_p1": 1.5891341118085995}}