{"0": {"y:0": 36.17042091618989, "y:1": 2.9029280736249383, "y:2": 1.9547652076816981, "y:3": 1.6073950648822302, "y:4": 1.477514153488781, "y:5": 1.324460406462194, "y:6": 1.2730023951241174, "y:7": 1.263795582411942, "y:8": 1.249905561208939, "y:9": 1.2272795331575392}, "1": {"y:0": 36.87290068725543, "y:1": 2.837081803941276, "y:2": 1.9715717562163941, "y:3": 1.6459070122172703, "y:4": 1.484736184957247, "y:5": 1.3388612368265425, "y:6": 1.2975531371099016, "y:7": 1.280533422060641, "y:8": 1.2662801216531605, "y:9": 1.2334710695712758}, "2": {"y:0": 37.36241518650489, "y:1": 4.924930555472428, "y:2": 3.1629095251232453, "y:3": 2.601039707243721, "y:4": 2.3243319590096405, "y:5": 2.0986440719897774, "y:6": 2.0630492640050204, "y:7": 2.0271489245377103, "y:8": 1.9998529303988077, "y:9": 1.9542557295629104}, "3": {"y:0": 36.00401234906984, "y:1": 5.180022412980046, "y:2": 3.7558996373265563, "y:3": 3.258878824804284, "y:4": 2.9826045229788227, "y:5": 2.7515236752514896, "y:6": 2.690406166675977, "y:7": 2.6828090508339173, "y:8": 2.661054064696168, "y:9": 2.5651963013839674}, "4": {"y:0": 35.206853245216855, "y:1": 5.98893253751755, "y:2": 5.289400409646272, "y:3": 4.770576435029287, "y:4": 4.443732024019728, "y:5": 3.997688959905207, "y:6": 3.792971125519153, "y:7": 3.7092698994407307, "y:8": 3.539362588980876, "y:9": 3.3890253519833022}, "5": {"y:0": 36.794335163174125, "y:1": 7.198749409214069, "y:2": 6.097411842786261, "y:3": 5.906743936836091, "y:4": 5.637651993963287, "y:5": 5.18267254868756, "y:6": 4.999659157928083, "y:7": 4.879107939084658, "y:8": 4.689795012265826, "y:9": 4.351619654081843}, "6": {"y:0": 36.60504672379412, "y:1": 11.588125542420933, "y:2": 8.955565547122982, "y:3": 8.408936917653172, "y:4": 8.624106240246961, "y:5": 8.079155576306698, "y:6": 7.776402270445237, "y:7": 7.3263611985226955, "y:8": 6.422951792015592, "y:9": 5.827212469145674}, "7": {"y:0": 35.249721203752635, "y:1": 12.918840472615937, "y:2": 10.180522959359656, "y:3": 10.59418554474759, "y:4": 11.795565944831687, "y:5": 11.423861193536032, "y:6": 11.212451811016564, "y:7": 9.599669873896127, "y:8": 7.799316512961772, "y:9": 6.861198895132451}, "8": {"y:0": 36.59641225930181, "y:1": 15.951036922312678, "y:2": 13.626315833791082, "y:3": 14.426354327616721, "y:4": 15.969238029128118, "y:5": 14.810290296729125, "y:6": 13.90661204955854, "y:7": 11.67137350731848, "y:8": 9.605408545990496, "y:9": 8.617259566189558}, "9": {"y:0": 36.12045900671602, "y:1": 20.267457206634596, "y:2": 17.509094262632015, "y:3": 18.412418071168304, "y:4": 20.85669645841428, "y:5": 19.33645520026982, "y:6": 18.52286960680581, "y:7": 16.558884064944763, "y:8": 13.934141214382704, "y:9": 12.89878127870607}, "10": {"y:0": 36.856240551581344, "y:1": 23.216989067152433, "y:2": 20.913734219025283, "y:3": 22.236006242015588, "y:4": 24.73571374772346, "y:5": 24.48315959818785, "y:6": 22.862708751027075, "y:7": 20.55662401470317, "y:8": 17.18789171653611, "y:9": 16.608841452987132}, "11": {"y:0": 35.87225780833728, "y:1": 27.175703509937797, "y:2": 24.135553133674037, "y:3": 26.755140803119264, "y:4": 27.48293661801169, "y:5": 25.48245469887367, "y:6": 25.47525294037078, "y:7": 24.1816168456755, "y:8": 21.119531463053445, "y:9": 21.02428956641425}, "12": {"y:0": 36.583962554829164, "y:1": 28.08616074443453, "y:2": 26.5420702092483, "y:3": 28.248370770347087, "y:4": 29.59510757351359, "y:5": 27.77774796422601, "y:6": 27.68567258323427, "y:7": 26.51238979512992, "y:8": 23.57880434388955, "y:9": 22.675385367879056}, "13": {"y:0": 36.220335761147005, "y:1": 29.5875028059162, "y:2": 27.47981250858601, "y:3": 29.282841155967404, "y:4": 30.883715769273135, "y:5": 27.704259440756584, "y:6": 27.726640245370437, "y:7": 29.58986796186641, "y:8": 26.662050197618413, "y:9": 26.983567265298877}, "14": {"y:0": 35.89942576534594, "y:1": 26.367036985752655, "y:2": 23.46386712085574, "y:3": 25.800349379962018, "y:4": 29.709581820768292, "y:5": 26.13428235084911, "y:6": 28.33190603740992, "y:7": 28.033740377748135, "y:8": 23.347232180807737, "y:9": 22.840993944626874}, "15": {"y:0": 35.89090070634444, "y:1": 30.143903759569838, "y:2": 28.44715231695257, "y:3": 30.061225130959837, "y:4": 31.460527619237347, "y:5": 28.821779703426323, "y:6": 29.294932058512607, "y:7": 30.77817008800062, "y:8": 28.359451080568064, "y:9": 28.625549387921318}, "16": {"y:0": 35.906363202779254, "y:1": 31.037764693212917, "y:2": 29.34324953012741, "y:3": 30.566925812632622, "y:4": 32.042100168607725, "y:5": 29.00030980395018, "y:6": 29.847288344016583, "y:7": 32.0729536454463, "y:8": 29.27063290859434, "y:9": 30.130431813962538}}