{"0": {"y:0": 0.4064308464731599, "y:1": 0.41845793112667184, "y:2": 0.41675450073266457, "y:3": 0.4370242087020084, "y:4": 0.414376315126016, "y:5": 0.40067104706706164, "y:6": 0.4216416214942847, "y:7": 0.41710907519857415, "y:8": 0.41269365520675527, "y:9": 0.40581917591755456, "y:10": 15.394442719709751}}