{"0": {"y:0": 0.00660177406697954, "y:1": 0.00980122515269304, "y:2": 0.005213114996248352, "y:3": 0.0032381192337307433, "y:4": 0.016573374638719895, "y:5": 0.00372024661365833, "y:6": 0.017145969299167955, "y:7": 0.00645189862180343, "y:8": 0.013279195412012196, "y:9": 0.007842242696759162, "y:10": 0.06675345976973676, "y:11": 0.009994049654745615, "y:12": 0.006562580959054318, "y:13": 0.0025097218591267076, "y:14": 0.016242335617009572, "y:15": 0.004999700821006584, "y:16": 0.071977660092717, "y:17": 0.015022625336490365, "y:18": 0.004026323715494259, "y:19": 0.006285529921598947, "y:20": 0.06900425750150663, "y:21": 0.022798782346889552, "y:22": 0.0184829386634972, "y:23": 0.004257714839856475, "y:24": 0.015507576543342139, "y:25": 0.008079435259614761, "y:26": 0.005092115991193374, "y:27": 0.008760234208084661, "y:28": 0.0051256036377946455, "y:29": 0.0034430382469825193}, "1": {"y:0": 0.006554949706446639, "y:1": 0.009881949731009917, "y:2": 0.005163866876971524, "y:3": 0.003227012170416873, "y:4": 0.01610023983541161, "y:5": 0.0037747888401998887, "y:6": 0.016508984317082972, "y:7": 0.005941829115462793, "y:8": 0.013432942132932849, "y:9": 0.00828254863559098, "y:10": 0.06781994077028912, "y:11": 0.01023288249371345, "y:12": 0.0064989830781321065, "y:13": 0.0024551564011830148, "y:14": 0.016264937134460655, "y:15": 0.0049826800828612185, "y:16": 0.06517026563589404, "y:17": 0.015446432055405154, "y:18": 0.004069464793867823, "y:19": 0.005712140504261309, "y:20": 0.06887791188782806, "y:21": 0.019062145233822648, "y:22": 0.019020142991778663, "y:23": 0.004236383306648724, "y:24": 0.015492009956453744, "y:25": 0.008157115753540074, "y:26": 0.005108408099098802, "y:27": 0.008642545470161165, "y:28": 0.005123151096870074, "y:29": 0.0034583291329595965}, "2": {"y:0": 0.006599724825216526, "y:1": 0.010805996139666397, "y:2": 0.005185405922845072, "y:3": 0.0029620266745216807, "y:4": 0.016232800609458625, "y:5": 0.0035610302371520026, "y:6": 0.016816461105098813, "y:7": 0.00674018063646972, "y:8": 0.013017041936086332, "y:9": 0.012438477896165912, "y:10": 0.06732742499493528, "y:11": 0.02586708683675179, "y:12": 0.006577636069841463, "y:13": 0.0025247733049167755, "y:14": 0.01599403221312267, "y:15": 0.005217334678201342, "y:16": 0.07860726062788786, "y:17": 0.0350771433742693, "y:18": 0.004061396232990038, "y:19": 0.006423547583979984, "y:20": 0.06497313156404741, "y:21": 0.03911485222278207, "y:22": 0.01990290756765816, "y:23": 0.00435662598374344, "y:24": 0.015439957194362332, "y:25": 0.008575136547356078, "y:26": 0.0051022366022891105, "y:27": 0.00937448696020357, "y:28": 0.00512360132125811, "y:29": 0.0034985599687865276}, "3": {"y:0": 0.006591735259031426, "y:1": 0.01518036912450501, "y:2": 0.005196678872607437, "y:3": 0.003596985346602982, "y:4": 0.0160284826703587, "y:5": 0.004318755483367367, "y:6": 0.01690746464347207, "y:7": 0.008208090348451796, "y:8": 0.013135613965537075, "y:9": 0.01264881950785375, "y:10": 0.07505585190535254, "y:11": 0.012518283244942191, "y:12": 0.00655019898290643, "y:13": 0.0025967797885376354, "y:14": 0.015928400042678384, "y:15": 0.005415425799164089, "y:16": 0.07186517958151922, "y:17": 0.021346794770817818, "y:18": 0.004049445278661384, "y:19": 0.006511279140243928, "y:20": 0.07341176457993476, "y:21": 0.027167405294785812, "y:22": 0.019484087429220264, "y:23": 0.004385078728070125, "y:24": 0.01585437593908715, "y:25": 0.008803426720513558, "y:26": 0.005096776358446444, "y:27": 0.009510511325271144, "y:28": 0.005098705285605705, "y:29": 0.0035185420709726474}, "4": {"y:0": 0.006558248491002903, "y:1": 0.01896465194377429, "y:2": 0.005200417525181222, "y:3": 0.0031706702999693285, "y:4": 0.015795128328899705, "y:5": 0.003764717156772311, "y:6": 0.016717403404610007, "y:7": 0.007166411239147344, "y:8": 0.013267376321797501, "y:9": 0.014521853671507639, "y:10": 0.07509856541889462, "y:11": 0.034296113948475905, "y:12": 0.006578298932802425, "y:13": 0.002556808325691257, "y:14": 0.016270361080182833, "y:15": 0.005340733718604712, "y:16": 0.0724618887508868, "y:17": 0.04977892855713453, "y:18": 0.00404214280991102, "y:19": 0.006422069107129775, "y:20": 0.06909451403911704, "y:21": 0.06006241061074803, "y:22": 0.019660479759526076, "y:23": 0.004344454299785861, "y:24": 0.015553947216228057, "y:25": 0.008637715695921148, "y:26": 0.0050896160701314475, "y:27": 0.009318227591907695, "y:28": 0.005123090023850133, "y:29": 0.003494182135924847}, "5": {"y:0": 0.006565476577452467, "y:1": 0.0189631705078404, "y:2": 0.005192332340378861, "y:3": 0.0036585229841840402, "y:4": 0.015747933599999864, "y:5": 0.004451006273866039, "y:6": 0.01702054602208698, "y:7": 0.00931014271713939, "y:8": 0.01326105925756599, "y:9": 0.01931172347389532, "y:10": 0.07333815860177637, "y:11": 0.016113193347748078, "y:12": 0.006611429836649238, "y:13": 0.0026323304975695975, "y:14": 0.016274830378395364, "y:15": 0.0055337111101299635, "y:16": 0.07172717055234944, "y:17": 0.026602986064733995, "y:18": 0.004046467693797548, "y:19": 0.006720142545794333, "y:20": 0.07839367449194638, "y:21": 0.034587376435350696, "y:22": 0.01976165176677837, "y:23": 0.00444115253939079, "y:24": 0.015888918212717495, "y:25": 0.00891496603907346, "y:26": 0.005077443945988, "y:27": 0.009593016602998956, "y:28": 0.005122275125817185, "y:29": 0.003530211369653547}, "6": {"y:0": 0.006571776191498582, "y:1": 0.027662095930681523, "y:2": 0.005176722771623192, "y:3": 0.0032999507397586847, "y:4": 0.015898736160879234, "y:5": 0.003921592610400018, "y:6": 0.017260986714893522, "y:7": 0.007545364530180955, "y:8": 0.013166382513137564, "y:9": 0.015771830279338393, "y:10": 0.0698394513326602, "y:11": 0.039387103029265284, "y:12": 0.006521728461238417, "y:13": 0.0025682636080432975, "y:14": 0.016664384968845723, "y:15": 0.005307059211157609, "y:16": 0.07252776170447892, "y:17": 0.055441187171142395, "y:18": 0.004065741088268709, "y:19": 0.006418348741673008, "y:20": 0.07644419138769092, "y:21": 0.06736505149364028, "y:22": 0.01944413145582647, "y:23": 0.004355920534589631, "y:24": 0.01555973867964077, "y:25": 0.008581876672323824, "y:26": 0.005094222580724034, "y:27": 0.009313687382995272, "y:28": 0.005110942870127372, "y:29": 0.0034962227076846372}, "7": {"y:0": 0.006619533727160437, "y:1": 0.018647817373189827, "y:2": 0.005181800299495366, "y:3": 0.003710536128986994, "y:4": 0.015927451739840785, "y:5": 0.004473850381594187, "y:6": 0.016844570407422498, "y:7": 0.00944281021544411, "y:8": 0.013222998732338427, "y:9": 0.02093260004536254, "y:10": 0.07176993538481881, "y:11": 0.01782741432742329, "y:12": 0.0064763990620058005, "y:13": 0.0026516209747854385, "y:14": 0.01639629397948482, "y:15": 0.005616965814410873, "y:16": 0.07486081719211052, "y:17": 0.030204192404240583, "y:18": 0.004031132335828209, "y:19": 0.006684405146343185, "y:20": 0.07507680183474663, "y:21": 0.03718190443148944, "y:22": 0.019543108925945185, "y:23": 0.004469449896201776, "y:24": 0.015550489654893593, "y:25": 0.008934601919239761, "y:26": 0.0050850197083622305, "y:27": 0.009731703593238918, "y:28": 0.0050960429741833515, "y:29": 0.0035448113639722826}, "8": {"y:0": 0.006602753462816409, "y:1": 0.02277917768292568, "y:2": 0.00518110835492565, "y:3": 0.0031032586410835055, "y:4": 0.015979805280100314, "y:5": 0.003732722553616281, "y:6": 0.016890760497872297, "y:7": 0.007161389385619585, "y:8": 0.012978760552417503, "y:9": 0.014991020884984569, "y:10": 0.0707420045728375, "y:11": 0.047568811524671815, "y:12": 0.006521433478395491, "y:13": 0.0025522941601966863, "y:14": 0.01571675730810108, "y:15": 0.005283019978369424, "y:16": 0.0734443745343446, "y:17": 0.06089165332475142, "y:18": 0.004031771723090302, "y:19": 0.006404466295045602, "y:20": 0.07564824922527666, "y:21": 0.06729036471274118, "y:22": 0.019296993397053215, "y:23": 0.004352084822051481, "y:24": 0.015764222441402485, "y:25": 0.008568034959003113, "y:26": 0.005061073000645527, "y:27": 0.009199255305577648, "y:28": 0.005144571201341086,