{"0": {"y:0": 0.11942842900148912, "y:1": 0.032507815569490235, "y:2": 0.12251112906335837, "y:3": 0.025470623282401367, "y:4": 0.128559068218692, "y:5": 0.01922728684903554, "y:6": 0.12662349583072358, "y:7": 0.016069212215795145, "y:8": 0.1453420317700596, "y:9": 0.016182514408634056, "y:10": 0.13826740180055908, "y:11": 0.015767477552803284, "y:12": 0.1502542910357616, "y:13": 0.016869143895514447, "y:14": 0.13822224190659277, "y:15": 0.019676306074134155, "y:16": 0.12805793267109009, "y:17": 0.019726228282762104, "y:18": 0.14396872684237175, "y:19": 0.023446155829214624, "y:20": 0.13727330763361015, "y:21": 0.025511552109386125, "y:22": 0.12060421176322217, "y:23": 0.028579946246156236, "y:24": 0.12647202253708775, "y:25": 0.03230498285338602, "y:26": 0.13567657956650545, "y:27": 0.03853515240512084, "y:28": 0.12542899856190085, "y:29": 0.03651057474513147, "y:30": 0.1316907603312067, "y:31": 0.03528762488620888}}