{"3": {"y:0": 0.017663183749674606, "y:1": 0.03681163920566666, "y:2": 0.04618547751351473, "y:3": 0.01775954783826584, "y:4": 0.030872964099856907, "y:5": 0.04229581045550229, "y:6": 0.024568551168836324, "y:7": 0.06781268451818341, "y:8": 0.11132189233599421, "y:9": 0.604708249114505}}