{"0": {"y:0": 0.12932758382869267, "y:1": 0.026858441222161574, "y:2": 0.1476290622214891, "y:3": 0.01777992593982977, "y:4": 0.15194389962183336, "y:5": 0.014851300394223235, "y:6": 0.15634308476875103, "y:7": 0.015032454009354861, "y:8": 0.11912798243597925, "y:9": 0.01630794797307066, "y:10": 0.12706599712138245, "y:11": 0.01902719239280361, "y:12": 0.123918520245651, "y:13": 0.022804797282168273, "y:14": 0.14647866551506156, "y:15": 0.02657406030231709, "y:16": 0.1310598269664373, "y:17": 0.03150200113400346, "y:18": 0.13320506074562385, "y:19": 0.030410444026926147, "y:20": 0.13424091909792266, "y:21": 0.034990364919314204, "y:22": 0.12618854333592855, "y:23": 0.03748708242543867, "y:24": 0.12396895337570786, "y:25": 0.03586304496524097, "y:26": 0.1316577152745598, "y:27": 0.03881543890518124, "y:28": 0.15413304766872957, "y:29": 0.03952218098649053, "y:30": 0.12642343334815734, "y:31": 0.04758345994262406}, "1": {"y:0": 0.11299909075024049, "y:1": 0.02769131972506313, "y:2": 0.12187613768024003, "y:3": 0.019183023617258307, "y:4": 0.13347155770811484, "y:5": 0.01651330883473355, "y:6": 0.13292987369614354, "y:7": 0.015634705897352136, "y:8": 0.14524631567148222, "y:9": 0.015965840681444507, "y:10": 0.14162217389463563, "y:11": 0.017907803286507578, "y:12": 0.13953963056160637, "y:13": 0.01920308305577219, "y:14": 0.14816070625705685, "y:15": 0.022867693607102755, "y:16": 0.13226594266988545, "y:17": 0.025089243480658743, "y:18": 0.1291111928134066, "y:19": 0.026067276156401573, "y:20": 0.1386335999057973, "y:21": 0.03131934592460704, "y:22": 0.14608829650886282, "y:23": 0.03592744337739005, "y:24": 0.13800886593321116, "y:25": 0.036334323337112874, "y:26": 0.13402935768111546, "y:27": 0.03794765221122889, "y:28": 0.12653692062359365, "y:29": 0.036393699752431265, "y:30": 0.13372453052072167, "y:31": 0.04148603223251354}, "2": {"y:0": 0.12469751235850661, "y:1": 0.044898342883232065, "y:2": 0.14275565091283385, "y:3": 0.03156519547442221, "y:4": 0.1440249669378032, "y:5": 0.025360280665703176, "y:6": 0.13559060077891164, "y:7": 0.024301655615387677, "y:8": 0.13988188298242948, "y:9": 0.019862997917254592, "y:10": 0.14385895066261573, "y:11": 0.018327029880070966, "y:12": 0.13602383484233171, "y:13": 0.01744721241182223, "y:14": 0.13316873333454507, "y:15": 0.016939917669356565, "y:16": 0.13201750718091007, "y:17": 0.017412004566636916, "y:18": 0.13980326954729064, "y:19": 0.018144053015087414, "y:20": 0.1361900111865917, "y:21": 0.01942129733429008, "y:22": 0.135181700607768, "y:23": 0.02015532416844297, "y:24": 0.1356267260301848, "y:25": 0.022518614336004952, "y:26": 0.14269131401643814, "y:27": 0.02325119754671438, "y:28": 0.14559157072191167, "y:29": 0.02538960636234019, "y:30": 0.1420818621029031, "y:31": 0.027457492187103704}, "3": {"y:0": 0.11375820376219355, "y:1": 0.03451635501103246, "y:2": 0.12837755781903254, "y:3": 0.02347120580094004, "y:4": 0.13823647398575084, "y:5": 0.017846069391966465, "y:6": 0.132149322685415, "y:7": 0.016570303223319795, "y:8": 0.13519728399494438, "y:9": 0.017585409440277217, "y:10": 0.14031943460218763, "y:11": 0.019822809916700632, "y:12": 0.13047566562077928, "y:13": 0.021272043871203482, "y:14": 0.1304621557290122, "y:15": 0.026328751073364905, "y:16": 0.12828012261645771, "y:17": 0.027612396531013644, "y:18": 0.13937512444493258, "y:19": 0.03167829054929814, "y:20": 0.13119036269910467, "y:21": 0.03566387392787136, "y:22": 0.13509776418883146, "y:23": 0.040012507797987866, "y:24": 0.13746178502395778, "y:25": 0.04149843830905963, "y:26": 0.12677670865829516, "y:27": 0.04107183671424978, "y:28": 0.14357800559113967, "y:29": 0.04642678172402758, "y:30": 0.1335274207463582, "y:31": 0.047935510066388236}, "4": {"y:0": 0.09024418617888302, "y:1": 0.034834348339541445, "y:2": 0.10949145240525836, "y:3": 0.02606853424447038, "y:4": 0.11328844946602734, "y:5": 0.02227102029035089, "y:6": 0.11261158546962277, "y:7": 0.01845700700672808, "y:8": 0.11658182223969879, "y:9": 0.01660502765001312, "y:10": 0.11338459436183723, "y:11": 0.015691105044740448, "y:12": 0.11326082416793865, "y:13": 0.016027511101175902, "y:14": 0.10733151395065987, "y:15": 0.017113621276123703, "y:16": 0.10730343777477783, "y:17": 0.01823480307451638, "y:18": 0.11316715010166772, "y:19": 0.020164433841532742, "y:20": 0.11803588631528382, "y:21": 0.0203256557302397, "y:22": 0.11224246545411196, "y:23": 0.021841433453587317, "y:24": 0.115939488660373, "y:25": 0.024870861248365475, "y:26": 0.10818035481129637, "y:27": 0.027040152242448486, "y:28": 0.11965824892938647, "y:29": 0.027994099833070173, "y:30": 0.10984944288548067, "y:31": 0.031162349068542892}, "5": {"y:0": 0.07483360912315552, "y:1": 0.020023659957808915, "y:2": 0.0818874778759417, "y:3": 0.015352567393830705, "y:4": 0.08627689195089235, "y:5": 0.01691052474733802, "y:6": 0.09165799450756411, "y:7": 0.020701146677718593, "y:8": 0.09468390103978602, "y:9": 0.024306998746538026, "y:10": 0.091822159005279, "y:11": 0.027591577639365098, "y:12": 0.092307999800892, "y:13": 0.032556485359354376, "y:14": 0.0949706043752234, "y:15": 0.03548308436347058, "y:16": 0.08902027155833289, "y:17": 0.039874335492392284, "y:18": 0.09307386696290161, "y:19": 0.04494861486408885, "y:20": 0.09128745946011396, "y:21": 0.046345211722753576, "y:22": 0.09522965077398697, "y:23": 0.047199394558109085, "y:24": 0.08612311428164011, "y:25": 0.04959203884490248, "y:26": 0.08742243261866096, "y:27": 0.051651726835960025, "y:28": 0.09087525564502885, "y:29": 0.05619131963635383, "y:30": 0.08926195599937661, "y:31": 0.0591423106800409}, "6": {"y:0": 0.06670770332565454, "y:1": 0.021364282649226258, "y:2": 0.06019656877748491, "y:3": 0.03594555833376884, "y:4": 0.058897839476547406, "y:5": 0.04154230294988984, "y:6": 0.054695844062596845, "y:7": 0.051988558837572085, "y:8": 0.0527861326378104, "y:9": 0.051435145923000816, "y:10": 0.04941946613897145, "y:11": 0.05938124538958262, "y:12": 0.049984274017116234, "y:13": 0.06412057143153932, "y:14": 0.04862401366471357, "y:15": 0.06461284871091806, "y:16": 0.046099418226558234, "y:17": 0.06719244426362457, "y:18": 0.04566725617702235, "y:19": 0.0701261988576086, "y:20": 0.04451366166425129, "y:21": 0.08077612404273865, "y:22": 0.04433482059726865, "y:23": 0.08063660492050279, "y:24": 0.041990639607568714, "y:25": 0.08004848164941199, "y:26": 0.04005417852204657, "y:27": 0.08676330975958002, "y:28": 0.04154760976905223, "y:29": 0.08444164437566161, "y:30": 0.04199967847111663, "y:31": 0.0868914302090998}, "7": {"y:0": 0.053311653086726044, "y:1": 0.017102836683671466, "y:2": 0.07128081019478277, "y:3": 0.01124570299965538, "y:4": 0.08852441540710883, "y:5": 0.010114215819620955, "y:6": 0.0879144482773857, "y:7": 0.010271888155359832, "y:8": 0.09314722210196986, "y:9": 0.011144463699333302, "y:10": 0.09020118699513623, "y:11": 0.012309316650488544, "y:12": 0.0972087073314849, "y:13": 0.012556663042104467, "y:14": 0.0942705887960543, "y:15": 0.013795065982072467, "y:16": 0.09436041878821029, "y:17": 0.014713896350954016, "y:18": 0.09686105509902519, "y:19": 0.016916428148666056, "y:20": 0.09652544666049499, "y:21": 0.01805508857516545, "y:22": 0.09584908444888876, "y:23": 0.019983545735634347, "y:24": 0.09095266449976054, "y:25": 0.022628925822026715, "y:26": 0.09153710766270849, "y:27": 0.024063333634676567, "y:28": 0.09200301803680369, "y:29": 0.026416911298562284, "y:30": 0.09501867220218883, "y:31": 0.0270358051267332}, "8": {"y:0": 0.04853379875980131, "y:1": 0.03362159055257973, "y:2": 0.06007735041541553, "y:3": 0.030259148514718275, "y:4": 0.07714882157812752, "y:5": 0.024608621138106693, "y:6": 0.10294941305558608, "y:7": 0.02343347465129609, "y:8": 0.10438865334232184, "y:9": 0.02295181176220833, "y:10": 0.10901314851850552, "y:11": 0.02354782461639805, "y:12": 0.11194987930367083, "y:13": 0.022858728138525002, "y:14": 0.10826516748972151, "y:15": 0.022869443761972034, "y:16": 0.10948337996900165, "y:17": 0.02206863835790034, "y:18": 0.11602634021494024,