{"0": {"y:0": 0.20139177845125206, "y:1": 0.19308676229744048, "y:2": 0.20902834581099908, "y:3": 0.19423515275823916, "y:4": 0.20075514757565058, "y:5": 0.2074797150758564, "y:6": 0.20235020739730208, "y:7": 0.20226170695283782, "y:8": 0.20947800572649586, "y:9": 0.20193252966546096, "y:10": 7.114474135243931}, "1": {"y:0": 0.20751400873809098, "y:1": 0.1848970333352134, "y:2": 0.2026572492774558, "y:3": 0.1962591868716281, "y:4": 0.20390887194453974, "y:5": 0.20172420037805824, "y:6": 0.2029612009745199, "y:7": 0.20817735283048489, "y:8": 0.20001487718539943, "y:9": 0.2037845486490959, "y:10": 7.421447225049439}, "2": {"y:0": 0.3694314836049877, "y:1": 0.25955090586468343, "y:2": 0.38965753281513765, "y:3": 0.28304936078115833, "y:4": 0.38416895817280505, "y:5": 0.34523614515699774, "y:6": 0.37135786314823427, "y:7": 0.3816862100528258, "y:8": 0.35666496689241756, "y:9": 0.3881096215536529, "y:10": 7.205222226508455}, "3": {"y:0": 0.4824084545417403, "y:1": 0.28255014820476415, "y:2": 0.5170774427233025, "y:3": 0.31141992421425135, "y:4": 0.5215267651162978, "y:5": 0.40284105293239186, "y:6": 0.5006674431548546, "y:7": 0.5317580000017003, "y:8": 0.4519098561381497, "y:9": 0.5510961751216512, "y:10": 7.549078343936742}, "4": {"y:0": 0.5345659464486054, "y:1": 0.2942846709283951, "y:2": 0.5919315245060253, "y:3": 0.32897660356369307, "y:4": 0.5946297146002297, "y:5": 0.4027036272932382, "y:6": 0.5673772411790637, "y:7": 0.6003615427256941, "y:8": 0.45657280027767094, "y:9": 0.5952636162867512, "y:10": 7.463103614047513}, "5": {"y:0": 0.5366118504420142, "y:1": 0.30151788550331876, "y:2": 0.6119950495194971, "y:3": 0.329252267172773, "y:4": 0.6318920271860488, "y:5": 0.4357238048854618, "y:6": 0.5975362540027326, "y:7": 0.6371270851499959, "y:8": 0.49306618205581443, "y:9": 0.6290828990318746, "y:10": 7.297839848895949}, "6": {"y:0": 0.5622247911341358, "y:1": 0.3012717492822406, "y:2": 0.6273301106900031, "y:3": 0.3334972800334879, "y:4": 0.650145106845149, "y:5": 0.4319191333157756, "y:6": 0.6144258218685708, "y:7": 0.6606647832698638, "y:8": 0.4898731069590446, "y:9": 0.6584203687379115, "y:10": 7.512907040415529}, "7": {"y:0": 0.5718489115016325, "y:1": 0.2984249764120331, "y:2": 0.6339521941074858, "y:3": 0.33560921684745226, "y:4": 0.6561297670447973, "y:5": 0.42639961465367016, "y:6": 0.6280959518009884, "y:7": 0.6623289130239445, "y:8": 0.4884268386632617, "y:9": 0.662389288726655, "y:10": 7.42627854524103}, "8": {"y:0": 0.5786527883187255, "y:1": 0.3030124714115245, "y:2": 0.6399517644264617, "y:3": 0.3322656130743879, "y:4": 0.6697503557487381, "y:5": 0.4361234482843147, "y:6": 0.6265335147124566, "y:7": 0.6715825844756353, "y:8": 0.49960404487511795, "y:9": 0.6736438371204004, "y:10": 7.313293760522078}, "9": {"y:0": 0.5735303151378678, "y:1": 0.3013995629440017, "y:2": 0.6370945035425397, "y:3": 0.33362950138902525, "y:4": 0.6718308535651962, "y:5": 0.4372817866814734, "y:6": 0.63094782854554, "y:7": 0.6703553339034212, "y:8": 0.4975376741969082, "y:9": 0.6750254906405988, "y:10": 7.325685263273421}}