{"0": {"y:0": 0.39965279772168666, "y:1": 0.4204337672632424, "y:2": 0.4089829912265504, "y:3": 0.3809949420479509, "y:4": 0.38888253150915103, "y:5": 0.40269620696336755, "y:6": 0.39304827828012173, "y:7": 0.3950320711767174, "y:8": 0.3850445545974295, "y:9": 0.3899458015402312, "y:10": 15.548087780883712}}