{"15": {"y:0": 0.0, "y:1": 0.0, "y:2": 0.0018906757176024047, "y:3": 0.002159717772154348, "y:4": 0.003929339152105422, "y:5": 0.01280930155860317, "y:6": 0.004864350569033176, "y:7": 0.004489216972394364, "y:8": 0.00847797251271641, "y:9": 0.0037257196595421142, "y:10": 0.0031551216801113634, "y:11": 0.0072563046661569906, "y:12": 0.00489909623160666, "y:13": 0.010461414539452834, "y:14": 0.007046183617501868, "y:15": 0.005501466124637753, "y:16": 0.004476745055361596, "y:17": 0.00635839668376918, "y:18": 0.006271287896932008, "y:19": 0.007296132317790674, "y:20": 0.012960786272039239, "y:21": 0.003154137145596413, "y:22": 0.004651794312881074, "y:23": 0.011140052622449926, "y:24": 0.007722967676142345, "y:25": 0.007678355226955841, "y:26": 0.005112295128102134, "y:27": 0.00354536124752162, "y:28": 0.006485726519721669, "y:29": 0.008889020254503065, "y:30": 0.005652689876557745, "y:31": 0.011433189788564167, "y:32": 0.009305796693920683, "y:33": 0.003900448597573467, "y:34": 0.005933201174023427, "y:35": 0.011300460904006144, "y:36": 0.003552638885723499, "y:37": 0.0055738027912380465, "y:38": 0.004899526718088535, "y:39": 0.006026671137327793, "y:40": 0.004044834256088455, "y:41": 0.0053141955685478415, "y:42": 0.008772901953440704, "y:43": 0.012780847222764064, "y:44": 0.004108278874864634, "y:45": 0.006775304669239917, "y:46": 0.0037612173730118548, "y:47": 0.005361267533112946, "y:48": 0.01042823859238155, "y:49": 0.00792692907408198, "y:50": 0.007900188090409849, "y:51": 0.011971302274374682, "y:52": 0.006269094025981574, "y:53": 0.008739182412455391, "y:54": 0.005559058580878379, "y:55": 0.01316530222940196, "y:56": 0.014933548954153403, "y:57": 0.0040537445832579625, "y:58": 0.007454044626568481, "y:59": 0.010664915572108075, "y:60": 0.009751958840294245, "y:61": 0.008666066265346887, "y:62": 0.013559046528150698, "y:63": 0.004857346626016625, "y:64": 0.010113734835708574, "y:65": 0.0024824172313324708, "y:66": 0.008539147460683717, "y:67": 0.009399381693105481, "y:68": 0.002477859038238854, "y:69": 0.016324049539209157, "y:70": 0.0116302842117592, "y:71": 0.004228116169303072, "y:72": 0.011563779158304437, "y:73": 0.014600418785481574, "y:74": 0.0035229346987792273, "y:75": 0.011347825679064604, "y:76": 0.007592643267474575, "y:77": 0.004844365514116799, "y:78": 0.013557747041506814, "y:79": 0.0057470047597605566, "y:80": 0.006557582723928324, "y:81": 0.0056418486678093075, "y:82": 0.011632342515313608, "y:83": 0.007272268138473323, "y:84": 0.012483511042720278, "y:85": 0.005258288326355774, "y:86": 0.014534837886767937, "y:87": 0.00946873141465928, "y:88": 0.006515497497887723, "y:89": 0.010606307891985987, "y:90": 0.010397017399296214, "y:91": 0.006396551205483079, "y:92": 0.010840035329322638, "y:93": 0.012057024406739494, "y:94": 0.007797166888034463, "y:95": 0.009008583043968317, "y:96": 0.009127420136333232, "y:97": 0.008226699669815455, "y:98": 0.007533020810499798, "y:99": 0.009825784133368638, "y:100": 0.0032915016049050306, "y:101": 0.006808287184578104, "y:102": 0.009896299316775655, "y:103": 0.003705555843172384, "y:104": 0.00894377595165083, "y:105": 0.011002708626323993, "y:106": 0.004494156067248197, "y:107": 0.007182803888132374, "y:108": 0.008576007285935364, "y:109": 0.008458870402488855, "y:110": 0.006140999001007579, "y:111": 0.008267007600486702, "y:112": 0.004855625941421967, "y:113": 0.008721259341037211, "y:114": 0.005129270814154417, "y:115": 0.005633435011949666, "y:116": 0.003551325326796061, "y:117": 0.006257810754684569, "y:118": 0.009962207938681591, "y:119": 0.009523809455192381, "y:120": 0.007123393917534665, "y:121": 0.008204194005856362, "y:122": 0.005647208524135724, "y:123": 0.00812739592825186, "y:124": 0.007821728208046613, "y:125": 0.009022755371747081, "y:126": 0.003971836490326107, "y:127": 0.013475871409165976, "y:128": 0.00965471649475961, "y:129": 0.005544677523274758, "y:130": 0.005302443846044371, "y:131": 0.0058336511364514565, "y:132": 0.003893453518876816, "y:133": 0.008820241024539776, "y:134": 0.009472861391460037, "y:135": 0.009220624249174757, "y:136": 0.00613542058293042, "y:137": 0.013611728330192804, "y:138": 0.011151385297073145, "y:139": 0.018194365961897285, "y:140": 0.00955858679481789, "y:141": 0.013005038092287879, "y:142": 0.005585490179809672, "y:143": 0.010347481399293243, "y:144": 0.015563376191138876, "y:145": 0.0038440009862850495, "y:146": 0.006263228371771505, "y:147": 0.010637878868215931, "y:148": 0.005805246885796954, "y:149": 0.00803141278305088, "y:150": 0.007226403010361777, "y:151": 0.014624325495842755, "y:152": 0.0026952543803419153, "y:153": 0.015521563224790098, "y:154": 0.00321144538330734, "y:155": 0.0076554941300827715, "y:156": 0.00628531722518181, "y:157": 0.015877430245248424, "y:158": 0.007059574433533304, "y:159": 0.005038873431333245, "y:160": 0.008622648581323772, "y:161": 0.01755238013753172, "y:162": 0.010522482709131514, "y:163": 0.018405311925740173, "y:164": 0.004968819001802144, "y:165": 0.01260915272414505, "y:166": 0.006190504082471043, "y:167": 0.010620790487329623, "y:168": 0.005820029268370637, "y:169": 0.012607104935167236, "y:170": 0.012371439102010592, "y:171": 0.004897083719958362, "y:172": 0.006828480294918785, "y:173": 0.01414783289026341, "y:174": 0.0041981938597980915, "y:175": 0.006451644595449734, "y:176": 0.011493210843453155, "y:177": 0.007819220602636331, "y:178": 0.003260570072219811, "y:179": 0.007489638481053116, "y:180": 0.003218884617363021, "y:181": 0.008725876276742496, "y:182": 0.0061739509859739285, "y:183": 0.005665773758019205, "y:184": 0.010537616741183, "y:185": 0.0031776744497004315, "y:186": 0.002396884697952521, "y:187": 0.01078595788300171, "y:188": 0.004680458905920047, "y:189": 0.009852945240389382, "y:190": 0.010153573383221252, "y:191": 0.005327768544974269, "y:192": 0.009518382721622485, "y:193": 0.011962024888848293, "y:194": 0.004553667972153971, "y:195": 0.008954526945741084, "y:196": 0.004222112348610218, "y:197": 0.00631872684499815, "y:198": 0.004828125023905045, "y:199": 0.009704197446409643, "y:200": 0.004734423465860284, "y:201": 0.0033011771958288746, "y:202": 0.007049811645616485, "y:203": 0.0051670255679172996, "y:204": 0.005286263938068795, "y:205": 0.01385780221987156, "y:206": 0.008423882935972522, "y:207": 0.0046015085117072025, "y:208": 0.002422029456149604, "y:209": 0.0031119104016857474, "y:210": 0.004688381456527207, "y:211": 0.004704056494329832, "y:212": 0.0042875238193323395, "y:213": 0.009378453840026215, "y:214": 0.006233178097602175, "y:215": 0.008394051944856568, "y:216": 0.006596492189384601, "y:217": 0.010303452330713496, "y:218": 0.011630189409556282, "y:219": 0.011558137781326697, "y:220": 0.007740315220670125, "y:221": 0.00980539107511074, "y:222": 0.00778883683172589, "y:223": 0.005889248792168942, "y:224": 0.00676634216981464, "y:225": 0.017587856642969354, "y:226": 0.0033934497096705096, "y:227": 0.014819396227619705, "y:228": 0.007712500386062337, "y:229": 0.013248361081480392, "y:230": 0.006146070711503806, "y:231": 0.009976743066915737, "y:232": 0.008894746027818349, "y:233": 0.008187083811884203, "y:234": 0.00238008774291434, "y:235": 0.01062411135953438, "y:236": 0.010443480690693292, "y:237": 0.008943107226569106, "y:238": 0.014831391324753463, "y:239": 0.008236912123185204, "y:240": 0.00741097619990174, "y:241": 0.0104729718696804, "y:242": 0.00794343521359882, "y:243": 0.0031516076545996096, "y:244": 0.00939688518316682, "y:245": 0.012010837264393705, "y:246": 0.006641170984957114, "y:247": 0.0067195684260423745, "y:248": 0.004190981501763388, "y:249": 0.0030473114172519748, "y:250": 0.00408659821600862, "y:251": 0.00827734421126725, "y:252": 0.0067795304892622876, "y:253": 0.007849114166319027, "y:254": 0.012692211728447964, "y:255": 0.005221311183107312, "y:256": 0.009708173126530068, "y:257": 0.009258523304277014, "y:258": 0.005210345543821848, "y:259": 0.01022549126180223, "y:260": 0.008951210462997822, "y:261": 0.008359154137633877,