{"0": {"y:0": 0.390544226074495, "y:1": 0.4039937370203265, "y:2": 0.3983341676477792, "y:3": 0.4192091871074201, "y:4": 0.3976837244903578, "y:5": 0.3982232632760926, "y:6": 0.39061597471230275, "y:7": 0.3960209721096201, "y:8": 0.40193863914071987, "y:9": 0.39921001210263307, "y:10": 14.855761014925246}, "1": {"y:0": 0.4110697176924096, "y:1": 0.4035424254668565, "y:2": 0.40643866165759046, "y:3": 0.4044579622544018, "y:4": 0.3960712319045797, "y:5": 0.4002630310995455, "y:6": 0.39961099468355776, "y:7": 0.4037265291995539, "y:8": 0.398961509479846, "y:9": 0.40510867200482903, "y:10": 15.098101747048547}, "2": {"y:0": 0.6951963041651497, "y:1": 0.715624479525007, "y:2": 0.7192143425376684, "y:3": 0.7176890324445938, "y:4": 0.7454041525941683, "y:5": 0.7185527987882779, "y:6": 0.6948092904919592, "y:7": 0.7148109547273706, "y:8": 0.7236852297235696, "y:9": 0.7124167687765275, "y:10": 14.967423775202906}, "3": {"y:0": 1.0487686104671274, "y:1": 0.9837972243238402, "y:2": 0.9997105048533862, "y:3": 1.003900861840963, "y:4": 1.000516081517259, "y:5": 1.0172918951557341, "y:6": 1.0016306657254277, "y:7": 1.0371708487502218, "y:8": 0.9771822151360228, "y:9": 0.9813535831505368, "y:10": 14.549335680236254}, "4": {"y:0": 1.2082388160191, "y:1": 1.1562735792876113, "y:2": 1.1928283103998822, "y:3": 1.178836235731082, "y:4": 1.1989712369982193, "y:5": 1.138988327940172, "y:6": 1.173117749882616, "y:7": 1.1514479782789813, "y:8": 1.224924621359584, "y:9": 1.1852987087036482, "y:10": 15.021192099491}, "5": {"y:0": 1.2727326509727805, "y:1": 1.2546585647616086, "y:2": 1.2505435505840963, "y:3": 1.2729659552758197, "y:4": 1.2622685882545563, "y:5": 1.2351026837315051, "y:6": 1.2485811104827322, "y:7": 1.2034810016718043, "y:8": 1.2424575197183612, "y:9": 1.2515251633610236, "y:10": 14.758300533549008}, "6": {"y:0": 1.2864400980882906, "y:1": 1.3015189744232563, "y:2": 1.30014977526658, "y:3": 1.2927224293629769, "y:4": 1.295457939218217, "y:5": 1.2841578180918882, "y:6": 1.2807167179812509, "y:7": 1.2952073893210407, "y:8": 1.28253058958314, "y:9": 1.3234259736403524, "y:10": 14.565703829085503}, "7": {"y:0": 1.3243731414746232, "y:1": 1.3432283472404905, "y:2": 1.3240665062311985, "y:3": 1.3490291234655998, "y:4": 1.361045637204049, "y:5": 1.3191809032419213, "y:6": 1.33532484723683, "y:7": 1.3523095445993798, "y:8": 1.32752730749454, "y:9": 1.3420573524543138, "y:10": 14.852836947591683}, "8": {"y:0": 1.354777093429991, "y:1": 1.3419309339164978, "y:2": 1.3468712682534514, "y:3": 1.3436349178179934, "y:4": 1.3470960396798117, "y:5": 1.340076173305729, "y:6": 1.3378952478308133, "y:7": 1.3356841939200985, "y:8": 1.3349066190373, "y:9": 1.3449390684072817, "y:10": 14.81263468817203}, "9": {"y:0": 1.3569243728970655, "y:1": 1.3625273847140396, "y:2": 1.3556331205486098, "y:3": 1.3496244980388001, "y:4": 1.36126836086919, "y:5": 1.362896417420366, "y:6": 1.3655661048263643, "y:7": 1.3562840037046464, "y:8": 1.365782409038938, "y:9": 1.3548098863223563, "y:10": 14.783142731361297}}