{"0": {"y:0": 69.94935229305634, "y:1": 5.659149661054501, "y:2": 4.199242590130991, "y:3": 3.836856176844817, "y:4": 3.562105500603333, "y:5": 3.2738700736633266, "y:6": 3.063313459853125, "y:7": 2.912681052548399, "y:8": 2.826035852520485, "y:9": 2.708755945311888}, "1": {"y:0": 73.24297421984507, "y:1": 7.933415204592649, "y:2": 6.04023736477293, "y:3": 5.115174387385781, "y:4": 4.526499909313927, "y:5": 4.111968128215776, "y:6": 4.12307100983732, "y:7": 3.9720160939053657, "y:8": 3.8179274483085894, "y:9": 3.652564535399763}, "2": {"y:0": 72.92793263732483, "y:1": 18.915963024510987, "y:2": 13.673813212568115, "y:3": 11.930437116429866, "y:4": 10.406788978941433, "y:5": 10.113072460368405, "y:6": 9.088072045465466, "y:7": 8.436045292924874, "y:8": 8.21528633971567, "y:9": 8.019849047049949}, "3": {"y:0": 74.18217610546967, "y:1": 11.138196602243339, "y:2": 8.711478888808283, "y:3": 7.518950077498351, "y:4": 6.886301701810889, "y:5": 6.522846402932267, "y:6": 6.211656164736501, "y:7": 6.035375627209827, "y:8": 5.729965169765517, "y:9": 5.618507743239312}, "4": {"y:0": 76.09850487123894, "y:1": 11.011283079055596, "y:2": 10.740700686930241, "y:3": 10.259413411206477, "y:4": 9.687419475191348, "y:5": 9.273832783897827, "y:6": 8.95064460008584, "y:7": 8.313727569420479, "y:8": 8.153855896153845, "y:9": 7.714917732193436}, "5": {"y:0": 72.49158682051366, "y:1": 11.239436872101907, "y:2": 11.284333868592782, "y:3": 10.911697918614811, "y:4": 10.53936560683105, "y:5": 9.80372758587596, "y:6": 9.299909098140702, "y:7": 8.772282216234027, "y:8": 8.365460791952227, "y:9": 8.03215337100903}, "6": {"y:0": 74.90409510464474, "y:1": 12.287115393301528, "y:2": 12.544201708193073, "y:3": 13.39771025267799, "y:4": 13.20010237971581, "y:5": 12.937621872015393, "y:6": 12.1546815991175, "y:7": 11.566366457016239, "y:8": 10.705876486556463, "y:9": 9.922757379465148}, "7": {"y:0": 74.95990132528054, "y:1": 16.40568001628395, "y:2": 14.69975961683268, "y:3": 15.643272817123691, "y:4": 15.560687214043973, "y:5": 14.992502914291265, "y:6": 14.018745574730822, "y:7": 12.926807077847021, "y:8": 11.813874847314613, "y:9": 11.035432252786604}, "8": {"y:0": 74.73883001486475, "y:1": 21.55712226959482, "y:2": 18.898458848806026, "y:3": 21.751080314538505, "y:4": 22.317763398807983, "y:5": 22.163816480892365, "y:6": 20.00674414114351, "y:7": 18.035498801626066, "y:8": 16.171733484377587, "y:9": 14.59359303857691}, "9": {"y:0": 76.67661979404883, "y:1": 30.010671074954296, "y:2": 25.78477483879311, "y:3": 28.551728882953345, "y:4": 31.600290099780956, "y:5": 31.04230404244676, "y:6": 28.88742465471365, "y:7": 25.042541835328354, "y:8": 21.99256361600587, "y:9": 19.40431767790085}, "10": {"y:0": 75.71361953958538, "y:1": 39.06078034307612, "y:2": 34.05611620901786, "y:3": 37.55522139728737, "y:4": 42.12979598271053, "y:5": 42.332941433867916, "y:6": 38.86108318653975, "y:7": 34.50468765101602, "y:8": 30.4412072835961, "y:9": 28.189748992772824}, "11": {"y:0": 73.80637962010591, "y:1": 40.59248068333593, "y:2": 37.35239758948076, "y:3": 41.75143179801758, "y:4": 48.633883870020505, "y:5": 49.19544337176522, "y:6": 46.72270731020053, "y:7": 42.5419724212969, "y:8": 38.97112166271191, "y:9": 36.51582282949249}, "12": {"y:0": 74.75235793655936, "y:1": 50.27783917214798, "y:2": 46.686563149404634, "y:3": 49.45272386281385, "y:4": 54.39603946453537, "y:5": 55.17195675371312, "y:6": 53.77015026740022, "y:7": 49.614338761076084, "y:8": 46.683028980768164, "y:9": 43.39423574476543}, "13": {"y:0": 74.294014655227, "y:1": 53.076522076748944, "y:2": 49.483522106547596, "y:3": 53.38070813614751, "y:4": 58.99151317361043, "y:5": 62.5055078805042, "y:6": 60.08221551407697, "y:7": 57.59847701279776, "y:8": 54.095785975981734, "y:9": 50.53882154690345}, "14": {"y:0": 73.77413380045797, "y:1": 57.14001711354895, "y:2": 52.8983051536965, "y:3": 56.94859352595602, "y:4": 60.86499469790464, "y:5": 64.9586749553488, "y:6": 61.91522599552234, "y:7": 59.619367190258174, "y:8": 55.67776870932138, "y:9": 55.139196149075154}, "15": {"y:0": 73.01598974076425, "y:1": 58.64242145002309, "y:2": 55.732651513917354, "y:3": 59.565753579714006, "y:4": 64.21372386945937, "y:5": 64.64492672278843, "y:6": 62.554627223487856, "y:7": 58.356445639145775, "y:8": 56.57097384994689, "y:9": 54.82639499083641}, "16": {"y:0": 74.18592411240647, "y:1": 60.93401733881107, "y:2": 58.405411695872914, "y:3": 61.987336193112405, "y:4": 65.37615526598036, "y:5": 66.30311222152315, "y:6": 64.68029324545718, "y:7": 61.14366425669876, "y:8": 58.68885926639395, "y:9": 56.15604136786783}}