{"13": {"y:0": 0.03843757123974113, "y:1": 0.07775671245871599, "y:2": 0.062103659511711276, "y:3": 0.0723193754474137, "y:4": 0.04960432147554902, "y:5": 0.0511866166578228, "y:6": 0.04467492284070107, "y:7": 0.09040492460482141, "y:8": 0.030947569155892467, "y:9": 0.07380223797029822, "y:10": 0.09582328147379957, "y:11": 0.12962070117715918, "y:12": 0.11780755451177342, "y:13": 0.1490420320602553, "y:14": 0.11351663266413056, "y:15": 0.08868712520384169, "y:16": 0.12058412268472432, "y:17": 0.1809363001622777, "y:18": 0.17657121545546323, "y:19": 0.1620190765769678, "y:20": 0.04977564088367125, "y:21": 0.09139655009840497, "y:22": 0.0904748312572625, "y:23": 0.048180401464080556, "y:24": 0.07899155064666911, "y:25": 0.06930996271443667, "y:26": 0.10221025493379067, "y:27": 0.23276322356385637, "y:28": 0.06931337481328408, "y:29": 0.1465199157119168, "y:30": 0.023194465871469925, "y:31": 0.07202387470809704}}