{"0": {"y:0": 0.058825318638543705, "y:1": 0.006376881809736743, "y:2": 0.07171141867578679, "y:3": 0.00656700313138967, "y:4": 0.015182462987234515, "y:5": 0.0038050037327370186, "y:6": 0.010685988754830336, "y:7": 0.006479696366219386, "y:8": 0.006909343505237394, "y:9": 0.007551856179747403, "y:10": 0.00448288356262418, "y:11": 0.003770696350748352, "y:12": 0.01316341461791643, "y:13": 0.0030808662831642896, "y:14": 0.014463833393731402, "y:15": 0.00656865249882192, "y:16": 0.006288558657854351, "y:17": 0.009257374070143357, "y:18": 0.004228907387944456, "y:19": 0.0034662787413410395, "y:20": 0.01661408004771682, "y:21": 0.0034202570635571074, "y:22": 0.025216911026197393, "y:23": 0.007160720317688288, "y:24": 0.015059740853714606, "y:25": 0.011397878357132128, "y:26": 0.004660246588074718, "y:27": 0.011250428674834811, "y:28": 0.004353787821586996, "y:29": 0.002869276617725924}, "1": {"y:0": 0.06387238992604259, "y:1": 0.006418414044814359, "y:2": 0.06997809841269641, "y:3": 0.006550099667824896, "y:4": 0.015532075923058775, "y:5": 0.004130554797019265, "y:6": 0.010847493890388742, "y:7": 0.006883144723260927, "y:8": 0.007030533609596696, "y:9": 0.007515301708300462, "y:10": 0.00445750569250082, "y:11": 0.003909255624598649, "y:12": 0.012778228392268479, "y:13": 0.003147410867000938, "y:14": 0.014769410075403215, "y:15": 0.006903566644713996, "y:16": 0.006193182205293394, "y:17": 0.009324924023103833, "y:18": 0.004220365135944071, "y:19": 0.0035389859384717115, "y:20": 0.01581878860128595, "y:21": 0.003448351069465973, "y:22": 0.025732516210093797, "y:23": 0.00709988426196437, "y:24": 0.014739729680646293, "y:25": 0.012130286508184759, "y:26": 0.004640977116697086, "y:27": 0.011861515034483093, "y:28": 0.004356727766904192, "y:29": 0.002885110656646911}, "2": {"y:0": 0.07151022821242546, "y:1": 0.006439740545846403, "y:2": 0.0730739802639708, "y:3": 0.0065421171506164656, "y:4": 0.015189261631466982, "y:5": 0.006390163078861813, "y:6": 0.010845416621397897, "y:7": 0.022865860721524602, "y:8": 0.00698837324012252, "y:9": 0.016514709859105164, "y:10": 0.00443750462440506, "y:11": 0.006251463504366738, "y:12": 0.012698189812489212, "y:13": 0.004329871270859786, "y:14": 0.015147250178419554, "y:15": 0.013909671454982847, "y:16": 0.006194839681907363, "y:17": 0.012200888637609519, "y:18": 0.004233038516549781, "y:19": 0.00456978909628985, "y:20": 0.015803987285833893, "y:21": 0.004273658963817391, "y:22": 0.025322891551840445, "y:23": 0.0112403081146825, "y:24": 0.014569903043119723, "y:25": 0.01022166772828576, "y:26": 0.004633623135581377, "y:27": 0.00985722203975655, "y:28": 0.004383372609998987, "y:29": 0.0032030323954143594}, "3": {"y:0": 0.06791484430447199, "y:1": 0.0065183923936174715, "y:2": 0.07398871042879925, "y:3": 0.00667313503960212, "y:4": 0.01523347438182276, "y:5": 0.00741926871038527, "y:6": 0.010843307661966096, "y:7": 0.04505210151111618, "y:8": 0.0070243889215540695, "y:9": 0.027156280609372887, "y:10": 0.004445760730886831, "y:11": 0.008030246167990864, "y:12": 0.012763067531240851, "y:13": 0.005011944285363928, "y:14": 0.01507979161120065, "y:15": 0.028785745637811878, "y:16": 0.006193516632577228, "y:17": 0.02064076552206489, "y:18": 0.004254544247593126, "y:19": 0.005634146181355186, "y:20": 0.016055839954342142, "y:21": 0.005242040934390329, "y:22": 0.02590579834414636, "y:23": 0.023621023714801, "y:24": 0.014768583131824834, "y:25": 0.01417563470268724, "y:26": 0.004604313839086407, "y:27": 0.01499324716329723, "y:28": 0.004354860997600923, "y:29": 0.003840568785725242}, "4": {"y:0": 0.06986929883768442, "y:1": 0.0064287172738271324, "y:2": 0.07257602234917304, "y:3": 0.006521516655444737, "y:4": 0.014837611972296971, "y:5": 0.007767001306827316, "y:6": 0.010846192228913476, "y:7": 0.046615868196455766, "y:8": 0.006993070251470103, "y:9": 0.02628467165606218, "y:10": 0.004439282078218012, "y:11": 0.008526658026480876, "y:12": 0.012940666393934703, "y:13": 0.0053337457565445475, "y:14": 0.01479606831214494, "y:15": 0.03541413934506331, "y:16": 0.006170547920488387, "y:17": 0.019999128830614832, "y:18": 0.004219886038396655, "y:19": 0.006129298140918979, "y:20": 0.016227602953413713, "y:21": 0.005740130772868815, "y:22": 0.026299363148908118, "y:23": 0.02893069442243014, "y:24": 0.014738901117136003, "y:25": 0.013257724764115894, "y:26": 0.004613391174674499, "y:27": 0.014033330527863142, "y:28": 0.004365414609029496, "y:29": 0.004107418382264318}, "5": {"y:0": 0.07965689802327458, "y:1": 0.006454637255261259, "y:2": 0.07779132169009882, "y:3": 0.006593774013053568, "y:4": 0.015000362643146662, "y:5": 0.007769204095086637, "y:6": 0.01087399810035104, "y:7": 0.0637870107770485, "y:8": 0.006986850421880589, "y:9": 0.030251849379289476, "y:10": 0.004448142019363473, "y:11": 0.008475462588044038, "y:12": 0.013005200871254998, "y:13": 0.005304702186897073, "y:14": 0.014680487130148044, "y:15": 0.04605359777521373, "y:16": 0.006222530246334451, "y:17": 0.022745480315236183, "y:18": 0.004247435332834021, "y:19": 0.006160667486194498, "y:20": 0.016280720014172398, "y:21": 0.005785489146329579, "y:22": 0.025462250437902952, "y:23": 0.03525720560287656, "y:24": 0.014720134155143396, "y:25": 0.01473194221262042, "y:26": 0.0046439271706724345, "y:27": 0.016062518627203034, "y:28": 0.004366173820154173, "y:29": 0.004146086252608121}, "6": {"y:0": 0.07464434304822747, "y:1": 0.006467660408558375, "y:2": 0.07221005808064032, "y:3": 0.006537488554704695, "y:4": 0.015235782691240528, "y:5": 0.007871278707373296, "y:6": 0.010899369401353295, "y:7": 0.05954703366108116, "y:8": 0.007004396564656545, "y:9": 0.028637391901361418, "y:10": 0.004445917759357338, "y:11": 0.008788401360795247, "y:12": 0.012944747570182383, "y:13": 0.005438613216714436, "y:14": 0.014882537320883772, "y:15": 0.049952914935651446, "y:16": 0.0062101029894710115, "y:17": 0.02210097904418796, "y:18": 0.004233091633956972, "y:19": 0.0062961819309708825, "y:20": 0.01612803079180504, "y:21": 0.005939222282394401, "y:22": 0.02577191361045418, "y:23": 0.04098688630327494, "y:24": 0.014825048451155953, "y:25": 0.014313755526748542, "y:26": 0.004627953751502271, "y:27": 0.01567525587284212, "y:28": 0.004379814909450617, "y:29": 0.004246938629832543}, "7": {"y:0": 0.07330926699927225, "y:1": 0.006445780378323585, "y:2": 0.07586185662294631, "y:3": 0.006562331989884934, "y:4": 0.015149533556970088, "y:5": 0.007787087771016655, "y:6": 0.010872877842115925, "y:7": 0.06000124785083613, "y:8": 0.0069790294269900435, "y:9": 0.029351491035747457, "y:10": 0.004436545797244925, "y:11": 0.00859066073592758, "y:12": 0.012857979387672634, "y:13": 0.005385231125599516, "y:14": 0.014950953349677193, "y:15": 0.04635495855456193, "y:16": 0.006198118028765233, "y:17": 0.022598460991514063, "y:18": 0.004232249051182769, "y:19": 0.006211671827856785, "y:20": 0.01615984951447593, "y:21": 0.005852685105975101, "y:22": 0.025704521718876785, "y:23": 0.037847491017689285, "y:24": 0.014775088502660173, "y:25": 0.014639302169648741, "y:26": 0.004625848483043284, "y:27": 0.016051395891620995, "y:28": 0.004374226181682555, "y:29": 0.004183228110003821}, "8": {"y:0": 0.07234972305637312, "y:1": 0.006444376122061984, "y:2": 0.07494200619256715, "y:3": 0.006556327292328494, "y:4": 0.01521274833379539, "y:5": 0.007862678601647508, "y:6": 0.010848189054449781, "y:7": 0.06256579691137205, "y:8": 0.006988175663164873, "y:9": 0.028931660090256533, "y:10": 0.004440558766767069, "y:11": 0.008693443188235703, "y:12": 0.0129031517058483, "y:13": 0.00543785840147637, "y:14": 0.014789480538721152, "y:15": 0.0498543575405843, "y:16": 0.00620773291064108, "y:17": 0.022361170044909156, "y:18": 0.004235184793034518, "y:19": 0.006298412383899635, "y:20": 0.016053291885320457, "y:21": 0.005928721258716851, "y:22": 0.02578914586096069, "y:23": 0.04223167472832047, "y:24": 0.014781814429144889, "y:25": 0.014538407036103552, "y:26": 0.00461907844633036, "y:27": 0.015919426139432057, "y:28": 0.00436242882828694,