{"0": {"s1": 0.015213527887178354, "s2": 1.535951587134817}, "1": {"s1": 0.015682181582142015, "s2": 1.4679112500434264}, "2": {"s_theta": 1.5411110179363279}, "3": {"s_theta": 1.9500281530903762}, "4": {"s_theta": 4.051168934506648}, "5": {"s_theta": 7.468737016480255}, "6": {"s_theta": 15.596542428614864}}