{"0": {"y:0": 0.011722470521919829, "y:1": 0.1784153522701015, "y:2": 0.3996861655888888, "y:3": 0.39968597197414735, "y:4": 0.3455527097321561, "y:5": 0.043462824223885164, "y:6": 0.0018948188076532166}}