{"0": {"y:0": 37.7419575361832, "y:1": 3.2605833544633263, "y:2": 2.0648930012218636, "y:3": 1.730878586673538, "y:4": 1.5532496049930953, "y:5": 1.4615190852686843, "y:6": 1.4172987497609058, "y:7": 1.3964036141155438, "y:8": 1.322256019351535, "y:9": 1.2841911981879566}, "1": {"y:0": 36.093196793028596, "y:1": 3.5032647589257944, "y:2": 2.1474522906545888, "y:3": 1.7640793586140906, "y:4": 1.5981382495735357, "y:5": 1.490997835813941, "y:6": 1.4529055947693865, "y:7": 1.4453262333243289, "y:8": 1.3503843689890298, "y:9": 1.3470873788084723}, "2": {"y:0": 74.22975213787215, "y:1": 16.322588419314805, "y:2": 11.896908603953301, "y:3": 10.234097096827911, "y:4": 8.615304818364308, "y:5": 8.06016974538149, "y:6": 7.5942716465655495, "y:7": 6.949976403521572, "y:8": 6.7927727059246, "y:9": 6.364810909450403}, "3": {"y:0": 36.466895191425984, "y:1": 4.824372648189908, "y:2": 3.503465653554121, "y:3": 3.1740108049226565, "y:4": 3.020849790578378, "y:5": 2.9284505899490885, "y:6": 2.8749795503141713, "y:7": 2.884262712344308, "y:8": 2.641463928039823, "y:9": 2.7439905356453247}, "4": {"y:0": 36.314840446990395, "y:1": 4.967514809280324, "y:2": 4.772834600706808, "y:3": 4.736244485327865, "y:4": 4.660665050459316, "y:5": 4.426895474729593, "y:6": 4.382011763273664, "y:7": 4.236213688173668, "y:8": 3.754348524546934, "y:9": 3.8432992579347225}, "5": {"y:0": 36.155249340666224, "y:1": 5.74637152414472, "y:2": 5.3337569080508045, "y:3": 5.6030020168831, "y:4": 5.714603577607163, "y:5": 5.434665539638574, "y:6": 5.480541472394487, "y:7": 5.255235494772557, "y:8": 4.6411098329922265, "y:9": 4.634110072477194}, "6": {"y:0": 36.29326699789136, "y:1": 7.747342041296979, "y:2": 6.0818948234308525, "y:3": 6.546259994274641, "y:4": 6.839352511031181, "y:5": 6.696668520960468, "y:6": 6.644689806650809, "y:7": 6.336583124037163, "y:8": 5.760161467836531, "y:9": 5.581196347135183}, "7": {"y:0": 36.50262741510428, "y:1": 13.810331768101063, "y:2": 9.300973751895704, "y:3": 9.896183348429204, "y:4": 11.24495495314012, "y:5": 11.20439477402717, "y:6": 10.939801106382943, "y:7": 8.73275019081008, "y:8": 8.712028954445541, "y:9": 7.142484092129488}, "8": {"y:0": 35.48520433494995, "y:1": 14.271419871452897, "y:2": 10.842671390540785, "y:3": 12.105612876114373, "y:4": 14.56416917066703, "y:5": 14.746799476946197, "y:6": 14.080449189897529, "y:7": 11.001781781617877, "y:8": 10.672402222853654, "y:9": 8.990889765422416}, "9": {"y:0": 36.948429551894684, "y:1": 19.131153168334766, "y:2": 15.527318744669483, "y:3": 17.40507614166372, "y:4": 20.397549394814202, "y:5": 20.29374529639127, "y:6": 18.47515108377505, "y:7": 13.487353968777466, "y:8": 13.436393620874899, "y:9": 12.288016235195514}, "10": {"y:0": 36.53031954366552, "y:1": 21.750985998002413, "y:2": 18.019313301206353, "y:3": 20.039444219450868, "y:4": 23.182920582702504, "y:5": 24.582894667919486, "y:6": 22.33656818714869, "y:7": 15.831404782020897, "y:8": 15.24700845150233, "y:9": 16.019254805597285}, "11": {"y:0": 37.37573377424961, "y:1": 24.893952852125786, "y:2": 21.800043467502668, "y:3": 24.039619962751676, "y:4": 27.694806827158384, "y:5": 27.977196341799843, "y:6": 24.266256298403324, "y:7": 16.144644728660445, "y:8": 16.276905339814526, "y:9": 17.50925993187605}, "12": {"y:0": 36.82585704392708, "y:1": 24.1224143956341, "y:2": 23.28521274405022, "y:3": 25.361892765570737, "y:4": 28.545845254228883, "y:5": 28.64674685587309, "y:6": 25.89921512538323, "y:7": 17.965257494057845, "y:8": 16.799110296099787, "y:9": 21.639558002199134}, "13": {"y:0": 36.76096599650569, "y:1": 25.740994050111166, "y:2": 25.660131311753727, "y:3": 27.60138688071254, "y:4": 31.20678367112628, "y:5": 31.669876072610627, "y:6": 27.009289058436334, "y:7": 17.840761231785176, "y:8": 17.49754485721454, "y:9": 23.05805009402693}, "14": {"y:0": 36.94083205601113, "y:1": 26.610769505271023, "y:2": 26.752241792907796, "y:3": 29.17779684362409, "y:4": 32.0752197750017, "y:5": 31.72514259203606, "y:6": 27.831095096278478, "y:7": 18.328586144880457, "y:8": 17.5736690182636, "y:9": 23.969093679812527}, "15": {"y:0": 36.6867971704088, "y:1": 26.61026672869331, "y:2": 26.856562818514703, "y:3": 29.228567898436836, "y:4": 31.86959347653859, "y:5": 32.42462607893036, "y:6": 27.319097938724447, "y:7": 18.11782513415869, "y:8": 18.41913082919684, "y:9": 24.969473490241096}, "16": {"y:0": 36.67173810332231, "y:1": 26.61114527607351, "y:2": 27.58600377192238, "y:3": 29.32117438180148, "y:4": 32.060716552504, "y:5": 32.13440476790767, "y:6": 28.365939505327137, "y:7": 18.932708495381817, "y:8": 17.702707813767937, "y:9": 25.73108341790957}}