{"0": {"y:0": 76.39470023796609, "y:1": 7.995037156444348, "y:2": 5.8722547493025266, "y:3": 5.191332026140023, "y:4": 4.606765424765381, "y:5": 4.311740030302724, "y:6": 4.081165274847148, "y:7": 3.891023899883614, "y:8": 3.876856398278097, "y:9": 3.643230119312256}}