{"0": {"y:0": 0.1185941007679133, "y:1": 0.02687887385819114, "y:2": 0.12622731109609456, "y:3": 0.018281631080139114, "y:4": 0.11036654374585979, "y:5": 0.015145606226653582, "y:6": 0.13718102619230346, "y:7": 0.01748604778042887, "y:8": 0.11040890188469625, "y:9": 0.01976855967119973, "y:10": 0.1517292460309731, "y:11": 0.02406176438295333, "y:12": 0.14206103796779543, "y:13": 0.02830134321534117, "y:14": 0.14614479939026956, "y:15": 0.03134098593721688, "y:16": 0.13654575050517978, "y:17": 0.03486921045302758, "y:18": 0.12725203025796333, "y:19": 0.03249331590829911, "y:20": 0.13617517599990223, "y:21": 0.032592826399746096, "y:22": 0.11154728514853787, "y:23": 0.03250414948471408, "y:24": 0.1326145675138884, "y:25": 0.03607345067963064, "y:26": 0.12712514222658838, "y:27": 0.04003205878029527, "y:28": 0.1414247361024553, "y:29": 0.03867926185078669}, "1": {"y:0": 0.1191269616401604, "y:1": 0.024913889024138897, "y:2": 0.13066991049360835, "y:3": 0.01755176775488385, "y:4": 0.14097030688275752, "y:5": 0.01554423363826591, "y:6": 0.13927654450705623, "y:7": 0.01424668277654701, "y:8": 0.1528028333798773, "y:9": 0.01537408591952919, "y:10": 0.1486438865628192, "y:11": 0.016779143992019425, "y:12": 0.14514075259941467, "y:13": 0.01921362394141624, "y:14": 0.15048786331097833, "y:15": 0.02046251278200644, "y:16": 0.1287330084465608, "y:17": 0.022177361919630954, "y:18": 0.14279267281185481, "y:19": 0.02696583618464541, "y:20": 0.14208518935871414, "y:21": 0.029540673915053703, "y:22": 0.1367436197176615, "y:23": 0.03259369555440234, "y:24": 0.15438764430106658, "y:25": 0.03409417416910269, "y:26": 0.13207546458607122, "y:27": 0.032724000661955854, "y:28": 0.14088529091408838, "y:29": 0.03676573217893377}, "2": {"y:0": 0.12021406244895304, "y:1": 0.0793995212412896, "y:2": 0.1292319041126395, "y:3": 0.05560905119569196, "y:4": 0.13478869505900956, "y:5": 0.04351343984238334, "y:6": 0.1445954738434765, "y:7": 0.03923946849133207, "y:8": 0.13682982307556657, "y:9": 0.03618852363163959, "y:10": 0.14245591241122416, "y:11": 0.032496464930640005, "y:12": 0.1370773112308469, "y:13": 0.0292352766187068, "y:14": 0.14430760109565027, "y:15": 0.02701112564419039, "y:16": 0.14164995668755562, "y:17": 0.026085796544920783, "y:18": 0.15073618096949606, "y:19": 0.02545370215307539, "y:20": 0.1416547858557263, "y:21": 0.02330960144155544, "y:22": 0.13146337655115045, "y:23": 0.02270404060003716, "y:24": 0.14418073684675178, "y:25": 0.020782089229866078, "y:26": 0.12692241365619572, "y:27": 0.02084494802278028, "y:28": 0.15090268980958246, "y:29": 0.02069283137074277}, "3": {"y:0": 0.11447133230088465, "y:1": 0.06930305078407449, "y:2": 0.11033171408491053, "y:3": 0.05756063741326643, "y:4": 0.1252470057097296, "y:5": 0.05100833878490904, "y:6": 0.11268826489243138, "y:7": 0.04559059037161827, "y:8": 0.12930660857581888, "y:9": 0.03876118932787394, "y:10": 0.11915636496618653, "y:11": 0.03649699980194995, "y:12": 0.11531464918099216, "y:13": 0.033227421970413694, "y:14": 0.13913323504402744, "y:15": 0.03177602766947157, "y:16": 0.12335866438985549, "y:17": 0.02959638214974716, "y:18": 0.12964975371935658, "y:19": 0.027655132617783247, "y:20": 0.13032074982336647, "y:21": 0.02657021244932998, "y:22": 0.13284540043385437, "y:23": 0.02512692715329341, "y:24": 0.12929922023450877, "y:25": 0.025243155597253437, "y:26": 0.13020231272901817, "y:27": 0.02338315467126767, "y:28": 0.12811408273639086, "y:29": 0.022130789564942906}, "4": {"y:0": 0.09597699549337642, "y:1": 0.05552508897955817, "y:2": 0.11107499765399326, "y:3": 0.05208522285132057, "y:4": 0.11561906957310147, "y:5": 0.04302748367370552, "y:6": 0.11905754431172487, "y:7": 0.039789141840785074, "y:8": 0.12081681029608489, "y:9": 0.03588791243571099, "y:10": 0.12131241223168344, "y:11": 0.03208197849624123, "y:12": 0.12164757646056533, "y:13": 0.031300320814196085, "y:14": 0.11478404917557726, "y:15": 0.027807000386115333, "y:16": 0.11739065935413899, "y:17": 0.02714947886394462, "y:18": 0.11565727856775948, "y:19": 0.026895610489550366, "y:20": 0.11936949966376219, "y:21": 0.02399328746235443, "y:22": 0.1177328249870492, "y:23": 0.022855597016642592, "y:24": 0.1019638853082656, "y:25": 0.02296956908209443, "y:26": 0.11491786704224803, "y:27": 0.02238717211300446, "y:28": 0.11141328957109108, "y:29": 0.020902363503743783}, "5": {"y:0": 0.06833537438315156, "y:1": 0.03313042927981613, "y:2": 0.08174764529209788, "y:3": 0.024272356243448954, "y:4": 0.08998356762258722, "y:5": 0.019895391333077207, "y:6": 0.09345756773644492, "y:7": 0.018172472358312087, "y:8": 0.09048183679834164, "y:9": 0.017254146478474213, "y:10": 0.09118614405490166, "y:11": 0.016469868675134284, "y:12": 0.09384775424974987, "y:13": 0.015688183851321976, "y:14": 0.10190010663972987, "y:15": 0.015065102041087509, "y:16": 0.09278014306555615, "y:17": 0.015177533287466712, "y:18": 0.08555146726415885, "y:19": 0.01572086882970038, "y:20": 0.09107808895728618, "y:21": 0.01585712776971546, "y:22": 0.09291911772382509, "y:23": 0.016480283584692126, "y:24": 0.09213524523601134, "y:25": 0.017325189718180728, "y:26": 0.0932921701889159, "y:27": 0.01772214290094966, "y:28": 0.09229957682911465, "y:29": 0.018629039357788615}, "6": {"y:0": 0.06083535146716659, "y:1": 0.020159580773269042, "y:2": 0.0499639290890547, "y:3": 0.029205627483569387, "y:4": 0.04985976182140227, "y:5": 0.035667023849424925, "y:6": 0.04265824976271373, "y:7": 0.041551477879075656, "y:8": 0.03950897271576739, "y:9": 0.04644386304194118, "y:10": 0.04033638220471058, "y:11": 0.046850843471419955, "y:12": 0.03722160261027542, "y:13": 0.05030152817535459, "y:14": 0.03554581379361789, "y:15": 0.05186812032640685, "y:16": 0.03502427416346106, "y:17": 0.05195969470053226, "y:18": 0.031450228851619244, "y:19": 0.057877906813557985, "y:20": 0.031027211307305978, "y:21": 0.06250772681836023, "y:22": 0.030281236699418172, "y:23": 0.0587040582790523, "y:24": 0.028911845171964518, "y:25": 0.06581463621167949, "y:26": 0.028894107311814042, "y:27": 0.07127318002718082, "y:28": 0.02919766592315297, "y:29": 0.06467172728309531}, "7": {"y:0": 0.0766654647278911, "y:1": 0.035282638083829185, "y:2": 0.07003370565763066, "y:3": 0.05102594779186789, "y:4": 0.05821911034519275, "y:5": 0.056043360334551914, "y:6": 0.05390590488457686, "y:7": 0.057138098458887926, "y:8": 0.04398098572251249, "y:9": 0.05987028123072725, "y:10": 0.043492883640177345, "y:11": 0.06627780214583154, "y:12": 0.040503426754019765, "y:13": 0.07591074051342415, "y:14": 0.03993774778368817, "y:15": 0.06310396957303484, "y:16": 0.031900182432599705, "y:17": 0.07226750414279026, "y:18": 0.03094723394135015, "y:19": 0.07554001728499748, "y:20": 0.02585284421455682, "y:21": 0.07912249608710918, "y:22": 0.026588078769597942, "y:23": 0.08226604955499847, "y:24": 0.024441597217420445, "y:25": 0.07686312628634456, "y:26": 0.0218366217461939, "y:27": 0.08633541574645583, "y:28": 0.020362650381202087, "y:29": 0.08969360640741662}, "8": {"y:0": 0.04484166228373316, "y:1": 0.02067395412010008, "y:2": 0.05562328732148203, "y:3": 0.014525899741114784, "y:4": 0.051258579855446997, "y:5": 0.014067739488230724, "y:6": 0.05589952262536666, "y:7": 0.014679434155922128, "y:8": 0.054865500973819134, "y:9": 0.015350717645572505, "y:10": 0.05123077852441002, "y:11": 0.016777385942650283, "y:12": 0.05191192020685938, "y:13": 0.018504080801242998, "y:14": 0.045215646909542405, "y:15": 0.020401966392128715, "y:16": 0.04613354706717664, "y:17": 0.020560884143545975, "y:18": 0.047695033053449264, "y:19": 0.022867001542011316, "y:20": 0.050367355248333294, "y:21": 0.025055033080343063, "y:22": 0.045628346768516244, "y:23": 0.02691930823000371, "y:24": 0.05159452597098892, "y:25": 0.031987569287217, "y:26": 0.048136601874028184, "y:27": 0.03308136247049353, "y:28": 0.051142186396976326, "y:29": 0.04067765589526175}, "9": {"y:0": 0.04980851451422458, "y:1": 0.0191288368803587, "y:2": 0.06849543177481159, "y:3": 0.014053047132531108, "y:4": 0.07828604972291231,