{"0": {"y:0": 74.81538297895479, "y:1": 6.586586303083961, "y:2": 5.0474432308045145, "y:3": 4.241728433786278, "y:4": 3.787084264739322, "y:5": 3.4441337259929354, "y:6": 3.240104127728015, "y:7": 3.136118210215196, "y:8": 3.03272132590688, "y:9": 2.933173330658857}}