{"0": {"y:0": 25.909576968031715, "y:1": 3.180988216309928, "y:2": 2.4434795248309156, "y:3": 1.7013949902165784, "y:4": 1.4700170482944768, "y:5": 1.4309956947936848, "y:6": 1.2839535272782305, "y:7": 1.2590517225440976, "y:8": 1.2589126443925103, "y:9": 1.261088660392619}, "1": {"y:0": 27.029040122962048, "y:1": 3.3535044715218665, "y:2": 2.6256022458683757, "y:3": 1.8041788305789632, "y:4": 1.53643464281864, "y:5": 1.5198958570414565, "y:6": 1.3585919030874367, "y:7": 1.3482291131563124, "y:8": 1.3129368755025672, "y:9": 1.3292459332914388}, "2": {"y:0": 27.04497057316001, "y:1": 5.476675331947146, "y:2": 6.8251377380087055, "y:3": 2.7900304848630904, "y:4": 2.347418686829107, "y:5": 2.3823490476901696, "y:6": 2.044744901175117, "y:7": 2.0377564081219166, "y:8": 1.9498469205406743, "y:9": 2.035762024979498}, "3": {"y:0": 27.32490617848499, "y:1": 5.597135337460243, "y:2": 3.7049902558988617, "y:3": 3.450018978794229, "y:4": 2.9797760810057983, "y:5": 3.0899920524518345, "y:6": 2.648430049251862, "y:7": 2.671995283121823, "y:8": 2.5679490754040795, "y:9": 2.654222190899449}, "4": {"y:0": 26.02647953561828, "y:1": 6.618345799602233, "y:2": 3.351853122799616, "y:3": 4.676690366725932, "y:4": 4.07497395410364, "y:5": 4.246848982561145, "y:6": 3.590623329939355, "y:7": 3.6294856272416083, "y:8": 3.377767927237622, "y:9": 3.588796408168942}, "5": {"y:0": 26.780533734968287, "y:1": 7.5368769459303975, "y:2": 3.102848242058084, "y:3": 5.88612313593424, "y:4": 5.608853595466674, "y:5": 5.813771057284381, "y:6": 4.978283626890682, "y:7": 5.049242941970971, "y:8": 4.681652948767364, "y:9": 4.6392414511266855}, "6": {"y:0": 26.854034603042145, "y:1": 13.029095525917707, "y:2": 3.8958045037272133, "y:3": 9.464885006723676, "y:4": 8.60566285696268, "y:5": 9.926839514889702, "y:6": 8.49336553062463, "y:7": 8.592035896985703, "y:8": 7.838489794771388, "y:9": 6.2779908712975345}, "7": {"y:0": 26.196532592583935, "y:1": 14.66961055426633, "y:2": 3.8810370602993993, "y:3": 11.677747357582408, "y:4": 10.652034821155247, "y:5": 13.72130260298923, "y:6": 11.429283839882926, "y:7": 11.285447714189413, "y:8": 9.982884568138102, "y:9": 7.2401789796682}, "8": {"y:0": 27.601967896378465, "y:1": 16.59895181702762, "y:2": 3.7683492786166735, "y:3": 13.348235615463365, "y:4": 12.584931263666132, "y:5": 16.683350961124553, "y:6": 14.97069589400993, "y:7": 14.183147540789381, "y:8": 12.542160084749497, "y:9": 8.40873992326029}, "9": {"y:0": 26.675017294264222, "y:1": 19.319462482363125, "y:2": 3.6404703303043755, "y:3": 16.655621436885372, "y:4": 15.926304014444485, "y:5": 18.948538483073172, "y:6": 17.16052008097336, "y:7": 17.383561844629703, "y:8": 15.02917842117684, "y:9": 10.678456562216066}, "10": {"y:0": 26.42393267834474, "y:1": 22.54063937212041, "y:2": 3.5364867167721434, "y:3": 19.859592956738805, "y:4": 19.557665711829795, "y:5": 19.58175533280722, "y:6": 20.269305214031217, "y:7": 22.328971889954136, "y:8": 19.425065973056522, "y:9": 13.91129198260326}, "11": {"y:0": 26.554561067581556, "y:1": 25.62553639959989, "y:2": 3.5212816921003927, "y:3": 23.48849243906434, "y:4": 22.40622550763021, "y:5": 19.850924235231563, "y:6": 22.1016972242048, "y:7": 24.711043790264082, "y:8": 21.591484856248616, "y:9": 16.09849258071953}, "12": {"y:0": 26.772424820130105, "y:1": 26.752261731008257, "y:2": 3.52391421319854, "y:3": 25.019526301317573, "y:4": 24.026712958429975, "y:5": 19.313725153220645, "y:6": 23.772447829036803, "y:7": 26.933478062097652, "y:8": 24.793318198571352, "y:9": 18.39123795322302}, "13": {"y:0": 26.74211197826162, "y:1": 29.009417862719143, "y:2": 3.4962776411584846, "y:3": 26.412430859456038, "y:4": 25.37632586336787, "y:5": 19.203904796431868, "y:6": 24.213363562818433, "y:7": 28.831267189409886, "y:8": 24.946224106427152, "y:9": 19.48566304329701}, "14": {"y:0": 26.47357032516254, "y:1": 29.192530092267464, "y:2": 3.507366851117264, "y:3": 26.664269815370393, "y:4": 25.41213627319427, "y:5": 19.475907471514525, "y:6": 24.741895355485006, "y:7": 30.653914466012445, "y:8": 27.08514548221246, "y:9": 20.375451997312755}, "15": {"y:0": 26.58874135110969, "y:1": 31.034721938679418, "y:2": 3.515442808965174, "y:3": 29.112460327106785, "y:4": 26.53848825859805, "y:5": 19.35344755838845, "y:6": 25.372164561919963, "y:7": 30.861000108369154, "y:8": 27.820469588028036, "y:9": 21.268428948642487}}