{"0": {"y:0": 0.007247642423075918, "y:1": 0.009404643682523271, "y:2": 0.002603790061662677, "y:3": 0.005509507502637045, "y:4": 0.0021580245831158956, "y:5": 0.0002456407002600928, "y:6": 0.01678930873156982, "y:7": 0.0007754822483807156, "y:8": 0.029637490637358235, "y:9": 0.010217579230895446, "y:10": 0.008715313601791926, "y:11": 0.013587144304738737, "y:12": 0.0022616730290153375, "y:13": 0.008722478956796549, "y:14": 0.002156236649065443, "y:15": 0.00017815405943482872, "y:16": 0.060895887927108976, "y:17": 0.004738697321713439, "y:18": 0.027249008563495748, "y:19": 0.011044957516934932, "y:20": 0.011016788403650201, "y:21": 0.01467739416314463, "y:22": 0.0019143827848579172, "y:23": 0.011424626839996828, "y:24": 0.03138897914313644, "y:25": 0.0014117592059110066, "y:26": 0.06430788153589331, "y:27": 0.003948124022246061, "y:28": 0.05949168630577012, "y:29": 0.011431188104637849, "y:30": 0.025891324899356853, "y:31": 0.018488321328075034}, "1": {"y:0": 0.007292270055678118, "y:1": 0.009509338856964342, "y:2": 0.0025969005614174946, "y:3": 0.0063438035309561, "y:4": 0.0021606856124532837, "y:5": 0.00024749021074300107, "y:6": 0.016312338940623446, "y:7": 0.0007881004226101183, "y:8": 0.031110833140945492, "y:9": 0.009236444798647549, "y:10": 0.008684736268231713, "y:11": 0.010626575808734643, "y:12": 0.0022601057332026094, "y:13": 0.008222402938963497, "y:14": 0.0021579536478628317, "y:15": 0.00017823766308654754, "y:16": 0.0688263445078809, "y:17": 0.00473007078194255, "y:18": 0.02649294384767038, "y:19": 0.010364079113577647, "y:20": 0.011000304290644247, "y:21": 0.013946581564595733, "y:22": 0.0019120555995130741, "y:23": 0.011085485499711533, "y:24": 0.03109201899068071, "y:25": 0.001406611048094475, "y:26": 0.05509759660189433, "y:27": 0.003931085645409311, "y:28": 0.06747924656917846, "y:29": 0.011142085152187299, "y:30": 0.02506435941753306, "y:31": 0.01761051508265419}, "2": {"y:0": 0.007286194432820821, "y:1": 0.010761654039284169, "y:2": 0.002605199174772211, "y:3": 0.006149602182424243, "y:4": 0.002162441176999187, "y:5": 0.0002465704106247192, "y:6": 0.01664701631190058, "y:7": 0.0007853366356373988, "y:8": 0.030944878917691505, "y:9": 0.011478903804108792, "y:10": 0.008633985691144338, "y:11": 0.013704020675401248, "y:12": 0.0022684136952403895, "y:13": 0.009841527520924705, "y:14": 0.0021543211524397256, "y:15": 0.00017829219317713985, "y:16": 0.0676947186152008, "y:17": 0.004850534855701636, "y:18": 0.02638219939105045, "y:19": 0.012889807849883963, "y:20": 0.011002616370415505, "y:21": 0.017903387352991195, "y:22": 0.0019073902701111042, "y:23": 0.013411038006113816, "y:24": 0.03418075722680534, "y:25": 0.001419678454608537, "y:26": 0.057747298861885135, "y:27": 0.00403902322839846, "y:28": 0.06612917441248926, "y:29": 0.012284910188399941, "y:30": 0.025159809175097553, "y:31": 0.02347590829254799}, "3": {"y:0": 0.007260893458137678, "y:1": 0.012258676776190731, "y:2": 0.0026059557111023915, "y:3": 0.0089902374950855, "y:4": 0.0021671340553238876, "y:5": 0.0002500530393333708, "y:6": 0.016366831376682742, "y:7": 0.0008203902525563397, "y:8": 0.030864003472431692, "y:9": 0.012033601930413711, "y:10": 0.008650485885680282, "y:11": 0.011875119039587002, "y:12": 0.0022625080953988623, "y:13": 0.012446336695375461, "y:14": 0.0021598140909243986, "y:15": 0.00017903815609436483, "y:16": 0.06965378966088932, "y:17": 0.005301774082315151, "y:18": 0.027021094593164527, "y:19": 0.0124497149507359, "y:20": 0.01123296857814313, "y:21": 0.015071748220619392, "y:22": 0.001911287557219672, "y:23": 0.013019840030171464, "y:24": 0.032676973856185745, "y:25": 0.001428642115548691, "y:26": 0.0633104253195469, "y:27": 0.00411413932307327, "y:28": 0.06625948492679316, "y:29": 0.012658093288957808, "y:30": 0.026311684183218338, "y:31": 0.020511854113154593}, "4": {"y:0": 0.00733413556205198, "y:1": 0.012469937197509627, "y:2": 0.002590214048026084, "y:3": 0.010149845459847569, "y:4": 0.0021596891213991666, "y:5": 0.0002510572692246939, "y:6": 0.016493729122810708, "y:7": 0.0008313629377406083, "y:8": 0.031386956997800364, "y:9": 0.014685273806353035, "y:10": 0.008667767256306406, "y:11": 0.014164768440139251, "y:12": 0.002261559900282866, "y:13": 0.018339095688997942, "y:14": 0.002161860595941858, "y:15": 0.00017951880858730728, "y:16": 0.07468893787270603, "y:17": 0.005874170932114945, "y:18": 0.026492132312457534, "y:19": 0.020329863677032108, "y:20": 0.011089374235797445, "y:21": 0.02181662558422382, "y:22": 0.0019125783639276986, "y:23": 0.017945095254762598, "y:24": 0.0334979460655061, "y:25": 0.0014550766227746808, "y:26": 0.06290103034657078, "y:27": 0.00430003291425638, "y:28": 0.07030517416523654, "y:29": 0.014760346147341008, "y:30": 0.026359996983709385, "y:31": 0.027812886279401726}, "5": {"y:0": 0.0073006641054177935, "y:1": 0.012220861456945358, "y:2": 0.0025983301665754364, "y:3": 0.01115685264410419, "y:4": 0.0021597460842793133, "y:5": 0.0002517937177257568, "y:6": 0.01641826497405445, "y:7": 0.0008412675165041145, "y:8": 0.030883098433706478, "y:9": 0.013440117592908994, "y:10": 0.00860753571287146, "y:11": 0.013390419754982943, "y:12": 0.002266459779779076, "y:13": 0.025634845486653055, "y:14": 0.0021572782543243106, "y:15": 0.00018023260282111887, "y:16": 0.07106679212829072, "y:17": 0.006541039237130927, "y:18": 0.02619253188125811, "y:19": 0.02675686285330555, "y:20": 0.011137314719544647, "y:21": 0.022530797065556333, "y:22": 0.0019096701136648213, "y:23": 0.024425054272857766, "y:24": 0.03441380150210613, "y:25": 0.0014857971031142034, "y:26": 0.06071523789270717, "y:27": 0.004569610302806425, "y:28": 0.07439561248007508, "y:29": 0.018118000680096485, "y:30": 0.026295756298750236, "y:31": 0.030300813054917}, "6": {"y:0": 0.0073281793738020065, "y:1": 0.012311124101048164, "y:2": 0.0025993938883723663, "y:3": 0.011379045687725636, "y:4": 0.002164574766675961, "y:5": 0.00025205585721762804, "y:6": 0.016509499969515194, "y:7": 0.0008436049985034423, "y:8": 0.031209230497508348, "y:9": 0.014570830121223234, "y:10": 0.008618925342473263, "y:11": 0.014239506203222521, "y:12": 0.0022680052253204667, "y:13": 0.03296659928016197, "y:14": 0.002160136222026359, "y:15": 0.00018030817606740792, "y:16": 0.07084772879812194, "y:17": 0.006714430365940249, "y:18": 0.02684706643869601, "y:19": 0.035318780056344146, "y:20": 0.011060082296975785, "y:21": 0.030510492130597946, "y:22": 0.0019089313273709379, "y:23": 0.030252048832374475, "y:24": 0.033843662866351876, "y:25": 0.001493109926533417, "y:26": 0.060486053050260766, "y:27": 0.004630180307992999, "y:28": 0.07230007287225146, "y:29": 0.019395242367774047, "y:30": 0.026484307396492945, "y:31": 0.03990239608716499}, "7": {"y:0": 0.00728890045558841, "y:1": 0.012124127280279538, "y:2": 0.0025987764642342423, "y:3": 0.011675113179243498, "y:4": 0.002162485338052149, "y:5": 0.00025221148166725785, "y:6": 0.016385336597782196, "y:7": 0.0008459988230791293, "y:8": 0.031434421782939606, "y:9": 0.013660396372148137, "y:10": 0.008624143699196358, "y:11": 0.01332636016787208, "y:12": 0.002261914864793458, "y:13": 0.03558933447377364, "y:14": 0.0021557048204920914, "y:15": 0.00018047410521361066, "y:16": 0.07089600260830546, "y:17": 0.006977264577657961, "y:18": 0.02646459109196899, "y:19": 0.03553147996973731, "y:20": 0.01114415270893203, "y:21": 0.02581327990230278, "y:22": 0.0019114568165473445, "y:23": 0.032633888462956305, "y:24": 0.033782195386312296, "y:25": 0.0015041164163930429, "y:26": 0.06001034479736484, "y:27": 0.00472842074991075, "y:28": 0.07051858688436148, "y:29": 0.020549512813418987, "y:30": 0.026084078883983303, "y:31": 0.03503706301222287}, "8": {"y:0": 0.007280435701475633, "y:1": 0.012033136804538717, "y:2": 0.002600116965188841, "y:3": 0.01186736120999995, "y:4": 0.002163364786263405, "y:5": 0.00025235092929182967, "y:6": 0.016346423300147073, "y:7": 0.0008478622379842569, "y:8": 0.03153119983275031, "y:9": 0.013751140742339357, "y:10": 0.008608418421265458,