{"0": {"y:0": 0.12650566598455587, "y:1": 0.0253470509036936, "y:2": 0.13960185398094951, "y:3": 0.016832749678598494, "y:4": 0.13371249968670287, "y:5": 0.014707634568314382, "y:6": 0.1313256603310653, "y:7": 0.015397264506456208, "y:8": 0.1310967464024794, "y:9": 0.01798420688466945, "y:10": 0.127461218774083, "y:11": 0.020536074212168715, "y:12": 0.14689036847951603, "y:13": 0.027280893787065944, "y:14": 0.1253441954350383, "y:15": 0.029495946273756988, "y:16": 0.13337169069104873, "y:17": 0.032127844200577155, "y:18": 0.12808490390414848, "y:19": 0.033588009094455064, "y:20": 0.13875649595220296, "y:21": 0.03504590056886438, "y:22": 0.1324156887081937, "y:23": 0.0352556214991207, "y:24": 0.12244550272385259, "y:25": 0.04003041628947373, "y:26": 0.135814773709772, "y:27": 0.04407585833371032, "y:28": 0.1344566397969995, "y:29": 0.05025711802204411, "y:30": 0.16448896339470004, "y:31": 0.04369222110335925}}