{"0": {"y:0": 2.2488516617588976, "y:1": 0.9176371925990308, "y:2": 0.5666817025244044, "y:3": 0.39325699975255085, "y:4": 0.30812900830729284, "y:5": 0.24883514394153242, "y:6": 0.21316561562866745, "y:7": 0.1820508236670042, "y:8": 0.15839083770805087, "y:9": 0.14165040592122963}, "1": {"y:0": 2.0981937444666983, "y:1": 0.8540316787588077, "y:2": 0.5463635666899357, "y:3": 0.4042678546322952, "y:4": 0.3233560020803927, "y:5": 0.2604554080223717, "y:6": 0.21924829931455594, "y:7": 0.1912727014725567, "y:8": 0.1677578600927109, "y:9": 0.1518008541108925}, "2": {"y:0": 4.2601468597879135, "y:1": 2.181703248193277, "y:2": 1.4877655593192787, "y:3": 1.1123138761246143, "y:4": 0.8859696794087801, "y:5": 0.7326142188995213, "y:6": 0.6329336788432888, "y:7": 0.5545118382886844, "y:8": 0.4919361519737131, "y:9": 0.4454814759284972}, "3": {"y:0": 2.96143573212949, "y:1": 1.7381760396977606, "y:2": 1.3234330511016317, "y:3": 1.0836922307556103, "y:4": 0.9115354210905735, "y:5": 0.7936195210095485, "y:6": 0.6954636956692185, "y:7": 0.6382963296611204, "y:8": 0.5796506298424767, "y:9": 0.5222935334683114}, "4": {"y:0": 2.60338647153967, "y:1": 1.5997597500708192, "y:2": 1.278991031369341, "y:3": 1.1158833200339704, "y:4": 1.0487509010398388, "y:5": 0.9959751468023073, "y:6": 0.9489010672195303, "y:7": 0.9075260198481463, "y:8": 0.894837187252794, "y:9": 0.8775280118479701}, "5": {"y:0": 2.506092209541189, "y:1": 1.546698113864147, "y:2": 1.2749010621456363, "y:3": 1.1289336724689274, "y:4": 1.0755889185523593, "y:5": 1.0128492960469366, "y:6": 0.9978338453438871, "y:7": 1.0432498208732377, "y:8": 1.0701146843613007, "y:9": 1.153644060222851}, "6": {"y:0": 2.4134269671686845, "y:1": 1.444338814723949, "y:2": 1.2022813976445352, "y:3": 1.054846577065143, "y:4": 0.9961744706812534, "y:5": 0.974403273535105, "y:6": 0.978410034670641, "y:7": 1.0307901073474188, "y:8": 1.1034816220077268, "y:9": 1.2675599500631054}}