{"0": {"y:0": 0.41068815042227064, "y:1": 0.40473144775478304, "y:2": 0.4111520028057469, "y:3": 0.4029681990769145, "y:4": 0.4074753476690085, "y:5": 0.4122717586256416, "y:6": 0.40455132171067215, "y:7": 0.40538472845947604, "y:8": 0.4166527352509024, "y:9": 0.41099789579928364}, "1": {"y:0": 0.3967777158986655, "y:1": 0.39896120275614766, "y:2": 0.39817112943814237, "y:3": 0.3948841465318851, "y:4": 0.3938845585046297, "y:5": 0.3964300325264752, "y:6": 0.396164011996703, "y:7": 0.39578864860104424, "y:8": 0.39764348024418694, "y:9": 0.39361651177226403}, "2": {"y:0": 0.8425443258938445, "y:1": 0.8444690052091728, "y:2": 0.8601838456281121, "y:3": 0.8350755291515534, "y:4": 0.8407108759195007, "y:5": 0.8445455655742423, "y:6": 0.8359048625890111, "y:7": 0.8523229003538844, "y:8": 0.8369486182420947, "y:9": 0.8407062769262266}, "3": {"y:0": 1.806173608916311, "y:1": 1.7969201457338797, "y:2": 1.7878935471193826, "y:3": 1.7675315048627256, "y:4": 1.8028286495091475, "y:5": 1.8364069260493125, "y:6": 1.768743612098888, "y:7": 1.763893620013368, "y:8": 1.8101754940242283, "y:9": 1.7748030233145096}, "4": {"y:0": 3.063834564521872, "y:1": 2.9763335874777703, "y:2": 2.9720595697442733, "y:3": 2.9140818855785566, "y:4": 2.883959171444537, "y:5": 2.9291668197401974, "y:6": 2.9702293951103496, "y:7": 3.0581081030217736, "y:8": 3.018455154240863, "y:9": 2.973487617773006}, "5": {"y:0": 3.565954445307408, "y:1": 3.5758319480934455, "y:2": 3.6139692235008534, "y:3": 3.520941664674916, "y:4": 3.5483927232731816, "y:5": 3.60506546551574, "y:6": 3.6692850119699276, "y:7": 3.457648676091639, "y:8": 3.555292402982492, "y:9": 3.5287949371893483}, "6": {"y:0": 3.838636779387008, "y:1": 3.841168945183087, "y:2": 3.870788929807887, "y:3": 3.878712715196298, "y:4": 3.858817820726248, "y:5": 3.91683978039084, "y:6": 3.9570057056129335, "y:7": 3.9027340835279185, "y:8": 3.900380351701303, "y:9": 3.946930935410274}, "7": {"y:0": 4.177659242866701, "y:1": 4.181200492708206, "y:2": 4.177534181937974, "y:3": 4.137181272753426, "y:4": 4.165646930948889, "y:5": 4.162286145015128, "y:6": 4.120713914743306, "y:7": 4.1422300653390085, "y:8": 4.154889943430983, "y:9": 4.170375739902688}, "8": {"y:0": 4.310900218396002, "y:1": 4.302300802584989, "y:2": 4.2449689260187276, "y:3": 4.32775871017998, "y:4": 4.239830058786658, "y:5": 4.274493979094443, "y:6": 4.263625176190774, "y:7": 4.2650900190547025, "y:8": 4.255073999045177, "y:9": 4.223066210056486}, "9": {"y:0": 4.530047269048218, "y:1": 4.491078717012462, "y:2": 4.536119986925218, "y:3": 4.5038886200734565, "y:4": 4.492933461042799, "y:5": 4.5277488632124125, "y:6": 4.582608658127144, "y:7": 4.507484294860942, "y:8": 4.513479795945695, "y:9": 4.5707808332269835}}