{"0": {"y:0": 0.0065986054419122555, "y:1": 0.008987711501729343, "y:2": 0.003601989428220059, "y:3": 0.003987752726748295, "y:4": 0.008821035160611765, "y:5": 0.0030664239598997577, "y:6": 0.01825251811001964, "y:7": 0.005473461439042411, "y:8": 0.009599532342480746, "y:9": 0.00725747061086667, "y:10": 0.0031481183507357873, "y:11": 0.00645640424194977, "y:12": 0.06460869337327413, "y:13": 0.015190710752837044, "y:14": 0.022467467025122364, "y:15": 0.005075357675100676, "y:16": 0.013913152465032275, "y:17": 0.008817352073445743, "y:18": 0.004025657069636729, "y:19": 0.009912274383103634, "y:20": 0.006600304182159997, "y:21": 0.002544087663805797, "y:22": 0.017289832512038347, "y:23": 0.0035842439114249997, "y:24": 0.013758141536374497, "y:25": 0.006892133227769586, "y:26": 0.0061463281760510075, "y:27": 0.010790242550162962, "y:28": 0.003513818457081249, "y:29": 0.004058583467227988}, "1": {"y:0": 0.006622147664104575, "y:1": 0.00952516243712249, "y:2": 0.0035954612142073492, "y:3": 0.004652152285239814, "y:4": 0.00866192237812407, "y:5": 0.0035075046769577987, "y:6": 0.01822524916956785, "y:7": 0.006382815509195228, "y:8": 0.009708482456981419, "y:9": 0.008351632595657495, "y:10": 0.0031447680958557834, "y:11": 0.007157686764328222, "y:12": 0.06431880095719054, "y:13": 0.011536451543414619, "y:14": 0.022661101689845583, "y:15": 0.00507395290229015, "y:16": 0.013725702584765865, "y:17": 0.008763116239486736, "y:18": 0.004042119356544388, "y:19": 0.009486430575845525, "y:20": 0.006543968061321343, "y:21": 0.00256755420753828, "y:22": 0.018074401009387373, "y:23": 0.0036483651534587993, "y:24": 0.013556028181936852, "y:25": 0.007161929326681931, "y:26": 0.006097969509118693, "y:27": 0.011114657537306892, "y:28": 0.003516506025639111, "y:29": 0.0040785046042151295}, "2": {"y:0": 0.006575210490299519, "y:1": 0.009584113622641758, "y:2": 0.0035722387412394094, "y:3": 0.006864533949765011, "y:4": 0.00866888797166295, "y:5": 0.005033094391874223, "y:6": 0.018226257359555468, "y:7": 0.01988329349869243, "y:8": 0.009771778196075522, "y:9": 0.015582616051514333, "y:10": 0.003151151243189315, "y:11": 0.016517702003752435, "y:12": 0.0709630705293299, "y:13": 0.006993964583466874, "y:14": 0.022717662422237963, "y:15": 0.008472484843641574, "y:16": 0.013708754515793477, "y:17": 0.012607008445905928, "y:18": 0.004043497554006554, "y:19": 0.01159532435329019, "y:20": 0.006576815443793559, "y:21": 0.0029164842059060015, "y:22": 0.01840918090904284, "y:23": 0.004396853285718805, "y:24": 0.013804429146933823, "y:25": 0.009787770646404875, "y:26": 0.006113018919415609, "y:27": 0.010679608985627224, "y:28": 0.0035141096354418797, "y:29": 0.004625632186981451}, "3": {"y:0": 0.006570132087872232, "y:1": 0.009399046454637223, "y:2": 0.003583311564529546, "y:3": 0.00764382597218547, "y:4": 0.008729524129629544, "y:5": 0.005545862721091834, "y:6": 0.01793807335234752, "y:7": 0.03661301132008442, "y:8": 0.00975690908769337, "y:9": 0.02158510075460954, "y:10": 0.003140612831214267, "y:11": 0.03019589255365995, "y:12": 0.07624236644178312, "y:13": 0.006970829404167916, "y:14": 0.022965539562228778, "y:15": 0.013855232101242804, "y:16": 0.013969248906338865, "y:17": 0.02058592759027941, "y:18": 0.004033065633038218, "y:19": 0.018058037144859998, "y:20": 0.006564573008457426, "y:21": 0.003460358794219728, "y:22": 0.01840031462989636, "y:23": 0.005658105825500144, "y:24": 0.013794074413658998, "y:25": 0.020265251532529786, "y:26": 0.006119373538334548, "y:27": 0.01648680707032442, "y:28": 0.0035138266034419464, "y:29": 0.006335924036220442}, "4": {"y:0": 0.006637975960393652, "y:1": 0.009444580827798827, "y:2": 0.003583084402095861, "y:3": 0.007543940755908984, "y:4": 0.008649103535408239, "y:5": 0.005579159499494813, "y:6": 0.018352118140707765, "y:7": 0.03594056311286559, "y:8": 0.009821014703591485, "y:9": 0.02506626918242458, "y:10": 0.0031463041806195835, "y:11": 0.03850115764757591, "y:12": 0.07471096185083802, "y:13": 0.007296405309425733, "y:14": 0.02299217816878802, "y:15": 0.013895600307477376, "y:16": 0.013704106874856263, "y:17": 0.024253249744392493, "y:18": 0.004032001979161592, "y:19": 0.020631315081019532, "y:20": 0.0065461495369463635, "y:21": 0.003458954684117469, "y:22": 0.018311679971095573, "y:23": 0.005658950586766001, "y:24": 0.013824247552311266, "y:25": 0.021435950858197404, "y:26": 0.006122561467415481, "y:27": 0.01967904821073755, "y:28": 0.00351751448538798, "y:29": 0.006258703724354555}, "5": {"y:0": 0.006595326793897699, "y:1": 0.009592001877150294, "y:2": 0.0035782400240821307, "y:3": 0.007654598260766777, "y:4": 0.008690568166046844, "y:5": 0.005652637283359618, "y:6": 0.018065031326322138, "y:7": 0.04184855451390701, "y:8": 0.00980789257346203, "y:9": 0.02530270983577563, "y:10": 0.0031419795755746422, "y:11": 0.042758469309223904, "y:12": 0.07536316031884685, "y:13": 0.0072060482776225565, "y:14": 0.023058128190459548, "y:15": 0.015111842844167068, "y:16": 0.013874852094837164, "y:17": 0.025250182405791043, "y:18": 0.004042423802867985, "y:19": 0.02170922028944259, "y:20": 0.006552912523806436, "y:21": 0.0035487935858715515, "y:22": 0.018035820369190977, "y:23": 0.005855884458053566, "y:24": 0.013743931282807424, "y:25": 0.02505138576936747, "y:26": 0.006123337776753471, "y:27": 0.020066001493467604, "y:28": 0.003520407867207214, "y:29": 0.0065958864843647875}, "6": {"y:0": 0.006594180319290257, "y:1": 0.009525457088141133, "y:2": 0.003571460418600874, "y:3": 0.007662908769152695, "y:4": 0.008721614737933397, "y:5": 0.00558006152915193, "y:6": 0.018271762591936223, "y:7": 0.04047047075318904, "y:8": 0.009786989822742368, "y:9": 0.02561710676915524, "y:10": 0.00314339056648743, "y:11": 0.043234334408564605, "y:12": 0.07869118291908078, "y:13": 0.007408040272115408, "y:14": 0.02263180418400816, "y:15": 0.014060622173628603, "y:16": 0.013645005807879739, "y:17": 0.027887672610516397, "y:18": 0.004029227729296452, "y:19": 0.024092305606888565, "y:20": 0.006571080124918514, "y:21": 0.0035122653551198633, "y:22": 0.018361898023484643, "y:23": 0.005747497768796592, "y:24": 0.013686655926771384, "y:25": 0.022937834402866203, "y:26": 0.006105188825863166, "y:27": 0.023452725187266803, "y:28": 0.0035200247849364783, "y:29": 0.006413320424938885}, "7": {"y:0": 0.006594169784767912, "y:1": 0.009498740186400281, "y:2": 0.003578234605702778, "y:3": 0.007657025483872523, "y:4": 0.008697475446997411, "y:5": 0.005616974519974108, "y:6": 0.018189889090562156, "y:7": 0.03935951285970376, "y:8": 0.00976227579982296, "y:9": 0.025152600633805696, "y:10": 0.0031472373030975173, "y:11": 0.04352297525188602, "y:12": 0.07369492580160442, "y:13": 0.007326993379495889, "y:14": 0.022774312758317632, "y:15": 0.014163465490057555, "y:16": 0.013741364835832619, "y:17": 0.027253217205496286, "y:18": 0.004034408480426643, "y:19": 0.023411892464248185, "y:20": 0.006556215650187523, "y:21": 0.0035149316717749124, "y:22": 0.018327417721901832, "y:23": 0.005799692800809995, "y:24": 0.01385591733145506, "y:25": 0.024134346610451444, "y:26": 0.0061518891557667205, "y:27": 0.022585854590545445, "y:28": 0.0035205877001783536, "y:29": 0.00643420076902763}, "8": {"y:0": 0.006603631614283504, "y:1": 0.009654737424796143, "y:2": 0.003583189570199332, "y:3": 0.0075634551748399855, "y:4": 0.00872744433875785, "y:5": 0.005526500526818856, "y:6": 0.018194064886899033, "y:7": 0.03613598397310738, "y:8": 0.009767057583189858, "y:9": 0.02919738435763777, "y:10": 0.0031413979572314107, "y:11": 0.04856081468757907, "y:12": 0.0752249439990652, "y:13": 0.007690162989617151, "y:14": 0.022839473450053795, "y:15": 0.013307870383370697, "y:16": 0.013788670810918169, "y:17": 0.033771580723621596, "y:18": 0.004036790523464787, "y:19": 0.029056941627199108, "y:20": 0.006558779215665477, "y:21": 0.0034396541579353353, "y:22": 0.018306576593148074, "y:23": 0.00561137703487581, "y:24": 0.013749129377505866, "y:25": 0.021194072637471632, "y:26": 0.006116698796155738, "y:27": 0.028911307972336653,