{"0": {"y:0": 0.014025179617969685, "y:1": 0.18433521273828246, "y:2": 0.41523675394139264, "y:3": 0.3976779421091684, "y:4": 0.3601341488535485, "y:5": 0.047224983054476276, "y:6": 0.002356537954690576}, "1": {"y:0": 0.01783900700967258, "y:1": 0.19528887674491935, "y:2": 0.39728155726017755, "y:3": 0.4040778549184964, "y:4": 0.35037509131665545, "y:5": 0.051671624169848884, "y:6": 0.002762811243552193}, "2": {"y:0": 0.10771963921295857, "y:1": 0.41932492149701084, "y:2": 0.4856885272507793, "y:3": 0.4863105350747652, "y:4": 0.4415273386018404, "y:5": 0.14502133436288864, "y:6": 0.017104702661628567}, "3": {"y:0": 0.20016291164839944, "y:1": 0.6220804726118216, "y:2": 0.7533693472222582, "y:3": 0.7412940966161755, "y:4": 0.6463933681702659, "y:5": 0.22878196123300584, "y:6": 0.034378434755739644}, "4": {"y:0": 0.4922482394115593, "y:1": 0.8319048847098955, "y:2": 0.862645030498157, "y:3": 0.8686285029337774, "y:4": 0.7444570804944346, "y:5": 0.3476395442769436, "y:6": 0.08578762354666714}, "5": {"y:0": 0.7120686489098431, "y:1": 1.1284983291007353, "y:2": 1.1665147167513341, "y:3": 1.1848782779501217, "y:4": 0.9951349687767088, "y:5": 0.49423094122928524, "y:6": 0.1335966808993002}, "6": {"y:0": 1.0771699848227194, "y:1": 1.4732769920222668, "y:2": 1.5408845771359174, "y:3": 1.500073350052603, "y:4": 1.2376077759761515, "y:5": 0.6903853347943233, "y:6": 0.1968520344984983}, "7": {"y:0": 1.522606559506998, "y:1": 2.0716495071487557, "y:2": 2.092676425985437, "y:3": 2.1171033417083405, "y:4": 1.7785574970518339, "y:5": 0.9261383915921093, "y:6": 0.2700975323737205}, "8": {"y:0": 2.2057207010032873, "y:1": 3.015766085402803, "y:2": 3.204848308153122, "y:3": 3.1603109207296014, "y:4": 2.653434869169705, "y:5": 1.2657498270202623, "y:6": 0.37217513040631434}, "9": {"y:0": 2.9951416757486458, "y:1": 4.3757315404584265, "y:2": 4.65741535679408, "y:3": 4.917789298002274, "y:4": 3.6856458443998337, "y:5": 1.7283325040395863, "y:6": 0.5148123711071438}, "10": {"y:0": 3.892331396145284, "y:1": 5.905831792642042, "y:2": 6.387889954682591, "y:3": 6.656867472428156, "y:4": 4.555990140390271, "y:5": 2.038359863554301, "y:6": 0.7128897851146163}, "11": {"y:0": 5.547070007836748, "y:1": 7.81085941343698, "y:2": 8.451879126537973, "y:3": 8.971628083937917, "y:4": 6.108205092647577, "y:5": 2.7446845975850054, "y:6": 0.9078204803607617}, "12": {"y:0": 6.576447405971295, "y:1": 9.433136707700848, "y:2": 10.710004480790476, "y:3": 10.945600591861025, "y:4": 7.844192772536689, "y:5": 3.6700190775241257, "y:6": 1.2691897053380174}, "13": {"y:0": 7.665955071541497, "y:1": 11.8804346967575, "y:2": 13.86662307131077, "y:3": 12.143039258491005, "y:4": 9.905469635378918, "y:5": 4.725412091573866, "y:6": 1.515289882753926}, "14": {"y:0": 8.369821484915864, "y:1": 12.928061625228882, "y:2": 16.91970090014414, "y:3": 12.742025547329751, "y:4": 12.568368950450305, "y:5": 6.106174319472167, "y:6": 1.8679617763176237}, "15": {"y:0": 7.880919587580037, "y:1": 12.680342120457066, "y:2": 18.797589337759124, "y:3": 13.730820647210255, "y:4": 12.91958726480044, "y:5": 6.3537962066312526, "y:6": 2.106695495288168}, "16": {"y:0": 6.860199927863336, "y:1": 12.216021596800292, "y:2": 20.794075306340712, "y:3": 15.992154659009147, "y:4": 14.634645585250832, "y:5": 7.453268344821154, "y:6": 2.3810046746919915}, "17": {"y:0": 7.8676739621562515, "y:1": 15.013470018617483, "y:2": 22.116285789358276, "y:3": 21.64763364829476, "y:4": 16.167606534183072, "y:5": 9.100444480748125, "y:6": 2.745397447427604}, "18": {"y:0": 8.57768183616021, "y:1": 17.752080345547995, "y:2": 25.603982036871372, "y:3": 27.095751201239228, "y:4": 18.61472356870178, "y:5": 9.804458725326185, "y:6": 3.0811911207850264}, "19": {"y:0": 9.756591231566338, "y:1": 21.65691304799764, "y:2": 31.474917919949128, "y:3": 31.023098149428904, "y:4": 21.685482382834653, "y:5": 11.726425741981954, "y:6": 3.3056375691895736}, "20": {"y:0": 11.460907027402293, "y:1": 26.346932058365773, "y:2": 37.92229450603376, "y:3": 36.90572864901603, "y:4": 23.997310675633496, "y:5": 13.03238872145951, "y:6": 3.5314061758529665}, "21": {"y:0": 12.92047489730847, "y:1": 32.620574662778495, "y:2": 43.27417499495026, "y:3": 42.132512231782634, "y:4": 26.0883292307042, "y:5": 14.77124973682782, "y:6": 4.114416004075736}, "22": {"y:0": 17.952264488811593, "y:1": 40.19686972988398, "y:2": 51.842095767410854, "y:3": 50.545844186981896, "y:4": 32.057413941076945, "y:5": 16.529497372100156, "y:6": 4.2376942794310395}, "23": {"y:0": 18.471082849601, "y:1": 44.30126389112416, "y:2": 55.72941419944162, "y:3": 53.90354779610683, "y:4": 33.27627679061818, "y:5": 18.394284359496524, "y:6": 4.646783023497068}, "24": {"y:0": 22.761545329424482, "y:1": 54.084281903978564, "y:2": 64.50397482224655, "y:3": 55.34598709106237, "y:4": 35.015742660191904, "y:5": 18.784245003411247, "y:6": 5.308717033071102}, "25": {"y:0": 26.78535870429852, "y:1": 63.10103957670754, "y:2": 73.72536848626082, "y:3": 63.88632650518177, "y:4": 38.10069113974147, "y:5": 20.962223100821067, "y:6": 6.173621883921939}, "26": {"y:0": 41.93757331540604, "y:1": 75.34835916780722, "y:2": 74.77110073951452, "y:3": 66.13576195085776, "y:4": 40.0945255102204, "y:5": 20.917230936560376, "y:6": 7.747443940922211}, "27": {"y:0": 48.288243869565775, "y:1": 87.0907428198029, "y:2": 88.52602957774563, "y:3": 69.86852779525337, "y:4": 38.43847380993031, "y:5": 22.038031504700793, "y:6": 8.517892948997009}, "28": {"y:0": 63.699030420402536, "y:1": 97.3981662496296, "y:2": 89.18649784472996, "y:3": 71.3260644133666, "y:4": 39.8692828344019, "y:5": 22.277123317861964, "y:6": 9.860766556528779}, "29": {"y:0": 72.09969043151064, "y:1": 94.83953164050243, "y:2": 87.98911501426572, "y:3": 71.56771483525125, "y:4": 44.043391539201245, "y:5": 25.03582922344159, "y:6": 10.536863753532945}, "30": {"y:0": 91.19160415239762, "y:1": 99.17075066194643, "y:2": 89.7440651134147, "y:3": 71.2058603229044, "y:4": 43.84241369106262, "y:5": 24.76743339392201, "y:6": 11.626672030474698}, "31": {"y:0": 95.30972091913858, "y:1": 107.63725121086378, "y:2": 96.4334538148485, "y:3": 71.546654269876, "y:4": 43.643777753476954, "y:5": 25.82737213949758, "y:6": 11.413066212317243}, "32": {"y:0": 107.99626126560442, "y:1": 114.53542272529192, "y:2": 101.96533983735235, "y:3": 76.19140303130534, "y:4": 46.970252760852595, "y:5": 27.450219737995944, "y:6": 12.331075632685462}, "33": {"y:0": 109.38501764826023, "y:1": 117.31199254431112, "y:2": 94.41644545340083, "y:3": 67.11013381407459, "y:4": 41.75619856914271, "y:5": 23.692578265539442, "y:6": 10.463875904514204}, "34": {"y:0": 116.49967355935391, "y:1": 117.43774339533283, "y:2": 100.0601992317028, "y:3": 73.41050481564507, "y:4": 44.77484303000864, "y:5": 26.099560323470506, "y:6": 12.821799238409026}}