{"0": {"y:0": 0.012934018060684957, "y:1": 0.1748708944922633, "y:2": 0.40748598477787, "y:3": 0.4131037905906886, "y:4": 0.3495309582167109, "y:5": 0.0471461264495854, "y:6": 0.0021829651570161607}, "1": {"y:0": 0.01762048279846496, "y:1": 0.19462554362610082, "y:2": 0.38588565292126176, "y:3": 0.3933087454287744, "y:4": 0.372209716036161, "y:5": 0.05053318699304488, "y:6": 0.0027217579478150526}, "2": {"y:0": 0.09652253648303999, "y:1": 0.39820289215657106, "y:2": 0.4785122574055408, "y:3": 0.4859821899975263, "y:4": 0.47265893094191064, "y:5": 0.15560558211928968, "y:6": 0.015943507281206262}, "3": {"y:0": 0.22357229819939003, "y:1": 0.6368554452116737, "y:2": 0.7270888001904591, "y:3": 0.7201750263245873, "y:4": 0.613103655221334, "y:5": 0.221093069525103, "y:6": 0.034711747768959085}, "4": {"y:0": 0.4872146063786462, "y:1": 0.8433892886061608, "y:2": 0.8861002465626788, "y:3": 0.877136308907666, "y:4": 0.7007283819112387, "y:5": 0.3306729846805506, "y:6": 0.08239011949142133}, "5": {"y:0": 0.6775252436639835, "y:1": 1.0955370852364348, "y:2": 1.2002897634969087, "y:3": 1.2002657153724718, "y:4": 1.012315312275778, "y:5": 0.4948955679514336, "y:6": 0.12568733258200623}, "6": {"y:0": 1.043979905004067, "y:1": 1.538072502176521, "y:2": 1.6301121625792439, "y:3": 1.5785686377735537, "y:4": 1.3022538676478315, "y:5": 0.6689787960161306, "y:6": 0.20253552345551978}, "7": {"y:0": 1.5607348253395572, "y:1": 2.231290065445902, "y:2": 2.321240248529773, "y:3": 2.3012379725033663, "y:4": 1.9130905663398554, "y:5": 0.961111486307836, "y:6": 0.286785189774056}, "8": {"y:0": 2.1926556082526907, "y:1": 3.2277603045006784, "y:2": 3.467368600114053, "y:3": 3.4439337799675336, "y:4": 2.63845369754106, "y:5": 1.3004660181303762, "y:6": 0.41504754814187583}, "9": {"y:0": 3.136092608738526, "y:1": 4.540412528459452, "y:2": 4.998855172868947, "y:3": 4.988630930470258, "y:4": 3.850635340385491, "y:5": 1.7415370563891144, "y:6": 0.6059226835665986}, "10": {"y:0": 4.06514113642062, "y:1": 6.339295571876369, "y:2": 7.094612661341562, "y:3": 7.092289304764783, "y:4": 4.9831751346154265, "y:5": 2.258473483403249, "y:6": 0.7670652608894262}, "11": {"y:0": 5.715727014362385, "y:1": 7.924983405442325, "y:2": 8.973301273540729, "y:3": 8.675483165254436, "y:4": 6.510980597030869, "y:5": 3.175133903987202, "y:6": 0.9993817476853082}, "12": {"y:0": 6.93478646848089, "y:1": 10.178178692013024, "y:2": 11.523158207579558, "y:3": 10.773606617056544, "y:4": 8.478594696573847, "y:5": 3.9115129403082305, "y:6": 1.3244837621882815}, "13": {"y:0": 8.522732627877204, "y:1": 11.82348640645702, "y:2": 13.377246390534907, "y:3": 12.03049772308913, "y:4": 10.705279517292523, "y:5": 5.623943755747652, "y:6": 1.8103729981363461}, "14": {"y:0": 8.689642309862645, "y:1": 13.305670529074545, "y:2": 16.765609632068443, "y:3": 13.088485798307502, "y:4": 13.251646097248653, "y:5": 6.3435664324933585, "y:6": 2.1111548829165825}, "15": {"y:0": 8.043440009098488, "y:1": 12.849078709149563, "y:2": 16.76231202786294, "y:3": 13.098596756644081, "y:4": 14.286279163395681, "y:5": 7.098536665053383, "y:6": 2.29214040892492}, "16": {"y:0": 7.218643062953933, "y:1": 13.245706762814802, "y:2": 19.81307039909606, "y:3": 17.36265122366193, "y:4": 14.555243343563927, "y:5": 7.429031820482599, "y:6": 2.3561437213554615}, "17": {"y:0": 7.727265476541992, "y:1": 15.12863203799416, "y:2": 22.107146858504503, "y:3": 21.136831758981224, "y:4": 17.04771612723225, "y:5": 8.533430187597641, "y:6": 2.7413275148022236}, "18": {"y:0": 9.337461586168745, "y:1": 20.163533529835316, "y:2": 27.472810749577775, "y:3": 27.42962283583306, "y:4": 19.837212363791945, "y:5": 10.301241261223785, "y:6": 3.0229692835117383}, "19": {"y:0": 10.12581465990163, "y:1": 24.69197727495045, "y:2": 32.26140413175561, "y:3": 30.067412694231407, "y:4": 23.72087168542922, "y:5": 11.588630701232535, "y:6": 3.328417136042456}, "20": {"y:0": 12.34834851115019, "y:1": 29.09426206711218, "y:2": 40.68941352479978, "y:3": 39.78974995288776, "y:4": 27.92661480343076, "y:5": 14.977724674445145, "y:6": 3.599178463007922}, "21": {"y:0": 13.453175446818204, "y:1": 34.765152841942275, "y:2": 44.539428048888624, "y:3": 45.18921839308575, "y:4": 29.31519420688376, "y:5": 16.301290186079353, "y:6": 3.9709296817865662}, "22": {"y:0": 16.14396654480646, "y:1": 41.798527660336234, "y:2": 57.48520478147808, "y:3": 53.37466513483307, "y:4": 32.23674871245957, "y:5": 17.321244478191538, "y:6": 4.4214142954821956}, "23": {"s_A": 1.701608230967071, "s_B": 1.4860142727688277, "s_g": 1.3882212156168692, "s_k": 1.3942022689447573}, "24": {"s_A": 1.8571017518239596, "s_B": 1.762900109915342, "s_g": 1.6159551464072337, "s_k": 1.648902154056628}, "25": {"s_A": 1.814346894362706, "s_B": 2.2799331192698467, "s_g": 2.0143591788867696, "s_k": 2.2014833169792025}, "26": {"s_A": 2.1206931318122964, "s_B": 2.591755404595449, "s_g": 2.5319715106144587, "s_k": 2.9190936839479575}, "27": {"s_A": 2.0634876454665743, "s_B": 2.8148944914265144, "s_g": 3.2204567957654033, "s_k": 3.0831902085221072}, "28": {"s_A": 2.1707538246135822, "s_B": 3.0169131894266066, "s_g": 3.252943208971813, "s_k": 3.7124414621976585}, "29": {"s_A": 2.069695408615801, "s_B": 3.254977287236747, "s_g": 3.9867261332085695, "s_k": 4.4719093941893}, "30": {"s_A": 2.1379801890678207, "s_B": 3.2604937129071567, "s_g": 3.9929244777733377, "s_k": 4.801888829299609}, "31": {"s_A": 2.157712159500684, "s_B": 3.1215068304007665, "s_g": 4.222447162602194, "s_k": 4.740880108738616}, "32": {"s_A": 2.3469047666671092, "s_B": 3.487686486263309, "s_g": 4.623142273422204, "s_k": 5.537400530470359}, "33": {"s_A": 2.4736428734894784, "s_B": 3.407427128742758, "s_g": 4.835520576651799, "s_k": 5.705292297217672}, "34": {"s_A": 2.4912223688654356, "s_B": 3.709461736465764, "s_g": 5.036560303616145, "s_k": 5.753572120618759}}