{"0": {"s1": 0.015597755852566536, "s2": 1.37919753381593}, "1": {"s1": 0.014958497217562226, "s2": 1.4325488140571965}, "2": {"s1": 0.021118648895751612, "s2": 1.4442753453004944}, "3": {"s1": 0.032120807801676365, "s2": 1.4161302027891556}, "4": {"s1": 0.04824690270145868, "s2": 1.460571497083292}, "5": {"s1": 0.08680294336781921, "s2": 1.4792768739703914}}