{"0": {"y:0": 0.138482113655637, "y:1": 0.023460624710658143, "y:2": 0.12256540877767458, "y:3": 0.01641002719555303, "y:4": 0.13973742024278243, "y:5": 0.015891373337348216, "y:6": 0.11678592347734855, "y:7": 0.017307792745726552, "y:8": 0.13033306262032002, "y:9": 0.01925563600264725, "y:10": 0.13856412875220653, "y:11": 0.024821400067533687, "y:12": 0.11970376912650263, "y:13": 0.025831086638691245, "y:14": 0.13076304231187083, "y:15": 0.031566757526036326, "y:16": 0.1332024662574169, "y:17": 0.03323286192591936, "y:18": 0.13971018443698857, "y:19": 0.03886294992004956, "y:20": 0.12301617063113368, "y:21": 0.04266469311416777, "y:22": 0.12790420041966663, "y:23": 0.04631941885374444, "y:24": 0.140912964235558, "y:25": 0.046298620736037334, "y:26": 0.12562930460057462, "y:27": 0.04581798815430791, "y:28": 0.13093895369519676, "y:29": 0.050122696746110904, "y:30": 0.12968502117401065, "y:31": 0.04232105305462008}}