{"0": {"y:0": 0.1173021738040878, "y:1": 0.02217654003636416, "y:2": 0.1165735420045724, "y:3": 0.017995234541744377, "y:4": 0.13115269603191881, "y:5": 0.015250714797981724, "y:6": 0.12481284743621528, "y:7": 0.015137031227316126, "y:8": 0.125461588806247, "y:9": 0.01626608873660361, "y:10": 0.1278479411549703, "y:11": 0.01877571099562076, "y:12": 0.12971919133596405, "y:13": 0.021236878355277062, "y:14": 0.11960160988317727, "y:15": 0.025839480468524943, "y:16": 0.14197781194618891, "y:17": 0.024480147959622046, "y:18": 0.13689695868423973, "y:19": 0.030718923623834306, "y:20": 0.14100039657967417, "y:21": 0.03425716116428348, "y:22": 0.14540077268498625, "y:23": 0.03384115561960523, "y:24": 0.13557856297082385, "y:25": 0.041240677285535196, "y:26": 0.13288386783782918, "y:27": 0.03741959564925201, "y:28": 0.15380931554951652, "y:29": 0.03917136411551093, "y:30": 0.13887136756647755, "y:31": 0.043028848404747765}, "1": {"y:0": 0.10537196775393, "y:1": 0.030540889159681506, "y:2": 0.12746688128358097, "y:3": 0.022722034993036783, "y:4": 0.12934434138333425, "y:5": 0.01779558520422937, "y:6": 0.14446858784433514, "y:7": 0.016940623020375346, "y:8": 0.12000607584257993, "y:9": 0.015542139797959242, "y:10": 0.12656038744704332, "y:11": 0.016417294376225487, "y:12": 0.13550513440348091, "y:13": 0.018690968623816712, "y:14": 0.1411790233204263, "y:15": 0.020384589753572643, "y:16": 0.14263941713580822, "y:17": 0.0215752136994443, "y:18": 0.13667104621957793, "y:19": 0.02670388773553327, "y:20": 0.1500793714034472, "y:21": 0.030309011710500443, "y:22": 0.14517202247603214, "y:23": 0.028616662500830524, "y:24": 0.15303325375563384, "y:25": 0.031576554595570926, "y:26": 0.11932607381420426, "y:27": 0.032782118648205676, "y:28": 0.1492406370002976, "y:29": 0.03799464879701254, "y:30": 0.13076258555340878, "y:31": 0.039325024880838826}, "2": {"y:0": 0.11738796731010957, "y:1": 0.07350790360176018, "y:2": 0.14442953942666042, "y:3": 0.06538294236917486, "y:4": 0.14041683417349565, "y:5": 0.05427963156514934, "y:6": 0.1319162276576178, "y:7": 0.043390081779689386, "y:8": 0.13787112686738767, "y:9": 0.04259906397864856, "y:10": 0.15628417296533498, "y:11": 0.03634143008249542, "y:12": 0.14686446399029757, "y:13": 0.032828238642022056, "y:14": 0.1288731751789154, "y:15": 0.03303015938486163, "y:16": 0.13029900162655503, "y:17": 0.030262394705313098, "y:18": 0.13488551381825392, "y:19": 0.0284095619707572, "y:20": 0.13503263516679795, "y:21": 0.025319889036375148, "y:22": 0.13624433801274544, "y:23": 0.02509187909391674, "y:24": 0.13479695162341898, "y:25": 0.024124265662224195, "y:26": 0.14005851360461385, "y:27": 0.021893906214177604, "y:28": 0.13280382737980323, "y:29": 0.02180661907891483, "y:30": 0.1341235679523216, "y:31": 0.021515940083120848}, "3": {"y:0": 0.09002245354789358, "y:1": 0.06437280880035151, "y:2": 0.11335150793358727, "y:3": 0.057849992381334696, "y:4": 0.1182609860476819, "y:5": 0.0505188853911893, "y:6": 0.11820665366826814, "y:7": 0.04631282049047875, "y:8": 0.11841575164282474, "y:9": 0.0392660356205146, "y:10": 0.12055367285512986, "y:11": 0.03683703456846477, "y:12": 0.12112999829743695, "y:13": 0.035435633949766884, "y:14": 0.12851494380931955, "y:15": 0.033105208168371675, "y:16": 0.12050011665141447, "y:17": 0.03067327232213738, "y:18": 0.12338871810295518, "y:19": 0.027863826327661087, "y:20": 0.12590946478867357, "y:21": 0.028752455447225055, "y:22": 0.12078314185715147, "y:23": 0.026352338434372215, "y:24": 0.11756136846600788, "y:25": 0.025673735103159085, "y:26": 0.11081807576332486, "y:27": 0.023781500411551464, "y:28": 0.1243536915984992, "y:29": 0.023371964807685754, "y:30": 0.1150044660771141, "y:31": 0.0227508277188637}, "4": {"y:0": 0.05880178327195158, "y:1": 0.030740217314908613, "y:2": 0.07745401673885106, "y:3": 0.023584748595785365, "y:4": 0.09725900955103818, "y:5": 0.019295002732295338, "y:6": 0.09861581247184807, "y:7": 0.017536477345404526, "y:8": 0.09426547797655467, "y:9": 0.01669477173997496, "y:10": 0.0993331390805581, "y:11": 0.016763608973699988, "y:12": 0.09562850536379885, "y:13": 0.01707405095258823, "y:14": 0.09233378979550233, "y:15": 0.01654135246593399, "y:16": 0.09572464041147975, "y:17": 0.016389525617154333, "y:18": 0.0976310599299899, "y:19": 0.016066816731361056, "y:20": 0.09851628397043077, "y:21": 0.015548969935257718, "y:22": 0.0986360175300858, "y:23": 0.015459156849880239, "y:24": 0.09580963550680072, "y:25": 0.014911475890836443, "y:26": 0.10010238120682498, "y:27": 0.014982312617630186, "y:28": 0.0955707178807589, "y:29": 0.01504060646653252, "y:30": 0.09774799982558467, "y:31": 0.015159606031991665}, "5": {"y:0": 0.04497480691844033, "y:1": 0.01862847115254591, "y:2": 0.060014941767625805, "y:3": 0.013741550160584199, "y:4": 0.07109987605477437, "y:5": 0.011945052351791132, "y:6": 0.08280363562006782, "y:7": 0.011056502422768143, "y:8": 0.08123932563573902, "y:9": 0.011830197947128269, "y:10": 0.08509074985848505, "y:11": 0.012255550627515585, "y:12": 0.09170649383034417, "y:13": 0.012039042194136925, "y:14": 0.08019866246459012, "y:15": 0.012151094647618446, "y:16": 0.08217775476805843, "y:17": 0.011440871564178013, "y:18": 0.08242711260799213, "y:19": 0.012054310609068511, "y:20": 0.0827642454716022, "y:21": 0.012113312175782744, "y:22": 0.09217801445234565, "y:23": 0.012735186836012203, "y:24": 0.08810482055539696, "y:25": 0.013254563939686681, "y:26": 0.08764827402106505, "y:27": 0.013304926568496134, "y:28": 0.09906278122885873, "y:29": 0.014846673627931363, "y:30": 0.08543151033138162, "y:31": 0.01389263738943715}, "6": {"y:0": 0.05853360999701407, "y:1": 0.02188699270865049, "y:2": 0.04921893447679287, "y:3": 0.03279605347729289, "y:4": 0.04663969715038159, "y:5": 0.0391744461141084, "y:6": 0.040686143310751245, "y:7": 0.040602862611931266, "y:8": 0.03289592597268307, "y:9": 0.04562528768633639, "y:10": 0.029502802681225154, "y:11": 0.04845473157012234, "y:12": 0.027368556792294958, "y:13": 0.05144555016407615, "y:14": 0.025986024361856527, "y:15": 0.04966313065337664, "y:16": 0.02461811006202302, "y:17": 0.054744359921725154, "y:18": 0.021986250705485755, "y:19": 0.05600203560708174, "y:20": 0.022118773854075555, "y:21": 0.0636845296074577, "y:22": 0.021691395708079014, "y:23": 0.061686562318121856, "y:24": 0.01997850842567183, "y:25": 0.06760605826059074, "y:26": 0.018303868999337725, "y:27": 0.07218292918987793, "y:28": 0.01755280889996847, "y:29": 0.07465034401428378, "y:30": 0.017187662999420913, "y:31": 0.08120482312273888}, "7": {"y:0": 0.04721389500337224, "y:1": 0.019462382507235955, "y:2": 0.03480343600767391, "y:3": 0.025383636501077715, "y:4": 0.032721692474491665, "y:5": 0.028014262839292887, "y:6": 0.033134825199761256, "y:7": 0.03202806049148692, "y:8": 0.029090958909075156, "y:9": 0.04008546616332275, "y:10": 0.02729977493209723, "y:11": 0.0431784907027568, "y:12": 0.027305014063031246, "y:13": 0.043478326484434525, "y:14": 0.027667096898522137, "y:15": 0.047293001765177, "y:16": 0.025278716934810447, "y:17": 0.050413906851330015, "y:18": 0.023051424340006375, "y:19": 0.0550332212235579, "y:20": 0.023413081518678526, "y:21": 0.0526790671801553, "y:22": 0.02307674225893781, "y:23": 0.06219653386304123, "y:24": 0.02468117906056126, "y:25": 0.06787465267063897, "y:26": 0.024562634349412586, "y:27": 0.06793615198621143, "y:28": 0.02332634221663614, "y:29": 0.06840846545690461, "y:30": 0.02340151577693906, "y:31": 0.07311110739782643}, "8": {"y:0": 0.022041851667305663, "y:1": 0.01607824987824408, "y:2": 0.03082310312053939, "y:3": 0.01032221133611476, "y:4": 0.04063619422055032, "y:5": 0.008961237901780104, "y:6": 0.045103807896022544, "y:7": 0.010444339389689243, "y:8": 0.05250563833714786, "y:9": 0.011194255089747801, "y:10": 0.05432288606750379, "y:11": 0.012164031220085768, "y:12": 0.0525423656606984, "y:13": 0.012208241844018532, "y:14": 0.05268981818651901, "y:15": 0.01262184285018819, "y:16": 0.0557350736304755, "y:17": 0.013158942009593099,