{"0": {"y:0": 0.005138094457967887, "y:1": 0.012230280590573218, "y:2": 0.0005360317730402585, "y:3": 0.0002771815717021874, "y:4": 0.016390898228871707, "y:5": 0.003920128132833629, "y:6": 0.011101386287670136, "y:7": 0.006916450907277321, "y:8": 0.0005657241053569959, "y:9": 0.0010034438875305952, "y:10": 0.004401914138848566, "y:11": 0.004279981791715348, "y:12": 0.000781823163940795, "y:13": 0.00033621067050269626, "y:14": 0.01319426691918484, "y:15": 0.004306492123786407, "y:16": 0.00941226200254761, "y:17": 0.0062553620035368405, "y:18": 0.004184693675844457, "y:19": 0.004726699564425928, "y:20": 0.009292052383972233, "y:21": 0.0029215989401246353, "y:22": 0.027695468364691257, "y:23": 0.004834004633948615, "y:24": 0.01735997173878288, "y:25": 0.009216971504241668, "y:26": 0.004289264512235213, "y:27": 0.009489652897539086, "y:28": 0.004639368817875055, "y:29": 0.0020986488584606683, "y:30": 0.02415694147762118, "y:31": 0.003759164953897435}, "1": {"y:0": 0.005143529190317579, "y:1": 0.013236417105571894, "y:2": 0.0005362303419488366, "y:3": 0.00027774442825137665, "y:4": 0.016145444181514073, "y:5": 0.004066813092161165, "y:6": 0.011110127069514723, "y:7": 0.007909445965723537, "y:8": 0.000566447352016603, "y:9": 0.001000014458639907, "y:10": 0.004421930183249358, "y:11": 0.004287996809807933, "y:12": 0.0007821558982699211, "y:13": 0.0003360633850107576, "y:14": 0.013149691440114524, "y:15": 0.00454584263090397, "y:16": 0.009382853667820065, "y:17": 0.006401743101552627, "y:18": 0.00416049972187153, "y:19": 0.004659700545967611, "y:20": 0.009407983037110934, "y:21": 0.002931818907698184, "y:22": 0.027737034753364215, "y:23": 0.004797434941790801, "y:24": 0.017519591561070552, "y:25": 0.009224999068905339, "y:26": 0.004275700153917199, "y:27": 0.009960976441730326, "y:28": 0.004648715379294805, "y:29": 0.0021041519224959332, "y:30": 0.02413800322884765, "y:31": 0.0037667716283834316}, "2": {"y:0": 0.005108450913896197, "y:1": 0.023662296578380752, "y:2": 0.0005359507868971826, "y:3": 0.000284019997628918, "y:4": 0.016298885694724444, "y:5": 0.006918460135770702, "y:6": 0.010951547676146235, "y:7": 0.02197299688901884, "y:8": 0.0005664252733818305, "y:9": 0.0011144291415566838, "y:10": 0.004436844853941396, "y:11": 0.007223059583239376, "y:12": 0.0007816217722635763, "y:13": 0.00034664375896894547, "y:14": 0.013013403559286851, "y:15": 0.007226070970400627, "y:16": 0.00933252860718488, "y:17": 0.012013704986027664, "y:18": 0.004144578311700772, "y:19": 0.006995039912062214, "y:20": 0.00930946458084413, "y:21": 0.0035785010594899538, "y:22": 0.028051521069619886, "y:23": 0.006463464540556041, "y:24": 0.017958724335552838, "y:25": 0.013144807472025632, "y:26": 0.004268808227264392, "y:27": 0.012080769168670479, "y:28": 0.004679419969267888, "y:29": 0.0022926906989444275, "y:30": 0.02505426975483172, "y:31": 0.004294895186821433}, "3": {"y:0": 0.005133516659089011, "y:1": 0.023412297539632313, "y:2": 0.0005361544160274854, "y:3": 0.00028495481096982945, "y:4": 0.015914895237168332, "y:5": 0.007755885739190986, "y:6": 0.010917601301128527, "y:7": 0.03161555861887916, "y:8": 0.0005662971448631404, "y:9": 0.0011520759860067361, "y:10": 0.0044031924256766105, "y:11": 0.009587574332033881, "y:12": 0.0007816658904440825, "y:13": 0.00035107357616150005, "y:14": 0.013189027910039158, "y:15": 0.010198132075124534, "y:16": 0.009324006814007243, "y:17": 0.027854179446109118, "y:18": 0.004138198265042516, "y:19": 0.010340877497680397, "y:20": 0.009190902625564145, "y:21": 0.004414043907720851, "y:22": 0.028893721160323797, "y:23": 0.010203374364895821, "y:24": 0.018041720391273372, "y:25": 0.02233445367390141, "y:26": 0.00428123940589334, "y:27": 0.019795878710472378, "y:28": 0.004647358432760536, "y:29": 0.0026791144710901047, "y:30": 0.025222762191767056, "y:31": 0.0058853411342270606}, "4": {"y:0": 0.00512305874723805, "y:1": 0.022630788487901652, "y:2": 0.0005360839827157875, "y:3": 0.00028531134938223566, "y:4": 0.016143024656896522, "y:5": 0.00813600331567293, "y:6": 0.011067719632804267, "y:7": 0.033024518321930305, "y:8": 0.0005664724781534222, "y:9": 0.0011618404346431259, "y:10": 0.004423012551300285, "y:11": 0.010584106044347865, "y:12": 0.0007810553063157477, "y:13": 0.00035206712255709426, "y:14": 0.012866628215520695, "y:15": 0.011578223893036095, "y:16": 0.009226641362348312, "y:17": 0.040758351694068044, "y:18": 0.00414336161916331, "y:19": 0.012343720275550531, "y:20": 0.009368663841252222, "y:21": 0.004721786005503213, "y:22": 0.02798348886309369, "y:23": 0.012018556611257558, "y:24": 0.017431539087411855, "y:25": 0.025674411413621045, "y:26": 0.004256719411213073, "y:27": 0.022124237767458088, "y:28": 0.004660357976456924, "y:29": 0.0028178890708179245, "y:30": 0.025463542083039727, "y:31": 0.0066722048906324915}, "5": {"y:0": 0.005120716288120894, "y:1": 0.02257866999244343, "y:2": 0.0005362869976211723, "y:3": 0.0002852944309072505, "y:4": 0.01619155307903884, "y:5": 0.008232544145010748, "y:6": 0.011035775582139688, "y:7": 0.03127425161704423, "y:8": 0.0005664714542834965, "y:9": 0.0011640181476883684, "y:10": 0.004401707914393899, "y:11": 0.010633789112220886, "y:12": 0.0007819346154855379, "y:13": 0.0003524484435167682, "y:14": 0.012979574733954852, "y:15": 0.011864309407904493, "y:16": 0.009275442005817569, "y:17": 0.045131414005740174, "y:18": 0.004166440594874031, "y:19": 0.012864541531143029, "y:20": 0.009379081617899417, "y:21": 0.004782073586247887, "y:22": 0.028283962796621254, "y:23": 0.012492256431304853, "y:24": 0.017554980636677823, "y:25": 0.024507017702646194, "y:26": 0.004280913310130624, "y:27": 0.020867511445533466, "y:28": 0.004644527333268941, "y:29": 0.0028586113623670487, "y:30": 0.025358855357068524, "y:31": 0.006927280179857649}, "6": {"y:0": 0.005126824233372215, "y:1": 0.02272990768530635, "y:2": 0.0005362243185376577, "y:3": 0.0002853546153704056, "y:4": 0.01626225909084873, "y:5": 0.008169559894058012, "y:6": 0.011006958296833826, "y:7": 0.031916775175833786, "y:8": 0.0005665654643228472, "y:9": 0.001164807760135653, "y:10": 0.004417164413737569, "y:11": 0.010834267658082052, "y:12": 0.0007819605979409193, "y:13": 0.00035250520759033606, "y:14": 0.013021698964620082, "y:15": 0.01202486955636739, "y:16": 0.009265477525168965, "y:17": 0.04654901702017829, "y:18": 0.004166868224547135, "y:19": 0.013101160662040584, "y:20": 0.009274737764631032, "y:21": 0.004811230491684633, "y:22": 0.027790331845173252, "y:23": 0.01281059383840639, "y:24": 0.01772528564573436, "y:25": 0.02404866312125499, "y:26": 0.00428025923308914, "y:27": 0.02124252937979729, "y:28": 0.004642063498180225, "y:29": 0.002862888081256955, "y:30": 0.02578964404104776, "y:31": 0.006981147240572375}, "7": {"y:0": 0.0051235366655393985, "y:1": 0.022759393169950563, "y:2": 0.0005362254576103733, "y:3": 0.00028539609939593976, "y:4": 0.016172959001487523, "y:5": 0.008281183369776627, "y:6": 0.010957939697721313, "y:7": 0.031757203020098095, "y:8": 0.0005664117292305661, "y:9": 0.0011670684426604452, "y:10": 0.0044162224304092, "y:11": 0.010969038275041625, "y:12": 0.0007816180575470404, "y:13": 0.0003526953524477534, "y:14": 0.01306820937608459, "y:15": 0.012288351901424938, "y:16": 0.009262439182603704, "y:17": 0.05227105718752535, "y:18": 0.0041501388552683365, "y:19": 0.013518222156051226, "y:20": 0.009288171967811683, "y:21": 0.0048727927396807315, "y:22": 0.027693574297578127, "y:23": 0.013305151743773327, "y:24": 0.017588799774405486, "y:25": 0.023872386804233696, "y:26": 0.004276551272975339, "y:27": 0.02085308818718901, "y:28": 0.004638023607926906, "y:29": 0.0028913808827736847, "y:30": 0.02553342919748582, "y:31": 0.007168715874580436}, "8": {"y:0": 0.005122269177297251, "y:1": 0.02251811646603439, "y:2": 0.0005361402239325899, "y:3": 0.00028537638125929144, "y:4": 0.016238227597029243, "y:5": 0.008288021194295378, "y:6": 0.011062704178015822, "y:7": 0.030850491168015297, "y:8": 0.0005665059604618195, "y:9": 0.0011677109356807878,