{"0": {"y:0": 0.13280382786979228, "y:1": 0.1340052365476267, "y:2": 0.18862623644956253, "y:3": 0.19341002825998552, "y:4": 0.1923358553781688, "y:5": 0.19104261790391533, "y:6": 0.19388557831513675, "y:7": 0.19138030516092333, "y:8": 0.19198410288482062, "y:9": 0.1932005882252566}, "1": {"y:0": 0.1320757817596917, "y:1": 0.13290520747167558, "y:2": 0.20220689178552828, "y:3": 0.20114391258677025, "y:4": 0.20322406254691597, "y:5": 0.20183679947202046, "y:6": 0.20301150989490904, "y:7": 0.20286605948602326, "y:8": 0.20077101064846545, "y:9": 0.20360628877408946}, "2": {"y:0": 0.1504484433105905, "y:1": 0.15095756670050955, "y:2": 0.3598464985367267, "y:3": 0.35866750818193965, "y:4": 0.358032049269197, "y:5": 0.36059708297126813, "y:6": 0.35942876844579175, "y:7": 0.3619062667027478, "y:8": 0.3575993148291541, "y:9": 0.36033210556548256}, "3": {"y:0": 0.16384144164877013, "y:1": 0.16377723542055803, "y:2": 0.6516980493081053, "y:3": 0.7107319204498951, "y:4": 0.7217250262261778, "y:5": 0.6694091672155026, "y:6": 0.730927326261693, "y:7": 0.6974166950611475, "y:8": 0.6726496712157759, "y:9": 0.7265965081272658}, "4": {"y:0": 0.16312539160799933, "y:1": 0.16408200957331973, "y:2": 1.2085300641885963, "y:3": 1.3954162762227402, "y:4": 1.4221063622032317, "y:5": 1.3037007510916538, "y:6": 1.415535457729994, "y:7": 1.35620049459362, "y:8": 1.3132285736120195, "y:9": 1.4228042093338882}, "5": {"y:0": 0.16351253710973446, "y:1": 0.16319288383676445, "y:2": 1.8078866923608068, "y:3": 2.308255860372041, "y:4": 2.4081159480263055, "y:5": 2.0236512110924236, "y:6": 2.2965601546067917, "y:7": 2.2949409301321726, "y:8": 2.0453347416435297, "y:9": 2.3130741948038573}, "6": {"y:0": 0.16272338984946982, "y:1": 0.16290991977346783, "y:2": 2.337666223799505, "y:3": 3.004399942214491, "y:4": 2.8630841920161263, "y:5": 2.6120437746223004, "y:6": 2.7867874522429603, "y:7": 2.917356483515106, "y:8": 2.6492279649162374, "y:9": 2.7529744935768923}, "7": {"y:0": 0.163286903524711, "y:1": 0.1630023222538034, "y:2": 2.3776879996598095, "y:3": 3.1739011878626338, "y:4": 3.049662846721969, "y:5": 2.7311223873828308, "y:6": 2.82877371828173, "y:7": 3.0660273993053306, "y:8": 2.8120253227230934, "y:9": 2.8052376928323857}, "8": {"y:0": 0.16293220842797365, "y:1": 0.16316171580372787, "y:2": 2.4963042518772784, "y:3": 3.2131427509922292, "y:4": 3.25077833517793, "y:5": 2.870275131682313, "y:6": 2.935862149252763, "y:7": 3.225887851359477, "y:8": 2.8190266099451575, "y:9": 2.889698892393071}, "9": {"y:0": 0.16272737027339504, "y:1": 0.1627700820350282, "y:2": 2.5375638699340755, "y:3": 3.204238139417107, "y:4": 3.23585084232455, "y:5": 2.945126222041822, "y:6": 2.826344433917822, "y:7": 3.298273146089667, "y:8": 2.920978736610866, "y:9": 2.8760809464407857}, "10": {"y:0": 0.16293189966165725, "y:1": 0.1629591492849847, "y:2": 2.5454713611646977, "y:3": 3.3305326963901596, "y:4": 3.3252546492298616, "y:5": 2.9716977657693757, "y:6": 2.932579519922355, "y:7": 3.3723248387339666, "y:8": 2.9850603532281426, "y:9": 2.9312059332682954}, "11": {"y:0": 0.16305194762465036, "y:1": 0.16303336876844887, "y:2": 2.5478903681666676, "y:3": 3.3475477084775718, "y:4": 3.287193917009807, "y:5": 2.9798326697011794, "y:6": 2.9081568355925516, "y:7": 3.3321150723446964, "y:8": 2.985289984332772, "y:9": 2.9420394854804592}}