{"0": {"y:0": 0.00031668412406574164, "y:1": 0.035366831295363686, "y:2": 0.3087236540435491, "y:3": 0.2876109888623403, "y:4": 0.14551632829156125, "y:5": 0.009454934602274099, "y:6": 7.379256754839875e-05}, "1": {"y:0": 0.00036422698228701843, "y:1": 0.041094271563399155, "y:2": 0.3095186852220802, "y:3": 0.2838126060574999, "y:4": 0.1498437157940346, "y:5": 0.01025501497080721, "y:6": 8.110024197796092e-05}, "2": {"y:0": 0.002103138432399767, "y:1": 0.10969601596361755, "y:2": 0.49236607304096636, "y:3": 0.5226513266129635, "y:4": 0.24615855856024424, "y:5": 0.025058808113067998, "y:6": 0.00034483882712640825}, "3": {"y:0": 0.004981963405976871, "y:1": 0.21462479428838946, "y:2": 0.7249560031808489, "y:3": 0.781152557590687, "y:4": 0.338816877294744, "y:5": 0.0444757324243091, "y:6": 0.0008166703150626522}, "4": {"y:0": 0.012354343820022822, "y:1": 0.39499607017293803, "y:2": 0.9562652742870613, "y:3": 1.0728965329985576, "y:4": 0.4866773141931036, "y:5": 0.0758138871184623, "y:6": 0.0017217813401134592}, "5": {"y:0": 0.02353611577520151, "y:1": 0.6327879034121829, "y:2": 1.3675926651599204, "y:3": 1.5121080136173208, "y:4": 0.6649448456991899, "y:5": 0.11670483369253477, "y:6": 0.0030388399263069133}, "6": {"y:0": 0.05706381086269685, "y:1": 1.0190877425009126, "y:2": 2.0027563134851785, "y:3": 2.1176875181264276, "y:4": 1.032002949278714, "y:5": 0.190765300500134, "y:6": 0.007720946751786014}, "7": {"y:0": 0.06597961277188863, "y:1": 1.5684285241390397, "y:2": 2.787399546744768, "y:3": 2.859304783125477, "y:4": 1.4353346676353542, "y:5": 0.2829862625669818, "y:6": 0.011593877291083557}, "8": {"s_A": 0.6237716005472974, "s_B": 0.8004252733246459, "s_g": 0.5136126621459863, "s_k": 0.2091972556670628}, "9": {"s_A": 0.8617038871940493, "s_B": 0.9499450196518103, "s_g": 0.42783470341879426, "s_k": 0.2121659807110654}, "10": {"s_A": 0.9335318763534675, "s_B": 1.1466285607039302, "s_g": 0.7748343430330751, "s_k": 0.5459195038737359}, "11": {"s_A": 1.4173859022175523, "s_B": 1.5174745657871844, "s_g": 0.7473562038492999, "s_k": 0.5651765292425664}, "12": {"s_A": 0.6856044360721488, "s_B": 0.7485304341575534, "s_g": 0.8076288955677894, "s_k": 0.6116090593285992}, "13": {"s_A": 0.9408294226960415, "s_B": 0.935247874897182, "s_g": 0.7525068269043494, "s_k": 0.6050612201317358}, "14": {"s_A": 1.0720938960852184, "s_B": 1.1969869561399682, "s_g": 1.3109695841501272, "s_k": 0.5574720437634298}, "15": {"s_A": 1.7426855031655906, "s_B": 2.8271648402232152, "s_g": 1.252760657309707, "s_k": 0.6569854459349856}, "16": {"s_A": 1.7018688382310325, "s_B": 3.367367140749501, "s_g": 1.3553992423431114, "s_k": 0.6946720300868148}, "17": {"s_A": 4.489495064685585, "s_B": 5.8931516836762095, "s_g": 1.2833421283238249, "s_k": 0.8162617973790303}, "18": {"s_A": 4.02304864059464, "s_B": 4.037316272712301, "s_g": 1.2442972706716702, "s_k": 0.8041570062800779}, "19": {"s_A": 5.148218506717883, "s_B": 4.639281905462371, "s_g": 1.256183419752416, "s_k": 0.8183292982899333}, "20": {"s_A": 5.7203872061164525, "s_B": 4.533673839231322, "s_g": 1.2682157548616801, "s_k": 0.8261391483556166}, "21": {"s_A": 8.97464353614201, "s_B": 6.378790102207615, "s_g": 1.274064479539075, "s_k": 0.8281378035619521}, "22": {"s_A": 9.418279921767459, "s_B": 5.876581626866812, "s_g": 1.2656209392829778, "s_k": 0.8282736964993386}, "23": {"s_A": 10.8935538773253, "s_B": 6.34950684641865, "s_g": 1.279100820866951, "s_k": 0.8286588190640738}, "24": {"s_A": 11.003420573684586, "s_B": 8.971784794525718, "s_g": 1.2769393010963597, "s_k": 0.8272158947909316}, "25": {"s_A": 9.041763490809428, "s_B": 7.492085720976698, "s_g": 1.273923689001183, "s_k": 0.8279100407832589}, "26": {"s_A": 12.365952891119303, "s_B": 5.99038661902996, "s_g": 1.2748806102235266, "s_k": 0.8309040891519236}, "27": {"s_A": 12.57884474458232, "s_B": 6.778217330702236, "s_g": 1.2791943659765757, "s_k": 0.8314425102628646}, "28": {"s_A": 9.450689848823506, "s_B": 7.165454970417102, "s_g": 1.2722991553026743, "s_k": 0.8263599170889101}, "29": {"s_A": 13.192365292252422, "s_B": 9.2700503815415, "s_g": 1.2793706715482969, "s_k": 0.8314796622887818}, "30": {"s_A": 7.672277048992198, "s_B": 5.565422759913427, "s_g": 1.2744568285224198, "s_k": 0.8280636037351952}, "31": {"s_A": 6.630336343737541, "s_B": 6.114578817716443, "s_g": 1.2655312539374508, "s_k": 0.8274272398809916}, "32": {"s_A": 7.470272927175687, "s_B": 6.34086672337836, "s_g": 1.27122205959669, "s_k": 0.8281181085267683}, "33": {"s_A": 6.40561136664663, "s_B": 6.0842523156124315, "s_g": 1.2736416402113218, "s_k": 0.8306228170239954}, "34": {"s_A": 11.316520148127232, "s_B": 7.825788160347834, "s_g": 1.2632088059753424, "s_k": 0.832132227121803}, "35": {"s_A": 5.764300935601962, "s_B": 7.076454110496535, "s_g": 1.2815968469345584, "s_k": 0.8323761436259377}, "36": {"s_A": 10.770348026915274, "s_B": 6.6062358598641815, "s_g": 1.2754444081205034, "s_k": 0.8295132071589129}, "37": {"s_A": 13.594127694182996, "s_B": 8.750483947960038, "s_g": 1.2800684181820814, "s_k": 0.8292220709847906}, "38": {"s_A": 7.059167215616186, "s_B": 6.287744553197873, "s_g": 1.2694035367505099, "s_k": 0.8275038756375999}, "39": {"s_A": 11.345236533634647, "s_B": 9.17389806102656, "s_g": 1.2756903204323757, "s_k": 0.8306931695678808}, "40": {"s_A": 10.178277057880283, "s_B": 7.8646189355497125, "s_g": 1.2735325382956881, "s_k": 0.8316712514204455}, "41": {"s_A": 8.19368769275719, "s_B": 4.798909253483235, "s_g": 1.2760921403635193, "s_k": 0.8263762261998364}, "42": {"s_A": 8.092459201509907, "s_B": 5.997470706670791, "s_g": 1.2719116613701233, "s_k": 0.8302407835623102}, "43": {"s_A": 9.200566856598567, "s_B": 6.294373465938687, "s_g": 1.27541198927109, "s_k": 0.8241047760601651}, "44": {"s_A": 11.383240611074225, "s_B": 5.994247441448173, "s_g": 1.2642968883497034, "s_k": 0.8301058197218433}, "45": {"s_A": 8.713520244778056, "s_B": 7.4235474779261255, "s_g": 1.2758770549358478, "s_k": 0.8311299715120719}, "46": {"s_A": 6.577434369035099, "s_B": 6.09924038562899, "s_g": 1.2546672034939823, "s_k": 0.830717577268459}, "47": {"s_A": 10.844745992167836, "s_B": 7.327671825113639, "s_g": 1.2767487296699778, "s_k": 0.8308893976910372}, "48": {"s_A": 10.569417218330672, "s_B": 7.6022556108053125, "s_g": 1.2791430855881853, "s_k": 0.8294917611625013}, "49": {"s_A": 10.202799881205433, "s_B": 7.201263998910303, "s_g": 1.2761525675147969, "s_k": 0.8321805806480718}, "50": {"s_A": 8.431904334306529, "s_B": 6.911971588683336, "s_g": 1.2605294889764904, "s_k": 0.8263939144355317}, "51": {"s_A": 7.259625751349578, "s_B": 5.884773877916506, "s_g": 1.2677008506517298, "s_k": 0.8211127989385221}, "52": {"s_A": 7.773248554052916, "s_B": 7.984487428187561, "s_g": 1.275514986242621, "s_k": 0.830082106290766}, "53": {"s_A": 8.006642780684626, "s_B": 6.462946485668065, "s_g": 1.276132922264023, "s_k": 0.8303047132097374}}