{"23": {"y:0": 0.12762534051122543, "y:1": 0.05348897535824135, "y:2": 0.04472562757129959, "y:3": 0.019579994929841037, "y:4": 0.07082672030363714, "y:5": 0.040104747955966705, "y:6": 0.07021453796652882, "y:7": 0.12048018162194221, "y:8": 0.07948926972042836, "y:9": 0.10564018541181092, "y:10": 0.05451672105593911, "y:11": 0.0874874039293804, "y:12": 0.07288123946690694, "y:13": 0.14645960794643803, "y:14": 0.06367103628121844, "y:15": 0.04553128873217947, "y:16": 0.13401093212072374, "y:17": 0.09398654348379283, "y:18": 0.08361008710469629, "y:19": 0.08324022372093988, "y:20": 0.058153429603552145, "y:21": 0.033091763648603556, "y:22": 0.09434490973182626, "y:23": 0.08522644348695597, "y:24": 0.10991584088663367, "y:25": 0.13220829787781266, "y:26": 0.10152032028480898, "y:27": 0.13268861564264878, "y:28": 0.07139370803284309, "y:29": 0.12052701508945499, "y:30": 0.09070407370078057, "y:31": 0.1326890103197729, "y:32": 0.08685717556449539, "y:33": 0.04968583391633856, "y:34": 0.1378174843883141, "y:35": 0.06542835660630203, "y:36": 0.10252573646659437, "y:37": 0.08060674027739875, "y:38": 0.05949444113153497, "y:39": 0.0992510138402442, "y:40": 0.15784165126810418, "y:41": 0.03847755904170218, "y:42": 0.08230204071036687, "y:43": 0.05495883920198535, "y:44": 0.033531592206515574, "y:45": 0.11774749504237089, "y:46": 0.14204726346471896, "y:47": 0.051289824520738034, "y:48": 0.05590370325156606, "y:49": 0.03410737994102707, "y:50": 0.05014027598641732, "y:51": 0.04668980646572386, "y:52": 0.07692239744180263, "y:53": 0.061273805692934974, "y:54": 0.06318748323856478, "y:55": 0.08281060820255148, "y:56": 0.16561226270577772, "y:57": 0.021060092370365754, "y:58": 0.07204241759387778, "y:59": 0.08265548993576921, "y:60": 0.08940462506054464, "y:61": 0.06768579192749549, "y:62": 0.0854801087944195, "y:63": 0.11358272153045251, "y:64": 0.028753953935995204, "y:65": 0.05803968362595812, "y:66": 0.13905296323993355, "y:67": 0.09101577435772529, "y:68": 0.06784211861664316, "y:69": 0.0543153316687007, "y:70": 0.05565598127022781, "y:71": 0.04342182962838525, "y:72": 0.06915184233306305, "y:73": 0.056221259212747315, "y:74": 0.10060812593235685, "y:75": 0.08028737763751376, "y:76": 0.06878170399936119, "y:77": 0.0945605122879131, "y:78": 0.06326355082234297, "y:79": 0.06883092727103882, "y:80": 0.039086303613128474, "y:81": 0.10026399749466725, "y:82": 0.05242264383815522, "y:83": 0.13099836545003204, "y:84": 0.07316737536660604, "y:85": 0.07665343106684097, "y:86": 0.07110394081812094, "y:87": 0.15367311633969497, "y:88": 0.06328342184043731, "y:89": 0.07999042546421581, "y:90": 0.08413277387316623, "y:91": 0.06428193585977739, "y:92": 0.14810271012808662, "y:93": 0.048076291429640115, "y:94": 0.09323040843577415, "y:95": 0.023860878474157257, "y:96": 0.09751861508434026, "y:97": 0.04642796524605655, "y:98": 0.028798240267350096, "y:99": 0.09666811278400073}}