{"0": {"y:0": 32.488190224120395, "y:1": 3.135030015140125, "y:2": 2.3363090794719787, "y:3": 1.7221746945000824, "y:4": 1.6191960973538981, "y:5": 1.5403390318248753, "y:6": 1.3936396656172703, "y:7": 1.3869775730989315, "y:8": 1.3444630153625923, "y:9": 1.3420508006673602}, "1": {"y:0": 33.05315415618854, "y:1": 3.0771599228396935, "y:2": 2.302012973048849, "y:3": 1.740180572889944, "y:4": 1.6181659621030196, "y:5": 1.551558299020827, "y:6": 1.4207232729262709, "y:7": 1.4133349110986153, "y:8": 1.3641059460140406, "y:9": 1.3674094375107575}, "2": {"y:0": 75.69811920758262, "y:1": 14.919462171590999, "y:2": 11.535260082861326, "y:3": 10.180432462301804, "y:4": 9.124977196734086, "y:5": 8.320041303289281, "y:6": 7.959609047909529, "y:7": 7.591559166769273, "y:8": 7.131202757438922, "y:9": 7.034869809183121}, "3": {"y:0": 32.52329969067131, "y:1": 4.572431224953052, "y:2": 3.8082790602029415, "y:3": 3.179350145567407, "y:4": 3.0641480913451185, "y:5": 2.918149179148888, "y:6": 2.711349657818427, "y:7": 2.7146998652884067, "y:8": 2.60033556035835, "y:9": 2.6356960779254037}, "4": {"y:0": 33.35746381521277, "y:1": 5.158971063968481, "y:2": 5.200054628546303, "y:3": 4.981626103075457, "y:4": 4.998230638027701, "y:5": 4.822538391975323, "y:6": 4.411944557531488, "y:7": 4.370730466606194, "y:8": 4.097481318122039, "y:9": 4.015167753203793}, "5": {"y:0": 31.913685033746127, "y:1": 5.265291912020519, "y:2": 5.507582996473224, "y:3": 5.777027928386552, "y:4": 6.1140247613186975, "y:5": 5.927484509414168, "y:6": 5.47776703207392, "y:7": 5.416161923021117, "y:8": 5.079218245207775, "y:9": 4.86061204653672}, "6": {"y:0": 32.67388785560188, "y:1": 7.137231202453984, "y:2": 6.7655842914389135, "y:3": 6.729714785001706, "y:4": 7.067086988554353, "y:5": 7.036614687587664, "y:6": 6.594745775899829, "y:7": 6.587510699806867, "y:8": 6.063337546838181, "y:9": 5.880117717435072}, "7": {"y:0": 34.16511398802183, "y:1": 9.987645390823461, "y:2": 10.221275814452731, "y:3": 9.095410066505732, "y:4": 11.362114320476175, "y:5": 11.889246958735228, "y:6": 10.809947078111305, "y:7": 9.874122166772496, "y:8": 8.850428643475098, "y:9": 7.534092214010245}, "8": {"y:0": 32.831985826492925, "y:1": 12.709638855976783, "y:2": 12.34240728945273, "y:3": 12.32927165790656, "y:4": 15.394186890170593, "y:5": 16.448070440818004, "y:6": 14.998189633387096, "y:7": 13.378842028085899, "y:8": 11.614607417676735, "y:9": 10.202354725582003}, "9": {"y:0": 31.653243374278926, "y:1": 15.405553751262797, "y:2": 14.574509479752406, "y:3": 15.10437464133388, "y:4": 20.13694879946013, "y:5": 21.205541004196345, "y:6": 19.41556807496492, "y:7": 18.29051207743145, "y:8": 16.57402264693498, "y:9": 14.405947110489516}, "10": {"y:0": 32.41525515070176, "y:1": 18.58293632169972, "y:2": 17.69103231821301, "y:3": 18.285808903184027, "y:4": 23.910372568272308, "y:5": 24.9313178967188, "y:6": 22.209064006022864, "y:7": 20.89734938517366, "y:8": 18.952615604718847, "y:9": 17.092056994055138}, "11": {"y:0": 32.00225952159857, "y:1": 21.268276728092008, "y:2": 17.884301157391572, "y:3": 20.927459714484762, "y:4": 26.289356665904336, "y:5": 26.71279228307821, "y:6": 24.564115274390385, "y:7": 26.614692887465885, "y:8": 23.408750690239795, "y:9": 22.983653679343465}, "12": {"y:0": 32.241867202664615, "y:1": 23.56419075570352, "y:2": 19.518147434730793, "y:3": 22.75413531881989, "y:4": 27.79933048533086, "y:5": 28.202783837433508, "y:6": 26.060353835560317, "y:7": 28.150058287595762, "y:8": 25.469748483963663, "y:9": 25.076788297475296}, "13": {"y:0": 32.521855840723774, "y:1": 24.36551812974871, "y:2": 19.181958643886002, "y:3": 23.795423630037394, "y:4": 30.010366098832325, "y:5": 29.162142225728466, "y:6": 26.740992763948103, "y:7": 29.235340870143705, "y:8": 26.240891949214046, "y:9": 26.968209715269012}, "14": {"y:0": 31.621700202915648, "y:1": 24.884066103353565, "y:2": 20.99535856082234, "y:3": 23.554899437930583, "y:4": 29.93339003172939, "y:5": 29.16515861984813, "y:6": 27.184022525614793, "y:7": 29.309109884161355, "y:8": 27.147343549589213, "y:9": 26.806329901788942}, "15": {"y:0": 32.120772224046355, "y:1": 25.69863164269263, "y:2": 20.305434935971245, "y:3": 25.15537239259185, "y:4": 30.412154911226207, "y:5": 29.656162479285655, "y:6": 27.81114370221252, "y:7": 29.69671374331161, "y:8": 28.040364444919977, "y:9": 27.487821003068646}, "16": {"y:0": 32.47802293094549, "y:1": 25.12846462598607, "y:2": 20.96766113897189, "y:3": 24.407218764465327, "y:4": 30.30445393046212, "y:5": 29.178932684293645, "y:6": 27.58244202720515, "y:7": 29.78794703403718, "y:8": 28.23197081231968, "y:9": 27.81971702363825}}