{"0": {"y:0": 0.11819199947064325, "y:1": 0.03102710105860338, "y:2": 0.1298887013205417, "y:3": 0.02662734080456101, "y:4": 0.1359608134135517, "y:5": 0.019589526516849098, "y:6": 0.1345724049880673, "y:7": 0.01788104121539813, "y:8": 0.13033552467340567, "y:9": 0.014936545824362265, "y:10": 0.14758286152717034, "y:11": 0.015430511756345864, "y:12": 0.134585256721485, "y:13": 0.015350443596798458, "y:14": 0.13291411122596392, "y:15": 0.016463221326861874, "y:16": 0.1414797789894811, "y:17": 0.017242987627174015, "y:18": 0.14857496261787942, "y:19": 0.017886574683169065, "y:20": 0.14807981527659778, "y:21": 0.020123952474123286, "y:22": 0.1261957521112167, "y:23": 0.019593488700792833, "y:24": 0.13981351398527742, "y:25": 0.02140524227820782, "y:26": 0.14768687435698918, "y:27": 0.02195896372986956, "y:28": 0.15091532164706706, "y:29": 0.022443413946338288, "y:30": 0.11915511023915724, "y:31": 0.026216774848724998}, "1": {"y:0": 0.12137077865861655, "y:1": 0.026130871324997144, "y:2": 0.12385035154005662, "y:3": 0.01741596680359241, "y:4": 0.11977360232655791, "y:5": 0.015478934286757878, "y:6": 0.12940735513426377, "y:7": 0.015372503096903408, "y:8": 0.14624935280936785, "y:9": 0.018887388501378496, "y:10": 0.12225738345702167, "y:11": 0.021247917729069015, "y:12": 0.12397542861859111, "y:13": 0.024364396627350193, "y:14": 0.13279709134204623, "y:15": 0.027856195580638787, "y:16": 0.13469508962171245, "y:17": 0.029381196284281447, "y:18": 0.13245782091268163, "y:19": 0.03014246899110182, "y:20": 0.12858277117595637, "y:21": 0.03475614985355362, "y:22": 0.12794374685292667, "y:23": 0.03712268553995206, "y:24": 0.1249799845852031, "y:25": 0.03773759481421267, "y:26": 0.1403853238650821, "y:27": 0.04217265789547009, "y:28": 0.1220989164182141, "y:29": 0.042720154933646164, "y:30": 0.12070555468283527, "y:31": 0.04087211463593904}, "2": {"y:0": 0.10800592797989146, "y:1": 0.07293745105335672, "y:2": 0.1295560585353945, "y:3": 0.061289048384621486, "y:4": 0.12765422235430518, "y:5": 0.05019586317455765, "y:6": 0.13154584408768766, "y:7": 0.0456462707876526, "y:8": 0.12715666769334777, "y:9": 0.03959332814950376, "y:10": 0.13372056432678686, "y:11": 0.03736006223459214, "y:12": 0.12747145030214496, "y:13": 0.03225227378674095, "y:14": 0.13398927970849855, "y:15": 0.030076763950396948, "y:16": 0.12969654383033719, "y:17": 0.027657610715007837, "y:18": 0.12752837992819765, "y:19": 0.02852365013524433, "y:20": 0.12240388436331986, "y:21": 0.025780722461445717, "y:22": 0.12060040268485582, "y:23": 0.02303924321520842, "y:24": 0.12313596102599647, "y:25": 0.02392415416703242, "y:26": 0.13097847550008457, "y:27": 0.02268672888207523, "y:28": 0.14175158949787406, "y:29": 0.023183183121765483, "y:30": 0.12000499618568497, "y:31": 0.021250892110473013}, "3": {"y:0": 0.08546542362352232, "y:1": 0.05178931607433091, "y:2": 0.10579183189785814, "y:3": 0.047972815248995215, "y:4": 0.1119254363091131, "y:5": 0.04143190456341587, "y:6": 0.1181603740128709, "y:7": 0.0403243436801281, "y:8": 0.12155163181581452, "y:9": 0.03982291925962243, "y:10": 0.11931159217680436, "y:11": 0.03390588356474398, "y:12": 0.12161547602519984, "y:13": 0.030702090341784588, "y:14": 0.11936436794935018, "y:15": 0.030015355208001606, "y:16": 0.11591016027133717, "y:17": 0.028723420184204977, "y:18": 0.1129801736891353, "y:19": 0.02733013728216183, "y:20": 0.12161736512803831, "y:21": 0.026483856664174292, "y:22": 0.12381709708283076, "y:23": 0.026056107596101517, "y:24": 0.11910935343272955, "y:25": 0.02449370918092955, "y:26": 0.11675347614853643, "y:27": 0.02468723094421189, "y:28": 0.11823748716269017, "y:29": 0.02318295245534131, "y:30": 0.12025508932311144, "y:31": 0.023404746388821857}, "4": {"y:0": 0.05601859499356415, "y:1": 0.01612939676591072, "y:2": 0.07154485712398383, "y:3": 0.010181891661670458, "y:4": 0.08177705554726031, "y:5": 0.009678756168686674, "y:6": 0.07916475440031251, "y:7": 0.010027586030210664, "y:8": 0.09255249083280861, "y:9": 0.009957160016898312, "y:10": 0.08337649340787137, "y:11": 0.010665027613118896, "y:12": 0.08668988026561958, "y:13": 0.0115423751766535, "y:14": 0.08778652239837931, "y:15": 0.01231968577398413, "y:16": 0.09182971403619952, "y:17": 0.012792942549979754, "y:18": 0.08420319056227753, "y:19": 0.013921245429747509, "y:20": 0.08026441679102388, "y:21": 0.014677958747909808, "y:22": 0.08213140495436849, "y:23": 0.015330933000460246, "y:24": 0.0806259638725756, "y:25": 0.015540601096430925, "y:26": 0.08225386735029629, "y:27": 0.01568725049256798, "y:28": 0.0860147301772135, "y:29": 0.01603910443849396, "y:30": 0.0834910802500566, "y:31": 0.017833710181208086}, "5": {"y:0": 0.045806259406899315, "y:1": 0.013403948468322288, "y:2": 0.04642937990187684, "y:3": 0.014424022117921622, "y:4": 0.046927915312661196, "y:5": 0.01869601978440077, "y:6": 0.04766408577558693, "y:7": 0.019570825733086376, "y:8": 0.04387261852977928, "y:9": 0.023772634918338382, "y:10": 0.04243955958592087, "y:11": 0.026726787346279035, "y:12": 0.04198756294942348, "y:13": 0.027783060274460498, "y:14": 0.042882843023072666, "y:15": 0.03197810820163204, "y:16": 0.04101088192097273, "y:17": 0.03210350257920278, "y:18": 0.03918205603112155, "y:19": 0.03486053463071629, "y:20": 0.03778451691205, "y:21": 0.039536734327357256, "y:22": 0.03839327778394497, "y:23": 0.04207878020555011, "y:24": 0.03866540181070366, "y:25": 0.042880565230076974, "y:26": 0.03617385414463096, "y:27": 0.04457050950948372, "y:28": 0.03896790762800401, "y:29": 0.04911763064574354, "y:30": 0.03549577537388603, "y:31": 0.050214480582765945}, "6": {"y:0": 0.08432477957003719, "y:1": 0.05854463856639088, "y:2": 0.07821141634232824, "y:3": 0.08653739684396977, "y:4": 0.06633194864791638, "y:5": 0.08174324278497763, "y:6": 0.06107910492332321, "y:7": 0.08891463671221304, "y:8": 0.05593585161430759, "y:9": 0.08891996165722019, "y:10": 0.049410791387882555, "y:11": 0.09159347829871993, "y:12": 0.04287549324165034, "y:13": 0.0942471784070281, "y:14": 0.042324928180299475, "y:15": 0.09357228810484633, "y:16": 0.04038190742638233, "y:17": 0.09166591770628665, "y:18": 0.03333610972555035, "y:19": 0.09458222951352523, "y:20": 0.03264851471293629, "y:21": 0.09160862580332746, "y:22": 0.030451441049390578, "y:23": 0.10024212357467231, "y:24": 0.026596813789578844, "y:25": 0.10542291546161331, "y:26": 0.023590780195926288, "y:27": 0.09998994667714194, "y:28": 0.02162366068129671, "y:29": 0.10204672233372955, "y:30": 0.018903035742161702, "y:31": 0.10933502088678913}, "7": {"y:0": 0.055072778482188486, "y:1": 0.018161291772244, "y:2": 0.04541365845636341, "y:3": 0.01980790802565681, "y:4": 0.04145286368375029, "y:5": 0.024065469806082682, "y:6": 0.0363973754441452, "y:7": 0.02950836908322838, "y:8": 0.034055755790714855, "y:9": 0.03041000581929418, "y:10": 0.03142662680210304, "y:11": 0.03227558732152519, "y:12": 0.02744328180201944, "y:13": 0.03555322376098834, "y:14": 0.02669692417871908, "y:15": 0.038923447528901416, "y:16": 0.025199511100295325, "y:17": 0.038197895609235664, "y:18": 0.024168891889742777, "y:19": 0.04658558942047836, "y:20": 0.02107145484653192, "y:21": 0.049044487801776185, "y:22": 0.020083829011178285, "y:23": 0.050877384224029425, "y:24": 0.0202905474152358, "y:25": 0.0535230412940301, "y:26": 0.019124286630922825, "y:27": 0.05940320816857691, "y:28": 0.018908035519669148, "y:29": 0.05830187875702036, "y:30": 0.01876923280612016, "y:31": 0.05811752621828808}, "8": {"y:0": 0.024038044617980047, "y:1": 0.023824338118028473, "y:2": 0.02265537246386803, "y:3": 0.015232433206842887, "y:4": 0.024192237797510546, "y:5": 0.012822693122522783, "y:6": 0.028177567834641735, "y:7": 0.014016586291872232, "y:8": 0.030772844859252545, "y:9": 0.015266923463489387, "y:10": 0.02804867194912819, "y:11": 0.016136004441764287, "y:12": 0.024818064206010546, "y:13": 0.01686839105353058, "y:14": 0.03090359155137924, "y:15": 0.015208375352799314, "y:16": 0.030621441122079335, "y:17": 0.015953230942193954,