{"0": {"y:0": 0.4013265401714909, "y:1": 0.42205900014195374, "y:2": 0.42972590086194473, "y:3": 0.43117110133791536, "y:4": 0.42482442808892446, "y:5": 0.414573868918385, "y:6": 0.4313814566375797, "y:7": 0.44066962931226245, "y:8": 0.40985696658558324, "y:9": 0.4113616657836272, "y:10": 14.898197257116676}, "1": {"y:0": 0.40208470165025484, "y:1": 0.39944777822390426, "y:2": 0.4039061778086971, "y:3": 0.3939947272848759, "y:4": 0.4052178529328985, "y:5": 0.3985763492628945, "y:6": 0.39172713836083967, "y:7": 0.4051293951639321, "y:8": 0.4140153209047656, "y:9": 0.4058864693429971, "y:10": 14.467889052043187}, "2": {"y:0": 0.7554411962716312, "y:1": 0.7485230468403746, "y:2": 0.7593378306200663, "y:3": 0.8007514212191544, "y:4": 0.7765736925387602, "y:5": 0.7725278101338751, "y:6": 0.7850027887378497, "y:7": 0.757971563399374, "y:8": 0.7658011278725521, "y:9": 0.7734398985265386, "y:10": 14.827790284555887}, "3": {"y:0": 0.9679978644953506, "y:1": 0.9691018052068812, "y:2": 0.9987743057545799, "y:3": 0.9710209514200279, "y:4": 1.0052035271440667, "y:5": 0.9892993100538059, "y:6": 0.9577158209756297, "y:7": 0.9741054389430353, "y:8": 0.9485827615652527, "y:9": 0.9837645102603991, "y:10": 14.69410979948778}, "4": {"y:0": 1.138205222530577, "y:1": 1.1831167232099502, "y:2": 1.1447279880532264, "y:3": 1.1779801948807016, "y:4": 1.1399013431417817, "y:5": 1.2012048567728966, "y:6": 1.156716100860709, "y:7": 1.1407247690375344, "y:8": 1.1767234273649612, "y:9": 1.1402402372796585, "y:10": 15.187513569483366}, "5": {"y:0": 1.227643189334717, "y:1": 1.2380141606298354, "y:2": 1.2168575711470042, "y:3": 1.1967501990146405, "y:4": 1.2386396302161398, "y:5": 1.2608884956555042, "y:6": 1.2289689170765736, "y:7": 1.2034518031663053, "y:8": 1.2091067582588497, "y:9": 1.2415422272895769, "y:10": 14.746429548550704}, "6": {"y:0": 1.2831080824115497, "y:1": 1.301852446996314, "y:2": 1.2865053391569172, "y:3": 1.2865591476580318, "y:4": 1.2516451712561247, "y:5": 1.2702570518330996, "y:6": 1.262043859309837, "y:7": 1.2885993641164462, "y:8": 1.2873424033150929, "y:9": 1.2770378714465258, "y:10": 14.958293838163074}, "7": {"y:0": 1.2854137221734083, "y:1": 1.3086389207561469, "y:2": 1.3143676907299988, "y:3": 1.2969308021852155, "y:4": 1.2988549332165908, "y:5": 1.311305022115544, "y:6": 1.2995803604995564, "y:7": 1.3114417593179044, "y:8": 1.3195372020580047, "y:9": 1.2911039278823992, "y:10": 14.861782883282029}, "8": {"y:0": 1.3087801699857553, "y:1": 1.3076414058484014, "y:2": 1.3098297841634707, "y:3": 1.3065771280573448, "y:4": 1.3253743732796377, "y:5": 1.3180912648762695, "y:6": 1.3241649729941452, "y:7": 1.3128360894110402, "y:8": 1.3171973962368253, "y:9": 1.3233097436827697, "y:10": 14.820342990436696}}