{"0": {"y:0": 0.1812282287866084, "y:1": 0.1977249007877256, "y:2": 0.19317099085752687, "y:3": 0.1901232709192894, "y:4": 0.19949475502309608, "y:5": 0.2007501278144074, "y:6": 0.1955209865630259, "y:7": 0.19347125614330127, "y:8": 0.19608679925674466, "y:9": 0.1910086518292785, "y:10": 0.48394900241748134}, "1": {"y:0": 0.19391568919576835, "y:1": 0.1953615918278183, "y:2": 0.20355811924957576, "y:3": 0.19638983834921767, "y:4": 0.20038828711104395, "y:5": 0.20256412300491003, "y:6": 0.20370042264849625, "y:7": 0.20392094347350118, "y:8": 0.19930263383983685, "y:9": 0.2024876122353317, "y:10": 0.4831917006139285}, "2": {"y:0": 0.26495831602274433, "y:1": 0.3557591204674743, "y:2": 0.29384521126358926, "y:3": 0.2822127968338693, "y:4": 0.3346123475540374, "y:5": 0.349370568451112, "y:6": 0.3437097064416895, "y:7": 0.3649362466141885, "y:8": 0.3586819360318272, "y:9": 0.3629213158252966, "y:10": 0.48320199894256494}, "3": {"y:0": 0.3104617037365245, "y:1": 0.5347082804227246, "y:2": 0.3632846850504314, "y:3": 0.31543469118051787, "y:4": 0.3782189123980537, "y:5": 0.4861918540999445, "y:6": 0.4903992815202536, "y:7": 0.5257580916961683, "y:8": 0.5215692929079647, "y:9": 0.5247315204567737, "y:10": 0.48432773919680244}, "4": {"y:0": 0.3145472248141635, "y:1": 0.6043046175405571, "y:2": 0.3723029011987273, "y:3": 0.332976177807652, "y:4": 0.432667938028123, "y:5": 0.5527067166829975, "y:6": 0.5247668233181505, "y:7": 0.633419534314053, "y:8": 0.595455988672431, "y:9": 0.622493015064176, "y:10": 0.4831165729016014}, "5": {"y:0": 0.30896323440805806, "y:1": 0.638411034094272, "y:2": 0.3718172649872228, "y:3": 0.34555608977871993, "y:4": 0.42802950512655347, "y:5": 0.5838901277839377, "y:6": 0.5171985444931154, "y:7": 0.6486583474908091, "y:8": 0.6209548262817265, "y:9": 0.6376860172973263, "y:10": 0.484277612156523}, "6": {"y:0": 0.31255244913103297, "y:1": 0.6476252496634683, "y:2": 0.37594238832013965, "y:3": 0.3454575942999389, "y:4": 0.4355253940590344, "y:5": 0.5908613023266789, "y:6": 0.534205049923744, "y:7": 0.6606993661723002, "y:8": 0.640275066878353, "y:9": 0.6590462932327352, "y:10": 0.48287116056844204}, "7": {"y:0": 0.3156270077462667, "y:1": 0.6820149463292376, "y:2": 0.37675877686661385, "y:3": 0.34809635696950086, "y:4": 0.4433609315995987, "y:5": 0.5980404489757442, "y:6": 0.5422401754801097, "y:7": 0.6713773606325656, "y:8": 0.6516251994825225, "y:9": 0.6673998762023512, "y:10": 0.4837440251755582}, "8": {"y:0": 0.31656184743161, "y:1": 0.6532472280791907, "y:2": 0.3808202603638764, "y:3": 0.3371924750105593, "y:4": 0.4294726044206358, "y:5": 0.5705440373299995, "y:6": 0.5371955187455331, "y:7": 0.6493956105428131, "y:8": 0.6245573771866836, "y:9": 0.6449616228715992, "y:10": 0.4838243376424334}}