{"0": {"y:0": 37.670445617767854, "y:1": 3.5056959486436083, "y:2": 2.1638289555416437, "y:3": 2.0299810297036376, "y:4": 1.644828988393127, "y:5": 1.4733535619745628, "y:6": 1.5207130452744146, "y:7": 1.4608117056600556, "y:8": 1.4155298521918065, "y:9": 1.41450976461416}, "1": {"y:0": 37.60735501010575, "y:1": 3.4214838925136637, "y:2": 2.108323813659512, "y:3": 1.9727831451187823, "y:4": 1.6253414517166893, "y:5": 1.4268329867343186, "y:6": 1.4375260591223324, "y:7": 1.3801614820410402, "y:8": 1.3461260993297675, "y:9": 1.3292265737633848}, "2": {"y:0": 73.05600457984711, "y:1": 16.71212750160786, "y:2": 12.877977538268626, "y:3": 11.258400767840055, "y:4": 10.18533017598244, "y:5": 9.229705379250024, "y:6": 8.96616953033202, "y:7": 8.281807394064703, "y:8": 8.149022099795577, "y:9": 7.933134816551617}, "3": {"y:0": 36.49772974040325, "y:1": 5.722520817700671, "y:2": 3.690262582426347, "y:3": 3.4425260332156693, "y:4": 2.970486157829928, "y:5": 2.600213728636481, "y:6": 2.640954934110824, "y:7": 2.5277328959422483, "y:8": 2.44378704784125, "y:9": 2.3360548518852635}, "4": {"y:0": 37.51643248678183, "y:1": 6.112170746154759, "y:2": 5.258628599984207, "y:3": 5.126451353366839, "y:4": 4.457986048298527, "y:5": 3.9615597881751596, "y:6": 4.127346733651906, "y:7": 3.866312339539137, "y:8": 3.7267500527149053, "y:9": 3.506748481279283}, "5": {"y:0": 37.77374021203332, "y:1": 8.919600757546792, "y:2": 6.557382304851665, "y:3": 6.911995713051527, "y:4": 5.871382454473771, "y:5": 4.972212127966217, "y:6": 5.215990468808251, "y:7": 4.7278729352455215, "y:8": 4.368029709241571, "y:9": 4.0814792080266376}, "6": {"y:0": 36.366726239960194, "y:1": 14.491433553112964, "y:2": 8.506541725958467, "y:3": 10.457553145568149, "y:4": 8.942267800377783, "y:5": 7.541077661645855, "y:6": 8.115746575334247, "y:7": 7.424757231567555, "y:8": 6.554506376395358, "y:9": 6.002282317236807}, "7": {"y:0": 37.14644506332134, "y:1": 16.98987336951212, "y:2": 10.121642909016936, "y:3": 13.898434342906807, "y:4": 12.320170943407023, "y:5": 10.100936935099964, "y:6": 10.627024473486614, "y:7": 9.218615753351076, "y:8": 7.748463541463294, "y:9": 7.046802814605742}, "8": {"y:0": 37.43962982862318, "y:1": 19.703478983976765, "y:2": 11.484385198946498, "y:3": 17.24302444519368, "y:4": 15.594217809544247, "y:5": 12.079820966461302, "y:6": 14.32686188347499, "y:7": 12.491872881795201, "y:8": 10.1585738422633, "y:9": 9.091481462149181}, "9": {"y:0": 37.47923866461002, "y:1": 22.602586501942078, "y:2": 13.860303270262197, "y:3": 18.742203263557673, "y:4": 19.28605998266456, "y:5": 13.015375922357897, "y:6": 17.976887292279546, "y:7": 15.626779268963736, "y:8": 12.714046885963773, "y:9": 11.624656527107978}, "10": {"y:0": 37.024767110118454, "y:1": 24.761951929584068, "y:2": 15.680642732028888, "y:3": 19.68996843866603, "y:4": 23.025120675767184, "y:5": 14.321248331541641, "y:6": 22.823921387726994, "y:7": 20.659241124700735, "y:8": 17.346398690015437, "y:9": 15.650986081675635}, "11": {"y:0": 38.33342916681661, "y:1": 26.528016603021765, "y:2": 17.495662304225924, "y:3": 20.21589851814607, "y:4": 26.12919487763926, "y:5": 14.662274275948963, "y:6": 24.958996578639837, "y:7": 23.51656377253032, "y:8": 21.03736943084082, "y:9": 18.750747118289365}, "12": {"y:0": 36.538189510907195, "y:1": 28.5760829334594, "y:2": 18.085625712997498, "y:3": 20.498315273161676, "y:4": 27.932732311593252, "y:5": 15.189071749939368, "y:6": 27.73369693966829, "y:7": 26.687342441099684, "y:8": 24.48915195590468, "y:9": 22.48226695004244}, "13": {"y:0": 36.994001717775724, "y:1": 29.97903766879788, "y:2": 18.89672762659423, "y:3": 21.056069110938083, "y:4": 29.30942208852845, "y:5": 15.40301861092818, "y:6": 29.668143342984195, "y:7": 29.40287419282772, "y:8": 26.952385417125292, "y:9": 24.960410813703497}, "14": {"y:0": 36.845411106258084, "y:1": 29.294890507424526, "y:2": 19.376598028445358, "y:3": 19.70404396963159, "y:4": 29.299768580253417, "y:5": 16.181487410982264, "y:6": 28.7422083107196, "y:7": 29.752524637056734, "y:8": 27.801860596594704, "y:9": 25.0935717426875}, "15": {"y:0": 37.340677493886794, "y:1": 30.565522169702202, "y:2": 19.708933008739283, "y:3": 20.871025033176753, "y:4": 29.821301894410357, "y:5": 15.81803711786812, "y:6": 30.01551674905911, "y:7": 30.820839814341124, "y:8": 29.199106103171566, "y:9": 26.70702102215657}, "16": {"y:0": 37.07345249345222, "y:1": 31.089667058010143, "y:2": 20.174169847678826, "y:3": 20.09714207652073, "y:4": 30.745798083167877, "y:5": 16.176682034039295, "y:6": 29.458938129459334, "y:7": 31.128944159268993, "y:8": 29.410728340787436, "y:9": 27.300482296971502}}