{"0": {"y:0": 0.13653191199083578, "y:1": 0.13791432731355383, "y:2": 0.20625394500946465, "y:3": 0.20499763389377398, "y:4": 0.20638983521082813, "y:5": 0.20863048136777923, "y:6": 0.2088525375535336, "y:7": 0.20562061360106734, "y:8": 0.20767079794793047, "y:9": 0.20607618091548857}, "1": {"y:0": 0.13301918895281503, "y:1": 0.13411647503549248, "y:2": 0.20254441333047066, "y:3": 0.20357110048391608, "y:4": 0.20261656575959894, "y:5": 0.20378540835828687, "y:6": 0.2038169280920124, "y:7": 0.20315119039189974, "y:8": 0.20381444335948373, "y:9": 0.20351250225023113}, "2": {"y:0": 0.14569205352388528, "y:1": 0.14438966345938611, "y:2": 0.4309723044777709, "y:3": 0.43870051519847286, "y:4": 0.4285864198303049, "y:5": 0.4315664846271002, "y:6": 0.42805901083645026, "y:7": 0.43228032999691246, "y:8": 0.4397114040512168, "y:9": 0.43536035669513723}, "3": {"y:0": 0.154589044686572, "y:1": 0.1552233195869891, "y:2": 0.8377805173409368, "y:3": 0.8368993340320057, "y:4": 0.8416549094010597, "y:5": 0.8314589763166849, "y:6": 0.8474641819100106, "y:7": 0.8524643581540517, "y:8": 0.8430769796097353, "y:9": 0.8266050891723717}, "4": {"y:0": 0.15896026361902715, "y:1": 0.1584919520392, "y:2": 1.6461500298207226, "y:3": 1.7052692264218021, "y:4": 1.6399915597779657, "y:5": 1.6796579781418748, "y:6": 1.7058460784903615, "y:7": 1.653878600044451, "y:8": 1.6974982707752835, "y:9": 1.6849277896994979}, "5": {"y:0": 0.16157001633318097, "y:1": 0.16122541484122, "y:2": 2.3148203644615015, "y:3": 2.5077349676073313, "y:4": 2.433827187758247, "y:5": 2.576498179578895, "y:6": 2.5905419198943718, "y:7": 2.6057211220188288, "y:8": 2.659838226760485, "y:9": 2.6549645077196358}, "6": {"y:0": 0.16151080920776742, "y:1": 0.16147103348376804, "y:2": 2.6716161145620414, "y:3": 3.0473841520821816, "y:4": 2.703073650074082, "y:5": 2.9857997926553503, "y:6": 3.035030722508725, "y:7": 3.123446408982849, "y:8": 2.9794012028920944, "y:9": 3.1442267760600227}, "7": {"y:0": 0.1618601321506653, "y:1": 0.16179369180137063, "y:2": 2.7271737092622987, "y:3": 3.1211132506925567, "y:4": 2.8468680886224895, "y:5": 3.1418124447163573, "y:6": 3.0815074024542555, "y:7": 3.2462139583431653, "y:8": 3.1193386306786612, "y:9": 3.22532166312968}, "8": {"y:0": 0.16193415800418862, "y:1": 0.1619150105743597, "y:2": 2.7925738841309893, "y:3": 3.208191178109794, "y:4": 2.9190877989682122, "y:5": 3.1900312381215232, "y:6": 3.261038231845026, "y:7": 3.342263710256963, "y:8": 3.1633877286724537, "y:9": 3.2666356841636355}, "9": {"y:0": 0.16178924987372817, "y:1": 0.16172570448147325, "y:2": 2.7286269578682814, "y:3": 3.1597322937872416, "y:4": 2.8492196298269015, "y:5": 3.0992678287345736, "y:6": 3.1820589488916253, "y:7": 3.2101149994979075, "y:8": 3.128976244047745, "y:9": 3.2358889635909502}, "10": {"y:0": 0.1618009327122505, "y:1": 0.16184529321058352, "y:2": 2.7826509757517903, "y:3": 3.2326969868721718, "y:4": 2.892429140498359, "y:5": 3.1648555430278966, "y:6": 3.2705655249526475, "y:7": 3.3044528723496196, "y:8": 3.1582061624560587, "y:9": 3.357410136374556}, "11": {"y:0": 0.16194614946975436, "y:1": 0.16198573032823355, "y:2": 2.798943166106664, "y:3": 3.2800121743743897, "y:4": 2.881835267681199, "y:5": 3.250521299744767, "y:6": 3.3531694011510575, "y:7": 3.3964662420984424, "y:8": 3.2360465584761093, "y:9": 3.405079282162933}}