{"0": {"y:0": 0.39700350419338787, "y:1": 0.3880742271626752, "y:2": 0.3911033764073116, "y:3": 0.39495311300514147, "y:4": 0.3908344867619444, "y:5": 0.39442354207475394, "y:6": 0.3912173810456155, "y:7": 0.39374228288672514, "y:8": 0.38887464415876277, "y:9": 0.39396628531116706}}