{"0": {"y:0": 0.006320327456095588, "y:1": 0.0012747397621596117, "y:2": 0.0034428673152658946, "y:3": 0.0014396486966006812, "y:4": 0.01219946475162715, "y:5": 0.0015202389111158155, "y:6": 0.028310178966346116, "y:7": 0.0017429895628720863, "y:8": 0.010302518001009163, "y:9": 0.0018393542287451767, "y:10": 0.003740036304247395, "y:11": 0.0019462021068683674, "y:12": 0.007300912857432911, "y:13": 0.0015341758895560521, "y:14": 0.013971946436845002, "y:15": 0.0020628548133718007, "y:16": 0.009429847934898332, "y:17": 0.002202429283152732, "y:18": 0.00603910636060257, "y:19": 0.002233992808652092, "y:20": 0.0025496533323165057, "y:21": 0.002298457172071392, "y:22": 0.002292860978969628, "y:23": 0.001389143083339603, "y:24": 0.001457109183385638, "y:25": 0.002230638812385327, "y:26": 0.0008880528984992288, "y:27": 0.002533502811201407, "y:28": 0.0005324482725247067, "y:29": 0.002545572199341529}, "1": {"y:0": 0.006036785447147384, "y:1": 0.0018381703566686365, "y:2": 0.0033837324848787495, "y:3": 0.0019683012629283674, "y:4": 0.00958535817430239, "y:5": 0.0019538495192762038, "y:6": 0.03180557144097754, "y:7": 0.002343980521204715, "y:8": 0.009049302978595766, "y:9": 0.0024675531493732095, "y:10": 0.0037420862573458143, "y:11": 0.0025669678103409027, "y:12": 0.007323229447758785, "y:13": 0.001692711961564753, "y:14": 0.011469049596149793, "y:15": 0.002567780820279592, "y:16": 0.007016708377942504, "y:17": 0.0028570694333856666, "y:18": 0.004692790815826207, "y:19": 0.0029037976930564985, "y:20": 0.0022271657073470266, "y:21": 0.0030026442306991096, "y:22": 0.0017816422037044393, "y:23": 0.0014512257992286076, "y:24": 0.001123783554412586, "y:25": 0.0026268204029964975, "y:26": 0.0006879567344586655, "y:27": 0.0032836511011032085, "y:28": 0.0004180295009136267, "y:29": 0.003297724532078667}, "2": {"y:0": 0.006421580076891722, "y:1": 0.00906970481410183, "y:2": 0.0034353998945729756, "y:3": 0.0052305779916094605, "y:4": 0.012547846757458335, "y:5": 0.003610845627660895, "y:6": 0.030148608605460103, "y:7": 0.009341808974871487, "y:8": 0.010223944182200614, "y:9": 0.010857129981629153, "y:10": 0.0037585756513669587, "y:11": 0.011359250421745834, "y:12": 0.007517725309605915, "y:13": 0.0020993723610633927, "y:14": 0.016774938859380344, "y:15": 0.005634943165214655, "y:16": 0.012132701765888978, "y:17": 0.012941053965943448, "y:18": 0.008047091309634023, "y:19": 0.010496006297764267, "y:20": 0.002813969702319526, "y:21": 0.010810521055053392, "y:22": 0.0031555511902242026, "y:23": 0.0016082613104005025, "y:24": 0.002224445108398284, "y:25": 0.004275005580284337, "y:26": 0.0014101546245595183, "y:27": 0.013035625496592094, "y:28": 0.0008892552514941978, "y:29": 0.011588320252340115}, "3": {"y:0": 0.006500719251144627, "y:1": 0.008307849741694982, "y:2": 0.0034440899731432665, "y:3": 0.005250212015424299, "y:4": 0.011800654245856376, "y:5": 0.003731979474739824, "y:6": 0.03499830777542887, "y:7": 0.008636210665552367, "y:8": 0.010631615858784483, "y:9": 0.008671564250785956, "y:10": 0.003762502535178029, "y:11": 0.008859917600859994, "y:12": 0.007558538672254786, "y:13": 0.002182195380505872, "y:14": 0.015437270704806034, "y:15": 0.006001384422695432, "y:16": 0.010816505380125298, "y:17": 0.009575560763933594, "y:18": 0.006703487826114819, "y:19": 0.008411677659173694, "y:20": 0.0025871367400141293, "y:21": 0.008948685097688841, "y:22": 0.0024352623401053845, "y:23": 0.0016563020083015557, "y:24": 0.0015805229916103921, "y:25": 0.004563347122285297, "y:26": 0.0009734917927076186, "y:27": 0.012320205172837108, "y:28": 0.0005936973428019593, "y:29": 0.009371758575416918}, "4": {"y:0": 0.0062946766154528865, "y:1": 0.010145655797212468, "y:2": 0.0034044002071447876, "y:3": 0.006487286667901421, "y:4": 0.01232827715208617, "y:5": 0.004043643573158516, "y:6": 0.037333084495382446, "y:7": 0.017519545408013173, "y:8": 0.010378278935409527, "y:9": 0.018469199748181533, "y:10": 0.0037061634787771015, "y:11": 0.0173451282001556, "y:12": 0.00753661077398624, "y:13": 0.002164721478535759, "y:14": 0.037606257014327314, "y:15": 0.006415186946081378, "y:16": 0.05254129234247787, "y:17": 0.025662494717682418, "y:18": 0.026668707208977276, "y:19": 0.013384571915976745, "y:20": 0.003134736149272619, "y:21": 0.01503947821086021, "y:22": 0.006397930927603394, "y:23": 0.0016170236122069895, "y:24": 0.050664225681344724, "y:25": 0.004410765361512945, "y:26": 0.05472661500917742, "y:27": 0.020365366595326062, "y:28": 0.03378503518450796, "y:29": 0.015748990288314047}, "5": {"y:0": 0.006361825396429458, "y:1": 0.009820624121940846, "y:2": 0.0034057547098429192, "y:3": 0.006616754513931286, "y:4": 0.012370356764708542, "y:5": 0.004122481948163094, "y:6": 0.032406438613914436, "y:7": 0.01670944481097453, "y:8": 0.010339306428402646, "y:9": 0.015586975611846507, "y:10": 0.0037102783947128995, "y:11": 0.014890264285425165, "y:12": 0.007517760439369792, "y:13": 0.002212888113549696, "y:14": 0.023179505905067403, "y:15": 0.0068153517789351055, "y:16": 0.05642588597050474, "y:17": 0.02087806547307384, "y:18": 0.027444960358915773, "y:19": 0.011926594257597303, "y:20": 0.0031350260156802197, "y:21": 0.013318451131197114, "y:22": 0.0064070305955412675, "y:23": 0.0016468476471078798, "y:24": 0.040695227775946724, "y:25": 0.004636046588276908, "y:26": 0.04173428699006722, "y:27": 0.023239005111251862, "y:28": 0.021707733726064327, "y:29": 0.013561703982635228}, "6": {"y:0": 0.006327492688134845, "y:1": 0.010734237760181299, "y:2": 0.003397190862644886, "y:3": 0.006521811262488819, "y:4": 0.012294001027117966, "y:5": 0.0040471739793381395, "y:6": 0.03995799783967911, "y:7": 0.01792697013395621, "y:8": 0.010391116132754345, "y:9": 0.02065624620301196, "y:10": 0.003700563212927497, "y:11": 0.020507807307564255, "y:12": 0.007503285053726506, "y:13": 0.0021578217141436234, "y:14": 0.038180284951066686, "y:15": 0.006387175052842644, "y:16": 0.06677514937415936, "y:17": 0.03262854983943418, "y:18": 0.027561342250566292, "y:19": 0.015537635125732216, "y:20": 0.0031277867888167997, "y:21": 0.017524440027714083, "y:22": 0.006394823582960717, "y:23": 0.0016061981067161616, "y:24": 0.05636307913317434, "y:25": 0.004335831995341848, "y:26": 0.06822300190285742, "y:27": 0.02196797126890403, "y:28": 0.03741831330934171, "y:29": 0.019570624537679437}, "7": {"y:0": 0.0063542105066003145, "y:1": 0.013809377945891183, "y:2": 0.003400901726941207, "y:3": 0.006796046462886531, "y:4": 0.012292769245191853, "y:5": 0.004100954201497316, "y:6": 0.04047717497897334, "y:7": 0.017965478820577523, "y:8": 0.010330259192945569, "y:9": 0.018022775841498515, "y:10": 0.0037003571898340574, "y:11": 0.017805232307077992, "y:12": 0.007499726439407197, "y:13": 0.002188390376449758, "y:14": 0.03803089169116776, "y:15": 0.006616862882397894, "y:16": 0.06720109400007164, "y:17": 0.02934640809148109, "y:18": 0.027568415317290824, "y:19": 0.014105755028601565, "y:20": 0.003125983060153894, "y:21": 0.01599424739702141, "y:22": 0.006388361789012557, "y:23": 0.001623004675061764, "y:24": 0.05644975881477895, "y:25": 0.0044665866696687985, "y:26": 0.06852608600755981, "y:27": 0.02465198459723545, "y:28": 0.03728316328799513, "y:29": 0.017844823962198265}, "8": {"s_p1": 0.3613910483722858, "s_p2": 0.10843992958738272, "s_p3": 0.4067981525251498}, "9": {"s_p1": 0.713377145469883, "s_p2": 0.1089655139195386, "s_p3": 0.5090764863280421}, "10": {"s_p1": 0.3304461900531748, "s_p2": 0.1081344632908549, "s_p3": 0.344257536375813}, "11": {"s_p1": 0.2401203860809805, "s_p2": 0.10746665861987871, "s_p3": 0.5243397585820723}, "12": {"s_p1": 2.3988554274471885, "s_p2": 1.018763288514619, "s_p3": 1.061172005308774}, "13": {"s_p1": 2.2874375691334206, "s_p2": 1.0102614428920869, "s_p3": 1.1592090087822398}, "14": {"s_p1": 1.8321374598347409, "s_p2": 1.1161711745141811, "s_p3": 0.9301913856045017}, "15": {"s_p1": 2.940000061808449, "s_p2": 3.517351094972656, "s_p3": 2.919355667450898}, "16": {"s_p1": 11.33100882603063, "s_p2": 11.621036510989176,