{"0": {"y:0": 0.006355416565117645, "y:1": 0.001979828764988602, "y:2": 0.0034390713377237692, "y:3": 0.002060781578626084, "y:4": 0.011989054456268045, "y:5": 0.00195946167092734, "y:6": 0.016520560255110672, "y:7": 0.002293129185896618, "y:8": 0.010371770269002297, "y:9": 0.0023570091308577476, "y:10": 0.0037573634897879776, "y:11": 0.0024136987208059164, "y:12": 0.007482114545026186, "y:13": 0.0016474600888450315, "y:14": 0.014127193565701763, "y:15": 0.002396095824905028, "y:16": 0.0097106904324457, "y:17": 0.0025946463584004785, "y:18": 0.007233462388370416, "y:19": 0.002650738741015531, "y:20": 0.0027242023796163325, "y:21": 0.0027244747781236373, "y:22": 0.002898759507248579, "y:23": 0.001422883386224845, "y:24": 0.0019053913425326648, "y:25": 0.0024627179802483965, "y:26": 0.0011322747220617831, "y:27": 0.0029618427211756957, "y:28": 0.0006349062907015634, "y:29": 0.0029704480763106003}, "1": {"y:0": 0.00583660401086939, "y:1": 0.0015209826170935812, "y:2": 0.003427042151031633, "y:3": 0.001731642981143458, "y:4": 0.012135024108470265, "y:5": 0.0016597795994787096, "y:6": 0.028342691631669546, "y:7": 0.002026866532955324, "y:8": 0.010254239033461019, "y:9": 0.0021124394419291172, "y:10": 0.003750485583533411, "y:11": 0.0021873370595819406, "y:12": 0.007427963266520256, "y:13": 0.0016285961193585469, "y:14": 0.0131550083831923, "y:15": 0.0022771562056108055, "y:16": 0.008529347668782404, "y:17": 0.0024406329861933, "y:18": 0.00522321497787031, "y:19": 0.002438800456268191, "y:20": 0.0024144240590416063, "y:21": 0.0025290238796930797, "y:22": 0.0020341595334999176, "y:23": 0.0014264609382466855, "y:24": 0.0012610238408132743, "y:25": 0.002389208988705152, "y:26": 0.0007553723127356525, "y:27": 0.002754766474977879, "y:28": 0.00044793432926336347, "y:29": 0.00273830007569304}, "2": {"y:0": 0.006446475066701697, "y:1": 0.006042970148016133, "y:2": 0.0034351031600555783, "y:3": 0.004616869939723486, "y:4": 0.012615584182012616, "y:5": 0.0034936558019702563, "y:6": 0.040089766511615006, "y:7": 0.006444344352866764, "y:8": 0.010568724534426257, "y:9": 0.006577178450967656, "y:10": 0.0037435374716220516, "y:11": 0.006677460324133508, "y:12": 0.007642348042994425, "y:13": 0.0021182785304692284, "y:14": 0.029102086168916977, "y:15": 0.005085850377469093, "y:16": 0.028373149710180862, "y:17": 0.0072759778831161, "y:18": 0.01805601330503117, "y:19": 0.006615258044962158, "y:20": 0.0031230864342150504, "y:21": 0.006833998150472257, "y:22": 0.00539417903734171, "y:23": 0.0016224591186909771, "y:24": 0.0053610152410961944, "y:25": 0.004108698459218162, "y:26": 0.0031438395627312954, "y:27": 0.008054990898237871, "y:28": 0.0017739256244597875, "y:29": 0.007115362991217123}, "3": {"y:0": 0.006392002560337736, "y:1": 0.004141930811595379, "y:2": 0.0034583681683980775, "y:3": 0.004015449517671074, "y:4": 0.011976122510881551, "y:5": 0.003345463369266292, "y:6": 0.025609820990160948, "y:7": 0.005793189020870501, "y:8": 0.010406655704655052, "y:9": 0.005965716820605497, "y:10": 0.003776066188925667, "y:11": 0.0060903269400723655, "y:12": 0.007674973836145202, "y:13": 0.0021251534101876, "y:14": 0.01734197267758925, "y:15": 0.005132266663376249, "y:16": 0.018307214950875058, "y:17": 0.007176627826941951, "y:18": 0.014068890897096535, "y:19": 0.0065721823225614664, "y:20": 0.0031000433445180524, "y:21": 0.0069741401108476654, "y:22": 0.005052373173855011, "y:23": 0.0016393596827288662, "y:24": 0.004821347091200354, "y:25": 0.0042070952314018, "y:26": 0.0031753065105155063, "y:27": 0.008658481694864842, "y:28": 0.0020950780352083473, "y:29": 0.007586408445080692}, "4": {"y:0": 0.006373296362629585, "y:1": 0.009056743971598254, "y:2": 0.003403523911386142, "y:3": 0.006346890849991584, "y:4": 0.012286229855298852, "y:5": 0.00412455363253782, "y:6": 0.03328166251749184, "y:7": 0.013240375031580244, "y:8": 0.01034286969621089, "y:9": 0.011942931757484636, "y:10": 0.003691828994316336, "y:11": 0.012035952590590367, "y:12": 0.0075120786185246475, "y:13": 0.002253063403566796, "y:14": 0.03659839659046229, "y:15": 0.007055439578860663, "y:16": 0.04982326676687365, "y:17": 0.016573806770673178, "y:18": 0.024913937921713758, "y:19": 0.009974764008092316, "y:20": 0.0031329912770579242, "y:21": 0.010796028801542953, "y:22": 0.006374574850266353, "y:23": 0.0016774837891589732, "y:24": 0.02855727966698119, "y:25": 0.004838167204340461, "y:26": 0.06277918373324397, "y:27": 0.017619858659512298, "y:28": 0.03426163002487168, "y:29": 0.011478420534484935}, "5": {"y:0": 0.006356642916037068, "y:1": 0.0049187187972638815, "y:2": 0.00342286321099718, "y:3": 0.004778312078898603, "y:4": 0.012327327833713897, "y:5": 0.003725085821425765, "y:6": 0.0359491508017177, "y:7": 0.0074078525235028135, "y:8": 0.010338516588466514, "y:9": 0.007542092701307697, "y:10": 0.0037146579094361875, "y:11": 0.007947265948468106, "y:12": 0.007544949411717332, "y:13": 0.0022245345610076538, "y:14": 0.029401461565460443, "y:15": 0.006264301924586963, "y:16": 0.04553998317363768, "y:17": 0.010917250372387442, "y:18": 0.02293909470240379, "y:19": 0.008668987069500369, "y:20": 0.0031217658530689396, "y:21": 0.009320577878419178, "y:22": 0.005634565536422437, "y:23": 0.0016687879384138166, "y:24": 0.005665878039354594, "y:25": 0.004698834733802987, "y:26": 0.0028955668168761457, "y:27": 0.015310580756611522, "y:28": 0.0014686602054279905, "y:29": 0.010654052691042415}, "6": {"y:0": 0.006340408186868248, "y:1": 0.0067519867730497715, "y:2": 0.0034066368616611736, "y:3": 0.00582686192252309, "y:4": 0.012264580695757239, "y:5": 0.0039824887847870714, "y:6": 0.03513144210187993, "y:7": 0.011338292699772858, "y:8": 0.01038470688595491, "y:9": 0.01138486056445713, "y:10": 0.003710437079316828, "y:11": 0.011864672491439804, "y:12": 0.007520391670336391, "y:13": 0.002197892909455391, "y:14": 0.035528254696282346, "y:15": 0.006487013650820052, "y:16": 0.04667856481368724, "y:17": 0.01634203525557905, "y:18": 0.025450727309207784, "y:19": 0.01106123338231964, "y:20": 0.003128258427041493, "y:21": 0.012299894207594957, "y:22": 0.006169568708991074, "y:23": 0.0016370252654197902, "y:24": 0.011302304823878898, "y:25": 0.004525298800764064, "y:26": 0.006218380049279168, "y:27": 0.01874360605030901, "y:28": 0.0032953312388381453, "y:29": 0.013716559019437082}, "7": {"y:0": 0.006371154256235244, "y:1": 0.006534111889854044, "y:2": 0.0034151541996325285, "y:3": 0.005418067803317319, "y:4": 0.012386458999062393, "y:5": 0.003917807528206696, "y:6": 0.03924425684850317, "y:7": 0.009291588919724626, "y:8": 0.010340027307265862, "y:9": 0.009344864743926692, "y:10": 0.003707290162464421, "y:11": 0.009759807417378776, "y:12": 0.007528296228043398, "y:13": 0.0022176215024826444, "y:14": 0.036625087726186674, "y:15": 0.0064844822871611444, "y:16": 0.057893566269515334, "y:17": 0.013903535680799557, "y:18": 0.026984997466154993, "y:19": 0.010089956758012624, "y:20": 0.0031309612844605647, "y:21": 0.01084310082254427, "y:22": 0.006338435933469796, "y:23": 0.001651734774990076, "y:24": 0.019633531692838713, "y:25": 0.0046208186836859495, "y:26": 0.01059295035910767, "y:27": 0.01844389016369877, "y:28": 0.00529438186053925, "y:29": 0.01274889848179937}, "8": {"y:0": 0.006323844164114721, "y:1": 0.005635274407409019, "y:2": 0.003422001430733208, "y:3": 0.005490634613286255, "y:4": 0.011814376926922403, "y:5": 0.003913132780348888, "y:6": 0.03765092319545403, "y:7": 0.010562128679788264, "y:8": 0.010327638224755476, "y:9": 0.011067464419933571, "y:10": 0.0037143367788102758, "y:11": 0.011644942071631083, "y:12": 0.007526623825553451, "y:13": 0.002173505859325071, "y:14": 0.02958801796003939, "y:15": 0.0062796424501732305, "y:16": 0.03473034916609452, "y:17": 0.016969761972095192, "y:18": 0.025144677559812294, "y:19": 0.012060274080467228, "y:20": 0.0031353847826509633, "y:21": 0.013603541221044877, "y:22": 0.0063295063665054965, "y:23": 0.0016173126698768752, "y:24": 0.02444165727387183, "y:25": 0.004386969920301037,