{"0": {"y:0": 0.006316350108174091, "y:1": 0.002536512707927237, "y:2": 0.003384965341159696, "y:3": 0.002743336272803829, "y:4": 0.012383262342857467, "y:5": 0.0025326136172756585, "y:6": 0.022729317379518523, "y:7": 0.0034237623663936133, "y:8": 0.010023719077737605, "y:9": 0.003687147963949905, "y:10": 0.003761029405601084, "y:11": 0.0038135523753890007, "y:12": 0.007226119280407017, "y:13": 0.0018772479135736656, "y:14": 0.012206141535739592, "y:15": 0.003420631307880918, "y:16": 0.009654073648056928, "y:17": 0.004101522021786747, "y:18": 0.0072763320552509435, "y:19": 0.0042199408230586995, "y:20": 0.0028162467278479665, "y:21": 0.004332951236651623, "y:22": 0.0030289331873947817, "y:23": 0.0015189579590041105, "y:24": 0.0021751013591206404, "y:25": 0.0032158548205606877, "y:26": 0.001400973306763941, "y:27": 0.004684186184092446, "y:28": 0.000887610054592355, "y:29": 0.004550694812683406}, "1": {"y:0": 0.006089237704603329, "y:1": 0.002009680983399476, "y:2": 0.00343866368176778, "y:3": 0.002132421881991541, "y:4": 0.009108845317610316, "y:5": 0.002065073974033749, "y:6": 0.010599781866774105, "y:7": 0.002516345028008194, "y:8": 0.010574667868777447, "y:9": 0.0026344862402929003, "y:10": 0.003755302105578734, "y:11": 0.002753882157750327, "y:12": 0.007238898700782859, "y:13": 0.0017157027194063923, "y:14": 0.01711214131852577, "y:15": 0.002699026232105347, "y:16": 0.012541389179315918, "y:17": 0.00308417375086072, "y:18": 0.007993369974494994, "y:19": 0.0030983931747164124, "y:20": 0.0028011596337122902, "y:21": 0.003255421842524451, "y:22": 0.002937403619367331, "y:23": 0.0014618508765136705, "y:24": 0.001915578954974503, "y:25": 0.0027591502876039933, "y:26": 0.0011327201696562342, "y:27": 0.003584054785246093, "y:28": 0.0006557533426587527, "y:29": 0.0036630481945117174}, "2": {"y:0": 0.006401242186862068, "y:1": 0.006011467375077697, "y:2": 0.0034264402274902226, "y:3": 0.005170959916917863, "y:4": 0.012520972033009257, "y:5": 0.0037759010443775423, "y:6": 0.03690495885602367, "y:7": 0.009554674287987184, "y:8": 0.010457684676697504, "y:9": 0.010313727694432546, "y:10": 0.0037365781834220314, "y:11": 0.010143879778899138, "y:12": 0.007402002525605001, "y:13": 0.0021650347144483192, "y:14": 0.015026577285608243, "y:15": 0.006064304134959741, "y:16": 0.010584637850634675, "y:17": 0.01241294293940443, "y:18": 0.006787606647707812, "y:19": 0.009742217035840993, "y:20": 0.0026806941961789814, "y:21": 0.01026752869966553, "y:22": 0.0027903243979805576, "y:23": 0.001636717707493874, "y:24": 0.0019508730241806123, "y:25": 0.0044624719597799725, "y:26": 0.001265546173541475, "y:27": 0.013709171215977445, "y:28": 0.0008158166597675157, "y:29": 0.01053499101776383}, "3": {"y:0": 0.00651888818079129, "y:1": 0.008029841995343541, "y:2": 0.003445967821539866, "y:3": 0.005534650297970399, "y:4": 0.012595701905752044, "y:5": 0.0038095166896637673, "y:6": 0.03273765512350983, "y:7": 0.010195451951943593, "y:8": 0.010684946029314019, "y:9": 0.010832987792334887, "y:10": 0.003759442829962357, "y:11": 0.011019177307366937, "y:12": 0.007687656160307713, "y:13": 0.0021878066856719325, "y:14": 0.028311506056251975, "y:15": 0.006338516386359636, "y:16": 0.02274072918259971, "y:17": 0.013470257710664395, "y:18": 0.015554694876584308, "y:19": 0.009722900262048756, "y:20": 0.0031340346895105653, "y:21": 0.009944489504156719, "y:22": 0.005503509165345492, "y:23": 0.0016565504381417006, "y:24": 0.006080478010567508, "y:25": 0.004651827489407989, "y:26": 0.003983420389131319, "y:27": 0.015616937006187251, "y:28": 0.0026084319846945, "y:29": 0.010694575457148069}, "4": {"y:0": 0.006346557709363442, "y:1": 0.01019378901091503, "y:2": 0.0034114527296980834, "y:3": 0.006508455922221754, "y:4": 0.01234400626103114, "y:5": 0.004071354846084138, "y:6": 0.038038073141290735, "y:7": 0.014574625862249712, "y:8": 0.010368953061179182, "y:9": 0.014395162937398918, "y:10": 0.0037036384892863055, "y:11": 0.014249170215930718, "y:12": 0.007528944065370809, "y:13": 0.0022060683778211076, "y:14": 0.03733687231068847, "y:15": 0.006656564230794168, "y:16": 0.056654289941513725, "y:17": 0.01913406921940747, "y:18": 0.026391117572543303, "y:19": 0.011486181297085065, "y:20": 0.0031308371131094676, "y:21": 0.012505775880110854, "y:22": 0.006394114721077027, "y:23": 0.0016435524460455876, "y:24": 0.03845554976764155, "y:25": 0.004587991940222172, "y:26": 0.03821529839129091, "y:27": 0.019012070428119737, "y:28": 0.0262068339053758, "y:29": 0.012769265875904401}, "5": {"y:0": 0.006366123084230648, "y:1": 0.010399376107116188, "y:2": 0.0034010120109924462, "y:3": 0.0065457109371635114, "y:4": 0.012315298055701532, "y:5": 0.004092603881595105, "y:6": 0.04063545297891185, "y:7": 0.015329954721542246, "y:8": 0.010329261901336439, "y:9": 0.014806518348254282, "y:10": 0.003703680591687349, "y:11": 0.01473015952265648, "y:12": 0.007516985194805794, "y:13": 0.0022054945392553905, "y:14": 0.03776354801657826, "y:15": 0.006704456350203283, "y:16": 0.06575617691818872, "y:17": 0.021060205931899254, "y:18": 0.027443097440323302, "y:19": 0.012206391200136169, "y:20": 0.0031313210610880793, "y:21": 0.01342380857742416, "y:22": 0.00639678687280607, "y:23": 0.0016399021358550106, "y:24": 0.055753696533284075, "y:25": 0.004569208867374876, "y:26": 0.06784039982510365, "y:27": 0.02259517543058347, "y:28": 0.037527609206516856, "y:29": 0.014781441303285492}, "6": {"y:0": 0.006380596919886446, "y:1": 0.00800920600695843, "y:2": 0.0034082078638768003, "y:3": 0.005962766598455628, "y:4": 0.012333715388769609, "y:5": 0.003959114219923608, "y:6": 0.04022950732059231, "y:7": 0.011989390071197552, "y:8": 0.010362985823450454, "y:9": 0.012787340880585847, "y:10": 0.003705725837412438, "y:11": 0.01310497164629268, "y:12": 0.007520263761300713, "y:13": 0.0021742444282006213, "y:14": 0.03490186966519679, "y:15": 0.006355005579769656, "y:16": 0.06320236545163452, "y:17": 0.019016424758313076, "y:18": 0.027385016139011134, "y:19": 0.012811238598016503, "y:20": 0.00313060421971312, "y:21": 0.014126706065965233, "y:22": 0.006404487163659293, "y:23": 0.001618097272979352, "y:24": 0.05353957133061517, "y:25": 0.004413086973700733, "y:26": 0.06435345612608927, "y:27": 0.02051250858355402, "y:28": 0.03703934456716327, "y:29": 0.01648717087174049}, "7": {"y:0": 0.006336247163628699, "y:1": 0.00851766318086575, "y:2": 0.003408220706368672, "y:3": 0.006062495725420303, "y:4": 0.012320021853136116, "y:5": 0.003988108326756825, "y:6": 0.03821366363305845, "y:7": 0.012432300491401605, "y:8": 0.010352624762609865, "y:9": 0.012918667558789173, "y:10": 0.003708312414634732, "y:11": 0.013152296393894217, "y:12": 0.007513081255810969, "y:13": 0.0021797787150994296, "y:14": 0.03565856587896171, "y:15": 0.006401782800211868, "y:16": 0.054066764123486766, "y:17": 0.019284403441132164, "y:18": 0.026107729390145197, "y:19": 0.01247763838537336, "y:20": 0.0031314292183090672, "y:21": 0.013962952490298714, "y:22": 0.00626994650943834, "y:23": 0.0016210817420602953, "y:24": 0.014538599553271124, "y:25": 0.004426711479233076, "y:26": 0.007842522224306467, "y:27": 0.019798071376985547, "y:28": 0.004131436484049372, "y:29": 0.015828241251972706}, "8": {"s_p1": 0.1608071046256339, "s_p2": 0.10781335721494364, "s_p3": 0.06104539069506636}, "9": {"s_p1": 0.18270896701610112, "s_p2": 0.1092866282692014, "s_p3": 0.06142761967972598}, "10": {"s_p1": 0.06005897920866109, "s_p2": 0.09612462196678047, "s_p3": 0.046036866987756275}, "11": {"s_p1": 0.033715400312064235, "s_p2": 0.08785042149755475, "s_p3": 0.025386290027494204}, "12": {"s_p1": 0.13992909529599779, "s_p2": 0.16035854938774569, "s_p3": 0.1457130740683951}, "13": {"s_p1": 0.1561326410595384, "s_p2": 0.14300161997963107, "s_p3": 0.17459009246143217}, "14": {"s_p1": 0.2053475416100766, "s_p2": 0.18961142035094475, "s_p3": 0.2313767939210065}, "15": {"s_p1": 0.23576872192228088, "s_p2": 0.48649949197984255, "s_p3": 0.2738454361123106}, "16": {"s_p1": 0.20139535162561512, "s_p2": 1.1906569622411878,