{"0": {"y:0": 0.19684607009816, "y:1": 0.1945860115566291, "y:2": 0.20862738375983175, "y:3": 0.19857161432038212, "y:4": 0.20074190891734792, "y:5": 0.19896170689137566, "y:6": 0.20502943742843607, "y:7": 0.20110402987119164, "y:8": 0.20156992197669374, "y:9": 0.19685086853094563, "y:10": 0.48322745907441006}, "1": {"y:0": 0.20001046575264322, "y:1": 0.20689774777864597, "y:2": 0.2074182159871513, "y:3": 0.2016735456860256, "y:4": 0.20536909703556985, "y:5": 0.20691416626664277, "y:6": 0.20679508366453556, "y:7": 0.20004638759171248, "y:8": 0.2008738791792647, "y:9": 0.2022639848372036, "y:10": 0.48260534043359105}, "2": {"y:0": 0.37175382186164324, "y:1": 0.3405887890936662, "y:2": 0.3757426224359273, "y:3": 0.3624433646963882, "y:4": 0.3325503796748621, "y:5": 0.3727597750499267, "y:6": 0.39393352567194906, "y:7": 0.35405407713719034, "y:8": 0.3537279081522234, "y:9": 0.3562163030549998, "y:10": 0.4833942540878412}, "3": {"y:0": 0.48122953737785895, "y:1": 0.42908753269086736, "y:2": 0.5288624683922976, "y:3": 0.5283916360804031, "y:4": 0.4147881319957379, "y:5": 0.5130955993190696, "y:6": 0.5705796276880507, "y:7": 0.45652193398471175, "y:8": 0.453570235012855, "y:9": 0.4674603148344663, "y:10": 0.4840883720491114}, "4": {"y:0": 0.5331322048503231, "y:1": 0.4486009386950172, "y:2": 0.5738846956870437, "y:3": 0.5652429206149222, "y:4": 0.41950055576419754, "y:5": 0.552175598587726, "y:6": 0.6336524402415625, "y:7": 0.4746785344838622, "y:8": 0.47720342253839193, "y:9": 0.49231154151937634, "y:10": 0.48353824659658196}, "5": {"y:0": 0.5311546823072013, "y:1": 0.46032981256501687, "y:2": 0.5971263314490475, "y:3": 0.5658683022409691, "y:4": 0.43067148752541884, "y:5": 0.5617555385884334, "y:6": 0.6467260179805212, "y:7": 0.48329256021874334, "y:8": 0.47453614721192316, "y:9": 0.49548711299736997, "y:10": 0.4836836523557031}, "6": {"y:0": 0.5453917180152174, "y:1": 0.46353875279804185, "y:2": 0.6112681690568589, "y:3": 0.5812007062801204, "y:4": 0.42990040700027987, "y:5": 0.5777855991040304, "y:6": 0.6622795703713374, "y:7": 0.488335008182611, "y:8": 0.48724170016095514, "y:9": 0.5135381155606074, "y:10": 0.48364910140517037}, "7": {"y:0": 0.5050071909044437, "y:1": 0.47210713473380916, "y:2": 0.5995806280808347, "y:3": 0.5822472794691184, "y:4": 0.40795186431164093, "y:5": 0.5777575752568328, "y:6": 0.6320430929298192, "y:7": 0.4995974175489833, "y:8": 0.4593073111440847, "y:9": 0.48231449817373045, "y:10": 0.483809819108322}, "8": {"y:0": 0.5575897331594921, "y:1": 0.4647638291118189, "y:2": 0.6251019215321734, "y:3": 0.596298254399297, "y:4": 0.43859811318931813, "y:5": 0.5884512380101338, "y:6": 0.6720609370987568, "y:7": 0.4956536184841774, "y:8": 0.5020881425378811, "y:9": 0.5266438398386515, "y:10": 0.48355697203382736}, "9": {"y:0": 0.5502176392416817, "y:1": 0.48092748943337227, "y:2": 0.6390142780514415, "y:3": 0.6141231164495196, "y:4": 0.43194579941108485, "y:5": 0.6045193761421241, "y:6": 0.683550860012518, "y:7": 0.5105272907403421, "y:8": 0.49374386172735263, "y:9": 0.5184333380245923, "y:10": 0.48363087260609944}}