{"0": {"y:0": 0.11877594177591756, "y:1": 0.021618425080556544, "y:2": 0.1356764964587342, "y:3": 0.015009747163107413, "y:4": 0.14037360598629312, "y:5": 0.0171389856197382, "y:6": 0.1340523102921049, "y:7": 0.021355133716298075, "y:8": 0.12932393485437693, "y:9": 0.02442835744187832, "y:10": 0.12173070097950979, "y:11": 0.028215538345243027, "y:12": 0.12738204164015665, "y:13": 0.03619892208518719, "y:14": 0.1191163773291152, "y:15": 0.03509362673174106, "y:16": 0.12916470813460423, "y:17": 0.03877871408284617, "y:18": 0.1402517543734863, "y:19": 0.04041044231068962, "y:20": 0.13765203604852164, "y:21": 0.04160402420999175, "y:22": 0.12382130894181814, "y:23": 0.0454777201602361, "y:24": 0.11891092065305733, "y:25": 0.04417782680801357, "y:26": 0.14216930722875873, "y:27": 0.04423565508713301, "y:28": 0.11362102316414255, "y:29": 0.04365356687308455, "y:30": 0.15590420726068702, "y:31": 0.06013809417186954}}