{"0": {"y:0": 0.004924930814655931, "y:1": 0.08428661922628239, "y:2": 0.19923363235487485, "y:3": 0.2037754840986522, "y:4": 0.08530149860933654, "y:5": 0.017788014580679017, "y:6": 0.0008599608667697613}, "1": {"y:0": 0.0076292433866108214, "y:1": 0.09799689203368847, "y:2": 0.1977170389473676, "y:3": 0.19819073809427878, "y:4": 0.08645755623217423, "y:5": 0.020700011979853276, "y:6": 0.00118719997066488}, "2": {"y:0": 0.03938261670556365, "y:1": 0.18473428445729484, "y:2": 0.2225548377871957, "y:3": 0.2293327403373526, "y:4": 0.10176976733239734, "y:5": 0.0433473115539371, "y:6": 0.005324260987588564}, "3": {"y:0": 0.08317062088083184, "y:1": 0.26977320848373054, "y:2": 0.32846885854735836, "y:3": 0.3336381082096973, "y:4": 0.13373751076340315, "y:5": 0.06766359499057657, "y:6": 0.011634349004586347}, "4": {"y:0": 0.17450300657442075, "y:1": 0.34473833972707363, "y:2": 0.3843667427747097, "y:3": 0.39054061015117963, "y:4": 0.15231948464813191, "y:5": 0.1083626252667819, "y:6": 0.025818195599759928}, "5": {"y:0": 0.25328923357909877, "y:1": 0.46713325177415477, "y:2": 0.5132009930606767, "y:3": 0.5347702415687509, "y:4": 0.1813123709396615, "y:5": 0.1639082767462137, "y:6": 0.03912841695184837}, "6": {"y:0": 0.4110170543631429, "y:1": 0.6431601867337101, "y:2": 0.661056834078536, "y:3": 0.6614873939425097, "y:4": 0.20653117870172422, "y:5": 0.25369478227418574, "y:6": 0.06915360134413426}, "7": {"y:0": 0.6297636396446497, "y:1": 0.8640628510540453, "y:2": 0.910849087902606, "y:3": 0.9087932641998514, "y:4": 0.2332588097070572, "y:5": 0.3855895613849165, "y:6": 0.11917408800237704}, "8": {"y:0": 0.9538505431913001, "y:1": 1.293447247279426, "y:2": 1.3307463749711606, "y:3": 1.3014092286184593, "y:4": 0.2612097677385757, "y:5": 0.5981257451110285, "y:6": 0.19323740434011036}, "9": {"y:0": 1.4494820832065927, "y:1": 1.878460899829903, "y:2": 1.9486685737347147, "y:3": 1.8166412723440484, "y:4": 0.28480133118018686, "y:5": 0.7745783691027782, "y:6": 0.261799710688277}, "10": {"y:0": 1.9718428712370286, "y:1": 2.8310065644898867, "y:2": 3.1203460696040417, "y:3": 2.5579957888974043, "y:4": 0.29474982333491945, "y:5": 0.9522527793810308, "y:6": 0.35632399636855183}, "11": {"y:0": 2.535512812082828, "y:1": 3.6475792261035185, "y:2": 4.282777701909837, "y:3": 3.100302751117838, "y:4": 0.2977506662860708, "y:5": 1.2226172282677135, "y:6": 0.4509285533566164}, "12": {"y:0": 2.9970990576452814, "y:1": 4.4027074784067075, "y:2": 5.982373434610454, "y:3": 3.5588642325444146, "y:4": 0.2937274557159386, "y:5": 1.5199436238896344, "y:6": 0.5935561753430778}, "13": {"y:0": 3.3476632483601816, "y:1": 5.1861281125226, "y:2": 7.384115454332382, "y:3": 3.839312532176763, "y:4": 0.29413984723195047, "y:5": 1.7578423718858676, "y:6": 0.7629093665597177}, "14": {"y:0": 3.484971980971554, "y:1": 5.591634060265549, "y:2": 9.095038694386146, "y:3": 4.144084424853999, "y:4": 0.29187437048102566, "y:5": 2.0699091026989045, "y:6": 0.8945059538200103}, "15": {"y:0": 3.3865808989909305, "y:1": 5.8892548996419585, "y:2": 10.015594198839743, "y:3": 4.537111631122728, "y:4": 0.29323371063425197, "y:5": 2.4816626157627297, "y:6": 1.0164653810418913}, "16": {"y:0": 3.4710940524945144, "y:1": 6.757529656534678, "y:2": 11.23473901585451, "y:3": 6.196392355953382, "y:4": 0.2909336134771358, "y:5": 2.683236281359632, "y:6": 1.0637414502782052}, "17": {"y:0": 4.196710268475124, "y:1": 9.241545105792776, "y:2": 12.777271923558914, "y:3": 7.805515779238495, "y:4": 0.28770694452561696, "y:5": 3.349027823358279, "y:6": 1.2911856147503569}, "18": {"y:0": 4.5968565537711275, "y:1": 11.114589079883428, "y:2": 15.99033667084112, "y:3": 10.789988646166282, "y:4": 0.2872210602329169, "y:5": 3.7820993299310905, "y:6": 1.4567767906046527}, "19": {"y:0": 5.493829518936516, "y:1": 14.096083828408418, "y:2": 17.020847690438206, "y:3": 11.911980749776378, "y:4": 0.28607826480403786, "y:5": 4.715405973819944, "y:6": 1.6985560413760779}, "20": {"y:0": 6.089486211464466, "y:1": 16.46729751644641, "y:2": 21.77378818302955, "y:3": 15.613494268024917, "y:4": 0.2865159274961539, "y:5": 5.00339473375349, "y:6": 1.8877165202496002}, "21": {"y:0": 7.598450252611673, "y:1": 20.910902334197914, "y:2": 23.49906527246962, "y:3": 17.052184196061297, "y:4": 0.2867061923781623, "y:5": 5.8241284279894385, "y:6": 2.050575405511278}, "22": {"y:0": 9.622202807084527, "y:1": 24.326552770247876, "y:2": 29.233635989695628, "y:3": 19.856295469687108, "y:4": 0.28717716040138835, "y:5": 6.614075754555746, "y:6": 2.2760228424322366}, "23": {"y:0": 11.438418988990536, "y:1": 30.559228134865062, "y:2": 32.717193343959515, "y:3": 21.86106803759202, "y:4": 0.28786455435352404, "y:5": 8.271362836738016, "y:6": 2.5242501242681468}, "24": {"y:0": 13.702100721667161, "y:1": 35.46317835506091, "y:2": 35.04246796330128, "y:3": 25.138615334331988, "y:4": 0.2878606307205549, "y:5": 8.507760504381244, "y:6": 2.9857878638792545}, "25": {"y:0": 16.002698702655174, "y:1": 37.860515167898114, "y:2": 38.623815471018396, "y:3": 27.313251230099937, "y:4": 0.2886500242055245, "y:5": 9.982233584273468, "y:6": 3.4037543988259773}, "26": {"y:0": 22.092706598233853, "y:1": 31.53391746547997, "y:2": 28.257785556380046, "y:3": 22.992201879236667, "y:4": 0.28965142164213625, "y:5": 9.865342190900789, "y:6": 3.197782850505303}, "27": {"y:0": 22.522266099031594, "y:1": 43.77308410556327, "y:2": 41.86359738377305, "y:3": 29.695440277756532, "y:4": 0.2890129382295388, "y:5": 11.460031184073756, "y:6": 4.188810780061074}, "28": {"y:0": 31.877958415067063, "y:1": 48.5577678217916, "y:2": 43.13006046558128, "y:3": 30.494494296170075, "y:4": 0.2890300884527086, "y:5": 11.978642363896183, "y:6": 4.738221072610596}, "29": {"y:0": 33.51962770245651, "y:1": 52.41052872894563, "y:2": 47.690854723575946, "y:3": 34.48278897741131, "y:4": 0.2895628713203655, "y:5": 13.885240620792088, "y:6": 5.441543301879447}, "30": {"y:0": 39.289994996769195, "y:1": 54.06386060222643, "y:2": 50.60167872312565, "y:3": 36.096480014678036, "y:4": 0.28952957354673026, "y:5": 13.297338979718788, "y:6": 5.671510961859733}, "31": {"y:0": 43.54243577249681, "y:1": 52.37233935246453, "y:2": 40.59859824925914, "y:3": 30.120905110930057, "y:4": 0.2895512924085152, "y:5": 12.457045615860098, "y:6": 5.71015717522667}}