{"0": {"y:0": 0.014524175821083927, "y:1": 0.18427028391400568, "y:2": 0.39341014751711656, "y:3": 0.4026683271797037, "y:4": 0.3541075996641001, "y:5": 0.04638328721859961, "y:6": 0.0020671172759737515}, "1": {"y:0": 0.017526213669875744, "y:1": 0.19546136381907653, "y:2": 0.4028815798656335, "y:3": 0.4016077191794978, "y:4": 0.37233278572615525, "y:5": 0.05320261423915508, "y:6": 0.0026189600881151073}, "2": {"y:0": 0.09130120587446337, "y:1": 0.3828605968983853, "y:2": 0.48672970056636244, "y:3": 0.4919613574262961, "y:4": 0.4752535040167871, "y:5": 0.1431083653133317, "y:6": 0.014918225609595347}, "3": {"y:0": 0.1989124360892934, "y:1": 0.6183163210555026, "y:2": 0.7647945578122394, "y:3": 0.7902214672685945, "y:4": 0.6435411293455482, "y:5": 0.2189083967772079, "y:6": 0.03326836816649197}, "4": {"y:0": 0.4593591338638656, "y:1": 0.7965515324096646, "y:2": 0.8932000579902096, "y:3": 0.9304003407286712, "y:4": 0.7277629954462953, "y:5": 0.32374973492038395, "y:6": 0.08179663255418397}, "5": {"y:0": 0.715213762626076, "y:1": 1.080726197535452, "y:2": 1.1717802960799475, "y:3": 1.2131239500776778, "y:4": 1.02472535158141, "y:5": 0.46881508764775826, "y:6": 0.12350205590478874}, "6": {"y:0": 1.0461499921535964, "y:1": 1.4224694706869985, "y:2": 1.5041172301593526, "y:3": 1.51332452001884, "y:4": 1.3468992432489295, "y:5": 0.7180447502517155, "y:6": 0.21686893823252754}, "7": {"y:0": 1.445829256093834, "y:1": 2.0637543298975767, "y:2": 2.1802812299626386, "y:3": 2.2530380824145118, "y:4": 1.9528274148088531, "y:5": 0.9351268353642808, "y:6": 0.27267901496422087}, "8": {"y:0": 2.056184285835169, "y:1": 2.972803077109655, "y:2": 3.0744121816254784, "y:3": 3.1537183817588974, "y:4": 2.6967491018764163, "y:5": 1.3686710875058592, "y:6": 0.408042795229592}, "9": {"y:0": 3.1038763896974517, "y:1": 4.4977683490127776, "y:2": 4.982943582644246, "y:3": 5.013734881074324, "y:4": 3.694726331431825, "y:5": 1.7152969322243583, "y:6": 0.5211257942160027}, "10": {"y:0": 4.186161281349514, "y:1": 5.888825203172137, "y:2": 6.421577862753417, "y:3": 6.436540210491436, "y:4": 4.943667980320923, "y:5": 2.239814562384996, "y:6": 0.7529970928971353}, "11": {"y:0": 5.678073560831752, "y:1": 7.881165520338471, "y:2": 8.577291253089241, "y:3": 9.029668502337854, "y:4": 6.427409108289656, "y:5": 2.8824829483284944, "y:6": 1.002771237166818}, "12": {"y:0": 7.09493516893839, "y:1": 9.341316459872866, "y:2": 10.053852750929689, "y:3": 10.226615940347228, "y:4": 8.060048310625266, "y:5": 3.9167390761855017, "y:6": 1.3393393747696203}, "13": {"y:0": 7.9636780297744805, "y:1": 11.419916598228395, "y:2": 12.915557557231583, "y:3": 12.062976914712731, "y:4": 10.871902950535642, "y:5": 5.026703512003116, "y:6": 1.6150711643458988}, "14": {"y:0": 8.456242373980878, "y:1": 12.274982365517227, "y:2": 15.525818260659092, "y:3": 12.23111882548345, "y:4": 12.403350366090374, "y:5": 6.2555836997503995, "y:6": 2.0324270561386637}, "15": {"y:0": 7.369882261562828, "y:1": 12.780669982898774, "y:2": 17.85426096393494, "y:3": 13.90948854678129, "y:4": 13.834763369635104, "y:5": 6.761862736502024, "y:6": 2.3152510856184234}, "16": {"y:0": 6.466369894142822, "y:1": 12.83381052026829, "y:2": 19.746870002761064, "y:3": 17.939205942070167, "y:4": 15.081657432968004, "y:5": 7.219400958957566, "y:6": 2.5327161333865402}, "17": {"y:0": 7.644600401158846, "y:1": 16.427516631583067, "y:2": 21.87262932822102, "y:3": 21.47000154867518, "y:4": 16.800789843453746, "y:5": 8.626883989181081, "y:6": 2.6699259416600682}, "18": {"y:0": 8.111262948330186, "y:1": 18.79789175095905, "y:2": 28.170748091226063, "y:3": 27.933644331743128, "y:4": 19.429210170187467, "y:5": 10.373338879983969, "y:6": 3.229849971728905}, "19": {"y:0": 10.0607176331608, "y:1": 23.832592666444896, "y:2": 31.171610600292095, "y:3": 30.785281895097405, "y:4": 23.043019638025182, "y:5": 11.867987206983656, "y:6": 3.4402623302981428}, "20": {"y:0": 10.911149983995326, "y:1": 28.340716728831197, "y:2": 38.27329347820743, "y:3": 39.56403734414033, "y:4": 27.046878985249805, "y:5": 14.353471018614165, "y:6": 3.911543768340846}, "21": {"y:0": 13.55164515812806, "y:1": 36.70257166449642, "y:2": 46.34234244281364, "y:3": 43.80421856688841, "y:4": 28.651374278853652, "y:5": 15.645356906866027, "y:6": 4.162381119143616}, "22": {"y:0": 14.8023654156354, "y:1": 39.398984184003886, "y:2": 52.57227966825654, "y:3": 51.60729872273972, "y:4": 34.141297467647945, "y:5": 18.75911715240187, "y:6": 4.93708703900876}, "23": {"y:0": 17.899163128374695, "y:1": 50.18986587191814, "y:2": 59.028195397328844, "y:3": 53.310748280991604, "y:4": 36.01152460721283, "y:5": 19.619058513200084, "y:6": 5.423324954588893}, "24": {"y:0": 21.897114048310502, "y:1": 53.42490165437853, "y:2": 63.85614811249457, "y:3": 61.467060486260976, "y:4": 39.77215889906146, "y:5": 21.741711791426358, "y:6": 6.0877278826099035}, "25": {"y:0": 32.52032560834329, "y:1": 67.7831653463756, "y:2": 69.79471372927581, "y:3": 64.71753249208875, "y:4": 39.13083432896406, "y:5": 21.507881458758213, "y:6": 7.464206192815928}, "26": {"y:0": 40.98593107724394, "y:1": 73.48173784496379, "y:2": 79.41237676172418, "y:3": 68.8764823507222, "y:4": 42.71215195171901, "y:5": 22.421764598618804, "y:6": 7.8249941414575455}, "27": {"y:0": 57.164464684490916, "y:1": 87.76980456895997, "y:2": 80.83890292077861, "y:3": 67.04130429882456, "y:4": 39.908431665680055, "y:5": 21.776843669192022, "y:6": 8.107185448850448}, "28": {"y:0": 70.33257004263989, "y:1": 95.5254158709495, "y:2": 85.41076516825454, "y:3": 72.57653128822167, "y:4": 43.744506315076414, "y:5": 23.43165361644315, "y:6": 9.63615706212552}, "29": {"y:0": 79.63258330145332, "y:1": 101.94855889404883, "y:2": 94.0873490423078, "y:3": 76.80903167590928, "y:4": 45.51593041674679, "y:5": 25.23066847957454, "y:6": 10.367905926655602}, "30": {"y:0": 98.70282602959222, "y:1": 104.66309321600129, "y:2": 95.32107455118441, "y:3": 76.47274952552436, "y:4": 46.946138259176216, "y:5": 27.0919278873861, "y:6": 11.509177555949622}, "31": {"y:0": 100.5792968106369, "y:1": 109.71803084790179, "y:2": 95.03277495039198, "y:3": 77.300300667891, "y:4": 46.15190213467945, "y:5": 27.022178788109073, "y:6": 12.035509451714201}, "32": {"y:0": 109.22341219273054, "y:1": 111.07503959931908, "y:2": 99.2226607850741, "y:3": 78.90507253622744, "y:4": 50.409138014205055, "y:5": 30.05567847464128, "y:6": 12.57633531310349}, "33": {"y:0": 107.42663221006339, "y:1": 109.69361582259693, "y:2": 104.20702586961924, "y:3": 80.96961650641622, "y:4": 50.16673600001277, "y:5": 29.179858324452045, "y:6": 13.634007427869838}, "34": {"y:0": 91.93725908987591, "y:1": 117.96619946508048, "y:2": 105.80347261333335, "y:3": 79.5704955335178, "y:4": 48.79036876503203, "y:5": 28.87886354309139, "y:6": 14.187424998562173}}