{"0": {"y:0": 0.008376021511208257, "y:1": 0.16328950079139415, "y:2": 1.151769940176751, "y:3": 1.670551198082574, "y:4": 0.69214494254789, "y:5": 0.29441534806043296, "y:6": 0.01945304882974948}}