{"0": {"y:0": 0.008595749932376624, "y:1": 0.009694026898335832, "y:2": 0.0026372634204314353, "y:3": 0.006411475798661042, "y:4": 0.014854678843125363, "y:5": 0.0024894374914949343, "y:6": 0.03368749531150031, "y:7": 0.0057820966479972735, "y:8": 0.01135239053742225, "y:9": 0.008761161748204327, "y:10": 0.0027871393351980352, "y:11": 0.01089272943097314, "y:12": 0.009772167660676517, "y:13": 0.0015752366566996183, "y:14": 0.07372173412249318, "y:15": 0.014597305602649971, "y:16": 0.07321732359228468, "y:17": 0.016452759466403954, "y:18": 0.005751346179048789, "y:19": 0.014146645461653805, "y:20": 0.0026795181434349728, "y:21": 0.0028742839046471224, "y:22": 0.0648564379059266, "y:23": 0.022127883783985308, "y:24": 0.028615791090847484, "y:25": 0.0069534441587877525, "y:26": 0.006889933532999581, "y:27": 0.010900430651258236, "y:28": 0.003406908537601307, "y:29": 0.003101280583675136, "y:30": 0.03503193653125267, "y:31": 0.0030834195378168106}, "1": {"y:0": 0.008603157836707693, "y:1": 0.009557039463529125, "y:2": 0.002645066508428178, "y:3": 0.005283659112387493, "y:4": 0.014963262310020368, "y:5": 0.0023923300384876916, "y:6": 0.03663609543561736, "y:7": 0.00571501215110136, "y:8": 0.011558832425870158, "y:9": 0.00995250312053017, "y:10": 0.0027915561573109223, "y:11": 0.01330624740337188, "y:12": 0.009874696806528383, "y:13": 0.0015658677913830742, "y:14": 0.07128252236851639, "y:15": 0.021487374049860536, "y:16": 0.06854170244026521, "y:17": 0.02307785817891563, "y:18": 0.005752467897681948, "y:19": 0.016277677526596236, "y:20": 0.0026889029873862023, "y:21": 0.0029026106889926398, "y:22": 0.0721774650327349, "y:23": 0.028667876786340207, "y:24": 0.02860573659202749, "y:25": 0.00691114658750046, "y:26": 0.0068072144288851616, "y:27": 0.011133312617757091, "y:28": 0.0033989130924838287, "y:29": 0.003124724973332581, "y:30": 0.03472367610152081, "y:31": 0.003087300814351947}, "2": {"y:0": 0.00873288231420738, "y:1": 0.010162597032715236, "y:2": 0.0026357823421230098, "y:3": 0.005421747116363066, "y:4": 0.014686727811538377, "y:5": 0.0024157801126288383, "y:6": 0.037138594413211816, "y:7": 0.006089909124654484, "y:8": 0.011335211960636506, "y:9": 0.013477337684881104, "y:10": 0.002783292478734401, "y:11": 0.017673587395648876, "y:12": 0.009929007418563205, "y:13": 0.0015756562493467988, "y:14": 0.08079691016549619, "y:15": 0.036669089856108304, "y:16": 0.07661822129352322, "y:17": 0.03697034925497353, "y:18": 0.00576634973355781, "y:19": 0.021864680609299615, "y:20": 0.0026846719607149143, "y:21": 0.0029299208241818546, "y:22": 0.07281473816551241, "y:23": 0.043445202187831405, "y:24": 0.029092619926657147, "y:25": 0.007061175009143256, "y:26": 0.006864567129968342, "y:27": 0.011732593856696576, "y:28": 0.003394423977859032, "y:29": 0.0031299355495398957, "y:30": 0.03639133610576265, "y:31": 0.00310658418826877}, "3": {"y:0": 0.00872767396290754, "y:1": 0.010790524635302525, "y:2": 0.002639178930960917, "y:3": 0.005363695395866579, "y:4": 0.014840740766865878, "y:5": 0.00241104349657788, "y:6": 0.036585795332635965, "y:7": 0.006103171588447286, "y:8": 0.011405381896700128, "y:9": 0.014477760956338768, "y:10": 0.0027930177058688305, "y:11": 0.020215126977007346, "y:12": 0.009792333283502892, "y:13": 0.0015814058048857621, "y:14": 0.07094735296444418, "y:15": 0.043662178506225065, "y:16": 0.07181556274635957, "y:17": 0.04665658122971819, "y:18": 0.005763913299068306, "y:19": 0.022739117098921742, "y:20": 0.0026894227248268655, "y:21": 0.0029352229153038205, "y:22": 0.07123965392758419, "y:23": 0.05636718772996412, "y:24": 0.029217629211545887, "y:25": 0.00710631611359632, "y:26": 0.006929262767394519, "y:27": 0.011569309926687942, "y:28": 0.0033943636672945083, "y:29": 0.0031379583023404163, "y:30": 0.03568207605795558, "y:31": 0.0031022040643495443}, "4": {"y:0": 0.00867833286592702, "y:1": 0.013771824422447353, "y:2": 0.0026421713013593993, "y:3": 0.006803984000162488, "y:4": 0.01473382816338782, "y:5": 0.0025468429058458303, "y:6": 0.036809375406399954, "y:7": 0.006614912718890341, "y:8": 0.01144133075942721, "y:9": 0.016035893805840834, "y:10": 0.002789558547175865, "y:11": 0.022548762027358737, "y:12": 0.009892711078369504, "y:13": 0.0015852723039475258, "y:14": 0.07303857533857612, "y:15": 0.04244559806829119, "y:16": 0.07194594994364512, "y:17": 0.04434863139668578, "y:18": 0.005765073600751676, "y:19": 0.024240983893773046, "y:20": 0.00268009314928615, "y:21": 0.0029433140605087454, "y:22": 0.07002032200066277, "y:23": 0.06109287001836153, "y:24": 0.02998898335518998, "y:25": 0.007156690209156512, "y:26": 0.006941241695981445, "y:27": 0.011696522866741142, "y:28": 0.003385517798849301, "y:29": 0.003135661670439691, "y:30": 0.03685961211559756, "y:31": 0.003110224591234617}, "5": {"y:0": 0.008695128721699816, "y:1": 0.013678264630540829, "y:2": 0.0026395347855680735, "y:3": 0.006805142294761366, "y:4": 0.014916338239698762, "y:5": 0.002538944287064496, "y:6": 0.03778889190632935, "y:7": 0.00660390879251013, "y:8": 0.011403424144682484, "y:9": 0.016214474328725158, "y:10": 0.0027877583753311164, "y:11": 0.021740753420201413, "y:12": 0.009878288564220194, "y:13": 0.0015876298817583533, "y:14": 0.07125297432562916, "y:15": 0.04001752190165738, "y:16": 0.0679927947092618, "y:17": 0.04513484629717611, "y:18": 0.005771636150654784, "y:19": 0.02395812581387959, "y:20": 0.0026859730137564447, "y:21": 0.0029470382815307674, "y:22": 0.06891874472914886, "y:23": 0.05316855221551234, "y:24": 0.028428584810070587, "y:25": 0.007121456504602866, "y:26": 0.006908868244348389, "y:27": 0.011724254991761489, "y:28": 0.003396822748671652, "y:29": 0.0031386392816053, "y:30": 0.03694833910491633, "y:31": 0.00311410746788395}, "6": {"y:0": 0.008724756647320567, "y:1": 0.015158501744741532, "y:2": 0.002638455033676999, "y:3": 0.00827775915974801, "y:4": 0.014836255866305475, "y:5": 0.002729965733156681, "y:6": 0.0371069139315348, "y:7": 0.00784898201737738, "y:8": 0.011434450488961825, "y:9": 0.023173010656620266, "y:10": 0.002794526279173751, "y:11": 0.031820676660256814, "y:12": 0.009821988468829469, "y:13": 0.001607613170987692, "y:14": 0.07411135425320267, "y:15": 0.03755273597430696, "y:16": 0.07501548967768139, "y:17": 0.04285396832961528, "y:18": 0.0057815043915508115, "y:19": 0.02698349264232212, "y:20": 0.0026888441655165, "y:21": 0.0029682159963107762, "y:22": 0.07087506533714043, "y:23": 0.05764442256714003, "y:24": 0.029863064501862015, "y:25": 0.007177164439862091, "y:26": 0.006900000173190944, "y:27": 0.011840356151830494, "y:28": 0.0033956671182480878, "y:29": 0.0031374576215185057, "y:30": 0.03598950850754599, "y:31": 0.003118696307060151}, "7": {"y:0": 0.008701293136972769, "y:1": 0.015823412774997332, "y:2": 0.0026443729096462002, "y:3": 0.00803140943556672, "y:4": 0.014883677045933621, "y:5": 0.002696778832178975, "y:6": 0.037080096611829684, "y:7": 0.007584517335470904, "y:8": 0.01137691631890652, "y:9": 0.02161557427747418, "y:10": 0.0027895565085955722, "y:11": 0.030550259376574258, "y:12": 0.009850206131438197, "y:13": 0.0016044138812421553, "y:14": 0.07080900553306012, "y:15": 0.0402857575881933, "y:16": 0.07014547636029604, "y:17": 0.04752517779014736, "y:18": 0.005775272585470993, "y:19": 0.025702657877863234, "y:20": 0.0026912768823602667, "y:21": 0.0029611920421737936, "y:22": 0.0718791031509363, "y:23": 0.061839338693298586, "y:24": 0.02942980134438273, "y:25": 0.007149675608445867, "y:26": 0.006919177711776453, "y:27": 0.011734881606405066, "y:28": 0.0034014381684697678, "y:29": 0.0031343649688696336, "y:30": 0.03596878479987458, "y:31": 0.0031085193428825935}, "8": {"y:0": 0.00870461458140251, "y:1": 0.014538169672627225, "y:2": 0.0026432773105405554, "y:3": 0.009052889605671426, "y:4": 0.014845691901289898, "y:5": 0.002819625612886399, "y:6": 0.0369814490441565, "y:7": 0.008507786487067355, "y:8": 0.011399990878439271, "y:9": 0.030154562206453944, "y:10": 0.002789980237473377, "y:11": 0.038390446405600076, "y:12": 0.00988811233201559,