{"12": {"y:0": 0.07796791790866076, "y:1": 0.14400656848834398, "y:2": 0.07218016000474659, "y:3": 0.07696663177074345, "y:4": 0.06152976883850456, "y:5": 0.10872490746000703, "y:6": 0.08505101571308704, "y:7": 0.1487564537278175, "y:8": 0.06066609094701597, "y:9": 0.2678724809500591, "y:10": 0.04811597963047289, "y:11": 0.0752754140894984, "y:12": 0.0394432675367785, "y:13": 0.04236651121596687, "y:14": 0.06812163598211338, "y:15": 0.05708657053765594, "y:16": 0.057391635092584055, "y:17": 0.03280775817362236, "y:18": 0.031527784773457274, "y:19": 0.05855212800473127, "y:20": 0.021313322362384864, "y:21": 0.039278699208388786, "y:22": 0.0258160639665614, "y:23": 0.018036096681223527, "y:24": 0.12924085041824307, "y:25": 0.10565883254504357, "y:26": 0.1752198161136782, "y:27": 0.30026312311866427, "y:28": 0.18488440674806367, "y:29": 0.1346069595188426, "y:30": 0.03409379962554046, "y:31": 0.2171773488474988}}