{"0": {"y:0": 0.2030438732284834, "y:1": 0.20437326243247145, "y:2": 0.20389181266091502, "y:3": 0.20211803874649792, "y:4": 0.20366735120762397, "y:5": 0.20177167317895903, "y:6": 0.20103140562626587, "y:7": 0.20367626371526534, "y:8": 0.20123609043269503, "y:9": 0.20313016533680103}, "1": {"y:0": 0.20238003147524208, "y:1": 0.2016595639260924, "y:2": 0.20219361313110562, "y:3": 0.20123637924003393, "y:4": 0.2019642632871887, "y:5": 0.20238437583630556, "y:6": 0.20488159330819425, "y:7": 0.20253931705576286, "y:8": 0.20112493516860827, "y:9": 0.20172728403867732}, "2": {"y:0": 0.4386890278601624, "y:1": 0.4336360041510985, "y:2": 0.4301351635962304, "y:3": 0.4372088156476057, "y:4": 0.4248908933121595, "y:5": 0.4265157811927401, "y:6": 0.4276265881080688, "y:7": 0.4299611360744576, "y:8": 0.4342902353061234, "y:9": 0.42827253742782295}, "3": {"y:0": 0.8571318112930288, "y:1": 0.8694340436133944, "y:2": 0.8698566158571596, "y:3": 0.8554215279635808, "y:4": 0.8291264029276847, "y:5": 0.8662876958475562, "y:6": 0.8941260862514939, "y:7": 0.8576506773750163, "y:8": 0.8660623879923307, "y:9": 0.8615157857244359}, "4": {"y:0": 1.734675098959516, "y:1": 1.675624310123359, "y:2": 1.7615387702519614, "y:3": 1.6025480218756043, "y:4": 1.3925321030757347, "y:5": 1.699429186082185, "y:6": 1.762995680976258, "y:7": 1.6853339910690877, "y:8": 1.6250970001312963, "y:9": 1.6708073808158046}, "5": {"y:0": 2.7862517240721023, "y:1": 2.520557609393839, "y:2": 2.697695980729354, "y:3": 2.410223721376199, "y:4": 1.6220464960357988, "y:5": 2.4462796288791555, "y:6": 2.5744109248909774, "y:7": 2.648903575316782, "y:8": 2.22058378209664, "y:9": 2.682256235167441}, "6": {"y:0": 3.056405772926925, "y:1": 2.8132647444690937, "y:2": 2.9693904449416415, "y:3": 2.550925481186385, "y:4": 1.7137642274516633, "y:5": 2.6306479548361423, "y:6": 2.9509867045452465, "y:7": 2.937441372218789, "y:8": 2.336267164362484, "y:9": 2.92886678925129}, "7": {"y:0": 3.119573811563303, "y:1": 2.9131304023514284, "y:2": 3.1892123055888018, "y:3": 2.6482977338306415, "y:4": 1.6961926000870984, "y:5": 2.6541152816067672, "y:6": 3.029518799177844, "y:7": 3.097627692201112, "y:8": 2.511605922946334, "y:9": 3.1731097857782675}, "8": {"y:0": 3.387407345385726, "y:1": 3.0596982291870574, "y:2": 3.2876417392303217, "y:3": 2.6803692902850123, "y:4": 1.7711300481991872, "y:5": 2.841508112729776, "y:6": 3.238877291352734, "y:7": 3.2669179245615174, "y:8": 2.4609168390328504, "y:9": 3.3229428839236608}, "9": {"y:0": 3.228449318445859, "y:1": 3.0701641430118762, "y:2": 3.235951640776246, "y:3": 2.747273049818685, "y:4": 1.6638723069481645, "y:5": 2.6700028167192382, "y:6": 3.1110839220147275, "y:7": 3.1759879461968215, "y:8": 2.570034804757945, "y:9": 3.271271136249572}, "10": {"y:0": 3.3574631421679735, "y:1": 3.048694226887024, "y:2": 3.3021310484829267, "y:3": 2.655171304471118, "y:4": 1.7745797295963914, "y:5": 2.870836204975446, "y:6": 3.2635922104785378, "y:7": 3.3424838654436204, "y:8": 2.4584686542958267, "y:9": 3.331511689187902}, "11": {"y:0": 3.4154820650549302, "y:1": 3.15794099289176, "y:2": 3.4175018043055534, "y:3": 2.7640605183925353, "y:4": 1.7602365276207637, "y:5": 2.8420111649311908, "y:6": 3.329734865783008, "y:7": 3.387478568224651, "y:8": 2.5508699579582412, "y:9": 3.418897853326323}}