{"0": {"y:0": 0.196395785685694, "y:1": 0.19178471156323337, "y:2": 0.19753782236383352, "y:3": 0.19283687843294478, "y:4": 0.19805183483067804, "y:5": 0.1935443089006044, "y:6": 0.19907086947328795, "y:7": 0.2009568315024231, "y:8": 0.20514915924686386, "y:9": 0.19692129407159262, "y:10": 6.420599798387885}, "1": {"y:0": 0.20000974820861678, "y:1": 0.1961682813507219, "y:2": 0.20034575552182135, "y:3": 0.2008254222405146, "y:4": 0.20068030305591056, "y:5": 0.19542497332925948, "y:6": 0.19944545783690032, "y:7": 0.19824130693611872, "y:8": 0.2022412358756378, "y:9": 0.19922531364095802, "y:10": 6.5458664744533035}, "2": {"y:0": 0.34833715635789814, "y:1": 0.32312284454385876, "y:2": 0.3675415667258482, "y:3": 0.34906758831503254, "y:4": 0.33197548172085783, "y:5": 0.3535547980590156, "y:6": 0.3589443971763202, "y:7": 0.3463371085308792, "y:8": 0.34253506949640333, "y:9": 0.3602553533047885, "y:10": 7.006089032222124}, "3": {"y:0": 0.4601107044373776, "y:1": 0.4098281973907551, "y:2": 0.49725994923275124, "y:3": 0.4750406552180765, "y:4": 0.39509641604109413, "y:5": 0.4597542938670393, "y:6": 0.5099860133672548, "y:7": 0.4324998346938622, "y:8": 0.4247656582501994, "y:9": 0.4448686056166386, "y:10": 6.659668839977642}, "4": {"y:0": 0.5360937448215902, "y:1": 0.44692255780999435, "y:2": 0.5649409062173046, "y:3": 0.5416614656756649, "y:4": 0.42923594389461783, "y:5": 0.539281320871162, "y:6": 0.6120477414166211, "y:7": 0.4745459596682798, "y:8": 0.4880775785962568, "y:9": 0.49328319181632385, "y:10": 6.817219497898155}, "5": {"y:0": 0.5332885002525015, "y:1": 0.46657569987282527, "y:2": 0.6097051312119166, "y:3": 0.5761620600587174, "y:4": 0.41630725180439954, "y:5": 0.5626316883775777, "y:6": 0.6462690093589692, "y:7": 0.4861797406013692, "y:8": 0.4767655565435114, "y:9": 0.4983342947292467, "y:10": 6.749374495052985}, "6": {"y:0": 0.5444270216618039, "y:1": 0.4576870869690445, "y:2": 0.613240932196791, "y:3": 0.5894297089595886, "y:4": 0.43259937830438305, "y:5": 0.5783871398625725, "y:6": 0.653282448745903, "y:7": 0.48454919621565445, "y:8": 0.49836928917162276, "y:9": 0.5185600379753028, "y:10": 6.856338156136583}, "7": {"y:0": 0.5494722079807924, "y:1": 0.47969529815665884, "y:2": 0.6220421799491382, "y:3": 0.6050373584009539, "y:4": 0.43205108758910993, "y:5": 0.5942789212767522, "y:6": 0.6789307495450034, "y:7": 0.5095073245502291, "y:8": 0.49137533161521346, "y:9": 0.5199586799540228, "y:10": 6.943572051628193}, "8": {"y:0": 0.5617278728656546, "y:1": 0.46616767973042667, "y:2": 0.6210262013031979, "y:3": 0.600331271934751, "y:4": 0.44128988902709076, "y:5": 0.5899334144141811, "y:6": 0.6768145352640083, "y:7": 0.4990350058797857, "y:8": 0.49885170173843263, "y:9": 0.5317725560139086, "y:10": 6.8726497674438125}, "9": {"y:0": 0.5571598879385535, "y:1": 0.4757583872500787, "y:2": 0.6328850212102529, "y:3": 0.6113275454926986, "y:4": 0.4360410766255568, "y:5": 0.6027043884915729, "y:6": 0.6844295925549012, "y:7": 0.5066025310801981, "y:8": 0.497147096861977, "y:9": 0.5190152832701548, "y:10": 6.904263033056081}}