{"2": {"s1": 1.121412035259005, "s2": 0.8785879647409952}}