{"0": {"s1": 0.015154822664294992, "s2": 1.474527531864804}, "1": {"s1": 0.014675809187145124, "s2": 1.5549410493064835}, "2": {"s1": 0.019567709052154016, "s2": 1.4471626446151178}, "3": {"s1": 0.02713727578320723, "s2": 1.467204559132666}, "4": {"s1": 0.05299172536783125, "s2": 1.5133378031764926}, "5": {"s1": 0.10063810182976689, "s2": 1.51695550120942}, "6": {"s1": 0.202240867221367, "s2": 1.4523342546680638}}