{"0": {"y:0": 0.12966321926018767, "y:1": 0.024942350131779135, "y:2": 0.1259798219445752, "y:3": 0.01839794341250271, "y:4": 0.13623993344664417, "y:5": 0.015273317066981774, "y:6": 0.12977765451199322, "y:7": 0.016278749835801958, "y:8": 0.13363509839500248, "y:9": 0.017129458341308235, "y:10": 0.1351329767114489, "y:11": 0.019077505517374423, "y:12": 0.1323724031171816, "y:13": 0.024844235639455814, "y:14": 0.1339698734389936, "y:15": 0.02679531980851921, "y:16": 0.14216104180536016, "y:17": 0.029507507726526078, "y:18": 0.145897291058926, "y:19": 0.031599159215823916, "y:20": 0.13883532143515234, "y:21": 0.03586655405840253, "y:22": 0.13348762424911303, "y:23": 0.037868598053084526, "y:24": 0.13564609674820619, "y:25": 0.038736811169951105, "y:26": 0.14184623776720906, "y:27": 0.04524665961339839, "y:28": 0.141064057795544, "y:29": 0.04533100622236972, "y:30": 0.1309753064718894, "y:31": 0.05030613588790618}, "1": {"y:0": 0.11434816128926015, "y:1": 0.03226931050855421, "y:2": 0.1176722846235709, "y:3": 0.022667153090990915, "y:4": 0.13304113977010695, "y:5": 0.01809415800034844, "y:6": 0.13339124795709947, "y:7": 0.01594555233331925, "y:8": 0.1353759262256915, "y:9": 0.015420270780059144, "y:10": 0.14246302179785097, "y:11": 0.016110930857687528, "y:12": 0.13779096153030693, "y:13": 0.017606797193478938, "y:14": 0.13727343401242567, "y:15": 0.019826748933039137, "y:16": 0.13688327736360534, "y:17": 0.022876096892378354, "y:18": 0.13682687003508437, "y:19": 0.02470684566029719, "y:20": 0.12716758804123698, "y:21": 0.029089393717409665, "y:22": 0.12569889258299766, "y:23": 0.028633308061762286, "y:24": 0.129985592613595, "y:25": 0.030316477038886607, "y:26": 0.13383407745534134, "y:27": 0.032642491506266115, "y:28": 0.11968245441865066, "y:29": 0.03320997906877063, "y:30": 0.14006629692569644, "y:31": 0.03879902814218594}, "2": {"y:0": 0.11824852967112953, "y:1": 0.08022476092089595, "y:2": 0.12467832335917976, "y:3": 0.06424702302389189, "y:4": 0.1292742534249697, "y:5": 0.05963941667814943, "y:6": 0.12841604176949178, "y:7": 0.04818545082471689, "y:8": 0.12755274711101344, "y:9": 0.04466860461675366, "y:10": 0.13065407095111903, "y:11": 0.04070600009846737, "y:12": 0.1343657068182571, "y:13": 0.037068652197198806, "y:14": 0.1327885011222162, "y:15": 0.03421493715173782, "y:16": 0.13073802333778514, "y:17": 0.03254740073863858, "y:18": 0.12715629861743438, "y:19": 0.02925791107252016, "y:20": 0.13901858919901566, "y:21": 0.02858997590922498, "y:22": 0.1355544799283126, "y:23": 0.02707740226316659, "y:24": 0.13012896215967132, "y:25": 0.02620299651939751, "y:26": 0.13106260963564995, "y:27": 0.024134150332730118, "y:28": 0.13899637860541278, "y:29": 0.023554154804306535, "y:30": 0.12988859168705336, "y:31": 0.022660093698059124}, "3": {"y:0": 0.10463598835265343, "y:1": 0.07810342068906181, "y:2": 0.12206006243168145, "y:3": 0.07505073184680446, "y:4": 0.1157886412788591, "y:5": 0.0669219282379717, "y:6": 0.12901933493982048, "y:7": 0.06323777145277448, "y:8": 0.12319138040483314, "y:9": 0.05734562505358297, "y:10": 0.12861140874622617, "y:11": 0.05194985737568951, "y:12": 0.13752903434867797, "y:13": 0.04982391622073717, "y:14": 0.12855221070148592, "y:15": 0.045863254893400575, "y:16": 0.12688263966826743, "y:17": 0.044358061672005955, "y:18": 0.12368486055442245, "y:19": 0.042835828450356835, "y:20": 0.12825108344795322, "y:21": 0.03866594954332606, "y:22": 0.12079825968843831, "y:23": 0.038566005652100395, "y:24": 0.11903383371897583, "y:25": 0.036807469043241385, "y:26": 0.12766613379674105, "y:27": 0.03601572058477174, "y:28": 0.13151016899750345, "y:29": 0.033844649812427886, "y:30": 0.12142859246381776, "y:31": 0.03411725002540927}, "4": {"y:0": 0.08423543440461224, "y:1": 0.06645035067095459, "y:2": 0.10321726988419605, "y:3": 0.061091573662967864, "y:4": 0.11233639362937516, "y:5": 0.05226053114116262, "y:6": 0.1128744077113868, "y:7": 0.047394885574228864, "y:8": 0.11567621882920547, "y:9": 0.04489168498139152, "y:10": 0.11500143224470058, "y:11": 0.04247071601282936, "y:12": 0.11118257564649732, "y:13": 0.03894653332535945, "y:14": 0.11204110689382543, "y:15": 0.03702714117398573, "y:16": 0.1097989148627822, "y:17": 0.03419516274100734, "y:18": 0.11685010724475123, "y:19": 0.03274863571197886, "y:20": 0.11087088392074453, "y:21": 0.03147345448155768, "y:22": 0.116288522764975, "y:23": 0.03039445318729636, "y:24": 0.11899756108826923, "y:25": 0.02953117722196389, "y:26": 0.11415469612827805, "y:27": 0.028581987327779754, "y:28": 0.11546601028990641, "y:29": 0.026967432627932945, "y:30": 0.1122021165141539, "y:31": 0.026675648276016824}, "5": {"y:0": 0.07222838232846766, "y:1": 0.05295564906790882, "y:2": 0.09319461778586215, "y:3": 0.04768261891954998, "y:4": 0.1045650107302239, "y:5": 0.038761050564252233, "y:6": 0.11004140380221372, "y:7": 0.03768368462595467, "y:8": 0.11633825413014656, "y:9": 0.03587385824190982, "y:10": 0.11142212075982219, "y:11": 0.03389188957854831, "y:12": 0.11675525504569086, "y:13": 0.031839705489708735, "y:14": 0.11715481865899133, "y:15": 0.029883858674975335, "y:16": 0.12123953253176939, "y:17": 0.029148068797933857, "y:18": 0.11494819979961604, "y:19": 0.028197286629967264, "y:20": 0.11772083366915337, "y:21": 0.028080660224213003, "y:22": 0.11572634103720664, "y:23": 0.026368892783019342, "y:24": 0.1156036437826851, "y:25": 0.02596191191200355, "y:26": 0.1158747063560934, "y:27": 0.02549659198768755, "y:28": 0.11460351430093507, "y:29": 0.02381146788316973, "y:30": 0.11464251254308104, "y:31": 0.023162819289930518}, "6": {"y:0": 0.049142722923824794, "y:1": 0.015155433637334983, "y:2": 0.04923140566816151, "y:3": 0.011716233676523632, "y:4": 0.053771813554111626, "y:5": 0.011802229191093437, "y:6": 0.0572122674135388, "y:7": 0.013263786317642393, "y:8": 0.055226921214287406, "y:9": 0.014172370867770125, "y:10": 0.059029143386047485, "y:11": 0.016574664847511317, "y:12": 0.05472168931976725, "y:13": 0.01776438874392179, "y:14": 0.05282952599066693, "y:15": 0.019977514443485216, "y:16": 0.053355976717190196, "y:17": 0.022524526605965947, "y:18": 0.05599958226324881, "y:19": 0.023610154288247642, "y:20": 0.05556132797838089, "y:21": 0.025491384377507625, "y:22": 0.055300131307142876, "y:23": 0.029243259946360782, "y:24": 0.053688783122496184, "y:25": 0.03107583346201168, "y:26": 0.05412188886344872, "y:27": 0.03442941768806096, "y:28": 0.05462826291250117, "y:29": 0.035688113723974325, "y:30": 0.05721069494145081, "y:31": 0.036351416887318834}, "7": {"y:0": 0.06666893371600631, "y:1": 0.020121075992235837, "y:2": 0.057085918613017234, "y:3": 0.024910833510279482, "y:4": 0.04935239912690459, "y:5": 0.028705324923111272, "y:6": 0.04559398795346272, "y:7": 0.03197696802633252, "y:8": 0.037470666357956824, "y:9": 0.034340064236023524, "y:10": 0.0359295238427849, "y:11": 0.03500807184360037, "y:12": 0.034023776036536446, "y:13": 0.037277961209061454, "y:14": 0.03200815380716545, "y:15": 0.03968792103350198, "y:16": 0.030286816689492513, "y:17": 0.042774401983129526, "y:18": 0.026200440068902646, "y:19": 0.04445724875480062, "y:20": 0.025183641107844334, "y:21": 0.047377163275139654, "y:22": 0.024864071057950427, "y:23": 0.04948430775003115, "y:24": 0.022837272241727026, "y:25": 0.05036296324654821, "y:26": 0.0229801096097496, "y:27": 0.05164452753066606, "y:28": 0.023388719987797187, "y:29": 0.05403179620239983, "y:30": 0.021819199651609673, "y:31": 0.056741037729476744}, "8": {"y:0": 0.04035487439517636, "y:1": 0.029456967997502394, "y:2": 0.03280012820508969, "y:3": 0.018353505408032676, "y:4": 0.03510933078569471, "y:5": 0.015559111669178985, "y:6": 0.034037659249436844, "y:7": 0.015224262240947575, "y:8": 0.03244461375937149, "y:9": 0.016448485089605322, "y:10": 0.033193547227924364, "y:11": 0.016587247075200384, "y:12": 0.03445843338858267, "y:13": 0.016748769535312513, "y:14": 0.03108172936735635, "y:15": 0.017363696019587156, "y:16": 0.03239428076619626, "y:17": 0.017289264952262504,