{"0": {"y:0": 0.20187280519018583, "y:1": 0.202743381839848, "y:2": 0.20176388409837692, "y:3": 0.20523891542637673, "y:4": 0.2007128508869457, "y:5": 0.20264912982671743, "y:6": 0.20977966959244276, "y:7": 0.20357476522803036, "y:8": 0.20597648794999612, "y:9": 0.19932809111981323, "y:10": 6.410475919529671}, "1": {"y:0": 0.20253946707670606, "y:1": 0.20238272491039494, "y:2": 0.19836139388883928, "y:3": 0.19971600722824437, "y:4": 0.2000061641297203, "y:5": 0.2052064652045118, "y:6": 0.20245978783386345, "y:7": 0.20102529929336888, "y:8": 0.19904949452768414, "y:9": 0.20067487330296102, "y:10": 6.460330042898302}, "2": {"y:0": 0.33856843678531334, "y:1": 0.3681715069958973, "y:2": 0.3682294418415858, "y:3": 0.348555760348676, "y:4": 0.36633266632866546, "y:5": 0.36003687670344814, "y:6": 0.3615387322208239, "y:7": 0.35742492136334075, "y:8": 0.32798601216632356, "y:9": 0.3272903207510097, "y:10": 6.1134278465695795}, "3": {"y:0": 0.42105882569122866, "y:1": 0.5052540412532184, "y:2": 0.5230719202722722, "y:3": 0.4606054242679306, "y:4": 0.5004639277398855, "y:5": 0.5144411849516017, "y:6": 0.5254325776346999, "y:7": 0.4963115966614104, "y:8": 0.40228258967879155, "y:9": 0.4043975521558426, "y:10": 6.301063174256727}, "4": {"y:0": 0.48363226510469537, "y:1": 0.5669632456442434, "y:2": 0.5516670209130788, "y:3": 0.4911604819111867, "y:4": 0.589111710454571, "y:5": 0.5946591741230349, "y:6": 0.589837042149503, "y:7": 0.5685037611788244, "y:8": 0.41657072309490967, "y:9": 0.42634741090691997, "y:10": 6.462011773547589}, "5": {"y:0": 0.5040698830523341, "y:1": 0.6209315560574806, "y:2": 0.6036461813072145, "y:3": 0.5225491589698743, "y:4": 0.5984312061136672, "y:5": 0.6094972959862995, "y:6": 0.6255579718223417, "y:7": 0.6007136690743077, "y:8": 0.4297302345178687, "y:9": 0.4310738816723645, "y:10": 6.3579499868248215}, "6": {"y:0": 0.5136201332665273, "y:1": 0.6384219502519562, "y:2": 0.6148514569731695, "y:3": 0.5202120857714618, "y:4": 0.6143817403813903, "y:5": 0.6382462682407972, "y:6": 0.6303213314451918, "y:7": 0.6300240575565689, "y:8": 0.4203055461767007, "y:9": 0.4287861295872807, "y:10": 6.365629017640315}, "7": {"y:0": 0.5154718316902631, "y:1": 0.6350704555801209, "y:2": 0.6167841519949412, "y:3": 0.5098621860194834, "y:4": 0.6229692844909261, "y:5": 0.6483538774246629, "y:6": 0.6352486981909967, "y:7": 0.6212260561406943, "y:8": 0.4224178284853223, "y:9": 0.4203077025139276, "y:10": 6.502852823984012}, "8": {"y:0": 0.5010291939824391, "y:1": 0.6404180369945153, "y:2": 0.6189466581507219, "y:3": 0.5339727450976789, "y:4": 0.613338123111812, "y:5": 0.6477733250882753, "y:6": 0.6517722555824723, "y:7": 0.6135892830857252, "y:8": 0.4349316472753522, "y:9": 0.43959601275931326, "y:10": 6.395439377500853}, "9": {"y:0": 0.5120071869406719, "y:1": 0.649760280522589, "y:2": 0.62373845720478, "y:3": 0.5285834135532477, "y:4": 0.6290945804638877, "y:5": 0.6582998886285756, "y:6": 0.6511442099136927, "y:7": 0.6271193140517805, "y:8": 0.43404821355367174, "y:9": 0.4378572634441585, "y:10": 6.4024256404785165}}