{"0": {"y:0": 0.4076974292688474, "y:1": 0.40652366106537474, "y:2": 0.4072611613061037, "y:3": 0.4089046511584758, "y:4": 0.4114529817637008, "y:5": 0.41455318489259635, "y:6": 0.4080311844387247, "y:7": 0.4135134653033686, "y:8": 0.40907608949848356, "y:9": 0.4091180374991787}, "1": {"y:0": 0.38820177393331623, "y:1": 0.3914651957853691, "y:2": 0.3872596942423182, "y:3": 0.39312553398118955, "y:4": 0.3891195026408224, "y:5": 0.39201477860086514, "y:6": 0.3864002642957704, "y:7": 0.390499630162675, "y:8": 0.38674538321424856, "y:9": 0.3903248298314142}, "2": {"y:0": 0.7788893401797957, "y:1": 0.7697615187047349, "y:2": 0.7693328981865013, "y:3": 0.7726805192666351, "y:4": 0.7791942617454897, "y:5": 0.7674957733361363, "y:6": 0.7566794347859264, "y:7": 0.7685946706467903, "y:8": 0.7730210351559303, "y:9": 0.774646411766016}, "3": {"y:0": 1.6008410085418288, "y:1": 1.6136547979966709, "y:2": 1.6026565113007964, "y:3": 1.6220851910110576, "y:4": 1.5919817611861187, "y:5": 1.589707650619446, "y:6": 1.595639896044239, "y:7": 1.587694272855189, "y:8": 1.5972184612936575, "y:9": 1.5988115511162446}, "4": {"y:0": 3.09753750554967, "y:1": 3.0891183247205647, "y:2": 3.16803393239101, "y:3": 3.2387741142244564, "y:4": 3.083813490278276, "y:5": 3.0557618526985757, "y:6": 3.1358871260696226, "y:7": 3.0874254975008983, "y:8": 3.293784232373891, "y:9": 3.0292700613765104}, "5": {"y:0": 4.956021718827954, "y:1": 5.086311625327696, "y:2": 5.11087672209285, "y:3": 4.907332695910646, "y:4": 4.968728345905021, "y:5": 5.064909262748278, "y:6": 5.192707920708418, "y:7": 4.959747340715985, "y:8": 5.027500850028422, "y:9": 5.179232691079186}, "6": {"y:0": 6.106810082085774, "y:1": 6.326091503650587, "y:2": 6.239179080355361, "y:3": 6.043236274772967, "y:4": 6.124843351292946, "y:5": 6.077351370829172, "y:6": 5.986891772401408, "y:7": 6.298050530446377, "y:8": 6.231442828192059, "y:9": 6.199548390804241}, "7": {"y:0": 6.573256033965281, "y:1": 6.650640533959608, "y:2": 6.464674626399703, "y:3": 6.555949119294987, "y:4": 6.7646885172360625, "y:5": 6.2788268359723345, "y:6": 6.602269842060603, "y:7": 6.599103952511286, "y:8": 6.674744527425158, "y:9": 6.480602645080821}, "8": {"y:0": 6.727193789359668, "y:1": 6.72083259089713, "y:2": 6.804152936257659, "y:3": 6.766007207278191, "y:4": 6.771552779466149, "y:5": 6.769719541339896, "y:6": 6.800482284388114, "y:7": 6.733806100533828, "y:8": 6.5961357385799335, "y:9": 6.647831970435231}, "9": {"y:0": 6.704380805678005, "y:1": 6.708233080221077, "y:2": 6.800002905016774, "y:3": 6.902089651830772, "y:4": 6.797129445438365, "y:5": 6.757058264204411, "y:6": 6.7541901444784, "y:7": 6.728221270746468, "y:8": 6.693513170001882, "y:9": 6.751120626218135}, "10": {"y:0": 6.838442033275474, "y:1": 6.808614424699338, "y:2": 6.812904072144348, "y:3": 6.893388557020428, "y:4": 6.833563626254153, "y:5": 6.9101999978807465, "y:6": 6.771985485976865, "y:7": 6.860373065566287, "y:8": 6.738558510084645, "y:9": 6.874529723115187}, "11": {"y:0": 6.8814790486032456, "y:1": 6.913056781242131, "y:2": 6.928408348829112, "y:3": 6.878691170102295, "y:4": 6.898249967087157, "y:5": 6.8806774324050055, "y:6": 6.935485141725831, "y:7": 6.935408656900809, "y:8": 6.9038150217593905, "y:9": 6.878684905503389}}