{"0": {"y:0": 76.69664111399749, "y:1": 8.507916285316801, "y:2": 6.588212861456869, "y:3": 5.66519344612095, "y:4": 4.867290948441891, "y:5": 4.56056421313831, "y:6": 4.4211889951602075, "y:7": 4.159616482998158, "y:8": 4.0801596918131535, "y:9": 3.9377967048452343}}