{"0": {"y:0": 0.006879606000117071, "y:1": 0.01066052575623594, "y:2": 0.005266726377003335, "y:3": 0.004025419995091667, "y:4": 0.01441375983127692, "y:5": 0.004177179625923502, "y:6": 0.01044097126565442, "y:7": 0.007759046030911678, "y:8": 0.005788268192593195, "y:9": 0.00700542800400715, "y:10": 0.005185305671880433, "y:11": 0.0032553798337179372, "y:12": 0.016223710841510933, "y:13": 0.003631328994639553, "y:14": 0.010334707434767401, "y:15": 0.0055116709636124925, "y:16": 0.0656981224695532, "y:17": 0.012550484274606873, "y:18": 0.004612785936886558, "y:19": 0.003924288646629188, "y:20": 0.01211452125942841, "y:21": 0.003023899877646927, "y:22": 0.021474757648698585, "y:23": 0.005773330507104274, "y:24": 0.006733225145563785, "y:25": 0.0067039776616489005, "y:26": 0.004709982654082009, "y:27": 0.003756743389906458, "y:28": 0.012537424228322724, "y:29": 0.0029451471183109777}, "1": {"y:0": 0.006854506493310631, "y:1": 0.010694274158670187, "y:2": 0.005292001956819992, "y:3": 0.004193435361159926, "y:4": 0.014347464260739878, "y:5": 0.004465622745892913, "y:6": 0.010409450017973224, "y:7": 0.008086588548838213, "y:8": 0.005774633891856235, "y:9": 0.0076881461911256785, "y:10": 0.0051671567651102686, "y:11": 0.0034263975120988758, "y:12": 0.016382647114805797, "y:13": 0.0035521136456138505, "y:14": 0.010187545001886653, "y:15": 0.005891987454317616, "y:16": 0.06279151173764881, "y:17": 0.012079052974585235, "y:18": 0.004560181910084817, "y:19": 0.003962839573056334, "y:20": 0.011843822809852767, "y:21": 0.0030169597677953083, "y:22": 0.020898675382532, "y:23": 0.005842386537641907, "y:24": 0.006681959535143961, "y:25": 0.006720424383646307, "y:26": 0.0046627418286368134, "y:27": 0.0037658974293680388, "y:28": 0.0129010689933656, "y:29": 0.002958203621005094}, "2": {"y:0": 0.006952395534450555, "y:1": 0.01473882437076571, "y:2": 0.005323656834719502, "y:3": 0.005929155875104813, "y:4": 0.014806049346166979, "y:5": 0.00700324683238453, "y:6": 0.01048022693783452, "y:7": 0.020906701019531678, "y:8": 0.005797234748767728, "y:9": 0.01903799717052238, "y:10": 0.00515720002139852, "y:11": 0.005433004027144216, "y:12": 0.016436020635906615, "y:13": 0.0057651936937956755, "y:14": 0.010277497381209727, "y:15": 0.013879655589196275, "y:16": 0.07150116559570355, "y:17": 0.006995068642945902, "y:18": 0.0045724985102772245, "y:19": 0.00608184204243426, "y:20": 0.012121938070029802, "y:21": 0.004040414669126919, "y:22": 0.021598199756670315, "y:23": 0.010118855556484853, "y:24": 0.006735850174084665, "y:25": 0.013292786598512362, "y:26": 0.004682114411650964, "y:27": 0.004960737436916721, "y:28": 0.012806515941060982, "y:29": 0.0036313501919023107}, "3": {"y:0": 0.0068998024003134395, "y:1": 0.014086472404595247, "y:2": 0.00533422094949595, "y:3": 0.006395873899929203, "y:4": 0.014648401578635315, "y:5": 0.007956721407659873, "y:6": 0.010468927883484263, "y:7": 0.026271783775630445, "y:8": 0.005801311593775519, "y:9": 0.027245002773511343, "y:10": 0.00519518155246089, "y:11": 0.006371516631157094, "y:12": 0.01655220018044134, "y:13": 0.006962099020404292, "y:14": 0.01028400345374738, "y:15": 0.026011419405828556, "y:16": 0.07397532479155929, "y:17": 0.006922439615881062, "y:18": 0.00458106093633876, "y:19": 0.007947333048394923, "y:20": 0.012032174830027685, "y:21": 0.004847489060200381, "y:22": 0.021653966541941228, "y:23": 0.020251797192427264, "y:24": 0.006708674730613942, "y:25": 0.030398860999141377, "y:26": 0.004703790432326093, "y:27": 0.006435532944598893, "y:28": 0.012815638575903388, "y:29": 0.004329181094972308}, "4": {"y:0": 0.006861192196523851, "y:1": 0.014005043418182084, "y:2": 0.0053125079666603075, "y:3": 0.006568928989572602, "y:4": 0.014442450053519101, "y:5": 0.008317436186815364, "y:6": 0.010325695850121133, "y:7": 0.025623493771669184, "y:8": 0.005765695371589461, "y:9": 0.028477040451387676, "y:10": 0.0051763300689453865, "y:11": 0.006689132648218947, "y:12": 0.01627993326559568, "y:13": 0.007363824405946619, "y:14": 0.010239327426176581, "y:15": 0.03681957829613618, "y:16": 0.06925751451588724, "y:17": 0.006872219554485788, "y:18": 0.004573053387479324, "y:19": 0.008743966395792998, "y:20": 0.01201478343672511, "y:21": 0.005077871887617515, "y:22": 0.021176587301971805, "y:23": 0.02610795370408745, "y:24": 0.006764290611627303, "y:25": 0.045268639260883356, "y:26": 0.0046841207126249946, "y:27": 0.0072076128365147814, "y:28": 0.012832127001965813, "y:29": 0.004701475436451334}, "5": {"y:0": 0.006872245295336848, "y:1": 0.014217341907165879, "y:2": 0.0052932607466695016, "y:3": 0.006655295559248688, "y:4": 0.014387968274461163, "y:5": 0.008511267912749658, "y:6": 0.010358683431652986, "y:7": 0.025836281095968597, "y:8": 0.0057756774613646625, "y:9": 0.028857294540785037, "y:10": 0.005192405561247461, "y:11": 0.0068133179649014575, "y:12": 0.01639911731210306, "y:13": 0.007542025011822912, "y:14": 0.010251026958553908, "y:15": 0.043089153882791394, "y:16": 0.07068108281520057, "y:17": 0.006790298679715096, "y:18": 0.004572157992748125, "y:19": 0.009148190052860416, "y:20": 0.012019346399223882, "y:21": 0.005273806448535592, "y:22": 0.021472661967297912, "y:23": 0.03214653946489612, "y:24": 0.006748931677694585, "y:25": 0.055660918868981446, "y:26": 0.004666286034183464, "y:27": 0.007655521234538696, "y:28": 0.012879407328377987, "y:29": 0.004840062338981885}, "6": {"y:0": 0.006876742789653987, "y:1": 0.013941481167669965, "y:2": 0.005312251977089605, "y:3": 0.006654920414474439, "y:4": 0.01433452763296428, "y:5": 0.008510341040267502, "y:6": 0.010396979533837511, "y:7": 0.02443214520619042, "y:8": 0.005752449418676627, "y:9": 0.027316146915347183, "y:10": 0.005177134021952659, "y:11": 0.0068926243070588766, "y:12": 0.016283716892570275, "y:13": 0.007648450570797299, "y:14": 0.01024764477738343, "y:15": 0.046377512400826326, "y:16": 0.077508910832367, "y:17": 0.006700655637955439, "y:18": 0.004571866051263396, "y:19": 0.009286848735550617, "y:20": 0.012051212878743531, "y:21": 0.0052911347717758935, "y:22": 0.021519642581982353, "y:23": 0.03577020854372408, "y:24": 0.00673959220776896, "y:25": 0.05316137223967587, "y:26": 0.004677140350666368, "y:27": 0.007753387186002934, "y:28": 0.012878737686970381, "y:29": 0.004896820872850644}, "7": {"y:0": 0.006895876245207835, "y:1": 0.014069213577651118, "y:2": 0.0053194818331626535, "y:3": 0.006652183026646698, "y:4": 0.014494531849111269, "y:5": 0.008565138502980716, "y:6": 0.010457252433160789, "y:7": 0.025019636076296314, "y:8": 0.005779687634300255, "y:9": 0.02695577387483955, "y:10": 0.005177417214817861, "y:11": 0.006901222796069906, "y:12": 0.01622659696333557, "y:13": 0.007692478132852032, "y:14": 0.010302816657771994, "y:15": 0.04815917838918046, "y:16": 0.07460280861757264, "y:17": 0.006675361579623044, "y:18": 0.004579129115017802, "y:19": 0.009290627308969929, "y:20": 0.01205499151347148, "y:21": 0.005343668149528116, "y:22": 0.021328481601928864, "y:23": 0.03584117139066432, "y:24": 0.006721504776192143, "y:25": 0.057411901960998615, "y:26": 0.004680729896155896, "y:27": 0.007874287944193122, "y:28": 0.012910843129055159, "y:29": 0.004943116317764864}, "8": {"y:0": 0.0068816402472771645, "y:1": 0.014197655505828749, "y:2": 0.005330526585712791, "y:3": 0.006649802078108419, "y:4": 0.014425281594663162, "y:5": 0.008567416778621597, "y:6": 0.010386228820810296, "y:7": 0.024776865722703784, "y:8": 0.005768098739913802, "y:9": 0.027552317510339895, "y:10": 0.00517254427461761, "y:11": 0.006909897099455042, "y:12": 0.016184499276382106, "y:13": 0.007706720028514563, "y:14": 0.010258220743572317, "y:15": 0.049395956567967206, "y:16": 0.07636420161023826, "y:17": 0.006690008556824019, "y:18": 0.0045812486037219114, "y:19": 0.00929217768871873, "y:20": 0.012019480134491362, "y:21": 0.005344207618915566, "y:22": 0.02115606088825742, "y:23": 0.037314381926316226, "y:24": 0.0067349874547022286, "y:25": 0.05901312029263533, "y:26": 0.004674011477756941, "y:27": 0.007910495055948104,