{"0": {"y:0": 0.11776807690006895, "y:1": 0.03009604207950967, "y:2": 0.1266689285629775, "y:3": 0.0196562655553242, "y:4": 0.14148792244233946, "y:5": 0.015185612297757545, "y:6": 0.13698905615060386, "y:7": 0.016110731867787362, "y:8": 0.12570786232721406, "y:9": 0.016757829785165154, "y:10": 0.1359139512128737, "y:11": 0.020479649303159833, "y:12": 0.12226204970240716, "y:13": 0.023555770066225747, "y:14": 0.14325050804279135, "y:15": 0.029006136331785063, "y:16": 0.1304712600614799, "y:17": 0.028448898711118543, "y:18": 0.13169518700505484, "y:19": 0.03364804352685052, "y:20": 0.13938120657759992, "y:21": 0.03454799655119676, "y:22": 0.12401281416349479, "y:23": 0.036212190137125025, "y:24": 0.14489166501838976, "y:25": 0.03756871792393422, "y:26": 0.1317012063281991, "y:27": 0.04190700372003341, "y:28": 0.1329089253113464, "y:29": 0.04520003676913047, "y:30": 0.13758145639558234, "y:31": 0.045890721892445245}, "1": {"y:0": 0.1389454647420288, "y:1": 0.027089514599495972, "y:2": 0.1286021419350099, "y:3": 0.01816602462345518, "y:4": 0.1332686373959056, "y:5": 0.015785106080511768, "y:6": 0.13879790715439325, "y:7": 0.015168593813197628, "y:8": 0.12413180105506279, "y:9": 0.016612326321403508, "y:10": 0.12288268197999755, "y:11": 0.02081503564189673, "y:12": 0.13565421949463344, "y:13": 0.02150029702364774, "y:14": 0.12227329212016133, "y:15": 0.02399024203193582, "y:16": 0.13737081104795504, "y:17": 0.02815266337388711, "y:18": 0.12506702404347791, "y:19": 0.031493392474634355, "y:20": 0.13640585821474996, "y:21": 0.031002408566135054, "y:22": 0.138671584745048, "y:23": 0.03483017131642595, "y:24": 0.14047493848531456, "y:25": 0.038285022225666966, "y:26": 0.13186723171510803, "y:27": 0.03774117091601732, "y:28": 0.14118167559317069, "y:29": 0.04104354489671466, "y:30": 0.12522513318116982, "y:31": 0.04190457554986889}, "2": {"y:0": 0.1204463814300677, "y:1": 0.0761029172574, "y:2": 0.12899900578335516, "y:3": 0.06674950858463802, "y:4": 0.12730500345883491, "y:5": 0.05482880249011395, "y:6": 0.1411571132113761, "y:7": 0.045632563526665386, "y:8": 0.13007744637863727, "y:9": 0.04626841898603023, "y:10": 0.12398750918190068, "y:11": 0.04095579156034534, "y:12": 0.12879249397772022, "y:13": 0.03407211722298617, "y:14": 0.12324222245788805, "y:15": 0.0350912845704729, "y:16": 0.12965517862981107, "y:17": 0.03050193910392704, "y:18": 0.13591198220721604, "y:19": 0.029370998344991052, "y:20": 0.13751201965366625, "y:21": 0.027778256973040413, "y:22": 0.13538604377001995, "y:23": 0.026481036117134208, "y:24": 0.12348141748794164, "y:25": 0.02536003928041619, "y:26": 0.12729415948450074, "y:27": 0.023402760921998902, "y:28": 0.13639918070236162, "y:29": 0.022720407519504472, "y:30": 0.12392141491985653, "y:31": 0.02326087569582999}, "3": {"y:0": 0.10414369370531432, "y:1": 0.06323390346044393, "y:2": 0.12294671505403358, "y:3": 0.055299123959884865, "y:4": 0.12000213226026198, "y:5": 0.04556240154656056, "y:6": 0.12636115212308388, "y:7": 0.038072183025741266, "y:8": 0.12552669973988972, "y:9": 0.03688758735791335, "y:10": 0.12135343620862239, "y:11": 0.03140425689901304, "y:12": 0.12370237319365382, "y:13": 0.031119967084080425, "y:14": 0.13456635162486183, "y:15": 0.028421279353423815, "y:16": 0.11686261119503365, "y:17": 0.026927770685284885, "y:18": 0.1304336079310153, "y:19": 0.024527623103721717, "y:20": 0.12651791082236033, "y:21": 0.023444021830394013, "y:22": 0.11363921465196233, "y:23": 0.023408655220720574, "y:24": 0.12259735985025007, "y:25": 0.022165021367849248, "y:26": 0.12439170311591859, "y:27": 0.019563662574969463, "y:28": 0.12476200748573371, "y:29": 0.019903047671597663, "y:30": 0.12476149791191886, "y:31": 0.019189223709855378}, "4": {"y:0": 0.09435915428374346, "y:1": 0.07375086225269847, "y:2": 0.1097375261591096, "y:3": 0.06568898950281414, "y:4": 0.12182159897659402, "y:5": 0.05904882925710965, "y:6": 0.11954260013802066, "y:7": 0.053107755384333974, "y:8": 0.12555216757067192, "y:9": 0.04754944265291537, "y:10": 0.1257376740055678, "y:11": 0.044093515170006134, "y:12": 0.1303645315624855, "y:13": 0.03892534228460909, "y:14": 0.12838830010516325, "y:15": 0.03685023097352555, "y:16": 0.12071522409497046, "y:17": 0.03521661819225622, "y:18": 0.12362884876654656, "y:19": 0.031000511238211806, "y:20": 0.12618327077330488, "y:21": 0.030517954239708926, "y:22": 0.12349002816859712, "y:23": 0.029092784323736857, "y:24": 0.11897661419950538, "y:25": 0.028453521113490806, "y:26": 0.12243745361388639, "y:27": 0.027294358062429688, "y:28": 0.12315244120420808, "y:29": 0.02621686658772912, "y:30": 0.11999529501687091, "y:31": 0.025111198234362447}, "5": {"y:0": 0.06296792570047646, "y:1": 0.021155012881378225, "y:2": 0.07523269708251165, "y:3": 0.015927771631460034, "y:4": 0.0816323921430418, "y:5": 0.014299128218386631, "y:6": 0.08374836382385416, "y:7": 0.014710104897235647, "y:8": 0.08461276826540272, "y:9": 0.015856700675723836, "y:10": 0.08780601804278966, "y:11": 0.01780004012960389, "y:12": 0.0789023966932706, "y:13": 0.01970223019773225, "y:14": 0.0819339983689438, "y:15": 0.021438681828977194, "y:16": 0.08322195607163581, "y:17": 0.023293009575486804, "y:18": 0.08383613244281093, "y:19": 0.025244113723570515, "y:20": 0.08193445712965644, "y:21": 0.027141554100799773, "y:22": 0.07917358950465363, "y:23": 0.02959840067933671, "y:24": 0.07860546235272953, "y:25": 0.03173249905844657, "y:26": 0.079789598844292, "y:27": 0.032804365489726955, "y:28": 0.07852065741274732, "y:29": 0.03509485443966943, "y:30": 0.08052283072704147, "y:31": 0.03821814558755531}, "6": {"y:0": 0.05324156429194765, "y:1": 0.015367054128810677, "y:2": 0.061796724429665925, "y:3": 0.013837959366318606, "y:4": 0.062483774596179716, "y:5": 0.014742475089593978, "y:6": 0.060115212136261885, "y:7": 0.017297271305559466, "y:8": 0.06275453809646567, "y:9": 0.01966520898165166, "y:10": 0.05831590063605653, "y:11": 0.02441529735054821, "y:12": 0.05984796471573229, "y:13": 0.026103009555835357, "y:14": 0.058810916636441564, "y:15": 0.029265811095123245, "y:16": 0.059211105186392166, "y:17": 0.031177494424070796, "y:18": 0.05851177062785724, "y:19": 0.03399081176792967, "y:20": 0.062407403020286786, "y:21": 0.03554108289170346, "y:22": 0.05570621180049457, "y:23": 0.03764033878471782, "y:24": 0.06017661315381787, "y:25": 0.04078784393136177, "y:26": 0.057603452080445386, "y:27": 0.04295561658074924, "y:28": 0.05288899272254784, "y:29": 0.04360337239761856, "y:30": 0.05323647774698413, "y:31": 0.04667358914607786}, "7": {"y:0": 0.07177696035042598, "y:1": 0.031785593227208205, "y:2": 0.06522729666633185, "y:3": 0.04539496868911038, "y:4": 0.05920651059532844, "y:5": 0.05361642493120715, "y:6": 0.05435836989101521, "y:7": 0.05927952842021344, "y:8": 0.05239284063616194, "y:9": 0.06335225236730141, "y:10": 0.04886141555440861, "y:11": 0.07090577898526422, "y:12": 0.04434990512780144, "y:13": 0.06639136179440615, "y:14": 0.044321144888232716, "y:15": 0.08241357198886896, "y:16": 0.041679048528249, "y:17": 0.07826478895801066, "y:18": 0.03856449773424987, "y:19": 0.07776967521742371, "y:20": 0.03404652726284916, "y:21": 0.07452176475304281, "y:22": 0.03524565948112205, "y:23": 0.07559256047354003, "y:24": 0.0315365431015865, "y:25": 0.08533017514781652, "y:26": 0.029082402429249983, "y:27": 0.08073749131158199, "y:28": 0.027448305371408115, "y:29": 0.0815548600898186, "y:30": 0.025686197351108216, "y:31": 0.09325765887515121}, "8": {"y:0": 0.04437756258176524, "y:1": 0.01976058812449996, "y:2": 0.042113828927637084, "y:3": 0.015289369172905933, "y:4": 0.04206965160539633, "y:5": 0.015100979308659326, "y:6": 0.042016131745814006, "y:7": 0.015156526668715512, "y:8": 0.035326071801418155, "y:9": 0.01753997817412557, "y:10": 0.03634695776169962, "y:11": 0.017520560796647485, "y:12": 0.03643546670913624, "y:13": 0.01776288253865208, "y:14": 0.03679285301799606, "y:15": 0.018403262101550896, "y:16": 0.03803977234473452, "y:17": 0.020469802368260494, "y:18": 0.03385788760152405,