{"0": {"y:0": 0.12496189760718192, "y:1": 0.019566698504334033, "y:2": 0.13399672919810168, "y:3": 0.015016385183661662, "y:4": 0.13196857374567605, "y:5": 0.016607165904169375, "y:6": 0.14848010757794453, "y:7": 0.019418864909607654, "y:8": 0.13939813647704483, "y:9": 0.024248770157623157, "y:10": 0.1213892740196313, "y:11": 0.030399746759968538, "y:12": 0.12961769852572472, "y:13": 0.034085195552385435, "y:14": 0.133007316064835, "y:15": 0.033148640436249814, "y:16": 0.12377837105481111, "y:17": 0.03721832431358918, "y:18": 0.1258232654757857, "y:19": 0.04689889733166119, "y:20": 0.13892694319085558, "y:21": 0.05379083913486568, "y:22": 0.1520241710468589, "y:23": 0.055539741641251084, "y:24": 0.12841965749393644, "y:25": 0.053202391503628, "y:26": 0.12746689642509618, "y:27": 0.05611914158123411, "y:28": 0.1139502303929505, "y:29": 0.054050367442690414, "y:30": 0.12036589717051684, "y:31": 0.057912789053619025}, "1": {"y:0": 0.1136434783356003, "y:1": 0.028909475130230417, "y:2": 0.1200455813924661, "y:3": 0.02229761455387129, "y:4": 0.13198934804165027, "y:5": 0.01758001056711966, "y:6": 0.11986799322596081, "y:7": 0.017046215401010256, "y:8": 0.1366011150910364, "y:9": 0.01585650061230513, "y:10": 0.12037566825774222, "y:11": 0.01543862423002356, "y:12": 0.12786657627847456, "y:13": 0.016516038832846292, "y:14": 0.11607398218096449, "y:15": 0.01833028730987834, "y:16": 0.13253341960554407, "y:17": 0.018818733609187184, "y:18": 0.13870142222550408, "y:19": 0.02122319401147545, "y:20": 0.13639078523506767, "y:21": 0.022896350432400223, "y:22": 0.13419122039359066, "y:23": 0.02428461599141735, "y:24": 0.13189298501636526, "y:25": 0.02778356571897668, "y:26": 0.13081067971745278, "y:27": 0.03037849106736545, "y:28": 0.1299572767219627, "y:29": 0.030535924556381693, "y:30": 0.1230155183882582, "y:31": 0.034739407292103064}, "2": {"y:0": 0.11816765700110046, "y:1": 0.07224558274739991, "y:2": 0.12406416805906689, "y:3": 0.05607391281607509, "y:4": 0.13519858418049824, "y:5": 0.04477898878535257, "y:6": 0.1283681432003923, "y:7": 0.038403720856650156, "y:8": 0.13657763431028547, "y:9": 0.03359364358589012, "y:10": 0.1377266783034636, "y:11": 0.028799322297420566, "y:12": 0.14019739508077925, "y:13": 0.027392200181702814, "y:14": 0.14260000565289507, "y:15": 0.024303258742230136, "y:16": 0.13402191040526762, "y:17": 0.022436891987780896, "y:18": 0.14367426973199077, "y:19": 0.021596014547669344, "y:20": 0.14233617043950872, "y:21": 0.020582321005058222, "y:22": 0.1485384485842132, "y:23": 0.019582910422188207, "y:24": 0.13383786437071768, "y:25": 0.019069095364861788, "y:26": 0.1311616900755513, "y:27": 0.019595596343142528, "y:28": 0.1338158274267774, "y:29": 0.019692423675551452, "y:30": 0.1392760020049511, "y:31": 0.019253120371531464}, "3": {"y:0": 0.10048330424356952, "y:1": 0.057920701462132546, "y:2": 0.10681477969949717, "y:3": 0.05259588000773122, "y:4": 0.1187592686704966, "y:5": 0.0431965077469705, "y:6": 0.12649161733879702, "y:7": 0.037603296032832724, "y:8": 0.11764051595121175, "y:9": 0.033148281758279025, "y:10": 0.11894401953190896, "y:11": 0.02910089125892525, "y:12": 0.12128833268421635, "y:13": 0.02685315104457905, "y:14": 0.12106324963819573, "y:15": 0.025426159708077992, "y:16": 0.12133824055244506, "y:17": 0.026012511358802677, "y:18": 0.12808761710875988, "y:19": 0.023422367755563972, "y:20": 0.12050065370011709, "y:21": 0.021028159853966225, "y:22": 0.12040815516049262, "y:23": 0.02111682357172163, "y:24": 0.12195433802474125, "y:25": 0.01944020965726095, "y:26": 0.11718696807223669, "y:27": 0.019329811879504267, "y:28": 0.12503912166527315, "y:29": 0.01808690735525677, "y:30": 0.12117391304309831, "y:31": 0.018143010701216062}, "4": {"y:0": 0.07896894972588668, "y:1": 0.03943487249035736, "y:2": 0.0942425454183163, "y:3": 0.03392621169078582, "y:4": 0.09588595238787409, "y:5": 0.029017335386544184, "y:6": 0.10743815629105086, "y:7": 0.02606704056019742, "y:8": 0.10809727116266356, "y:9": 0.022436570748340327, "y:10": 0.10664772808956974, "y:11": 0.021242386920915166, "y:12": 0.10839036575051013, "y:13": 0.019690833315136727, "y:14": 0.10490553768605373, "y:15": 0.01861033217213724, "y:16": 0.10515553498260292, "y:17": 0.017502496116606172, "y:18": 0.10275332913172484, "y:19": 0.01682013261401584, "y:20": 0.10630619554843557, "y:21": 0.017081487783100747, "y:22": 0.1070056118830558, "y:23": 0.016395125962789206, "y:24": 0.10915671528678701, "y:25": 0.016686422027587078, "y:26": 0.1026775323647237, "y:27": 0.016999692515647567, "y:28": 0.1066568977308992, "y:29": 0.01737112632030631, "y:30": 0.09833028760958264, "y:31": 0.017501993435650304}, "5": {"y:0": 0.05520578433512509, "y:1": 0.015936824214930086, "y:2": 0.06468463358698322, "y:3": 0.01436970860976278, "y:4": 0.06687058712212249, "y:5": 0.015520373670168525, "y:6": 0.06494851047004115, "y:7": 0.019761398576501228, "y:8": 0.06524367799022827, "y:9": 0.02244635372812494, "y:10": 0.06561701876301379, "y:11": 0.02693124792288112, "y:12": 0.06579065615640704, "y:13": 0.03240855424655055, "y:14": 0.05893327892344891, "y:15": 0.0313289992311001, "y:16": 0.06259463715351171, "y:17": 0.03501450623193628, "y:18": 0.06516361694930357, "y:19": 0.037708690966363353, "y:20": 0.06519368834390454, "y:21": 0.04042589149111988, "y:22": 0.0690697460081533, "y:23": 0.042554344535266075, "y:24": 0.06462892224136393, "y:25": 0.044139024329710626, "y:26": 0.06506292028076671, "y:27": 0.04523039357569083, "y:28": 0.06335031234644052, "y:29": 0.04929783273693841, "y:30": 0.06392193118728128, "y:31": 0.05209995763145928}, "6": {"y:0": 0.08412084427537536, "y:1": 0.04886560121129587, "y:2": 0.06927988193849773, "y:3": 0.06555068629244393, "y:4": 0.06036211113557004, "y:5": 0.08026552517180256, "y:6": 0.05963572151322631, "y:7": 0.0845558495094891, "y:8": 0.05671233929788682, "y:9": 0.09144827621975278, "y:10": 0.05816033272325183, "y:11": 0.09385356186915238, "y:12": 0.05336147131365928, "y:13": 0.09654398252071124, "y:14": 0.05333199734610938, "y:15": 0.10452917740727947, "y:16": 0.04684965753283557, "y:17": 0.09984403226504884, "y:18": 0.04544206862036397, "y:19": 0.10279950636641519, "y:20": 0.04564252789383193, "y:21": 0.10500084838951904, "y:22": 0.04311118469462842, "y:23": 0.10293438001916923, "y:24": 0.039071528832434775, "y:25": 0.10983722228661469, "y:26": 0.03925871110574525, "y:27": 0.11122303291715942, "y:28": 0.03470692527885234, "y:29": 0.11069455590856939, "y:30": 0.03505186360341356, "y:31": 0.11345678798667298}, "7": {"y:0": 0.07126913737142199, "y:1": 0.024785534435825454, "y:2": 0.060837698630116684, "y:3": 0.03701390852892778, "y:4": 0.04996390641302374, "y:5": 0.04480646783554675, "y:6": 0.05221040042642867, "y:7": 0.05266885444643585, "y:8": 0.045540550641557466, "y:9": 0.05508696329613184, "y:10": 0.0407806865477946, "y:11": 0.058686925708535044, "y:12": 0.03733050723295397, "y:13": 0.06018386399182462, "y:14": 0.03745056574865589, "y:15": 0.06486287722868046, "y:16": 0.0341978715504124, "y:17": 0.06756598474157452, "y:18": 0.030841402218723515, "y:19": 0.07122002263488375, "y:20": 0.032394079172959576, "y:21": 0.0774487830029716, "y:22": 0.02918295121852423, "y:23": 0.07815910342496085, "y:24": 0.028323294539947422, "y:25": 0.07760374164271742, "y:26": 0.026539540741263072, "y:27": 0.07465563392737205, "y:28": 0.025084233325779488, "y:29": 0.08375809173307641, "y:30": 0.024564797681589513, "y:31": 0.09365240566331036}, "8": {"y:0": 0.04925983243873259, "y:1": 0.03056578336872502, "y:2": 0.03982178286728223, "y:3": 0.023158941556131112, "y:4": 0.04212761859486386, "y:5": 0.022275715306359155, "y:6": 0.039578529186571884, "y:7": 0.02245187151987033, "y:8": 0.03729165249962172, "y:9": 0.020913948056932287, "y:10": 0.03725067769879345, "y:11": 0.021231826730640346, "y:12": 0.03376235905867956, "y:13": 0.022813948485583997, "y:14": 0.03630628480107371, "y:15": 0.021425243151162093, "y:16": 0.03516730149634728, "y:17": 0.02319389926123675, "y:18": 0.03277136271509459,