{"23": {"y:0": 0.1525503607645249, "y:1": 0.10282300011723552, "y:2": 0.08305977102269298, "y:3": 0.09227389338845259, "y:4": 0.12709657859265752, "y:5": 0.10922352544269898, "y:6": 0.11905894957163063, "y:7": 0.08238684930582404, "y:8": 0.17971316858502592, "y:9": 0.14878010825052917, "y:10": 0.14450936823378985, "y:11": 0.16897336106654398, "y:12": 0.08031750272451339, "y:13": 0.14204511557609859, "y:14": 0.16741242012204394, "y:15": 0.15773723434654308, "y:16": 0.16701782126271436, "y:17": 0.11645676028528862, "y:18": 0.11649678391693959, "y:19": 0.10841767840522876, "y:20": 0.23058709057846494, "y:21": 0.05199430733250203, "y:22": 0.10670659523138012, "y:23": 0.19141574622669125, "y:24": 0.08952489063493638, "y:25": 0.1439556376920325, "y:26": 0.1323383999472223, "y:27": 0.10023315734806895, "y:28": 0.16938902800276606, "y:29": 0.22887106170087118, "y:30": 0.1796849010319942, "y:31": 0.12598047280000094, "y:32": 0.09421385837590968, "y:33": 0.08469646534469086, "y:34": 0.24874161067841027, "y:35": 0.1291119610888934, "y:36": 0.04688727731916392, "y:37": 0.02753008862101287, "y:38": 0.031616411224179686, "y:39": 0.0824452889576755, "y:40": 0.07219239633485072, "y:41": 0.08917537597559189, "y:42": 0.07360412111680843, "y:43": 0.049419155801351415, "y:44": 0.07059825368665, "y:45": 0.06691863303664425, "y:46": 0.019882316022987675, "y:47": 0.06359533371059543, "y:48": 0.03966650838121854, "y:49": 0.0688208798684635, "y:50": 0.09718371189291579, "y:51": 0.10701650741885353, "y:52": 0.12609371579326187, "y:53": 0.0476352827724906, "y:54": 0.021793756714195575, "y:55": 0.05112521515951937, "y:56": 0.06802705063071303, "y:57": 0.03826328862168385, "y:58": 0.0452262739704945, "y:59": 0.04568611904376012, "y:60": 0.030100665999099094, "y:61": 0.046409848821201694, "y:62": 0.031021651223355297, "y:63": 0.037746554126011876, "y:64": 0.02573474670508008, "y:65": 0.03569704448379321, "y:66": 0.03433582174617658, "y:67": 0.021152672067575776, "y:68": 0.07505305729756279, "y:69": 0.04927033490277442, "y:70": 0.02286305942223145, "y:71": 0.054104497608410775, "y:72": 0.042077092364066294, "y:73": 0.07193652086231074, "y:74": 0.034384349795797624, "y:75": 0.06396818525144803, "y:76": 0.019397827734215882, "y:77": 0.022828632665241454, "y:78": 0.015848290092620145, "y:79": 0.0407534924017566, "y:80": 0.03190166582399721, "y:81": 0.06547324272113528, "y:82": 0.01634226358227346, "y:83": 0.011540640904434778, "y:84": 0.04482644455923697, "y:85": 0.06764222367679068, "y:86": 0.05462674956438976, "y:87": 0.04093579156617823, "y:88": 0.07422644068436589, "y:89": 0.03406210347422538, "y:90": 0.05852417539897507, "y:91": 0.03886210603327478, "y:92": 0.009957403811834947, "y:93": 0.04379064918926663, "y:94": 0.03457461358331223, "y:95": 0.02952403762177753, "y:96": 0.030021974313853915, "y:97": 0.07220581361785555, "y:98": 0.03847760629450699, "y:99": 0.10360131093669199}}