{"0": {"y:0": 2.0478522934987113, "y:1": 0.7906688362813857, "y:2": 0.4924099536711831, "y:3": 0.36385184204776033, "y:4": 0.29163884631868087, "y:5": 0.2475823916085086, "y:6": 0.20903294330176278, "y:7": 0.1779199712677487, "y:8": 0.1575399577459541, "y:9": 0.14317241181550275}, "1": {"y:0": 2.026478238827168, "y:1": 0.8349671691694005, "y:2": 0.5349653833007679, "y:3": 0.38231606557625364, "y:4": 0.2948486804646933, "y:5": 0.24021726513524316, "y:6": 0.20691642797439735, "y:7": 0.177809580864845, "y:8": 0.15647078163068187, "y:9": 0.139825840312677}, "2": {"y:0": 3.2804475529254686, "y:1": 1.6168146561391892, "y:2": 1.0838687864453604, "y:3": 0.8225662949824152, "y:4": 0.6607613668000507, "y:5": 0.5441178169067297, "y:6": 0.4677432127341234, "y:7": 0.4110404008793565, "y:8": 0.36344257467503954, "y:9": 0.32878729975667853}, "3": {"y:0": 2.326286743121232, "y:1": 1.3218259196635078, "y:2": 0.9597408793745262, "y:3": 0.7895798483509935, "y:4": 0.6662068478990628, "y:5": 0.5766953007122326, "y:6": 0.5075096982919791, "y:7": 0.4610245673907139, "y:8": 0.4242177022359185, "y:9": 0.38799998948880887}, "4": {"y:0": 2.159745584365009, "y:1": 1.2833394653200445, "y:2": 0.9991968870419579, "y:3": 0.8470599382463542, "y:4": 0.7248963538256635, "y:5": 0.6608082286947613, "y:6": 0.6165506604982163, "y:7": 0.5650835149497595, "y:8": 0.5358085763879437, "y:9": 0.502472990570941}, "5": {"y:0": 2.1717540672827758, "y:1": 1.3085833469086565, "y:2": 1.0822404041409717, "y:3": 0.9514640508473873, "y:4": 0.8924673780795405, "y:5": 0.8547964541344572, "y:6": 0.8579513822508885, "y:7": 0.87264485925891, "y:8": 0.9142617694965406, "y:9": 0.9169718153320261}, "6": {"y:0": 2.0780711937718346, "y:1": 1.2850944104007127, "y:2": 1.0325681250129068, "y:3": 0.9063492415142661, "y:4": 0.8752439707865307, "y:5": 0.8830458114931922, "y:6": 0.8961984707316405, "y:7": 0.9633755865246376, "y:8": 1.071143892891024, "y:9": 1.3050445704007199}}