{"3": {"y:0": 0.0066963405992806644, "y:1": 0.03469278032537784, "y:2": 0.043233671099341286, "y:3": 0.013053949054718943, "y:4": 0.2897838341417975, "y:5": 0.013661413702224377, "y:6": 0.2885468929806061, "y:7": 0.06443703386658586, "y:8": 0.5545149115742126, "y:9": 0.6913791726558548}}