{"0": {"y:0": 1.8801236574715692, "y:1": 0.7863730657836143, "y:2": 0.4712961438768583, "y:3": 0.33421717223259284, "y:4": 0.25680861320794984, "y:5": 0.21541669799898383, "y:6": 0.18810172894209437, "y:7": 0.16210311899862495, "y:8": 0.14120940176446814, "y:9": 0.12702607746077046}, "1": {"y:0": 1.9452871893539025, "y:1": 0.7845580293430237, "y:2": 0.5010939648500288, "y:3": 0.3591079195327484, "y:4": 0.28467454710602846, "y:5": 0.2299998386120804, "y:6": 0.19740469588978027, "y:7": 0.17321925701912455, "y:8": 0.1521084074014062, "y:9": 0.13592441318474768}, "2": {"y:0": 3.2606764714888645, "y:1": 1.5972778677413755, "y:2": 1.0853037263919059, "y:3": 0.8222313787170729, "y:4": 0.6503298220644438, "y:5": 0.5438318436050501, "y:6": 0.46713193759750854, "y:7": 0.4118894854406581, "y:8": 0.3584863002316418, "y:9": 0.3200149288807438}, "3": {"y:0": 2.3354766368205846, "y:1": 1.3143056648413003, "y:2": 0.9933249423274494, "y:3": 0.7971412637530996, "y:4": 0.6836950990276249, "y:5": 0.5854364297532051, "y:6": 0.5057851879823467, "y:7": 0.45253714559963837, "y:8": 0.4064712078107306, "y:9": 0.3672491550407936}, "4": {"y:0": 2.1659185926036577, "y:1": 1.241855190484628, "y:2": 0.9463417097475358, "y:3": 0.803523356632004, "y:4": 0.7038705610106666, "y:5": 0.6237870947240781, "y:6": 0.5662209562057545, "y:7": 0.5332054841287208, "y:8": 0.5023086477086028, "y:9": 0.47230298232192613}, "5": {"y:0": 2.1073735655898975, "y:1": 1.2741027642665346, "y:2": 1.0490155289855012, "y:3": 0.9138397585640193, "y:4": 0.8490010765418382, "y:5": 0.8144647960773921, "y:6": 0.8203208095169255, "y:7": 0.8197627321942984, "y:8": 0.8887533160319944, "y:9": 0.9081288851644631}, "6": {"y:0": 1.9507694228828387, "y:1": 1.2158353012016867, "y:2": 0.9914168869544885, "y:3": 0.8762796546405975, "y:4": 0.813321611416268, "y:5": 0.774535525987458, "y:6": 0.7962380832764744, "y:7": 0.8199999065054296, "y:8": 0.8609976066105697, "y:9": 0.9466829904925522}}