{"0": {"y:0": 1.9936255682093822, "y:1": 0.8431135777571251, "y:2": 0.54323383830075, "y:3": 0.3921300847813236, "y:4": 0.30803412783655104, "y:5": 0.2536942703504288, "y:6": 0.21435521558135034, "y:7": 0.1875956385261137, "y:8": 0.16741922569152812, "y:9": 0.15024755075125712}, "1": {"y:0": 2.1940878214552955, "y:1": 0.8733164739605063, "y:2": 0.5607178778423004, "y:3": 0.4186493316771757, "y:4": 0.31681120347021124, "y:5": 0.25216191168824015, "y:6": 0.21395480354153176, "y:7": 0.18767469218596292, "y:8": 0.16431658575939256, "y:9": 0.1507936301238093}, "2": {"y:0": 3.324812337914536, "y:1": 1.6429380860585525, "y:2": 1.1383166865477405, "y:3": 0.8428698808350048, "y:4": 0.6966328529923749, "y:5": 0.571969640522799, "y:6": 0.49069527187397294, "y:7": 0.4266556015148946, "y:8": 0.37781875044654606, "y:9": 0.33510212753556695}, "3": {"y:0": 2.3718171813593427, "y:1": 1.3059553050313635, "y:2": 0.9620737513858733, "y:3": 0.8040992771220351, "y:4": 0.6740718276432996, "y:5": 0.5769277522770736, "y:6": 0.5082645283396443, "y:7": 0.4618524126611883, "y:8": 0.4191031553471704, "y:9": 0.3758124638394621}, "4": {"y:0": 2.18480009201154, "y:1": 1.273524221330339, "y:2": 0.9875871640692572, "y:3": 0.8158145260341491, "y:4": 0.7032952482368341, "y:5": 0.6372210232693314, "y:6": 0.5925642967227979, "y:7": 0.5492159155034776, "y:8": 0.5096354150152677, "y:9": 0.49189262109623727}, "5": {"y:0": 2.1174813232735477, "y:1": 1.3222947372612428, "y:2": 1.0317036249605689, "y:3": 0.9293268362764775, "y:4": 0.8631486371455729, "y:5": 0.823655656355706, "y:6": 0.8210092649631483, "y:7": 0.8293834289067611, "y:8": 0.8680165783208617, "y:9": 0.8999934567362264}, "6": {"y:0": 1.9851594288366752, "y:1": 1.2425735642039297, "y:2": 1.0175512325251022, "y:3": 0.9295071022018847, "y:4": 0.869456812015818, "y:5": 0.8377111171692377, "y:6": 0.8745825509003718, "y:7": 0.9329746409927048, "y:8": 1.008004795615689, "y:9": 1.150901393272968}}