{"0": {"y:0": 0.0053949817869244, "y:1": 0.009393260579931258, "y:2": 0.0034591179417153397, "y:3": 0.0029688705719244503, "y:4": 0.03410686503156642, "y:5": 0.0031978718840368326, "y:6": 0.01927777502850761, "y:7": 0.007499247778904221, "y:8": 0.006665710077327869, "y:9": 0.009927144173630732, "y:10": 0.009515818824526687, "y:11": 0.0045617431451913815, "y:12": 0.0024364578896238424, "y:13": 0.013668288772089933, "y:14": 0.04404055168009839, "y:15": 0.007437796798413847, "y:16": 0.009544779180353184, "y:17": 0.011795243654076613, "y:18": 0.0031626176743889123, "y:19": 0.006503688395717974, "y:20": 0.009175875746312595, "y:21": 0.0025129306855058687, "y:22": 0.025090612338388423, "y:23": 0.004640019190373071, "y:24": 0.013311789262410533, "y:25": 0.00935632939979106, "y:26": 0.002802937041087346, "y:27": 0.0023741579837015395, "y:28": 0.005887516727929935, "y:29": 0.0031998509966761845, "y:30": 0.01240355907783184, "y:31": 0.00329343025476712}, "1": {"y:0": 0.00536046353445811, "y:1": 0.010234576017704111, "y:2": 0.0034533282121498275, "y:3": 0.003129132515187836, "y:4": 0.033640150156591185, "y:5": 0.0034929079778881038, "y:6": 0.019076692218701247, "y:7": 0.008252928097497511, "y:8": 0.006603476426115842, "y:9": 0.008527964045185615, "y:10": 0.009484049265879934, "y:11": 0.00447820264837794, "y:12": 0.0024290231478537364, "y:13": 0.01136648782689561, "y:14": 0.04168167084603779, "y:15": 0.007161566142324788, "y:16": 0.00953678069512063, "y:17": 0.010392071411666145, "y:18": 0.0031690689224540794, "y:19": 0.006364378452719006, "y:20": 0.009131435878831726, "y:21": 0.002507767034761983, "y:22": 0.0245272543598172, "y:23": 0.0046231860855070655, "y:24": 0.013120143556453441, "y:25": 0.009399596051098935, "y:26": 0.0027972262565511058, "y:27": 0.00236863177902687, "y:28": 0.005833583288365174, "y:29": 0.0031676145964101192, "y:30": 0.012438017846639738, "y:31": 0.0032667284179191615}, "2": {"y:0": 0.005326164097953576, "y:1": 0.012732498384212598, "y:2": 0.003460777088841615, "y:3": 0.003976137489849009, "y:4": 0.0338965639324553, "y:5": 0.004923083404365341, "y:6": 0.018561978279830672, "y:7": 0.0201111966445781, "y:8": 0.00660144291522019, "y:9": 0.010454348483853858, "y:10": 0.009509213707012054, "y:11": 0.007641786678116587, "y:12": 0.0024319190974550027, "y:13": 0.008920637981499875, "y:14": 0.047012518520072086, "y:15": 0.016575418695305183, "y:16": 0.009428618406861405, "y:17": 0.011292893343370908, "y:18": 0.0031736268069653016, "y:19": 0.011499805913604161, "y:20": 0.009352168414952091, "y:21": 0.0029244223101894166, "y:22": 0.025930504311547607, "y:23": 0.006132550576484553, "y:24": 0.013280424541939534, "y:25": 0.012430014354750418, "y:26": 0.002799265400394624, "y:27": 0.0026331395829807596, "y:28": 0.005925684972243987, "y:29": 0.003661064185848328, "y:30": 0.012532113439438802, "y:31": 0.003718918020137419}, "3": {"y:0": 0.005364219291617558, "y:1": 0.012637868421530222, "y:2": 0.0034576267970577745, "y:3": 0.004114115879599675, "y:4": 0.03512966184091821, "y:5": 0.005229648674377431, "y:6": 0.0187757473425501, "y:7": 0.028046763172214727, "y:8": 0.006570905944398175, "y:9": 0.010750822844013718, "y:10": 0.009414903580999124, "y:11": 0.00890145930387237, "y:12": 0.0024337421694199165, "y:13": 0.008794706236419668, "y:14": 0.046120840024858334, "y:15": 0.02332910210495993, "y:16": 0.009471433841008474, "y:17": 0.013413256217943337, "y:18": 0.0031697163017028285, "y:19": 0.015634961864546257, "y:20": 0.009200782542604738, "y:21": 0.003149986483456416, "y:22": 0.02544137118749576, "y:23": 0.007515774252644939, "y:24": 0.013139086323068897, "y:25": 0.017454046728314267, "y:26": 0.002807400908741195, "y:27": 0.002832475634436978, "y:28": 0.005878353526157694, "y:29": 0.004026062094342453, "y:30": 0.01268724953317783, "y:31": 0.004131977202584687}, "4": {"y:0": 0.00537024187330902, "y:1": 0.012211755123755118, "y:2": 0.003455580134986065, "y:3": 0.004229373010187745, "y:4": 0.03427890977900204, "y:5": 0.0055200171813208675, "y:6": 0.018791978009334142, "y:7": 0.02735930409435746, "y:8": 0.006611541859753151, "y:9": 0.010286292649124845, "y:10": 0.009470176397963251, "y:11": 0.010862671266815107, "y:12": 0.00242945275971788, "y:13": 0.008512398769833967, "y:14": 0.04816384749210808, "y:15": 0.03864263505882643, "y:16": 0.009507136740402083, "y:17": 0.013366680356543205, "y:18": 0.003162754196078234, "y:19": 0.027805391706403386, "y:20": 0.009205769564185378, "y:21": 0.003491211018263075, "y:22": 0.025721008067574262, "y:23": 0.009768262797309307, "y:24": 0.013063418058514091, "y:25": 0.024168351562847, "y:26": 0.0028016859065440234, "y:27": 0.003131552292802353, "y:28": 0.005870438936119135, "y:29": 0.00471311305529137, "y:30": 0.01265467279039684, "y:31": 0.004833222026355725}, "5": {"y:0": 0.005352350647141327, "y:1": 0.012313707695763315, "y:2": 0.003456844125247748, "y:3": 0.004249443835567715, "y:4": 0.03451553809682866, "y:5": 0.0055083113109322245, "y:6": 0.01872806149818393, "y:7": 0.02777532791569343, "y:8": 0.006571093917285759, "y:9": 0.010200260805448797, "y:10": 0.0094514710622492, "y:11": 0.01115460933288366, "y:12": 0.002431593303470692, "y:13": 0.008459579504643471, "y:14": 0.04724339685190143, "y:15": 0.042000707755429724, "y:16": 0.009545805810635298, "y:17": 0.013098415365832483, "y:18": 0.0031644388655596534, "y:19": 0.030702015531608878, "y:20": 0.00919408328423308, "y:21": 0.0035463202034267953, "y:22": 0.025619346964599346, "y:23": 0.010163023587881613, "y:24": 0.01315452824042592, "y:25": 0.02555485444327957, "y:26": 0.0028048920271234283, "y:27": 0.003181398895185876, "y:28": 0.005875729241415494, "y:29": 0.00480530612506937, "y:30": 0.012595384566699624, "y:31": 0.0049566559226076525}, "6": {"y:0": 0.00535195258900202, "y:1": 0.012134714685226802, "y:2": 0.0034576202322468266, "y:3": 0.004265231493079505, "y:4": 0.03372225459899388, "y:5": 0.005574784424180344, "y:6": 0.018860183363877153, "y:7": 0.027477256889539226, "y:8": 0.006564626031083026, "y:9": 0.010179525748723016, "y:10": 0.00943828234180844, "y:11": 0.011550187312656904, "y:12": 0.0024321531681099863, "y:13": 0.008425476019651941, "y:14": 0.04776946380429377, "y:15": 0.05009369017064571, "y:16": 0.009538657379933806, "y:17": 0.013052580090741712, "y:18": 0.003163469208373613, "y:19": 0.03846152540694567, "y:20": 0.009242548498368803, "y:21": 0.003613145004225612, "y:22": 0.025307999914504224, "y:23": 0.010718110211411905, "y:24": 0.013137023330966592, "y:25": 0.028371826444079113, "y:26": 0.0028058162518929245, "y:27": 0.003244517615850138, "y:28": 0.005858401273922792, "y:29": 0.004943453396073287, "y:30": 0.012624655193851442, "y:31": 0.005149662029763681}, "7": {"y:0": 0.005362818309257071, "y:1": 0.012099044960503572, "y:2": 0.003455933113410371, "y:3": 0.004286270345935792, "y:4": 0.03416533374005385, "y:5": 0.005594062005379421, "y:6": 0.018896956133668617, "y:7": 0.026126380830163762, "y:8": 0.006563308144395235, "y:9": 0.010070271147617747, "y:10": 0.009426327443991734, "y:11": 0.011717161302934926, "y:12": 0.0024340285727337137, "y:13": 0.008335142451691304, "y:14": 0.04729132608472841, "y:15": 0.04752529217520944, "y:16": 0.009515217593569786, "y:17": 0.012720570734844418, "y:18": 0.00315988338676376, "y:19": 0.03980970387600412, "y:20": 0.009219938380607093, "y:21": 0.0036333537139033095, "y:22": 0.025336183494078898, "y:23": 0.011050285323096721, "y:24": 0.013074592171112323, "y:25": 0.026788568780577116, "y:26": 0.002804727186057888, "y:27": 0.003265072612687024, "y:28": 0.005854146821716458, "y:29": 0.00501776539622705, "y:30": 0.01262352861330958, "y:31": 0.005229903834807466}, "8": {"y:0": 0.005355584856399454, "y:1": 0.012098590474090651, "y:2": 0.0034555106637677332, "y:3": 0.004284230914937828, "y:4": 0.034582891735239235, "y:5": 0.005610667960147184, "y:6": 0.018854043126283217, "y:7": 0.026421444689119243, "y:8": 0.0065632642464689495, "y:9": 0.00998900159278508, "y:10": 0.00941218250403981, "y:11": 0.011869524579441524,