{"0": {"y:0": 74.1591874130921, "y:1": 7.988698142424813, "y:2": 5.86587194338224, "y:3": 5.043778189689689, "y:4": 4.558335550110023, "y:5": 4.254032271666879, "y:6": 4.249502411906208, "y:7": 4.109049716367076, "y:8": 3.9272028386749427, "y:9": 3.8785313098063794}, "1": {"y:0": 75.18877855950933, "y:1": 7.343395895025442, "y:2": 5.485504048427403, "y:3": 4.894692281435393, "y:4": 4.379057631869279, "y:5": 3.952313430885942, "y:6": 3.795277700675928, "y:7": 3.6096530060905834, "y:8": 3.5150974492083726, "y:9": 3.39092184796914}, "2": {"y:0": 76.19665418761346, "y:1": 12.613423602232055, "y:2": 9.176253507992344, "y:3": 7.54958673025768, "y:4": 6.574484324978708, "y:5": 6.119285978671224, "y:6": 5.863784964866136, "y:7": 5.574262357377714, "y:8": 5.349621418317958, "y:9": 5.13799206266373}, "3": {"y:0": 74.39424526024892, "y:1": 8.816099029203315, "y:2": 7.6185655427723695, "y:3": 7.196360532701004, "y:4": 6.860234708275583, "y:5": 6.557773715391433, "y:6": 6.400643830877395, "y:7": 6.345235418636767, "y:8": 6.139918028000082, "y:9": 6.073933521044766}, "4": {"y:0": 74.3556331258102, "y:1": 9.074238994774669, "y:2": 9.62674031640399, "y:3": 10.1281387429891, "y:4": 9.99626913401484, "y:5": 9.929875096514879, "y:6": 9.808993984373007, "y:7": 9.313171711364003, "y:8": 9.052386792438378, "y:9": 8.598411217777526}, "5": {"y:0": 74.73861041655024, "y:1": 10.732978297887538, "y:2": 10.598578166722326, "y:3": 11.44828160130405, "y:4": 11.647383133900076, "y:5": 11.85353120652691, "y:6": 11.408203625951865, "y:7": 10.91465131038118, "y:8": 10.278519865650418, "y:9": 9.651161004030802}, "6": {"y:0": 75.31373713733333, "y:1": 14.405219698588148, "y:2": 12.3757423905989, "y:3": 13.271638376734074, "y:4": 13.63628453554819, "y:5": 13.747052316811278, "y:6": 13.1455767051125, "y:7": 12.680922243499205, "y:8": 12.009809742413621, "y:9": 11.394769640271718}, "7": {"y:0": 72.76901102755612, "y:1": 25.356844507473795, "y:2": 20.500762024906663, "y:3": 21.01913795663975, "y:4": 21.296652794490715, "y:5": 21.472179170264432, "y:6": 20.319738285870436, "y:7": 18.74122714791843, "y:8": 17.27638046051923, "y:9": 15.566604206025687}, "8": {"y:0": 71.7989051692627, "y:1": 29.803423881194494, "y:2": 23.822153285698093, "y:3": 24.886181823767185, "y:4": 27.720337251927205, "y:5": 27.53766143906794, "y:6": 27.43077912252983, "y:7": 25.166334530946965, "y:8": 22.340123286622294, "y:9": 19.61428952124422}, "9": {"y:0": 75.76034171225962, "y:1": 37.229618226207, "y:2": 31.03915575069129, "y:3": 33.361587427892026, "y:4": 36.73050180934325, "y:5": 38.43199453998529, "y:6": 39.13036894317263, "y:7": 34.42608280971566, "y:8": 30.258515722528138, "y:9": 26.720210079815878}, "10": {"y:0": 74.95224922212068, "y:1": 43.7768983661392, "y:2": 36.153789277162566, "y:3": 39.676636819288795, "y:4": 42.908487848750035, "y:5": 49.31723821234863, "y:6": 48.571462385828205, "y:7": 45.2776248555854, "y:8": 39.08168454353407, "y:9": 35.77312877360888}, "11": {"y:0": 73.81836132247953, "y:1": 48.957361822654576, "y:2": 42.38110533355666, "y:3": 45.24129093308282, "y:4": 52.19574304624401, "y:5": 55.12305436939199, "y:6": 52.92339240936482, "y:7": 52.221524653978676, "y:8": 46.04055280126181, "y:9": 43.66330815487426}, "12": {"y:0": 73.41980469812182, "y:1": 50.21863988997746, "y:2": 45.745865462570706, "y:3": 47.31177056635996, "y:4": 51.52108444227465, "y:5": 57.20893485596171, "y:6": 57.54071916144057, "y:7": 51.930789254092865, "y:8": 48.224798692569856, "y:9": 43.671525565092445}, "13": {"y:0": 75.58656951164038, "y:1": 55.5038065026901, "y:2": 49.957455325091104, "y:3": 51.87182190962511, "y:4": 55.90780655782011, "y:5": 61.09293297290901, "y:6": 60.47397305735558, "y:7": 57.73245859521984, "y:8": 53.818417769744364, "y:9": 51.24322823601622}, "14": {"y:0": 75.46683528657223, "y:1": 57.81989642531444, "y:2": 53.34218687711148, "y:3": 55.58253509822983, "y:4": 59.67191596295565, "y:5": 63.23701526166221, "y:6": 59.95699432346511, "y:7": 57.57363260192243, "y:8": 53.17957542073795, "y:9": 49.61748048497177}, "15": {"s_p0_0": 1.647872569906227, "s_p1_0": 1.7115276468245346, "s_p0_1": 1.6407577408933383, "s_p1_1": 1.7096332368830696}, "16": {"s_p0_0": 1.8995445306092804, "s_p1_0": 2.0025285855450226, "s_p0_1": 1.8921709936066706, "s_p1_1": 1.9967752036070479}, "17": {"s_p0_0": 2.0883170950566647, "s_p1_0": 2.3108791616702042, "s_p0_1": 2.098843841279248, "s_p1_1": 2.305491532045464}, "18": {"s_p0_0": 2.3182839841245366, "s_p1_0": 2.5024290047493762, "s_p0_1": 2.314850773067405, "s_p1_1": 2.5117734138596464}, "19": {"s_p0_0": 2.348724547865428, "s_p1_0": 2.4729160414889724, "s_p0_1": 2.3615743068998856, "s_p1_1": 2.4707918112414937}, "20": {"s_p0_0": 2.4496154525792626, "s_p1_0": 2.509709276524484, "s_p0_1": 2.4558668341000582, "s_p1_1": 2.496545243065142}, "21": {"s_p0_0": 2.510445782413702, "s_p1_0": 2.6068736093749107, "s_p0_1": 2.507091358793496, "s_p1_1": 2.5935219430374463}, "22": {"s_p0_0": 2.454159981722067, "s_p1_0": 2.583031190514902, "s_p0_1": 2.4648382813475407, "s_p1_1": 2.572195311028817}}