{"0": {"y:0": 0.1337751003165269, "y:1": 0.03648903527339666, "y:2": 0.12617552683512961, "y:3": 0.02535936419587551, "y:4": 0.12612213424373966, "y:5": 0.017907718992121246, "y:6": 0.12478014977286413, "y:7": 0.017374690358142122, "y:8": 0.13581335162741323, "y:9": 0.01578569989237135, "y:10": 0.13358418953051554, "y:11": 0.016775044108052178, "y:12": 0.15648756932625646, "y:13": 0.018670411118278003, "y:14": 0.14797074199962923, "y:15": 0.019756937623382934, "y:16": 0.13059291482617152, "y:17": 0.020186275048714113, "y:18": 0.14574063237420848, "y:19": 0.023872476761589177, "y:20": 0.14744194638278607, "y:21": 0.024842747012846913, "y:22": 0.12367827409881368, "y:23": 0.03278181659870297, "y:24": 0.15405505374418965, "y:25": 0.028713869212873847, "y:26": 0.15469922769316674, "y:27": 0.03250773594100691, "y:28": 0.1235870180768228, "y:29": 0.033468573140032265}, "1": {"y:0": 0.10996345454503673, "y:1": 0.028537338079407084, "y:2": 0.13617569805569346, "y:3": 0.019909374499373026, "y:4": 0.13564907461658196, "y:5": 0.015750325996375422, "y:6": 0.14288393915442427, "y:7": 0.015425623563282564, "y:8": 0.14382465402188266, "y:9": 0.016911140582037302, "y:10": 0.13288537990340266, "y:11": 0.019851249507261963, "y:12": 0.13744109351729422, "y:13": 0.022634705802791002, "y:14": 0.1231785828829646, "y:15": 0.026617111708440958, "y:16": 0.13372544455033072, "y:17": 0.030452862082364824, "y:18": 0.12483659308752879, "y:19": 0.030624759519089075, "y:20": 0.15027226813779357, "y:21": 0.03506886648770126, "y:22": 0.12976153384744485, "y:23": 0.036006278936304086, "y:24": 0.1255285559140971, "y:25": 0.036960427036364055, "y:26": 0.13953369728698642, "y:27": 0.041519004072418354, "y:28": 0.1420997697686388, "y:29": 0.042475332303027684}, "2": {"y:0": 0.11305059245336521, "y:1": 0.08043965808488217, "y:2": 0.12204370838586637, "y:3": 0.058658880750813575, "y:4": 0.14706609334828175, "y:5": 0.052397075257167525, "y:6": 0.12740370923585487, "y:7": 0.04745499750990174, "y:8": 0.1457728061232529, "y:9": 0.04371233674695863, "y:10": 0.15223539136440484, "y:11": 0.03417281397777427, "y:12": 0.13245168347442052, "y:13": 0.03248431463579869, "y:14": 0.130847592102812, "y:15": 0.030642752222768067, "y:16": 0.14379119080207722, "y:17": 0.028724779917020226, "y:18": 0.1373246504887178, "y:19": 0.025899110187768654, "y:20": 0.14547986117064074, "y:21": 0.024345771576422308, "y:22": 0.1200247464224958, "y:23": 0.024184875975425173, "y:24": 0.13230072222313594, "y:25": 0.023021788431459713, "y:26": 0.1325172632448035, "y:27": 0.021968935901426626, "y:28": 0.1308955294473345, "y:29": 0.020914118799213153}, "3": {"y:0": 0.09903911008326745, "y:1": 0.07255550372569965, "y:2": 0.12040096301789524, "y:3": 0.06496602979843066, "y:4": 0.12651949533248502, "y:5": 0.05603479065677617, "y:6": 0.12355427470621909, "y:7": 0.04521786769485469, "y:8": 0.12280198008877456, "y:9": 0.04356866338368305, "y:10": 0.13129909283739086, "y:11": 0.035946018235862055, "y:12": 0.12530676008804653, "y:13": 0.0373447652622918, "y:14": 0.12510086678856783, "y:15": 0.03404370553822924, "y:16": 0.12040381180757864, "y:17": 0.03165790496521769, "y:18": 0.12767505073068464, "y:19": 0.0292671077676778, "y:20": 0.12348776898351681, "y:21": 0.026918657855960405, "y:22": 0.14123862273212212, "y:23": 0.02825956220459999, "y:24": 0.12832946064399237, "y:25": 0.026195194474233695, "y:26": 0.12239074377538514, "y:27": 0.024079262635594914, "y:28": 0.1233109207259817, "y:29": 0.024321857045610643}, "4": {"y:0": 0.07669577456956013, "y:1": 0.04033791695116424, "y:2": 0.0919144610547574, "y:3": 0.033566464381675765, "y:4": 0.10013616643649996, "y:5": 0.027985259246092024, "y:6": 0.10546751636553593, "y:7": 0.023455407695275352, "y:8": 0.09870853487259026, "y:9": 0.02141556735482502, "y:10": 0.10045135291377107, "y:11": 0.02058901165029374, "y:12": 0.10350210729035642, "y:13": 0.020214349952640064, "y:14": 0.0964823934699135, "y:15": 0.019171716721138803, "y:16": 0.09951073389107576, "y:17": 0.01770258195022878, "y:18": 0.10140569513341793, "y:19": 0.016888911245169617, "y:20": 0.10375370650594219, "y:21": 0.016694471988685008, "y:22": 0.10255920022519689, "y:23": 0.016464804299933345, "y:24": 0.10040725078733823, "y:25": 0.016002682414234425, "y:26": 0.09947105647211968, "y:27": 0.016353928977616797, "y:28": 0.09752936082578917, "y:29": 0.016981192614196127}, "5": {"y:0": 0.05266654210510436, "y:1": 0.021980222151072225, "y:2": 0.061803869133357024, "y:3": 0.015662889503450933, "y:4": 0.06282315323501357, "y:5": 0.014280463557131945, "y:6": 0.07023709664798602, "y:7": 0.014203033560127712, "y:8": 0.07573130391320139, "y:9": 0.015236145149820478, "y:10": 0.0726989337218203, "y:11": 0.01746174470541214, "y:12": 0.06747974298297889, "y:13": 0.019364517087602458, "y:14": 0.07963436348748777, "y:15": 0.0214833122032742, "y:16": 0.07128970589846252, "y:17": 0.022745945662961647, "y:18": 0.07098022101607813, "y:19": 0.024052709631616893, "y:20": 0.06565496513982638, "y:21": 0.030387770905502414, "y:22": 0.06638291348081671, "y:23": 0.03190698815726372, "y:24": 0.07106155969161572, "y:25": 0.034221937740215494, "y:26": 0.07172563002472628, "y:27": 0.03499326901453878, "y:28": 0.07112932930155752, "y:29": 0.036780364143169576}, "6": {"y:0": 0.06875762048017361, "y:1": 0.05164021229113156, "y:2": 0.06491944203510665, "y:3": 0.06451012623105083, "y:4": 0.057608166492629974, "y:5": 0.07479461497708957, "y:6": 0.05251737139198475, "y:7": 0.07472507172114791, "y:8": 0.04507045738956949, "y:9": 0.08863270257876664, "y:10": 0.04037849098372843, "y:11": 0.08260481470924129, "y:12": 0.038258121934314035, "y:13": 0.08462954290412457, "y:14": 0.0341765817703661, "y:15": 0.0926463317683897, "y:16": 0.032946769328473374, "y:17": 0.09318800754207557, "y:18": 0.026748343313466424, "y:19": 0.09841588455874267, "y:20": 0.026661083292755544, "y:21": 0.09544038600498696, "y:22": 0.02556929297429737, "y:23": 0.09394346412837307, "y:24": 0.021853467959918806, "y:25": 0.1024172080263128, "y:26": 0.018876714175789136, "y:27": 0.09996887012059771, "y:28": 0.01870061821446716, "y:29": 0.10826065859165081}, "7": {"y:0": 0.05715770492870448, "y:1": 0.021764123485280156, "y:2": 0.054622708038990095, "y:3": 0.029578640964587972, "y:4": 0.04434524794960747, "y:5": 0.03209410327605443, "y:6": 0.040242295200792325, "y:7": 0.03771159126738986, "y:8": 0.031515299779533296, "y:9": 0.039689330350729995, "y:10": 0.028997692620421272, "y:11": 0.04022398384101708, "y:12": 0.02669594762612894, "y:13": 0.04578900641969271, "y:14": 0.023345480188303885, "y:15": 0.04982324538157307, "y:16": 0.02317961767598078, "y:17": 0.052668870914075905, "y:18": 0.019840331107409723, "y:19": 0.050279504155787615, "y:20": 0.019540797027396372, "y:21": 0.05289527772477059, "y:22": 0.019043980200745006, "y:23": 0.05173158837767493, "y:24": 0.018733022639261347, "y:25": 0.057235697572718805, "y:26": 0.018183079102955184, "y:27": 0.06343233283007088, "y:28": 0.01641404706912126, "y:29": 0.06708439938937845}, "8": {"y:0": 0.03551541508072029, "y:1": 0.023874162249928124, "y:2": 0.03686897562515795, "y:3": 0.013309909597745667, "y:4": 0.047391972137127925, "y:5": 0.012954305282028341, "y:6": 0.05229370189179256, "y:7": 0.013682899678936558, "y:8": 0.04978633489487255, "y:9": 0.01434166110035087, "y:10": 0.05055960878075552, "y:11": 0.014588031849557197, "y:12": 0.0561789729855933, "y:13": 0.015542707012568822, "y:14": 0.05203778921650195, "y:15": 0.01707431702010049, "y:16": 0.05501826700312546, "y:17": 0.02031344529933381, "y:18": 0.056469352954937886, "y:19": 0.02015761416575501, "y:20": 0.05215508291568388, "y:21": 0.020265007070621736, "y:22": 0.05179283741342012, "y:23": 0.01952778877458017, "y:24": 0.05809994047504283, "y:25": 0.01946640593749385, "y:26": 0.058806868971662235, "y:27": 0.022031678899463197, "y:28": 0.06456705190993192, "y:29": 0.022125071936407486}, "9": {"y:0": 0.04087005484752404, "y:1": 0.02765377161178608, "y:2": 0.03433414099125875, "y:3": 0.015652380975388278,