{"0": {"y:0": 79.52864258410347, "y:1": 6.4873042807712675, "y:2": 4.616243868985139, "y:3": 4.0590887332012775, "y:4": 3.6688332096025325, "y:5": 3.387611565302473, "y:6": 3.149319768536301, "y:7": 3.0669246158497314, "y:8": 2.982364303954483, "y:9": 2.955566092490273}, "1": {"y:0": 77.39930443258794, "y:1": 7.3667971371904315, "y:2": 5.645526188218544, "y:3": 4.648099999985876, "y:4": 4.336642497681545, "y:5": 3.8688443954217973, "y:6": 3.6559090096447817, "y:7": 3.474558137304054, "y:8": 3.367714276369971, "y:9": 3.249316855998471}, "2": {"y:0": 72.47657344176297, "y:1": 12.90465222679608, "y:2": 9.145681960305419, "y:3": 7.525546457213625, "y:4": 6.661807271932163, "y:5": 6.199518067388213, "y:6": 5.703754541394127, "y:7": 5.329921834146117, "y:8": 5.187944237564565, "y:9": 4.926170119440801}, "3": {"y:0": 72.2712300157276, "y:1": 8.85852137920707, "y:2": 7.882301962669126, "y:3": 7.30531221733663, "y:4": 7.217412961843052, "y:5": 6.873207086606999, "y:6": 6.6359949425916875, "y:7": 6.316887217064193, "y:8": 6.298415269743991, "y:9": 6.223876678931118}, "4": {"y:0": 74.64698548598884, "y:1": 8.88538180581036, "y:2": 9.87140173011561, "y:3": 10.192152955754754, "y:4": 10.30030600012554, "y:5": 9.875711826314738, "y:6": 9.375751113674736, "y:7": 8.904540867766167, "y:8": 8.522935015392786, "y:9": 8.252904846325235}, "5": {"y:0": 75.66452437662849, "y:1": 8.695147291586707, "y:2": 10.718198934083503, "y:3": 12.051513640413859, "y:4": 12.463383489144537, "y:5": 12.214157826267412, "y:6": 11.885474580127228, "y:7": 11.57942689885001, "y:8": 11.008568907611277, "y:9": 10.49289211803303}, "6": {"y:0": 76.76923941397634, "y:1": 8.490963801552041, "y:2": 11.1725646569645, "y:3": 13.706106849573342, "y:4": 15.272676381244802, "y:5": 15.214481780420735, "y:6": 15.474540384686303, "y:7": 14.746027755217852, "y:8": 14.385589027022778, "y:9": 13.98111128484547}, "7": {"y:0": 74.11305693731492, "y:1": 10.15278020340784, "y:2": 12.770826583795879, "y:3": 17.187579363674974, "y:4": 20.672872031903303, "y:5": 20.764642885561752, "y:6": 20.88801224207503, "y:7": 21.025411735537165, "y:8": 19.864723738412803, "y:9": 19.147695147445123}, "8": {"y:0": 74.87249714364468, "y:1": 16.640510956665196, "y:2": 16.921470972352846, "y:3": 22.32398457142634, "y:4": 26.252584888114807, "y:5": 28.15034632310254, "y:6": 28.304570419265712, "y:7": 26.987036577561593, "y:8": 25.901789633898474, "y:9": 24.026345043267884}, "9": {"y:0": 72.98863956983824, "y:1": 28.446222730312527, "y:2": 26.11012854995264, "y:3": 32.472125749118575, "y:4": 39.410901834482225, "y:5": 43.975475240877344, "y:6": 42.54989414418384, "y:7": 39.98130925206153, "y:8": 35.329563365847136, "y:9": 33.4352294479232}, "10": {"y:0": 74.09888602466646, "y:1": 36.18623420740677, "y:2": 33.99526873157268, "y:3": 38.626283064526085, "y:4": 47.7632891707506, "y:5": 51.38286065620571, "y:6": 51.55871483851348, "y:7": 48.34716233441112, "y:8": 44.09194971435634, "y:9": 40.96528442238665}, "11": {"y:0": 75.32135430466772, "y:1": 41.97485308320536, "y:2": 40.137976339995376, "y:3": 44.9832042804695, "y:4": 52.69015367376602, "y:5": 56.67687551506136, "y:6": 55.497653777556614, "y:7": 52.80403990504226, "y:8": 49.43893886585596, "y:9": 48.66297951366967}, "12": {"y:0": 73.92909407322085, "y:1": 50.268434533155904, "y:2": 46.352798548272006, "y:3": 52.234319097601706, "y:4": 57.67729349630602, "y:5": 59.092971679072164, "y:6": 57.15433042866637, "y:7": 53.80404668032986, "y:8": 51.071256914555846, "y:9": 48.01271916333801}, "13": {"y:0": 74.2354099547096, "y:1": 54.71851946756648, "y:2": 51.62303377622752, "y:3": 55.55260274599527, "y:4": 60.602069422408334, "y:5": 63.839549641251224, "y:6": 59.888603420442465, "y:7": 59.938779518949154, "y:8": 57.06144109021522, "y:9": 53.66982125486389}, "14": {"y:0": 74.06003416248556, "y:1": 57.456427066563585, "y:2": 54.8492793559049, "y:3": 57.3082194268937, "y:4": 64.16791372113764, "y:5": 64.94368548174711, "y:6": 63.89215795797068, "y:7": 61.80259193697098, "y:8": 60.27581772205083, "y:9": 57.63608223986629}, "15": {"y:0": 74.29297410465298, "y:1": 60.024992159292204, "y:2": 57.19812706983375, "y:3": 60.356950786967346, "y:4": 64.34644335608648, "y:5": 64.88030302574111, "y:6": 64.29101814293269, "y:7": 62.07763089362018, "y:8": 59.65229965067565, "y:9": 58.15867269958713}, "16": {"y:0": 74.29438061150789, "y:1": 60.068554830218986, "y:2": 57.39040925143131, "y:3": 60.1261100018103, "y:4": 64.08867500789677, "y:5": 65.00524911531782, "y:6": 64.71641012470252, "y:7": 62.16201504557553, "y:8": 60.349300638020516, "y:9": 59.34472134388182}}