{"0": {"y:0": 0.0045648849205935736, "y:1": 0.009183475946283172, "y:2": 0.0056104357374411025, "y:3": 0.0020709034782873826, "y:4": 0.018504167744610663, "y:5": 0.0039006398270263827, "y:6": 0.01859612304831957, "y:7": 0.007508759168479807, "y:8": 0.008794116197657112, "y:9": 0.008948385887886805, "y:10": 0.003352766415589327, "y:11": 0.005051643317410959, "y:12": 0.016793368233657815, "y:13": 0.002224095335026891, "y:14": 0.02281663748427979, "y:15": 0.005132639234664995, "y:16": 0.013091541889396378, "y:17": 0.010715217840279108, "y:18": 0.0030061505158431455, "y:19": 0.009910944813922634, "y:20": 0.008052578902784237, "y:21": 0.0017240309062934854, "y:22": 0.0545546471008655, "y:23": 0.004051071519606349, "y:24": 0.04840522117170462, "y:25": 0.009023588834373378, "y:26": 0.03964960579042294, "y:27": 0.01884316294811683, "y:28": 0.007264750703105862, "y:29": 0.027964050102697376}, "1": {"y:0": 0.00456252539106545, "y:1": 0.009252276229780023, "y:2": 0.005585051542971793, "y:3": 0.0021503091131523, "y:4": 0.018356081719193628, "y:5": 0.003933459072990952, "y:6": 0.018520130958158323, "y:7": 0.007666683980176826, "y:8": 0.008820884213128367, "y:9": 0.00935981595052727, "y:10": 0.003346466519237655, "y:11": 0.004971678908255712, "y:12": 0.016366023710882315, "y:13": 0.002202210698502072, "y:14": 0.023052937344473518, "y:15": 0.005076990442082051, "y:16": 0.013696045086545044, "y:17": 0.010719911377341207, "y:18": 0.003021575057797042, "y:19": 0.009860976233045004, "y:20": 0.0080071853316012, "y:21": 0.0017161664941617901, "y:22": 0.060859107407224916, "y:23": 0.004038454633326927, "y:24": 0.04859408802455926, "y:25": 0.009262995074129372, "y:26": 0.04313627752634963, "y:27": 0.01847829531742181, "y:28": 0.007433267773359349, "y:29": 0.0256602207348962}, "2": {"y:0": 0.004566555670599666, "y:1": 0.011660064466154372, "y:2": 0.005591275125327291, "y:3": 0.00220175389699213, "y:4": 0.017864417912397644, "y:5": 0.004151226474388933, "y:6": 0.01855287848826091, "y:7": 0.009550787221949948, "y:8": 0.008863308283804822, "y:9": 0.011622167541501912, "y:10": 0.003331485528015585, "y:11": 0.005245249771390907, "y:12": 0.016965863579145944, "y:13": 0.002235032645717785, "y:14": 0.023084704793189987, "y:15": 0.005275555860371838, "y:16": 0.013395736105922226, "y:17": 0.012589062861302475, "y:18": 0.003008861422836569, "y:19": 0.010758596416394187, "y:20": 0.008038204277201986, "y:21": 0.001729671176344027, "y:22": 0.05485178549880319, "y:23": 0.004122515129917115, "y:24": 0.046379613047063235, "y:25": 0.009416439046857359, "y:26": 0.04492561884882037, "y:27": 0.02518133658134226, "y:28": 0.007363010971620117, "y:29": 0.03681821708101599}, "3": {"y:0": 0.004560935263197673, "y:1": 0.015809572593202283, "y:2": 0.0055625177208602295, "y:3": 0.002590240988787836, "y:4": 0.018292120976972526, "y:5": 0.006067405791167769, "y:6": 0.019252567951277777, "y:7": 0.01662887771026373, "y:8": 0.008903758273538202, "y:9": 0.014048913187484937, "y:10": 0.0033367899783191485, "y:11": 0.006721457660164363, "y:12": 0.016883704429023073, "y:13": 0.002425488216225378, "y:14": 0.023328885383041075, "y:15": 0.00607819128160733, "y:16": 0.01372251970125633, "y:17": 0.013621155224830152, "y:18": 0.0030146088458213034, "y:19": 0.012309979886826247, "y:20": 0.008013393557664235, "y:21": 0.0017792574616498386, "y:22": 0.057911879230749745, "y:23": 0.004291416868807975, "y:24": 0.04892523413780301, "y:25": 0.010165297162649436, "y:26": 0.044814884993564064, "y:27": 0.020593540916569057, "y:28": 0.007363016867262982, "y:29": 0.02513433883371149}, "4": {"y:0": 0.004581906507867259, "y:1": 0.016430543908096385, "y:2": 0.005572563776166522, "y:3": 0.0026331320045487436, "y:4": 0.018198853075136075, "y:5": 0.00638620140132677, "y:6": 0.018879742146289295, "y:7": 0.025276917890751337, "y:8": 0.008899628485545066, "y:9": 0.019365318269392313, "y:10": 0.0033335786491200782, "y:11": 0.007482646519575117, "y:12": 0.01681975857040083, "y:13": 0.0025179460284846028, "y:14": 0.02346711993887704, "y:15": 0.006626844832305086, "y:16": 0.013474916615918129, "y:17": 0.018434743037062183, "y:18": 0.003014873401122574, "y:19": 0.01544113949453104, "y:20": 0.008045932530078634, "y:21": 0.0018077521934146616, "y:22": 0.05715890791870425, "y:23": 0.004503221941226605, "y:24": 0.048898572688460124, "y:25": 0.011029862781987601, "y:26": 0.04606082478344587, "y:27": 0.025464709913252635, "y:28": 0.00729215214351713, "y:29": 0.026681087669913173}, "5": {"y:0": 0.00456975948760547, "y:1": 0.015880653070858113, "y:2": 0.005543470424459549, "y:3": 0.0027277180535527235, "y:4": 0.01828239889867761, "y:5": 0.007081031477388871, "y:6": 0.019090938891337342, "y:7": 0.03613216530371416, "y:8": 0.008889583346538296, "y:9": 0.01974831350782539, "y:10": 0.003324471749695073, "y:11": 0.009028997515316236, "y:12": 0.01630927049443754, "y:13": 0.002656799351605594, "y:14": 0.022570217367582652, "y:15": 0.007785617094339305, "y:16": 0.013548730041401905, "y:17": 0.027563675941712832, "y:18": 0.003012446046069904, "y:19": 0.02296468657328363, "y:20": 0.007974513568250546, "y:21": 0.001873715157553055, "y:22": 0.0618825612437688, "y:23": 0.004916134842971954, "y:24": 0.05352832617586713, "y:25": 0.013779344246463232, "y:26": 0.048143238089185456, "y:27": 0.027267030885002562, "y:28": 0.0073066351554597325, "y:29": 0.023401171034461217}, "6": {"y:0": 0.004563956913866791, "y:1": 0.016431443787202727, "y:2": 0.0055438695143397755, "y:3": 0.0027304067215927624, "y:4": 0.018001118572239072, "y:5": 0.0071778710139909505, "y:6": 0.01872850780727518, "y:7": 0.04519980730476471, "y:8": 0.00884372550332902, "y:9": 0.02242999446438687, "y:10": 0.003340368628992986, "y:11": 0.008962779983517936, "y:12": 0.016490305963306095, "y:13": 0.002666631641745799, "y:14": 0.023140038910612087, "y:15": 0.007991969681401308, "y:16": 0.013634264147444456, "y:17": 0.03578428696692327, "y:18": 0.003005433720767286, "y:19": 0.023734297173885532, "y:20": 0.008026333843999617, "y:21": 0.0018815121045845586, "y:22": 0.06203695513448412, "y:23": 0.004930978273336301, "y:24": 0.05295004853248641, "y:25": 0.01438774182598634, "y:26": 0.04708955961368027, "y:27": 0.0384921178277305, "y:28": 0.007312923998228619, "y:29": 0.028322058283853785}, "7": {"y:0": 0.004554667162697275, "y:1": 0.015895667023332727, "y:2": 0.005565954871983449, "y:3": 0.002757743248614987, "y:4": 0.017969763337253336, "y:5": 0.007406478272537069, "y:6": 0.01878538475049548, "y:7": 0.04282069683979124, "y:8": 0.008856838711460594, "y:9": 0.01992399070245553, "y:10": 0.0033325630733427682, "y:11": 0.009613968599363776, "y:12": 0.016718586563320096, "y:13": 0.0027151922054966045, "y:14": 0.022990684368157186, "y:15": 0.008402166924932997, "y:16": 0.013394691909038569, "y:17": 0.04001381635131817, "y:18": 0.003010680030027742, "y:19": 0.029117339512433293, "y:20": 0.00800982477195564, "y:21": 0.001906724782227404, "y:22": 0.06360062793101634, "y:23": 0.005106098279443261, "y:24": 0.05269201471851795, "y:25": 0.01610659991396068, "y:26": 0.047231767226122524, "y:27": 0.03389076621912258, "y:28": 0.0073397750654611025, "y:29": 0.023552833661547333}, "8": {"y:0": 0.004556587115950059, "y:1": 0.016316561592879565, "y:2": 0.005573587741630284, "y:3": 0.0027417815084028563, "y:4": 0.018014021761214808, "y:5": 0.007264997735441848, "y:6": 0.018785872093135175, "y:7": 0.04760710279979595, "y:8": 0.00885939686535345, "y:9": 0.02140201283098376, "y:10": 0.003331524190897094, "y:11": 0.009386537641305448, "y:12": 0.016595892830716545, "y:13": 0.0026986914832221433, "y:14": 0.023330516145744717, "y:15": 0.008191313901687963, "y:16": 0.013498682285613859, "y:17": 0.040576543187167746, "y:18": 0.0030120309305004386, "y:19": 0.026163028119897878, "y:20": 0.00799778778245698, "y:21": 0.0018998320069100016, "y:22": 0.06264074395364325, "y:23": 0.005045634179868464, "y:24": 0.05220843557793813, "y:25": 0.015518846736722184, "y:26": 0.048087235115064624, "y:27": 0.036807568993960926, "y:28": 0.007317912557298145,