{"0": {"s1": 0.014679798702000669, "s2": 1.469060683463461}, "1": {"s1": 0.015902861165842774, "s2": 1.497122022917774}, "2": {"s1": 0.033588926037018775, "s2": 1.4518328706329262}, "3": {"s1": 0.06582665096825854, "s2": 1.4715491934511549}, "4": {"s1": 0.12485179745081246, "s2": 1.5495627684387743}, "5": {"s1": 0.2517456820632446, "s2": 1.5317805161068294}, "6": {"s1": 0.5126961356029102, "s2": 1.4337941066830284}, "7": {"s1": 1.0058770337702103, "s2": 1.4231566755261968}, "8": {"s1": 2.0854638335256435, "s2": 1.500142421643065}}