{"0": {"y:0": 0.00646408271324856, "y:1": 0.008996428381858268, "y:2": 0.06983136149879467, "y:3": 0.006507657182148573, "y:4": 0.026292425859842917, "y:5": 0.0033917265575448556, "y:6": 0.033465710192482706, "y:7": 0.00777063597912803, "y:8": 0.008189411149936933, "y:9": 0.00824524056916285, "y:10": 0.0605289611656639, "y:11": 0.014616491077890063, "y:12": 0.008991422530550592, "y:13": 0.0025023600366628714, "y:14": 0.02311736006300338, "y:15": 0.004179546879067866, "y:16": 0.03407165264291772, "y:17": 0.010638780743593902, "y:18": 0.008064484920207707, "y:19": 0.012413365882614243, "y:20": 0.00334787839254381, "y:21": 0.004920154659340996, "y:22": 0.010379521142998125, "y:23": 0.0024835673151627304, "y:24": 0.03850475943234522, "y:25": 0.00488136104305883, "y:26": 0.012982467620767362, "y:27": 0.012268537647974562, "y:28": 0.005461059534116366, "y:29": 0.010554605367112637, "y:30": 0.003977555658318933, "y:31": 0.002896979503417303}, "1": {"y:0": 0.0064808946003963586, "y:1": 0.010651124022434726, "y:2": 0.07113637824678627, "y:3": 0.006586952267071377, "y:4": 0.025499603137724813, "y:5": 0.004004642776992925, "y:6": 0.0324271288433298, "y:7": 0.009088313400991565, "y:8": 0.008361877608897646, "y:9": 0.008010861116488088, "y:10": 0.08612014712332207, "y:11": 0.008123683970016294, "y:12": 0.008993642929984025, "y:13": 0.0025272787923801923, "y:14": 0.02435211846789019, "y:15": 0.004184310374164652, "y:16": 0.03379433446321081, "y:17": 0.009374330374492326, "y:18": 0.00811650180333673, "y:19": 0.011130028900274565, "y:20": 0.0033478247573617485, "y:21": 0.004834474782022275, "y:22": 0.010382412666315512, "y:23": 0.0024639335266372843, "y:24": 0.03602050842722613, "y:25": 0.004779648349677533, "y:26": 0.013267055807195454, "y:27": 0.011267833937128522, "y:28": 0.005441262344982782, "y:29": 0.010026598846175183, "y:30": 0.003975968866272341, "y:31": 0.002882481039666615}, "2": {"y:0": 0.006458333657261351, "y:1": 0.012159034868469044, "y:2": 0.08045875335150401, "y:3": 0.006918144058796259, "y:4": 0.026360626970048318, "y:5": 0.0049691813516612735, "y:6": 0.03252465155870618, "y:7": 0.015494416817350405, "y:8": 0.008224368843237568, "y:9": 0.01241476164112175, "y:10": 0.07614420828380172, "y:11": 0.007656898904507196, "y:12": 0.008907801680475532, "y:13": 0.0028680768063432016, "y:14": 0.0248139498325827, "y:15": 0.004991260527987814, "y:16": 0.032963645545585, "y:17": 0.01047398357501024, "y:18": 0.008002604537843542, "y:19": 0.01123547108275691, "y:20": 0.003354105854934855, "y:21": 0.005471096884008756, "y:22": 0.010553912834786615, "y:23": 0.002590010913783137, "y:24": 0.037903311138626904, "y:25": 0.005258312504763465, "y:26": 0.013072390669136074, "y:27": 0.011515271336748092, "y:28": 0.005434749994697663, "y:29": 0.010861511491773546, "y:30": 0.003974492067035391, "y:31": 0.002975821590368927}, "3": {"y:0": 0.006468550013761646, "y:1": 0.012719347132319722, "y:2": 0.07144297386589961, "y:3": 0.006742048143005571, "y:4": 0.026598262032207734, "y:5": 0.005751629049309409, "y:6": 0.032701608316865374, "y:7": 0.023983862123708607, "y:8": 0.008268495249255419, "y:9": 0.017320345446252286, "y:10": 0.0781940195604475, "y:11": 0.007371640416145124, "y:12": 0.008974372938744769, "y:13": 0.003277446609728227, "y:14": 0.024841164265462838, "y:15": 0.006597223659335835, "y:16": 0.032932130768827984, "y:17": 0.01489665027670423, "y:18": 0.008030070701918817, "y:19": 0.012944927917873968, "y:20": 0.0033542512061156896, "y:21": 0.00722777701062765, "y:22": 0.010439390950856301, "y:23": 0.002917852912403166, "y:24": 0.03683912602412115, "y:25": 0.006599500231904369, "y:26": 0.013212042295223568, "y:27": 0.013043865863266672, "y:28": 0.00540397277873378, "y:29": 0.013894726471732432, "y:30": 0.003959363598818973, "y:31": 0.0032666272413734475}, "4": {"y:0": 0.006457455998974002, "y:1": 0.012592348507084215, "y:2": 0.07343194054411532, "y:3": 0.006802882321056182, "y:4": 0.026420886067885736, "y:5": 0.005958814189854465, "y:6": 0.032701231198888014, "y:7": 0.027528319606154646, "y:8": 0.008286541239400686, "y:9": 0.01904240337467483, "y:10": 0.07326917897452197, "y:11": 0.0075455696424168205, "y:12": 0.008964540465171153, "y:13": 0.0033617367519613185, "y:14": 0.024899080499449083, "y:15": 0.006903874421550482, "y:16": 0.03338685929087951, "y:17": 0.01771600198735505, "y:18": 0.008004705990624169, "y:19": 0.01452713084199557, "y:20": 0.003338490642687585, "y:21": 0.007820363148473643, "y:22": 0.010524015539280236, "y:23": 0.0029971198490833335, "y:24": 0.03816242232244585, "y:25": 0.007160657936027296, "y:26": 0.01327504361611938, "y:27": 0.01720941213810935, "y:28": 0.005447134347404746, "y:29": 0.017443578899760368, "y:30": 0.003947036893250571, "y:31": 0.0034022310067210685}, "5": {"y:0": 0.00650702209731312, "y:1": 0.012522629036753942, "y:2": 0.07209788992437012, "y:3": 0.006847679437839684, "y:4": 0.026138212800786258, "y:5": 0.006044984462546177, "y:6": 0.03271332672205716, "y:7": 0.03151175974039975, "y:8": 0.00833051941586211, "y:9": 0.020336248583118454, "y:10": 0.07432539163871223, "y:11": 0.007751394320585606, "y:12": 0.008840895036149404, "y:13": 0.003435288505584601, "y:14": 0.024859399369524707, "y:15": 0.007209048064237341, "y:16": 0.03459006944346302, "y:17": 0.021819750340254088, "y:18": 0.008060372811418741, "y:19": 0.015953881598479727, "y:20": 0.003349163825542307, "y:21": 0.008441020404672614, "y:22": 0.010479367057914133, "y:23": 0.0031023466445609213, "y:24": 0.03771297275021334, "y:25": 0.0076053120101290395, "y:26": 0.013163355905130092, "y:27": 0.024080045333487017, "y:28": 0.005470501398943163, "y:29": 0.024242397740545464, "y:30": 0.00396802185829069, "y:31": 0.0035196696181682544}, "6": {"y:0": 0.006450485141542046, "y:1": 0.012601760462460275, "y:2": 0.07042453779984824, "y:3": 0.0068957448802512995, "y:4": 0.02639746926539038, "y:5": 0.006129392345298515, "y:6": 0.03271349456737783, "y:7": 0.03354800911526368, "y:8": 0.008297313193790727, "y:9": 0.021478536865847924, "y:10": 0.07376681647826827, "y:11": 0.007878230232113977, "y:12": 0.00891117517762292, "y:13": 0.003445586638630002, "y:14": 0.02459342258790186, "y:15": 0.007280606908444951, "y:16": 0.034263636851482954, "y:17": 0.02284771332049274, "y:18": 0.008009902469088717, "y:19": 0.01690793890701989, "y:20": 0.003339892102047946, "y:21": 0.0084543910114218, "y:22": 0.010418085137467926, "y:23": 0.0031046370146345353, "y:24": 0.038043550209246185, "y:25": 0.007776534641753814, "y:26": 0.01319157558205156, "y:27": 0.02781519647215136, "y:28": 0.0054484415551910095, "y:29": 0.028286680010895553, "y:30": 0.003958213871009312, "y:31": 0.003530233024454128}, "7": {"y:0": 0.006477582529222382, "y:1": 0.012725189887535992, "y:2": 0.07205161391466033, "y:3": 0.006889476111248991, "y:4": 0.026147996897604872, "y:5": 0.00610796003398797, "y:6": 0.03340379499634532, "y:7": 0.03587180437467424, "y:8": 0.008302451997653403, "y:9": 0.02201990197490292, "y:10": 0.07615156898523119, "y:11": 0.00810663698351794, "y:12": 0.008907080672717145, "y:13": 0.003439987645319619, "y:14": 0.024937248960245455, "y:15": 0.007330997102887867, "y:16": 0.03339727284588365, "y:17": 0.025166174596156613, "y:18": 0.008022748797714698, "y:19": 0.017875413873477287, "y:20": 0.0033466734009470903, "y:21": 0.008492625276030685, "y:22": 0.010455048311786402, "y:23": 0.0031065305010421875, "y:24": 0.03842009071651076, "y:25": 0.007757296319326487, "y:26": 0.01321085653450386, "y:27": 0.03314482397896619, "y:28": 0.00543870563286983, "y:29": 0.0320182139511477, "y:30": 0.003965731643382596, "y:31": 0.003534511481572649}, "8": {"y:0": 0.006482869574945213, "y:1": 0.012704453648980492, "y:2": 0.07138578230258276, "y:3": 0.006940553960283608, "y:4": 0.02657825533334458, "y:5": 0.006038672315816015, "y:6": 0.032752884270969805, "y:7": 0.038468613679051834, "y:8": 0.00830970249469496, "y:9": 0.023069484330805554, "y:10": 0.07433423592229721, "y:11": 0.008240690644873028, "y:12": 0.008940586128331953,