{"0": {"y:0": 0.1361079028783355, "y:1": 0.1358725465765389, "y:2": 0.20240376804875643, "y:3": 0.20485428662694097, "y:4": 0.20412653922703802, "y:5": 0.20487936858825623, "y:6": 0.20447635200786368, "y:7": 0.20553062576497344, "y:8": 0.20626988191268855, "y:9": 0.20673180966740418}, "1": {"y:0": 0.13345717245586142, "y:1": 0.13426838892926735, "y:2": 0.2095196356515705, "y:3": 0.20858155933900754, "y:4": 0.20763517555649416, "y:5": 0.20828830578856578, "y:6": 0.20864708874776883, "y:7": 0.20650056618471102, "y:8": 0.20919181301874215, "y:9": 0.20935900011787073}, "2": {"y:0": 0.14633361813117554, "y:1": 0.14599813619173313, "y:2": 0.4223968152855317, "y:3": 0.4216898536588358, "y:4": 0.42480331626307166, "y:5": 0.4202715588496721, "y:6": 0.42684015334404296, "y:7": 0.42097082247854095, "y:8": 0.42375782898152214, "y:9": 0.4356219633439574}, "3": {"y:0": 0.1550752824803592, "y:1": 0.15469000567491495, "y:2": 0.8505728836421118, "y:3": 0.8496347834772534, "y:4": 0.8606227532328452, "y:5": 0.8295264313837729, "y:6": 0.8562119430037876, "y:7": 0.8125049057848422, "y:8": 0.8240182207904064, "y:9": 0.8568822730408691}, "4": {"y:0": 0.15923857310309264, "y:1": 0.15860909076710197, "y:2": 1.6506511814629865, "y:3": 1.548535204509336, "y:4": 1.5992468864754925, "y:5": 1.6094791384446006, "y:6": 1.663069160660081, "y:7": 1.4419055562427932, "y:8": 1.5601489404920574, "y:9": 1.6609024380899393}, "5": {"y:0": 0.162007668416445, "y:1": 0.16171498620042324, "y:2": 2.7080615572979436, "y:3": 2.313368628763869, "y:4": 2.5619390992312367, "y:5": 2.7562566940604265, "y:6": 2.5787039828998557, "y:7": 1.80355804519587, "y:8": 2.362546496158989, "y:9": 2.770755138369352}, "6": {"y:0": 0.16190754262769158, "y:1": 0.16231387186293214, "y:2": 3.0257525069227516, "y:3": 2.3922518802326667, "y:4": 2.889874669773593, "y:5": 2.9352020771347096, "y:6": 2.874848986947821, "y:7": 1.8598414898942477, "y:8": 2.410981417277238, "y:9": 2.9562111181233766}, "7": {"y:0": 0.1623918472947052, "y:1": 0.16234200708924384, "y:2": 3.2255138040506712, "y:3": 2.6061221626394246, "y:4": 3.042872264010994, "y:5": 3.0507660850669773, "y:6": 3.0474677071057537, "y:7": 1.908845024183776, "y:8": 2.4959026153083603, "y:9": 3.204359679323166}, "8": {"y:0": 0.16246094805859584, "y:1": 0.16250005748786914, "y:2": 3.1757647983214734, "y:3": 2.548874178621437, "y:4": 2.9843712867142904, "y:5": 3.02248783746052, "y:6": 2.974056778252745, "y:7": 1.915979253329274, "y:8": 2.555003432471054, "y:9": 3.094089148947117}, "9": {"y:0": 0.16274957125208966, "y:1": 0.16276292227998962, "y:2": 3.3199675718968247, "y:3": 2.612312462452288, "y:4": 3.221980609197568, "y:5": 3.2316560450740863, "y:6": 3.1333913134917273, "y:7": 1.9468040264523085, "y:8": 2.5718724802479747, "y:9": 3.28617420227953}, "10": {"y:0": 0.16266927242805643, "y:1": 0.16268739543410646, "y:2": 3.3553304950399596, "y:3": 2.627938263991348, "y:4": 3.2099290307819954, "y:5": 3.2177679205860903, "y:6": 3.1342214839987874, "y:7": 1.9487476618848125, "y:8": 2.6106081590858174, "y:9": 3.3087886908980035}, "11": {"y:0": 0.16284349740027154, "y:1": 0.16274928245951772, "y:2": 3.3699971381308647, "y:3": 2.6227043467759787, "y:4": 3.221374134212719, "y:5": 3.269602754129002, "y:6": 3.179786895304213, "y:7": 1.9258597571519342, "y:8": 2.636102800887621, "y:9": 3.3564099622135513}}