{"0": {"y:0": 0.009155747235281533, "y:1": 0.16066002028155518, "y:2": 1.1407434042510092, "y:3": 1.6107097196308733, "y:4": 0.7587895223255685, "y:5": 0.2990830775740603, "y:6": 0.020858508701652147}}