{"0": {"y:0": 0.015327273892489907, "y:1": 0.1856411283490787, "y:2": 0.3799434673473951, "y:3": 0.38967220903092625, "y:4": 0.3340609918103999, "y:5": 0.04816520990208781, "y:6": 0.0023068017212467774}, "1": {"y:0": 0.02108476898712541, "y:1": 0.1949699402628042, "y:2": 0.4001395726718195, "y:3": 0.40396461165920994, "y:4": 0.36333318058941905, "y:5": 0.05356954029827224, "y:6": 0.003202852906225702}, "2": {"y:0": 0.10699007391543858, "y:1": 0.39368741249375416, "y:2": 0.4607316906108816, "y:3": 0.4649842473960124, "y:4": 0.4445388299227287, "y:5": 0.15274950928741232, "y:6": 0.01777600328954775}, "3": {"y:0": 0.19269989817708788, "y:1": 0.5824396060995071, "y:2": 0.6951686185101753, "y:3": 0.700119347631427, "y:4": 0.6140850838826353, "y:5": 0.21033911716390385, "y:6": 0.03134984676673615}, "4": {"y:0": 0.44272532780179225, "y:1": 0.8101489310453959, "y:2": 0.8362407958012325, "y:3": 0.8203727615793833, "y:4": 0.7174639815023965, "y:5": 0.35536213256235033, "y:6": 0.080955457008102}, "5": {"y:0": 0.6593336122561784, "y:1": 1.1052808505627514, "y:2": 1.1201234159162332, "y:3": 1.1024959773968321, "y:4": 0.9227984986077497, "y:5": 0.4408492928475307, "y:6": 0.10866887453497118}, "6": {"y:0": 0.9839458034605901, "y:1": 1.3136036893669583, "y:2": 1.3864847236404145, "y:3": 1.384245727039588, "y:4": 1.1744787673539026, "y:5": 0.6585307063257465, "y:6": 0.19329772336189685}, "7": {"y:0": 1.3314202148411356, "y:1": 1.8841739390508547, "y:2": 2.0122760113961182, "y:3": 2.1117746155180654, "y:4": 1.7994628186036725, "y:5": 0.9362062451266947, "y:6": 0.2538298891402293}, "8": {"y:0": 1.956532669535303, "y:1": 2.5979314313857436, "y:2": 2.8151534856637777, "y:3": 2.9886181517374997, "y:4": 2.511487931147095, "y:5": 1.3135562530152096, "y:6": 0.4033676441521794}, "9": {"y:0": 2.6645417800983444, "y:1": 4.013065893722812, "y:2": 4.4242558237479805, "y:3": 4.520324963435689, "y:4": 3.669076772226428, "y:5": 1.5968702703990256, "y:6": 0.48600924572791754}, "10": {"y:0": 3.731988342016209, "y:1": 5.288364989877775, "y:2": 5.937070870849149, "y:3": 6.4980474973995, "y:4": 4.653902600425008, "y:5": 2.0839871184691714, "y:6": 0.6952989769075827}, "11": {"y:0": 4.824590877082288, "y:1": 7.325687739194819, "y:2": 8.369518901770984, "y:3": 8.167678566362051, "y:4": 5.441213011757385, "y:5": 2.4708404576774536, "y:6": 0.8375102024436862}, "12": {"y:0": 6.074324124968979, "y:1": 8.789625673317158, "y:2": 9.797831336091777, "y:3": 9.91937944507008, "y:4": 7.236438159797634, "y:5": 3.3912453169292105, "y:6": 1.112251252896501}, "13": {"y:0": 7.5112266741590785, "y:1": 10.986938064664578, "y:2": 13.024339420747545, "y:3": 11.721050303257528, "y:4": 9.098359938438497, "y:5": 4.389659823825898, "y:6": 1.4422194076253223}, "14": {"y:0": 8.16499549811178, "y:1": 12.576643379851909, "y:2": 15.6278285893914, "y:3": 12.845796083885691, "y:4": 12.348642813435056, "y:5": 5.89340348415941, "y:6": 1.834571947027167}, "15": {"y:0": 7.497997591976358, "y:1": 11.89450442272943, "y:2": 16.3086411499068, "y:3": 13.027988797627883, "y:4": 13.85669662781635, "y:5": 7.000433914190846, "y:6": 2.2267983814545795}, "16": {"y:0": 6.53724020419333, "y:1": 12.109936356082944, "y:2": 20.979345574818254, "y:3": 15.353501895929298, "y:4": 13.976471386004892, "y:5": 7.212093894349433, "y:6": 2.4542779296383204}, "17": {"y:0": 6.6144407259800415, "y:1": 14.378380789358824, "y:2": 22.1869884512756, "y:3": 20.197511212974483, "y:4": 17.22770854315438, "y:5": 8.742038592473294, "y:6": 2.6378184173343375}, "18": {"y:0": 7.570570215303885, "y:1": 16.557169299181343, "y:2": 25.865571387017503, "y:3": 23.976596834581567, "y:4": 20.100560365293465, "y:5": 9.559349029991743, "y:6": 2.9814022742178925}, "19": {"y:0": 8.66314955117991, "y:1": 21.99017743899073, "y:2": 29.93281993379579, "y:3": 30.56219503450496, "y:4": 22.66158939480213, "y:5": 11.67341647200491, "y:6": 3.1687413307004153}, "20": {"y:0": 10.777695009082926, "y:1": 27.69746745345919, "y:2": 35.38784714728987, "y:3": 38.024595512715656, "y:4": 25.425677992077183, "y:5": 13.360812249037304, "y:6": 3.635791316813213}, "21": {"y:0": 12.928779716778026, "y:1": 31.695011495191327, "y:2": 42.282232833010866, "y:3": 42.51912997683078, "y:4": 29.290057309383315, "y:5": 15.903466731003551, "y:6": 4.017651804669899}, "22": {"y:0": 15.978664134056404, "y:1": 37.35211875007692, "y:2": 48.8556378472949, "y:3": 47.057445829264374, "y:4": 32.574075568096426, "y:5": 17.47657963001143, "y:6": 4.654053810512099}, "23": {"s_A": 1.258733477683903, "s_B": 1.1546597308472937, "s_g": 1.0965285676890009, "s_k": 1.0826428305834133}, "24": {"s_A": 1.3640504688720654, "s_B": 1.1938116590089576, "s_g": 1.2840976515319238, "s_k": 1.2312602857041237}, "25": {"s_A": 1.4611584280417995, "s_B": 1.7198051992266103, "s_g": 1.4314862832212714, "s_k": 1.8576068339867566}, "26": {"s_A": 1.657230322357871, "s_B": 1.8784009265751727, "s_g": 1.7912995172683674, "s_k": 1.9390618631444683}, "27": {"s_A": 1.7862135056617612, "s_B": 2.262234749832593, "s_g": 1.971985165418935, "s_k": 2.427894259455497}, "28": {"s_A": 1.8980539395445122, "s_B": 2.339145719098119, "s_g": 2.215899598138326, "s_k": 2.267911256327578}, "29": {"s_A": 1.3221026782987662, "s_B": 1.7640310418544838, "s_g": 2.1217999629481317, "s_k": 2.345363019779081}, "30": {"s_A": 1.4250123425267496, "s_B": 1.8917225441532133, "s_g": 1.8101737935186764, "s_k": 1.8209059019917082}}