{"0": {"y:0": 0.015155531653502396, "y:1": 0.19540648098805372, "y:2": 0.4164680695385103, "y:3": 0.42471368399466475, "y:4": 0.38387864660373666, "y:5": 0.051572455603440835, "y:6": 0.002328991887534677}, "1": {"y:0": 0.020412528017967117, "y:1": 0.19555478982120986, "y:2": 0.41181292809546327, "y:3": 0.4044162455526472, "y:4": 0.37080459544714656, "y:5": 0.05797055242579305, "y:6": 0.0032351123584178137}, "2": {"y:0": 0.10257964236450796, "y:1": 0.3991883684042591, "y:2": 0.5008405807565345, "y:3": 0.5120878439383514, "y:4": 0.4613327680595109, "y:5": 0.14935324809261186, "y:6": 0.016358544547070735}, "3": {"y:0": 0.22910878490983086, "y:1": 0.6323559639513892, "y:2": 0.7381055583568998, "y:3": 0.7301273660397246, "y:4": 0.644533003868505, "y:5": 0.22533608377123238, "y:6": 0.035173216693050735}, "4": {"y:0": 0.49164154417135425, "y:1": 0.8367048088272013, "y:2": 0.8808455288724235, "y:3": 0.8465310290345556, "y:4": 0.7245953751701044, "y:5": 0.3431557558588514, "y:6": 0.07703831909876489}, "5": {"y:0": 0.7134265310574973, "y:1": 1.0782634645369427, "y:2": 1.1597765509228326, "y:3": 1.1956579447861788, "y:4": 1.003631907454351, "y:5": 0.5033100680816132, "y:6": 0.13723779752637477}, "6": {"y:0": 1.0442363918912845, "y:1": 1.4446543161575454, "y:2": 1.5535796242083706, "y:3": 1.5692034410403262, "y:4": 1.3088003940609119, "y:5": 0.6929111136839163, "y:6": 0.1968866159979935}, "7": {"y:0": 1.5581093433681612, "y:1": 1.995261886523587, "y:2": 2.081668594077408, "y:3": 2.1168243359363452, "y:4": 1.922100344903134, "y:5": 0.9778630285281179, "y:6": 0.2976276605586264}, "8": {"y:0": 2.173505403111987, "y:1": 2.985115045082778, "y:2": 3.1539253050819043, "y:3": 3.353139107103559, "y:4": 2.8535688356304068, "y:5": 1.3729938423801082, "y:6": 0.40794776798496274}, "9": {"y:0": 2.957905497345316, "y:1": 4.544062781991256, "y:2": 4.99394661313563, "y:3": 5.148532440996644, "y:4": 3.8827445062782364, "y:5": 1.7826487286055925, "y:6": 0.5746374778051949}, "10": {"y:0": 4.1671292955499215, "y:1": 6.088153230994206, "y:2": 6.644142211489666, "y:3": 6.998055958762066, "y:4": 4.716101154663521, "y:5": 2.122318864515077, "y:6": 0.7135250036271436}, "11": {"y:0": 5.637753322576326, "y:1": 8.389008721366507, "y:2": 9.082059446955903, "y:3": 9.029795827775704, "y:4": 6.246959129206204, "y:5": 2.61294170698472, "y:6": 0.9233165040193946}, "12": {"y:0": 7.0215552145752715, "y:1": 10.436685146997549, "y:2": 11.637374986037202, "y:3": 11.623919759010576, "y:4": 8.251906835213822, "y:5": 3.790810305029586, "y:6": 1.1491151703770826}, "13": {"y:0": 8.083137266661334, "y:1": 11.619495701127413, "y:2": 13.783051187237286, "y:3": 12.31379388081207, "y:4": 10.383298629449625, "y:5": 4.978758629812928, "y:6": 1.4697773363642102}, "14": {"y:0": 7.909488250572594, "y:1": 12.355466483657958, "y:2": 15.172458975651788, "y:3": 12.186832293486667, "y:4": 11.934930675063182, "y:5": 6.152836036542159, "y:6": 1.8040218788731843}, "15": {"y:0": 7.59210833943654, "y:1": 12.627274131111749, "y:2": 18.264743493520978, "y:3": 14.68612059403663, "y:4": 13.721695354581056, "y:5": 6.893159441596632, "y:6": 2.0779527516185934}, "16": {"y:0": 6.8255219713016, "y:1": 13.326490539065801, "y:2": 19.5279488227163, "y:3": 17.150764609687496, "y:4": 15.907542456263638, "y:5": 8.041943108371735, "y:6": 2.5657029457262768}, "17": {"y:0": 7.77480779316851, "y:1": 18.228743349243924, "y:2": 22.15214542696402, "y:3": 20.416066999086965, "y:4": 17.238410991756144, "y:5": 9.451590762176748, "y:6": 2.5384306663052123}, "18": {"y:0": 8.31784230435469, "y:1": 20.180350094529466, "y:2": 25.9292420299219, "y:3": 26.658413627036392, "y:4": 21.23033805305387, "y:5": 11.231204947521622, "y:6": 3.1835940695827483}, "19": {"y:0": 10.037221453388572, "y:1": 25.295863147786722, "y:2": 33.797302977449945, "y:3": 32.30276567098595, "y:4": 22.422712673280444, "y:5": 12.372124566304787, "y:6": 3.282797231779547}, "20": {"y:0": 11.48618734511927, "y:1": 29.136356942774796, "y:2": 37.73425639216798, "y:3": 39.57983771173773, "y:4": 27.02440369371886, "y:5": 14.73717883550243, "y:6": 3.562949841994368}, "21": {"y:0": 13.547502801074126, "y:1": 37.355941670766114, "y:2": 46.018010170217266, "y:3": 45.28935039609006, "y:4": 29.002536476650203, "y:5": 16.076563899342666, "y:6": 3.872859582102873}, "22": {"y:0": 16.431321632864243, "y:1": 44.439362182370395, "y:2": 56.05994909123858, "y:3": 51.86927595942574, "y:4": 34.462522460195174, "y:5": 17.735991054552684, "y:6": 4.502858356675586}, "23": {"y:0": 18.913424769654004, "y:1": 50.19892575239146, "y:2": 60.19204470583354, "y:3": 57.27286486600461, "y:4": 34.33123654238572, "y:5": 18.702340015104603, "y:6": 5.098376838482899}, "24": {"y:0": 24.390119733862743, "y:1": 61.983813954748236, "y:2": 69.64379778230507, "y:3": 62.58517633877947, "y:4": 38.601384179818034, "y:5": 21.662371972503337, "y:6": 5.7562583037181945}, "25": {"y:0": 35.21032050816881, "y:1": 75.08506968846805, "y:2": 77.82609541700168, "y:3": 67.71594322814485, "y:4": 39.33798292130254, "y:5": 19.738949034026337, "y:6": 6.822197392677241}, "26": {"y:0": 46.68761734441536, "y:1": 82.72440152107593, "y:2": 78.00483725171972, "y:3": 63.028296700214604, "y:4": 38.52013738827081, "y:5": 21.38275003756182, "y:6": 8.381672699792611}, "27": {"y:0": 61.77912544996509, "y:1": 92.14942055771085, "y:2": 81.7250570452571, "y:3": 66.48758795431942, "y:4": 41.28482429669655, "y:5": 21.891820401102148, "y:6": 9.008173664499228}, "28": {"y:0": 72.83290907989138, "y:1": 99.62872256258974, "y:2": 91.75747845503435, "y:3": 71.85952962518678, "y:4": 42.33025059450482, "y:5": 24.92790936525989, "y:6": 10.902563203946132}, "29": {"y:0": 72.91333455152858, "y:1": 104.26102440407365, "y:2": 98.62885073351907, "y:3": 69.3429239388412, "y:4": 41.60730109313772, "y:5": 25.015816813849074, "y:6": 11.126633339748008}, "30": {"y:0": 94.96908248141263, "y:1": 107.22255931917273, "y:2": 90.77205323568322, "y:3": 65.82865320996743, "y:4": 40.16112946536453, "y:5": 23.516284515928426, "y:6": 11.367551859673384}, "31": {"y:0": 106.7663707325351, "y:1": 112.8195352951737, "y:2": 102.35349030848673, "y:3": 73.83442318540347, "y:4": 44.704154856520205, "y:5": 27.623437861467394, "y:6": 12.685481153153397}, "32": {"y:0": 115.72453114917134, "y:1": 121.87675659129565, "y:2": 104.8112383718258, "y:3": 77.88880181295468, "y:4": 48.035178317554326, "y:5": 29.04071214264665, "y:6": 14.231478502798328}, "33": {"y:0": 118.72643169004296, "y:1": 123.2700754906583, "y:2": 103.70424854096413, "y:3": 77.12996801866844, "y:4": 48.41771649008387, "y:5": 28.785026206327043, "y:6": 13.55821355008512}, "34": {"y:0": 117.00307207768675, "y:1": 114.72550878489061, "y:2": 100.27253900018806, "y:3": 77.83776708003222, "y:4": 48.463888220246886, "y:5": 28.74213163014033, "y:6": 13.546687103626816}}