{"24": {"y:0": 0.6379802383795778, "y:1": 0.4643905651218378, "y:2": 0.3937215348697274, "y:3": 0.6180935297376543, "y:4": 0.7245761327088184, "y:5": 0.22896857806309914, "y:6": 0.9322694211192853}}