{"14": {"y:0": 0.0, "y:1": 0.0, "y:2": 0.005002824426257814, "y:3": 0.004584240598594135, "y:4": 0.0021982909436072005, "y:5": 0.006599646051948985, "y:6": 0.006148478594016774, "y:7": 0.00683136242665788, "y:8": 0.008458845377951768, "y:9": 0.011661303403390836, "y:10": 0.008617118273005951, "y:11": 0.005614315623866018, "y:12": 0.01108863429907326, "y:13": 0.002732137114817011, "y:14": 0.007835070185757435, "y:15": 0.007396892533733769, "y:16": 0.013893389286628664, "y:17": 0.011238618765463813, "y:18": 0.007549561707345632, "y:19": 0.00743853481185589, "y:20": 0.007293773795342257, "y:21": 0.009514679132273433, "y:22": 0.014054695099789741, "y:23": 0.005882581043602268, "y:24": 0.007784313833361868, "y:25": 0.006402617375827052, "y:26": 0.006435457436130904, "y:27": 0.00642313929353327, "y:28": 0.00521470096102501, "y:29": 0.00912915828117776, "y:30": 0.0031411386055564617, "y:31": 0.00827271284669975, "y:32": 0.004883680984939419, "y:33": 0.004315729336113127, "y:34": 0.0064850382128151815, "y:35": 0.005970534974874405, "y:36": 0.00586162628957985, "y:37": 0.009301194188513107, "y:38": 0.005116997371499492, "y:39": 0.008211521540491474, "y:40": 0.010028467077960405, "y:41": 0.004431724729680244, "y:42": 0.0035493992949308544, "y:43": 0.003803627422344098, "y:44": 0.006134075631086025, "y:45": 0.00729162700710498, "y:46": 0.005176121293717039, "y:47": 0.005927593445693877, "y:48": 0.010626526936609364, "y:49": 0.005056094291833206, "y:50": 0.012048532706720561, "y:51": 0.008962062940974297, "y:52": 0.015258879967948408, "y:53": 0.012489947774150436, "y:54": 0.016128184383268712, "y:55": 0.0023680979004344046, "y:56": 0.003776664078181738, "y:57": 0.0013372302392850388, "y:58": 0.011969759941724027, "y:59": 0.009588722343031864, "y:60": 0.008531060650861972, "y:61": 0.006450849545308484, "y:62": 0.007570917254097077, "y:63": 0.00832381609369392, "y:64": 0.017743093348488087, "y:65": 0.006441014171936271, "y:66": 0.008518072148700088, "y:67": 0.008139029265696068, "y:68": 0.009151755834626357, "y:69": 0.005040764033288489, "y:70": 0.014670363063947384, "y:71": 0.008814342891325266, "y:72": 0.004105014909750073, "y:73": 0.009143519601202556, "y:74": 0.010344597750582898, "y:75": 0.004800601419588404, "y:76": 0.0040812015131731485, "y:77": 0.0017851345260298888, "y:78": 0.012908925512398884, "y:79": 0.010007046056807054, "y:80": 0.008265027530983739, "y:81": 0.006829873369116312, "y:82": 0.003112605617701797, "y:83": 0.005253579997042555, "y:84": 0.00960620406295036, "y:85": 0.0039949547679775325, "y:86": 0.005848295021025221, "y:87": 0.0064642209581301305, "y:88": 0.004759531268571514, "y:89": 0.007557361205028236, "y:90": 0.007140372345700571, "y:91": 0.00821775098576728, "y:92": 0.006032312567168654, "y:93": 0.011867442682293748, "y:94": 0.009530219666707394, "y:95": 0.0061721409989267464, "y:96": 0.007984464305653657, "y:97": 0.013259275083654902, "y:98": 0.015606975156183438, "y:99": 0.0016516200338874466, "y:100": 0.004150123819594397, "y:101": 0.007061779245515183, "y:102": 0.0035737662427249004, "y:103": 0.008945139673780494, "y:104": 0.014207030777752481, "y:105": 0.00659185373098049, "y:106": 0.004384513350208284, "y:107": 0.008034535272780455, "y:108": 0.010613850899575209, "y:109": 0.00934948207154462, "y:110": 0.010305158025988546, "y:111": 0.007323304389936174, "y:112": 0.009253702572370183, "y:113": 0.004784715942784875, "y:114": 0.010564074816628764, "y:115": 0.004477054588457309, "y:116": 0.008686508771515722, "y:117": 0.012889979700794597, "y:118": 0.01060187539969621, "y:119": 0.00920267937188858, "y:120": 0.008860246033772806, "y:121": 0.014647718711607749, "y:122": 0.00968762035164563, "y:123": 0.0035562823723551407, "y:124": 0.014244424930739893, "y:125": 0.007541052401467123, "y:126": 0.005611491936925902, "y:127": 0.011247132364374999, "y:128": 0.007858843747537505, "y:129": 0.0057920609194051535, "y:130": 0.006770148408164393, "y:131": 0.012956485847303946, "y:132": 0.007950461142350332, "y:133": 0.00834674763004077, "y:134": 0.011995249959001971, "y:135": 0.006243813367655664, "y:136": 0.010398078732974164, "y:137": 0.011185540298288216, "y:138": 0.011317768628811566, "y:139": 0.005375644670786541, "y:140": 0.0031055469674324205, "y:141": 0.012152579844833982, "y:142": 0.0036966259439771944, "y:143": 0.014847015127525984, "y:144": 0.004277942036262234, "y:145": 0.013057200172732063, "y:146": 0.012157533012442923, "y:147": 0.009025171347252014, "y:148": 0.004645269175234299, "y:149": 0.005988520928271645, "y:150": 0.007779784828940494, "y:151": 0.005255924574638463, "y:152": 0.006885015503885062, "y:153": 0.006030713577642504, "y:154": 0.006674235517602553, "y:155": 0.0059587307740141485, "y:156": 0.004318909977718386, "y:157": 0.005389212942769985, "y:158": 0.008303615800428937, "y:159": 0.01317566075260239, "y:160": 0.006892459517183193, "y:161": 0.01458900863578415, "y:162": 0.0035749217309619806, "y:163": 0.005418505370214825, "y:164": 0.0068971320698548375, "y:165": 0.009929010559454372, "y:166": 0.004894627245804473, "y:167": 0.005783144289604149, "y:168": 0.014313268230739437, "y:169": 0.014035492724303062, "y:170": 0.010580542455760678, "y:171": 0.013995370408540424, "y:172": 0.009705591516274335, "y:173": 0.006847358322291046, "y:174": 0.009107905557406403, "y:175": 0.005163921046348218, "y:176": 0.004585189123170904, "y:177": 0.008241734559755126, "y:178": 0.006800117850572033, "y:179": 0.007669079581208438, "y:180": 0.014515730514542148, "y:181": 0.009785352562045596, "y:182": 0.006765569737609174, "y:183": 0.014980415713596332, "y:184": 0.008431198827872846, "y:185": 0.01663862955415714, "y:186": 0.008447895322902795, "y:187": 0.008614920483267266, "y:188": 0.01078960938207036, "y:189": 0.003945922250825301, "y:190": 0.0023253223364981825, "y:191": 0.0033463892678011545, "y:192": 0.005549532930487834, "y:193": 0.006970293750344963, "y:194": 0.01138521886922321, "y:195": 0.002628983063664484, "y:196": 0.006058764602439473, "y:197": 0.007738214513907979, "y:198": 0.007584703436298909, "y:199": 0.013909717693365003, "y:200": 0.008281282572201447, "y:201": 0.004627169905409955, "y:202": 0.011591096178537694, "y:203": 0.0033950086956774884, "y:204": 0.0066827661004796556, "y:205": 0.006768045129051561, "y:206": 0.005033766582527282, "y:207": 0.004821595680308868, "y:208": 0.005763160373585878, "y:209": 0.0030614964449265226, "y:210": 0.0037484769220760493, "y:211": 0.004894674839327769, "y:212": 0.006333792804738522, "y:213": 0.004778654183342601, "y:214": 0.009204822142107421, "y:215": 0.008074125538604513, "y:216": 0.006914423700580881, "y:217": 0.007790498091911811, "y:218": 0.009781359319850545, "y:219": 0.007984165145511833, "y:220": 0.006692250330456181, "y:221": 0.0060482990647041535, "y:222": 0.006144734905543616, "y:223": 0.0016883214889907004, "y:224": 0.0039208392222069965, "y:225": 0.0076947164748049635, "y:226": 0.007560666484510659, "y:227": 0.003283955549708375, "y:228": 0.004646691040839777, "y:229": 0.006650566442225545, "y:230": 0.012889389055138365, "y:231": 0.0033106998329352254, "y:232": 0.005814939652360599, "y:233": 0.006777070216512177, "y:234": 0.003459943557017975, "y:235": 0.011658173715274323, "y:236": 0.00298261386279909, "y:237": 0.007095353394810544, "y:238": 0.006781236265458358, "y:239": 0.011544684885688977, "y:240": 0.007828605063164417, "y:241": 0.006829890734111491, "y:242": 0.009130260446098923, "y:243": 0.006435899124297318, "y:244": 0.004388353504620584, "y:245": 0.012999871350832633, "y:246": 0.014747394571522847, "y:247": 0.004638292507190391, "y:248": 0.010368107412485669, "y:249": 0.008720999836014036, "y:250": 0.007198995354724947, "y:251": 0.006073787944033867, "y:252": 0.003229286562799098, "y:253": 0.01009094460165637, "y:254": 0.004355915781558922, "y:255": 0.0051318985415361425, "y:256": 0.006261806614072749, "y:257": 0.010795148235711259, "y:258": 0.003176893839247341, "y:259": 0.010469449631699088, "y:260": 0.005235536016694562, "y:261": 0.006467378521873698,