{"14": {"y:0": 0.0, "y:1": 0.0, "y:2": 0.010958482271938921, "y:3": 0.007371327061327974, "y:4": 0.012989128915029744, "y:5": 0.01823509589149122, "y:6": 0.012709846783462965, "y:7": 0.00907076494652064, "y:8": 0.014352402679984597, "y:9": 0.011472987579527572, "y:10": 0.012057783870314745, "y:11": 0.0192440123017587, "y:12": 0.015858824258526718, "y:13": 0.01320543607305866, "y:14": 0.009962379004450815, "y:15": 0.01743295670114387, "y:16": 0.021341704613121175, "y:17": 0.014423455559896492, "y:18": 0.011099363956311524, "y:19": 0.01610843536073289, "y:20": 0.013041846945641205, "y:21": 0.015248777032577425, "y:22": 0.01605962913502481, "y:23": 0.016237535793398372, "y:24": 0.008303932231087876, "y:25": 0.014483418241472847, "y:26": 0.013022437404420656, "y:27": 0.01632609098768327, "y:28": 0.011408498453893537, "y:29": 0.01993847449999385, "y:30": 0.015319975760240773, "y:31": 0.019711800482674655, "y:32": 0.015605146705498561, "y:33": 0.020381085232776416, "y:34": 0.015266342738666873, "y:35": 0.005571562093439187, "y:36": 0.014508162440072313, "y:37": 0.011104255831379035, "y:38": 0.016038790468002016, "y:39": 0.01649949992109339, "y:40": 0.02434137179990378, "y:41": 0.02350151651367372, "y:42": 0.015694617586700738, "y:43": 0.025242274733860096, "y:44": 0.02290608336219301, "y:45": 0.023681558846317792, "y:46": 0.026307343450204256, "y:47": 0.01072134010457724, "y:48": 0.014091843803502696, "y:49": 0.015550455399347528, "y:50": 0.014752098940341709, "y:51": 0.01957296466263721, "y:52": 0.022793184556239906, "y:53": 0.018982407463830245, "y:54": 0.016044489539461727, "y:55": 0.013142280355406781, "y:56": 0.014562108580731786, "y:57": 0.014656225600191338, "y:58": 0.011709463303764588, "y:59": 0.010715481198963425, "y:60": 0.0149589489371716, "y:61": 0.023349874529425958, "y:62": 0.03193592220448159, "y:63": 0.006752697966676361, "y:64": 0.012928147806500624, "y:65": 0.024106467984936472, "y:66": 0.019670749295408962, "y:67": 0.008359221805949071, "y:68": 0.0216921975186002, "y:69": 0.01353664408994873, "y:70": 0.014051522644454426, "y:71": 0.01729838830728279, "y:72": 0.01156805889383185, "y:73": 0.011275504116999168, "y:74": 0.02010556657591757, "y:75": 0.00724600533269644, "y:76": 0.008370254698681835, "y:77": 0.00921116456001765, "y:78": 0.010590362979264646, "y:79": 0.017010019310303597, "y:80": 0.020048678715070434, "y:81": 0.02422162903109576, "y:82": 0.007471599612190081, "y:83": 0.018274191701199923, "y:84": 0.006265058943689515, "y:85": 0.006860742562733355, "y:86": 0.017445532077233417, "y:87": 0.01202819546043523, "y:88": 0.010382612909498143, "y:89": 0.011415612530436048, "y:90": 0.015394690282116798, "y:91": 0.0169025995975068, "y:92": 0.01300278800486486, "y:93": 0.016414115993475142, "y:94": 0.02146047548639073, "y:95": 0.010721407181030885, "y:96": 0.013019741383162368, "y:97": 0.022688412577548892, "y:98": 0.012945335695404821, "y:99": 0.01937861747693352, "y:100": 0.03003986628245754, "y:101": 0.01232220903313449, "y:102": 0.015456715408042094, "y:103": 0.015138525551754803, "y:104": 0.009272855972425114, "y:105": 0.01763641150518392, "y:106": 0.020976472095714495, "y:107": 0.020409019364731423, "y:108": 0.016513267388917428, "y:109": 0.013069750332283152, "y:110": 0.017231685700663083, "y:111": 0.017083868186595484, "y:112": 0.01133906957550166, "y:113": 0.021223285567004112, "y:114": 0.020444449314007514, "y:115": 0.008249403164868652, "y:116": 0.01372033667466703, "y:117": 0.022012554800730756, "y:118": 0.020627984566989173, "y:119": 0.02115068656846605, "y:120": 0.013167505051188827, "y:121": 0.012511435603344315, "y:122": 0.011736983785977609, "y:123": 0.015972307237881175, "y:124": 0.016359607930421755, "y:125": 0.010246856829818116, "y:126": 0.01618395798617875, "y:127": 0.01705267782264401, "y:128": 0.01664437254493421, "y:129": 0.017133499059694402, "y:130": 0.014874552314674628, "y:131": 0.017657248710043327, "y:132": 0.010760635587251328, "y:133": 0.016327205983832416, "y:134": 0.015785938206492323, "y:135": 0.022333832602720507, "y:136": 0.010703230876121423, "y:137": 0.012290577503280978, "y:138": 0.013022837462780337, "y:139": 0.019234798442567928, "y:140": 0.014346745424868492, "y:141": 0.0075492806456133555, "y:142": 0.01792601439022628, "y:143": 0.01982083030950498, "y:144": 0.010300998758772942, "y:145": 0.021183258387625054, "y:146": 0.015055988126257858, "y:147": 0.007262360217581847, "y:148": 0.01692208656554527, "y:149": 0.03064568786276866, "y:150": 0.015840690102219453, "y:151": 0.014961480715187226, "y:152": 0.027426304150743347, "y:153": 0.011160010139977878, "y:154": 0.007586620409756028, "y:155": 0.013338986951953876, "y:156": 0.020688197492129783, "y:157": 0.02367894304110581, "y:158": 0.020466794659544797, "y:159": 0.016147555731122594, "y:160": 0.013496025534116078, "y:161": 0.01569408575633262, "y:162": 0.012826438255291511, "y:163": 0.024780682131808108, "y:164": 0.019584643121823078, "y:165": 0.015061170149495678, "y:166": 0.01754182564620937, "y:167": 0.014595902841313395, "y:168": 0.014836153120710729, "y:169": 0.01675211824679782, "y:170": 0.01993733451271832, "y:171": 0.019926370916642025, "y:172": 0.007345763157980678, "y:173": 0.016376489828647037, "y:174": 0.012080339591320637, "y:175": 0.025422302806841345, "y:176": 0.014538739355145033, "y:177": 0.020628425617094787, "y:178": 0.012040991442463015, "y:179": 0.008416566079548427, "y:180": 0.014180047483669186, "y:181": 0.013032018942974644, "y:182": 0.01608036992950257, "y:183": 0.013874452228839517, "y:184": 0.011557015260494161, "y:185": 0.012934887849289547, "y:186": 0.013967312226226665, "y:187": 0.022826656999691178, "y:188": 0.009018877509292995, "y:189": 0.019521036907275944, "y:190": 0.0093170521916947, "y:191": 0.017673801002980764, "y:192": 0.011832682564216579, "y:193": 0.01462015508900574, "y:194": 0.0124934181160068, "y:195": 0.022063971394754554, "y:196": 0.019327550463344792, "y:197": 0.012224788537198567, "y:198": 0.00890024088012824, "y:199": 0.020418442140447676, "y:200": 0.011436235469064075, "y:201": 0.02665944375062646, "y:202": 0.00915455385570587, "y:203": 0.025361069798018703, "y:204": 0.00945733602566614, "y:205": 0.01256567178814147, "y:206": 0.019407919109742797, "y:207": 0.0127836055603336, "y:208": 0.006475216851576494, "y:209": 0.024190205337854098, "y:210": 0.02033121204744916, "y:211": 0.013839583049147237, "y:212": 0.016087916311127062, "y:213": 0.015976258886724756, "y:214": 0.006921225141135446, "y:215": 0.009612276457158564, "y:216": 0.017998318828324044, "y:217": 0.015154842473567338, "y:218": 0.010030497651104043, "y:219": 0.01650385316737491, "y:220": 0.015382792331921876, "y:221": 0.02020833025626462, "y:222": 0.016708761381903144, "y:223": 0.024448826675869673, "y:224": 0.019923374786843792, "y:225": 0.01604400232172998, "y:226": 0.01101830312677027, "y:227": 0.02189024388393183, "y:228": 0.019089804304961194, "y:229": 0.011687543187367427, "y:230": 0.007619582149291291, "y:231": 0.014808360034306618, "y:232": 0.012657060765535987, "y:233": 0.015498109009790342, "y:234": 0.013747915067946703, "y:235": 0.020309338283192334, "y:236": 0.008729327890397334, "y:237": 0.01858556958468228, "y:238": 0.007131712363009283, "y:239": 0.022366908282649325, "y:240": 0.008971502504064796, "y:241": 0.019932629749382615, "y:242": 0.00821063367244173, "y:243": 0.020962076058290372, "y:244": 0.00810189724495847, "y:245": 0.012593250749067706, "y:246": 0.020174412517564966, "y:247": 0.01700380465000302, "y:248": 0.010785582597543048, "y:249": 0.018100670991237893, "y:250": 0.014569557909370714, "y:251": 0.017890895961919787, "y:252": 0.010168609326117392, "y:253": 0.014744575975023325, "y:254": 0.005534882008809161, "y:255": 0.01659925048986716, "y:256": 0.01497127929653394, "y:257": 0.015164965809319753, "y:258": 0.01169935425214856, "y:259": 0.020131489052186563, "y:260": 0.01691854803596208, "y:261": 0.01659064640735172, "y:262": 0.010543110697931698, "y:263": 0.012394584778970246, "y:264": 0.017455641898140122,