{"14": {"y:0": 0.0, "y:1": 0.0, "y:2": 0.01567096361351756, "y:3": 0.005239341693812796, "y:4": 0.018233622483667337, "y:5": 0.009859524690306147, "y:6": 0.011019691223957467, "y:7": 0.011691814337685453, "y:8": 0.013321676366183758, "y:9": 0.006517288418047303, "y:10": 0.009891452376749951, "y:11": 0.007981203999860628, "y:12": 0.011575481289547745, "y:13": 0.017481023648197515, "y:14": 0.01741273044996025, "y:15": 0.008763833961305806, "y:16": 0.012078281756084218, "y:17": 0.007786175210358478, "y:18": 0.007236691740547431, "y:19": 0.007990413951012207, "y:20": 0.016655554194313422, "y:21": 0.008269085090754162, "y:22": 0.016736414034303544, "y:23": 0.007402957652511687, "y:24": 0.022137939868124526, "y:25": 0.012436862698631394, "y:26": 0.01078123448223477, "y:27": 0.01457013937213289, "y:28": 0.02284112254022657, "y:29": 0.016242160831125257, "y:30": 0.01893565009574372, "y:31": 0.012376083705415998, "y:32": 0.017634217587280527, "y:33": 0.01457789367131283, "y:34": 0.027111368473486844, "y:35": 0.023307763418846883, "y:36": 0.010054313442460019, "y:37": 0.020273138226638822, "y:38": 0.009000624184358878, "y:39": 0.0074379886229450414, "y:40": 0.01791610802109428, "y:41": 0.01704162096345649, "y:42": 0.007285271479895711, "y:43": 0.01608611554403317, "y:44": 0.018788186160289527, "y:45": 0.020993099876560544, "y:46": 0.01067452637357971, "y:47": 0.017689544792839598, "y:48": 0.013939128082757483, "y:49": 0.008598781694069626, "y:50": 0.02193253128136617, "y:51": 0.01946928277017414, "y:52": 0.015417227930808262, "y:53": 0.018447609185697416, "y:54": 0.01058725675254956, "y:55": 0.01020840711213188, "y:56": 0.022181100176344642, "y:57": 0.018315698706638208, "y:58": 0.013150811574830841, "y:59": 0.013839446072553408, "y:60": 0.011696149301753195, "y:61": 0.012689984094259244, "y:62": 0.02112090396922182, "y:63": 0.013375596469671727, "y:64": 0.015045651777282598, "y:65": 0.016716992622926495, "y:66": 0.018253847260440433, "y:67": 0.016380331316439987, "y:68": 0.01821234322150022, "y:69": 0.018685364369719612, "y:70": 0.017631901254479193, "y:71": 0.010377931854811062, "y:72": 0.02059188866102813, "y:73": 0.016447614147820727, "y:74": 0.014058127761021964, "y:75": 0.018458035439683183, "y:76": 0.011464764302718148, "y:77": 0.005349381756712846, "y:78": 0.015437347021317945, "y:79": 0.006480066192202814, "y:80": 0.011949722960917522, "y:81": 0.0279272738433545, "y:82": 0.025372043090008976, "y:83": 0.012619870263770991, "y:84": 0.01034876152056931, "y:85": 0.022150275802036466, "y:86": 0.017181430415222552, "y:87": 0.017201620508731166, "y:88": 0.008792996467123651, "y:89": 0.013979650138106803, "y:90": 0.011164516779355847, "y:91": 0.025815605976672314, "y:92": 0.0152785063960683, "y:93": 0.01822003326776485, "y:94": 0.015674995208050678, "y:95": 0.010608233810355853, "y:96": 0.017305412246791052, "y:97": 0.01456749843181187, "y:98": 0.013275120511399422, "y:99": 0.014479936292385736, "y:100": 0.01586953849917438, "y:101": 0.013253318102346059, "y:102": 0.01430141855558754, "y:103": 0.01297531642853602, "y:104": 0.01076738391457846, "y:105": 0.017809943264479804, "y:106": 0.011856604284332724, "y:107": 0.008602173193404148, "y:108": 0.011359075811505352, "y:109": 0.011851290060330134, "y:110": 0.015158038135423301, "y:111": 0.01183950558679589, "y:112": 0.006838849273837212, "y:113": 0.015086002667076496, "y:114": 0.0064549716363438625, "y:115": 0.02305090365403322, "y:116": 0.01879875858320761, "y:117": 0.014597721448861243, "y:118": 0.007852738957882851, "y:119": 0.017993699431517875, "y:120": 0.005512772572921022, "y:121": 0.015782655105325793, "y:122": 0.014178873940492756, "y:123": 0.01102033814708982, "y:124": 0.017699434081086755, "y:125": 0.013267491102764492, "y:126": 0.013842803827069297, "y:127": 0.022230809470770937, "y:128": 0.015342416807017336, "y:129": 0.013878874392748425, "y:130": 0.011263514616791906, "y:131": 0.013616139792767422, "y:132": 0.019388053176305257, "y:133": 0.02290034203291406, "y:134": 0.008642272687192533, "y:135": 0.022038863581849758, "y:136": 0.011878595121321176, "y:137": 0.016922195305403304, "y:138": 0.009758639824965894, "y:139": 0.013028063333561834, "y:140": 0.012522213217351908, "y:141": 0.01731347481346592, "y:142": 0.012007420036976685, "y:143": 0.01954929193797081, "y:144": 0.01035289500658667, "y:145": 0.013523204974408667, "y:146": 0.013485803386878922, "y:147": 0.01829114115049376, "y:148": 0.01666481737006258, "y:149": 0.021419786678002404, "y:150": 0.017801148016760283, "y:151": 0.025435569013620908, "y:152": 0.016477038078341, "y:153": 0.011929657130268173, "y:154": 0.010402314815702028, "y:155": 0.01594550705248263, "y:156": 0.019953986288058456, "y:157": 0.008628632975251653, "y:158": 0.017611669628212513, "y:159": 0.010954858412622245, "y:160": 0.012833445116052215, "y:161": 0.024656481200348274, "y:162": 0.021387122080914034, "y:163": 0.01157557180435132, "y:164": 0.01966673180619509, "y:165": 0.020408720444420065, "y:166": 0.023704931940123606, "y:167": 0.020225623831077594, "y:168": 0.018788833785536755, "y:169": 0.012875659858117526, "y:170": 0.007862660162117951, "y:171": 0.009294906188080503, "y:172": 0.012055783312134631, "y:173": 0.01997641030301224, "y:174": 0.025970846074722942, "y:175": 0.009400154867986274, "y:176": 0.010210864675888902, "y:177": 0.018586933584423152, "y:178": 0.012053506955742949, "y:179": 0.014105865146284948, "y:180": 0.013745543697666182, "y:181": 0.01627925011508638, "y:182": 0.010703633530422479, "y:183": 0.01162450255200214, "y:184": 0.01357020852008554, "y:185": 0.020298594125431467, "y:186": 0.01745598815250416, "y:187": 0.01860151455603355, "y:188": 0.019686528281266685, "y:189": 0.021150524956997818, "y:190": 0.009941832885850243, "y:191": 0.013875258578648748, "y:192": 0.016461113717123926, "y:193": 0.009456778800779893, "y:194": 0.006489388822471063, "y:195": 0.009852668241377363, "y:196": 0.013587784098445023, "y:197": 0.027062248969481676, "y:198": 0.016918675773464936, "y:199": 0.009036194260862645, "y:200": 0.015053805252595049, "y:201": 0.011058857711668126, "y:202": 0.016512137155944726, "y:203": 0.01582491181474857, "y:204": 0.01102369848538026, "y:205": 0.023072937929217142, "y:206": 0.007817551845305139, "y:207": 0.014785562230974053, "y:208": 0.007309913351287088, "y:209": 0.012182261940582063, "y:210": 0.015246505559967967, "y:211": 0.02806201551679896, "y:212": 0.00926012461509518, "y:213": 0.012918333257292414, "y:214": 0.010869097452295251, "y:215": 0.013030759430812881, "y:216": 0.009152676092517296, "y:217": 0.019933497144835804, "y:218": 0.01727928314192442, "y:219": 0.010900521288746563, "y:220": 0.012930696002477794, "y:221": 0.020095862968341538, "y:222": 0.011535277421206271, "y:223": 0.015371945298541766, "y:224": 0.0168130036755044, "y:225": 0.010037658545031806, "y:226": 0.019872479044704985, "y:227": 0.019625575674286657, "y:228": 0.025046202450763784, "y:229": 0.02042558799373795, "y:230": 0.01927572072243454, "y:231": 0.00910587115822205, "y:232": 0.009062429613447949, "y:233": 0.011257375448724344, "y:234": 0.005973814542892765, "y:235": 0.01852407366409275, "y:236": 0.01002918263653571, "y:237": 0.019795936224298576, "y:238": 0.017733154957670447, "y:239": 0.01685366931872535, "y:240": 0.014547593585437368, "y:241": 0.016299909506040152, "y:242": 0.01771007007404107, "y:243": 0.01445563182312326, "y:244": 0.014934128238273503, "y:245": 0.017927104225665663, "y:246": 0.015813291151476214, "y:247": 0.01692603844738118, "y:248": 0.008665439591455397, "y:249": 0.015840143652342337, "y:250": 0.006964078912215848, "y:251": 0.00898051309810534, "y:252": 0.01908729780829731, "y:253": 0.017934482543638528, "y:254": 0.024966392488411385, "y:255": 0.025445330084909387, "y:256": 0.021459644309911548, "y:257": 0.019024294929386676, "y:258": 0.01699267862572081, "y:259": 0.015655324648557328, "y:260": 0.016450336180824067, "y:261": 0.014046655688784871, "y:262": 0.023416842323728426, "y:263": 0.017834790774900796,