{"15": {"y:0": 0.0, "y:1": 0.0, "y:2": 0.0015622363248919261, "y:3": 0.0019083116461650334, "y:4": 0.0011373613695792417, "y:5": 0.002778192235120221, "y:6": 0.0008874822904963004, "y:7": 0.0033429179049919407, "y:8": 0.0012305066946971261, "y:9": 0.004893008558869302, "y:10": 0.0022374021856484297, "y:11": 0.0014202407957315782, "y:12": 0.002461791557188062, "y:13": 0.0021147479651617415, "y:14": 0.001585740328724237, "y:15": 0.0015581721039092773, "y:16": 0.0008524901391666408, "y:17": 0.0017922023593217895, "y:18": 0.001275346393499113, "y:19": 0.003431223968882748, "y:20": 0.003140775292067449, "y:21": 0.004858053036755083, "y:22": 0.0025055279172840235, "y:23": 0.0030144148952390795, "y:24": 0.005168689969307717, "y:25": 0.003114376566048377, "y:26": 0.0040177417663770035, "y:27": 0.002056636868615084, "y:28": 0.0029256211616835535, "y:29": 0.002652573056385571, "y:30": 0.006102213855510812, "y:31": 0.005333036501026904, "y:32": 0.00962279821715447, "y:33": 0.003900232585422595, "y:34": 0.00559834014867655, "y:35": 0.0025377657479936787, "y:36": 0.013617364369274864, "y:37": 0.0014754401923479637, "y:38": 0.011301831903604505, "y:39": 0.0049911440334980415, "y:40": 0.003518276134533201, "y:41": 0.0024225913602455803, "y:42": 0.010331150294018163, "y:43": 0.00400637668941623, "y:44": 0.0007366125668006424, "y:45": 0.005851200197322804, "y:46": 0.009618190980773876, "y:47": 0.00167584897571211, "y:48": 0.013393319943776003, "y:49": 0.0036211941801217156, "y:50": 0.009340311075016846, "y:51": 0.006561051574334202, "y:52": 0.004318392792062338, "y:53": 0.003245725056893378, "y:54": 0.008556134979631674, "y:55": 0.004318773863736711, "y:56": 0.006343629421108813, "y:57": 0.00254657748298731, "y:58": 0.014581201817345932, "y:59": 0.007535583126983131, "y:60": 0.01445438961306724, "y:61": 0.009898744238020203, "y:62": 0.02830643618987872, "y:63": 0.005069825213813967, "y:64": 0.015846975263147274, "y:65": 0.007774908101406771, "y:66": 0.04071579619612535, "y:67": 0.009709303414010835, "y:68": 0.01709992222165704, "y:69": 0.009859752975402083, "y:70": 0.01293591932248157, "y:71": 0.01134583920306999, "y:72": 0.019455197727265585, "y:73": 0.00957458395776716, "y:74": 0.010150034577379653, "y:75": 0.0038315580821853025, "y:76": 0.008442043503283229, "y:77": 0.0032297638330642323, "y:78": 0.006756330560267077, "y:79": 0.002247450459681384, "y:80": 0.011401588636284444, "y:81": 0.0037028060357818648, "y:82": 0.02588890126426499, "y:83": 0.009343914042394189, "y:84": 0.043894183596877814, "y:85": 0.01929721527607867, "y:86": 0.00827638440692115, "y:87": 0.0046298253388632, "y:88": 0.008440707415403204, "y:89": 0.023417245612843043, "y:90": 0.01410869631654348, "y:91": 0.017441026604332232, "y:92": 0.008147688120870699, "y:93": 0.013119882681265096, "y:94": 0.01381017577159934, "y:95": 0.009607730421200665, "y:96": 0.011855255756039004, "y:97": 0.00331238422815976, "y:98": 0.011079061023465111, "y:99": 0.01688792701512995, "y:100": 0.0075980782837741625, "y:101": 0.01489936002546549, "y:102": 0.004770275821478747, "y:103": 0.007526537905843637, "y:104": 0.017610330637869823, "y:105": 0.010436417807628004, "y:106": 0.03230242987593524, "y:107": 0.015675163647931395, "y:108": 0.04783748426878494, "y:109": 0.00903789118414785, "y:110": 0.025399627438030516, "y:111": 0.02640060520161918, "y:112": 0.013609133769239343, "y:113": 0.01342944222782032, "y:114": 0.020538722671513365, "y:115": 0.009854001624571548, "y:116": 0.034920878000630685, "y:117": 0.034811122618911845, "y:118": 0.02463335643495672, "y:119": 0.02442622480980345, "y:120": 0.017154817263398788, "y:121": 0.02607427584986563, "y:122": 0.005441127767011141, "y:123": 0.020441119434974994, "y:124": 0.008101624054110666, "y:125": 0.010956683436383566, "y:126": 0.02332962190740725, "y:127": 0.023041513901915812, "y:128": 0.011619915158481025, "y:129": 0.017505533672991867, "y:130": 0.01789460540533658, "y:131": 0.005761422127575177, "y:132": 0.025298882675948313, "y:133": 0.02566575994918486, "y:134": 0.011383066705975109, "y:135": 0.027071340911457978, "y:136": 0.022206797995890037, "y:137": 0.035389384232602995, "y:138": 0.023636072993253536, "y:139": 0.032855287763011685, "y:140": 0.01224371593679363, "y:141": 0.008731653284483614, "y:142": 0.01605995258292327, "y:143": 0.030364795561079017, "y:144": 0.024206554954927555, "y:145": 0.016924268148493727, "y:146": 0.020330078448343693, "y:147": 0.017466968154767174, "y:148": 0.010858447678082302, "y:149": 0.02565961374544129, "y:150": 0.016868573788119616, "y:151": 0.019084278154577458, "y:152": 0.0277483389893083, "y:153": 0.02162423199812681, "y:154": 0.015328514039310417, "y:155": 0.024017457786009902, "y:156": 0.018476914296754757, "y:157": 0.018195260583373715, "y:158": 0.023610624196451983, "y:159": 0.018172661449210186, "y:160": 0.015145572958742477, "y:161": 0.03948783483352296, "y:162": 0.006095467805756798, "y:163": 0.029844416143058924, "y:164": 0.00913047950783248, "y:165": 0.008998043705709122, "y:166": 0.023948590303069114, "y:167": 0.031626825016332225, "y:168": 0.022076029500448624, "y:169": 0.04403399267540917, "y:170": 0.029680280744201332, "y:171": 0.03161719349949953, "y:172": 0.013246169131813609, "y:173": 0.03137663932186846, "y:174": 0.008894054115009304, "y:175": 0.012689070295951482, "y:176": 0.015028590347980517, "y:177": 0.015607179087802191, "y:178": 0.01117575984457762, "y:179": 0.014995640941981362, "y:180": 0.007777692436598152, "y:181": 0.02226241676032844, "y:182": 0.009008104509593105, "y:183": 0.01682074724294982, "y:184": 0.012866750039526937, "y:185": 0.026235071657205424, "y:186": 0.015739014283396628, "y:187": 0.010227928621028426, "y:188": 0.01942755815782612, "y:189": 0.02259777242834662, "y:190": 0.01896241521177741, "y:191": 0.05268920502217088, "y:192": 0.009612131244106583, "y:193": 0.015160187751252871, "y:194": 0.007355873546287617, "y:195": 0.018976555548355308, "y:196": 0.006842918668920002, "y:197": 0.019430746128238578, "y:198": 0.014009319692795792, "y:199": 0.026458479659341665, "y:200": 0.0027590367594172646, "y:201": 0.017260600042736843, "y:202": 0.002815311385386483, "y:203": 0.015187778999318002, "y:204": 0.007249285722843293, "y:205": 0.01709752103060557, "y:206": 0.0029939829821686546, "y:207": 0.021002286247134506, "y:208": 0.009839359888362329, "y:209": 0.01061035466068575, "y:210": 0.005638608678654861, "y:211": 0.024004063679848173, "y:212": 0.01586739647118978, "y:213": 0.019689181646830388, "y:214": 0.008731977088756882, "y:215": 0.030014939746050146, "y:216": 0.010998160712699179, "y:217": 0.040294902989373674, "y:218": 0.02244259926411046, "y:219": 0.007628988260566529, "y:220": 0.009506157800349168, "y:221": 0.020267660423413936, "y:222": 0.013754984668619998, "y:223": 0.007531742053999358, "y:224": 0.005364728100287486, "y:225": 0.01674259633345375, "y:226": 0.013547933343767108, "y:227": 0.010838501721885378, "y:228": 0.020030761749528683, "y:229": 0.011986627427239662, "y:230": 0.007589009829929201, "y:231": 0.039569235152868525, "y:232": 0.00905801498556553, "y:233": 0.01978286161579342, "y:234": 0.006326583939646957, "y:235": 0.017827967624377807, "y:236": 0.010659951760954415, "y:237": 0.018598598547483365, "y:238": 0.0036147515858290296, "y:239": 0.013778724355457555, "y:240": 0.00802808037838352, "y:241": 0.020092686127606476, "y:242": 0.007950843548018767, "y:243": 0.011451466637682548, "y:244": 0.005731567366215102, "y:245": 0.018576031555456535, "y:246": 0.009128426246180373, "y:247": 0.033730711674612945, "y:248": 0.005442294096575375, "y:249": 0.027854780386908015, "y:250": 0.010099158645184899, "y:251": 0.011247823286658671, "y:252": 0.013218875456364791, "y:253": 0.03180160709949664, "y:254": 0.007724632194144618, "y:255": 0.04612084812862909, "y:256": 0.0052750785125134925, "y:257": 0.018546075499622415, "y:258": 0.009611152355702602, "y:259": 0.020603771413069974, "y:260": 0.01225338990541085, "y:261": 0.021927484411129575, "y:262": 0.010566941225959588,