{"0": {"y:0": 0.008376907840721717, "y:1": 0.10084696567841357, "y:2": 0.19562543732193277, "y:3": 0.20397148624339462, "y:4": 0.12624417332449525, "y:5": 0.02166238874444001, "y:6": 0.0012066432302240276}, "1": {"y:0": 0.005823245580002278, "y:1": 0.09592729898675678, "y:2": 0.20093233454736914, "y:3": 0.20460149884467363, "y:4": 0.12595434657632795, "y:5": 0.01880138305271986, "y:6": 0.0008711383979040718}, "2": {"y:0": 0.0496329533908268, "y:1": 0.2012750401042102, "y:2": 0.2537372216025562, "y:3": 0.2509079182629738, "y:4": 0.16929801863031205, "y:5": 0.05077708684505743, "y:6": 0.0068801487531256365}, "3": {"y:0": 0.08675450768640645, "y:1": 0.294662435827937, "y:2": 0.38317226227764867, "y:3": 0.38932867805472443, "y:4": 0.25898636450292634, "y:5": 0.07167774705827969, "y:6": 0.012796222971782532}, "4": {"y:0": 0.20709773514851124, "y:1": 0.41281229807753933, "y:2": 0.46442038173601174, "y:3": 0.4555028071597485, "y:4": 0.3181871414849379, "y:5": 0.12294760119552559, "y:6": 0.029932772027695374}, "5": {"y:0": 0.27751087070769737, "y:1": 0.5396062901428507, "y:2": 0.5848051243156813, "y:3": 0.6127963979704452, "y:4": 0.45638838963432593, "y:5": 0.1732057550725205, "y:6": 0.0411620726643583}, "6": {"y:0": 0.4640563400669107, "y:1": 0.7122587118970994, "y:2": 0.736467688549281, "y:3": 0.7703989778375864, "y:4": 0.5974009858565983, "y:5": 0.28576022546896956, "y:6": 0.07621676840328903}, "7": {"y:0": 0.7189679457739643, "y:1": 1.1321258173742517, "y:2": 1.1796245158382266, "y:3": 1.1886857997707632, "y:4": 0.8990585231392956, "y:5": 0.4154096066165839, "y:6": 0.11694738523142371}, "8": {"y:0": 1.040817382438083, "y:1": 1.5476579341412715, "y:2": 1.6305984609138215, "y:3": 1.5916083238655274, "y:4": 1.2716248738842748, "y:5": 0.6217666058206867, "y:6": 0.1878679235608837}, "9": {"y:0": 1.4656392293674123, "y:1": 2.271646241152968, "y:2": 2.5237248655558338, "y:3": 2.4161004559028307, "y:4": 1.749018392616465, "y:5": 0.7940319511887084, "y:6": 0.24576265275655818}, "10": {"y:0": 1.9372919719459634, "y:1": 2.755359023921397, "y:2": 3.2166119117624556, "y:3": 3.1219583640297666, "y:4": 2.1430497823933967, "y:5": 1.0062886038634302, "y:6": 0.3250353055110448}, "11": {"y:0": 2.519672585659335, "y:1": 3.3423817782261374, "y:2": 4.281843303242323, "y:3": 3.9347794383122316, "y:4": 2.921352923803218, "y:5": 1.4190782252773748, "y:6": 0.4779096471731919}, "12": {"y:0": 2.91224942103939, "y:1": 4.056238761880307, "y:2": 5.287887851870438, "y:3": 4.245921717886794, "y:4": 3.4738725109878055, "y:5": 1.7746808187394376, "y:6": 0.5981069573129046}, "13": {"y:0": 3.1176975542900593, "y:1": 4.61880649909778, "y:2": 6.351504935033473, "y:3": 4.356806381598807, "y:4": 4.99152697801057, "y:5": 2.409089711949985, "y:6": 0.817904369853275}, "14": {"y:0": 2.9842077433109946, "y:1": 4.878022007501992, "y:2": 7.97235707241387, "y:3": 4.8357466743612445, "y:4": 5.717826509209091, "y:5": 2.959567683557851, "y:6": 1.0547904379281356}, "15": {"y:0": 2.7271034443029736, "y:1": 4.840620561895715, "y:2": 8.344303489064826, "y:3": 5.4538332326006005, "y:4": 6.576124129936496, "y:5": 3.352365287983061, "y:6": 1.3319266499233053}, "16": {"y:0": 2.5453533343556076, "y:1": 4.835623104310705, "y:2": 10.330289455668536, "y:3": 7.069106626172021, "y:4": 7.868437073540957, "y:5": 3.9241407638125083, "y:6": 1.4087900012119894}, "17": {"y:0": 2.532659331894395, "y:1": 5.346556856963067, "y:2": 11.366965528251187, "y:3": 8.535509534217406, "y:4": 8.373824855599253, "y:5": 4.353249494464782, "y:6": 1.5746711486408687}, "18": {"y:0": 3.0835756101965237, "y:1": 7.186773593417209, "y:2": 13.78921087838107, "y:3": 12.212246872521533, "y:4": 10.017172534695252, "y:5": 5.572362500268441, "y:6": 1.6539545466859786}, "19": {"y:0": 3.8687310665022103, "y:1": 9.130115421998042, "y:2": 16.85935731307998, "y:3": 15.35119163114113, "y:4": 11.245682911738662, "y:5": 6.1435762053457275, "y:6": 1.7085262099705334}, "20": {"y:0": 4.620294533071879, "y:1": 11.703795350249203, "y:2": 18.9087972414607, "y:3": 18.690555222936997, "y:4": 12.701840226310017, "y:5": 6.91731165090623, "y:6": 1.7936699245066097}, "21": {"y:0": 5.296314066305987, "y:1": 14.8949768255603, "y:2": 21.06201096033, "y:3": 20.57748471311257, "y:4": 14.274784911338017, "y:5": 7.927544180483589, "y:6": 1.9182557671084324}, "22": {"y:0": 6.659441549287234, "y:1": 18.614999873625507, "y:2": 25.753058534208108, "y:3": 24.00893666583608, "y:4": 15.669133199868096, "y:5": 8.529419858912219, "y:6": 2.1618677194475406}, "23": {"y:0": 8.788859953575296, "y:1": 20.98404603007314, "y:2": 27.174585375756003, "y:3": 25.864781118441105, "y:4": 17.497256310041127, "y:5": 9.825281161689176, "y:6": 2.491061408801913}, "24": {"y:0": 10.557591176501722, "y:1": 25.982025611566826, "y:2": 31.849573982163285, "y:3": 29.33742554623466, "y:4": 18.287824386499842, "y:5": 9.983457154179607, "y:6": 2.83563778862043}, "25": {"y:0": 13.12208274132355, "y:1": 32.14241141689741, "y:2": 36.25902902751696, "y:3": 30.19594127560109, "y:4": 19.005404910042422, "y:5": 11.614414738512194, "y:6": 3.3690047201152473}, "26": {"y:0": 15.255018360701085, "y:1": 34.95107038709877, "y:2": 35.60434374202033, "y:3": 31.858222887651717, "y:4": 20.241237029011348, "y:5": 11.86113740483146, "y:6": 3.5761373530182046}, "27": {"y:0": 19.42865313857921, "y:1": 37.86329194160561, "y:2": 40.16495211854154, "y:3": 32.73018027178803, "y:4": 20.426477395484213, "y:5": 12.264928673662896, "y:6": 3.785456321606284}, "28": {"y:0": 22.86770299135679, "y:1": 47.346354306112154, "y:2": 45.2203614815696, "y:3": 36.41956192262654, "y:4": 22.172565416483387, "y:5": 13.06010763889738, "y:6": 4.584285099959349}, "29": {"y:0": 28.194760766947482, "y:1": 49.316327570993394, "y:2": 44.792913726029816, "y:3": 35.532433447432204, "y:4": 22.561436666451385, "y:5": 13.439199516095039, "y:6": 4.969370128612685}, "30": {"y:0": 33.56710943154344, "y:1": 52.95786471381102, "y:2": 47.43941554274345, "y:3": 37.43649918563938, "y:4": 23.353870982146262, "y:5": 13.401925847000632, "y:6": 5.490826617534197}}