{"0": {"y:0": 1.1921124832474533e-06, "y:1": 4.468235273078191e-06, "y:2": 3.4577224283357766e-05, "y:3": 8.449881279992578e-05, "y:4": 9.688953533562675e-05, "y:5": 5.104418362905884e-05, "y:6": 0.00035021452209631123, "y:7": 0.0006429478039717849, "y:8": 0.00065134543104843, "y:9": 0.0005260176991939214, "y:10": 0.0005051102104783117, "y:11": 0.0013702654629063917, "y:12": 0.0009173541968484042, "y:13": 0.00039531180375475906, "y:14": 0.0017822421928551358, "y:15": 0.003501503838004554, "y:16": 0.0059881247900904115, "y:17": 0.00498196700181082, "y:18": 0.0043755802736544416, "y:19": 0.005069810950528363, "y:20": 0.004073927155629489, "y:21": 0.007728261449360238, "y:22": 0.002802318396534163, "y:23": 0.007107199715020926, "y:24": 0.008933961948272603, "y:25": 0.007199913639557889, "y:26": 0.010622109758243743, "y:27": 0.01150149086762552, "y:28": 0.011304232550617204, "y:29": 0.020978322239064505, "y:30": 0.03310411311723622, "y:31": 0.03433357630208329, "y:32": 0.04946926133312258, "y:33": 0.04695412601218565, "y:34": 0.05746738309581733, "y:35": 0.06885793296649322, "y:36": 0.061773096571955316, "y:37": 0.026518710474811615, "y:38": 0.08667091687901865, "y:39": 0.10652542492252046, "y:40": 0.15217089264090308, "y:41": 0.24189972530266776, "y:42": 0.13882657252425198, "y:43": 0.18635244718976196, "y:44": 0.1692592710458082, "y:45": 0.2714687393946226, "y:46": 0.11161728781931975, "y:47": 0.18792464825472488, "y:48": 0.2973336839343063, "y:49": 0.112715520067832, "y:50": 0.1988215066414346, "y:51": 0.2015101570218795, "y:52": 0.08600747263646347, "y:53": 0.09622481275035649, "y:54": 0.11108893076047088, "y:55": 0.08020714144569607, "y:56": 0.05626398392253969, "y:57": 0.07468761546502586, "y:58": 0.03461946244598817, "y:59": 0.03389397403157612, "y:60": 0.05582603585592627, "y:61": 0.04564293197602619, "y:62": 0.014464189922657442, "y:63": 0.037612836897683806, "y:64": 0.028307830249490074, "y:65": 0.026758963694181147, "y:66": 0.008573559216459067, "y:67": 0.03142732733468342, "y:68": 0.011956076400923176, "y:69": 0.007511364449961022, "y:70": 0.020931890246287232, "y:71": 0.03222653991912703, "y:72": 0.013325165944263924, "y:73": 0.018888328580600366, "y:74": 0.02026816496423487, "y:75": 0.013283020666381751, "y:76": 0.01806938260804808, "y:77": 0.007679748397829025, "y:78": 0.013934507736296963, "y:79": 0.005364312210241589, "y:80": 0.007045325473372627, "y:81": 0.005354582107153496, "y:82": 0.003375522110658772, "y:83": 0.0036944069589839672, "y:84": 0.0017390810948933891, "y:85": 0.0028284699660144717, "y:86": 0.0012412126090108533, "y:87": 0.0010761011973932518, "y:88": 0.0011464893837579467, "y:89": 0.0008488769240973556, "y:90": 0.0002778655228827667, "y:91": 0.0005026799914067319, "y:92": 0.00021928124056115562, "y:93": 0.00011363011124923816, "y:94": 0.00015384200241460843, "y:95": 0.000109274506749128, "y:96": 4.9568622646320256e-05, "y:97": 1.1477697807526913e-05, "y:98": 8.659040865075643e-06, "y:99": 8.851949336116675e-07}}