{"0": {"y:0": 75.32965467144524, "y:1": 7.440410986737245, "y:2": 5.292113791586264, "y:3": 4.406786035912487, "y:4": 4.0785467961221, "y:5": 3.653722140670906, "y:6": 3.4624159628427087, "y:7": 3.3921229601384346, "y:8": 3.0805748957018917, "y:9": 3.0523340467574487}, "1": {"y:0": 74.51424351666878, "y:1": 8.538913986363234, "y:2": 6.083074019538517, "y:3": 5.177503700380725, "y:4": 4.7346027558777095, "y:5": 4.411154673598452, "y:6": 4.126402906882577, "y:7": 4.084734150020052, "y:8": 3.9317286934812614, "y:9": 3.7500588578766467}, "2": {"y:0": 71.32674532242898, "y:1": 18.549949125513574, "y:2": 13.473323348466975, "y:3": 11.428641358660403, "y:4": 10.358967429623856, "y:5": 9.637265846155533, "y:6": 8.890951242228931, "y:7": 8.369368448210388, "y:8": 7.920584969778598, "y:9": 7.845516149421688}, "3": {"y:0": 75.69453616293099, "y:1": 12.005625946725903, "y:2": 9.199796888983007, "y:3": 8.508326661199424, "y:4": 7.698473746701897, "y:5": 7.234455314147627, "y:6": 6.8718599402757246, "y:7": 6.693846501191965, "y:8": 6.533912881357563, "y:9": 6.376432711747904}, "4": {"y:0": 73.83927736441531, "y:1": 13.071256277288668, "y:2": 12.795153999678826, "y:3": 11.603233028437108, "y:4": 10.71886451623475, "y:5": 9.834617141867154, "y:6": 9.230267288499192, "y:7": 8.66480638299217, "y:8": 8.106847006769495, "y:9": 7.733422464242581}, "5": {"y:0": 74.3530239232179, "y:1": 18.34167109062484, "y:2": 16.137071251763718, "y:3": 14.820204104735554, "y:4": 13.849930341631998, "y:5": 12.58283118109817, "y:6": 11.158880700201705, "y:7": 9.835769551170193, "y:8": 8.994836283158765, "y:9": 8.284233014566677}, "6": {"y:0": 70.74488532649532, "y:1": 36.625268133321626, "y:2": 28.99780709783771, "y:3": 26.294202496752316, "y:4": 21.403925813634626, "y:5": 18.911766399582806, "y:6": 16.48204664578073, "y:7": 15.132082691664252, "y:8": 13.15601179599227, "y:9": 11.647198163343353}, "7": {"y:0": 72.5531949204997, "y:1": 41.67976818889096, "y:2": 36.73973702934556, "y:3": 32.190375326548974, "y:4": 28.69241323248323, "y:5": 25.115846647893306, "y:6": 20.818465309174783, "y:7": 16.759365892372895, "y:8": 14.772999807273434, "y:9": 12.653331687987079}, "8": {"y:0": 72.3801810205992, "y:1": 46.948638284562236, "y:2": 42.452972129817944, "y:3": 41.23384710198483, "y:4": 33.94999484654827, "y:5": 27.673554946437847, "y:6": 22.934147263170157, "y:7": 18.795782214269604, "y:8": 15.217348943912768, "y:9": 13.379569119790244}, "9": {"y:0": 74.9043666301753, "y:1": 53.32579537699356, "y:2": 50.083432166178525, "y:3": 44.74410301389812, "y:4": 40.544474676012165, "y:5": 32.073353993528805, "y:6": 26.308933008768985, "y:7": 21.03337601634423, "y:8": 18.944649997156993, "y:9": 16.52225132190511}, "10": {"y:0": 72.70594194660796, "y:1": 56.01251695437584, "y:2": 53.98544372056396, "y:3": 55.05130305033979, "y:4": 51.04219540062644, "y:5": 42.634474908002176, "y:6": 33.83649530263548, "y:7": 29.981090130790673, "y:8": 26.376412311655283, "y:9": 23.049231017254144}, "11": {"y:0": 73.91240569672807, "y:1": 59.693411480033554, "y:2": 56.842184152281625, "y:3": 56.96366681414447, "y:4": 55.38057947962239, "y:5": 48.27481068053057, "y:6": 39.863630639735085, "y:7": 35.803855097695354, "y:8": 31.25926205930868, "y:9": 29.8835054751875}, "12": {"y:0": 74.09315173409212, "y:1": 62.83154908284829, "y:2": 58.75133531549086, "y:3": 59.85364470915302, "y:4": 60.676394673510075, "y:5": 54.9502390666613, "y:6": 49.72719496127748, "y:7": 44.89651867515126, "y:8": 40.450315126382705, "y:9": 37.63491049272086}, "13": {"y:0": 73.56195747614906, "y:1": 61.61584847246654, "y:2": 59.44726097869689, "y:3": 61.45285928702024, "y:4": 59.31205999976421, "y:5": 52.59173731924414, "y:6": 44.962238023232764, "y:7": 39.97209410325457, "y:8": 35.551423567645934, "y:9": 33.67584070078132}, "14": {"y:0": 75.25166765335831, "y:1": 63.97199938750646, "y:2": 58.60239249037195, "y:3": 59.78730392382366, "y:4": 62.331775220402555, "y:5": 62.59989359141274, "y:6": 59.348699326138735, "y:7": 55.78529031337807, "y:8": 51.15426412078806, "y:9": 47.70340942948536}, "15": {"y:0": 74.29193202143763, "y:1": 64.97976717446537, "y:2": 59.73724841096231, "y:3": 61.35092468491249, "y:4": 62.260220979994855, "y:5": 61.02968315559355, "y:6": 57.9664404088915, "y:7": 55.00021543230876, "y:8": 51.7259767860585, "y:9": 48.22492006892423}, "16": {"y:0": 73.90260554163405, "y:1": 65.09195399328493, "y:2": 61.7926352505222, "y:3": 62.744646680436496, "y:4": 63.909179029038725, "y:5": 65.26991276616546, "y:6": 63.44519813274388, "y:7": 60.094366730368726, "y:8": 57.09550152961206, "y:9": 54.4371748585764}, "17": {"y:0": 73.87056408786712, "y:1": 63.70062013290662, "y:2": 60.642217204896404, "y:3": 61.64096355634386, "y:4": 64.39039128096678, "y:5": 65.11620671608131, "y:6": 63.80966803339679, "y:7": 60.82980617000227, "y:8": 56.976403079724356, "y:9": 53.70248811294806}}