{"0": {"y:0": 2.0698277006775276, "y:1": 0.8734329542029089, "y:2": 0.5393685163830734, "y:3": 0.38310533367115335, "y:4": 0.29474561659257764, "y:5": 0.24473113159663065, "y:6": 0.20770138986789838, "y:7": 0.1777488419606073, "y:8": 0.15930107099209947, "y:9": 0.1422785178202201}, "1": {"y:0": 2.02218269373611, "y:1": 0.8629456309322022, "y:2": 0.5326973610669377, "y:3": 0.3943948146964007, "y:4": 0.30105962230316896, "y:5": 0.24494312713396646, "y:6": 0.2062410539301584, "y:7": 0.17889204836558928, "y:8": 0.15628452161555165, "y:9": 0.1403726693435601}, "2": {"y:0": 2.617206382808199, "y:1": 1.3164706932701205, "y:2": 0.877707995503363, "y:3": 0.6599103789921751, "y:4": 0.5348337605802617, "y:5": 0.4335338083654587, "y:6": 0.3678637479226797, "y:7": 0.323012582266235, "y:8": 0.29034277021667, "y:9": 0.2574626875930973}, "3": {"y:0": 1.9818168123525686, "y:1": 1.0903186829438047, "y:2": 0.808147758685768, "y:3": 0.6579034005017095, "y:4": 0.5630017765868796, "y:5": 0.48376540074450713, "y:6": 0.43690949964048287, "y:7": 0.39822612601020535, "y:8": 0.35658327991306393, "y:9": 0.33375095658693626}, "4": {"y:0": 1.8008379018058702, "y:1": 1.1177712129349298, "y:2": 0.872336838171609, "y:3": 0.7491045057088875, "y:4": 0.678240138496397, "y:5": 0.6041519548366293, "y:6": 0.5711291190438388, "y:7": 0.5273087435851829, "y:8": 0.500921700436305, "y:9": 0.47998158824058734}, "5": {"y:0": 2.128800287696734, "y:1": 1.325166976286368, "y:2": 1.0787577360787293, "y:3": 0.9843143086545307, "y:4": 0.9139131381367294, "y:5": 0.8817988006048492, "y:6": 0.8759549079118768, "y:7": 0.8849600265996548, "y:8": 0.9172566199809502, "y:9": 0.9658384749530475}, "6": {"y:0": 2.055754825117229, "y:1": 1.2914148076876828, "y:2": 1.0590748106811971, "y:3": 0.9346104907466137, "y:4": 0.8973974577273438, "y:5": 0.8604241880642574, "y:6": 0.8837859045068956, "y:7": 0.9559962162826465, "y:8": 1.0653001250448977, "y:9": 1.2055256434590182}}