{"0": {"y:0": 0.15358916933042643, "y:1": 0.025494830810577063, "y:2": 0.11681050012492067, "y:3": 0.017117465360182795, "y:4": 0.15818957681711573, "y:5": 0.015556204009302792, "y:6": 0.17057846765420037, "y:7": 0.0172958268234676, "y:8": 0.15110779699336815, "y:9": 0.022461186657620563, "y:10": 0.13869353211460098, "y:11": 0.022610683507412004, "y:12": 0.13077277094678028, "y:13": 0.026438357157641146, "y:14": 0.13724114525701003, "y:15": 0.02888716104919913, "y:16": 0.15397091725244652, "y:17": 0.036541880331921836, "y:18": 0.14892317266984614, "y:19": 0.03692186594806887, "y:20": 0.14499641116467896, "y:21": 0.04004254835010929, "y:22": 0.12863335263099374, "y:23": 0.03618098806235767, "y:24": 0.11144254871840288, "y:25": 0.044206025938976344, "y:26": 0.11863782208334851, "y:27": 0.04375453310623621, "y:28": 0.1292833282211279, "y:29": 0.04218251372592173, "y:30": 0.12336793904447307, "y:31": 0.0528224145220129}, "1": {"y:0": 0.11012085798713538, "y:1": 0.025092874679415938, "y:2": 0.14538541126023488, "y:3": 0.01775755513423392, "y:4": 0.11741615082500133, "y:5": 0.015854340457939185, "y:6": 0.12763776821428907, "y:7": 0.016069440524970578, "y:8": 0.137532888061915, "y:9": 0.016748310753814465, "y:10": 0.12495277384132512, "y:11": 0.019320534267369283, "y:12": 0.13897963355242943, "y:13": 0.023728313717956525, "y:14": 0.13477524789281928, "y:15": 0.02638986526983786, "y:16": 0.1391222637126923, "y:17": 0.0309007820956283, "y:18": 0.13821832364775316, "y:19": 0.03649128547445674, "y:20": 0.1319532084185302, "y:21": 0.035682082226746105, "y:22": 0.13052948794991723, "y:23": 0.038163384206645175, "y:24": 0.13497966113795778, "y:25": 0.03800123646626244, "y:26": 0.1460871210475001, "y:27": 0.041872977718653476, "y:28": 0.12675900869376894, "y:29": 0.04305200827189081, "y:30": 0.11758729339524703, "y:31": 0.048158459062268046}, "2": {"y:0": 0.11778870191377652, "y:1": 0.031601532084515445, "y:2": 0.12973172886810913, "y:3": 0.02007455706762869, "y:4": 0.13721355051340797, "y:5": 0.01707575018948278, "y:6": 0.12782306626689516, "y:7": 0.01624259038976956, "y:8": 0.13288963308002474, "y:9": 0.01758517807391671, "y:10": 0.13667491537406054, "y:11": 0.021098705705408637, "y:12": 0.12989995649260605, "y:13": 0.023542188215042812, "y:14": 0.12836439782847325, "y:15": 0.028262068104452334, "y:16": 0.12518469063094398, "y:17": 0.028072331244396804, "y:18": 0.12844408876973135, "y:19": 0.033020695594949176, "y:20": 0.13007822529061736, "y:21": 0.0349262259560571, "y:22": 0.12507204760276655, "y:23": 0.03577073407779311, "y:24": 0.1399248455660432, "y:25": 0.04171317428848227, "y:26": 0.12244202560490645, "y:27": 0.0434794446774221, "y:28": 0.1380418991857691, "y:29": 0.04954296041454095, "y:30": 0.1339728711372109, "y:31": 0.050030604886846304}, "3": {"y:0": 0.09355129377099944, "y:1": 0.029945602118210544, "y:2": 0.10705934543848329, "y:3": 0.0211125148062944, "y:4": 0.11525721579539396, "y:5": 0.01745747537349765, "y:6": 0.11431760988645771, "y:7": 0.017052150076539974, "y:8": 0.12078673293929867, "y:9": 0.01788472974142784, "y:10": 0.11552016833919099, "y:11": 0.020541566923645945, "y:12": 0.12041839269028767, "y:13": 0.024741459739858706, "y:14": 0.12220712816076036, "y:15": 0.027012154050564955, "y:16": 0.11471907384365206, "y:17": 0.030107130853964333, "y:18": 0.12029356793607152, "y:19": 0.03336804149899553, "y:20": 0.11860050853551261, "y:21": 0.03980768629646182, "y:22": 0.12429580234223277, "y:23": 0.04104003360589552, "y:24": 0.11656315999742649, "y:25": 0.04255880270617288, "y:26": 0.1241739766634921, "y:27": 0.048739596059589586, "y:28": 0.1082967514862128, "y:29": 0.047395432567090674, "y:30": 0.11324422133462982, "y:31": 0.052687519609463086}, "4": {"y:0": 0.084250085671168, "y:1": 0.017170229187083594, "y:2": 0.0994477259860577, "y:3": 0.022253224922786474, "y:4": 0.09689180338952405, "y:5": 0.03093649284860506, "y:6": 0.09803635261543418, "y:7": 0.03966413445745974, "y:8": 0.0992816729946071, "y:9": 0.045069575338032034, "y:10": 0.10094750018105572, "y:11": 0.05221523962424394, "y:12": 0.09871581728446427, "y:13": 0.06008366913801186, "y:14": 0.09308117767912039, "y:15": 0.06540175944358258, "y:16": 0.0969548362598505, "y:17": 0.06232794014549932, "y:18": 0.09561200207059228, "y:19": 0.07274509368540091, "y:20": 0.09196166424420933, "y:21": 0.07502995306350281, "y:22": 0.09473667449050237, "y:23": 0.08185675560605996, "y:24": 0.09721279915732924, "y:25": 0.08955031770410121, "y:26": 0.09703592104757111, "y:27": 0.08809447133690478, "y:28": 0.09161647295331037, "y:29": 0.09070752672103254, "y:30": 0.08892480111103616, "y:31": 0.09292592553552313}, "5": {"y:0": 0.10669462456226617, "y:1": 0.030102213811608207, "y:2": 0.11386703147424586, "y:3": 0.01988354461488652, "y:4": 0.11526412584113997, "y:5": 0.016596235476466104, "y:6": 0.11652000377763902, "y:7": 0.016392024643701427, "y:8": 0.12265986480627335, "y:9": 0.017571728602638628, "y:10": 0.10864790263140532, "y:11": 0.020223046329607475, "y:12": 0.11375311169660579, "y:13": 0.023090880292489582, "y:14": 0.11208348124274244, "y:15": 0.025391800910840544, "y:16": 0.12090108357851026, "y:17": 0.029383725236593026, "y:18": 0.11743623332492473, "y:19": 0.032694020028324965, "y:20": 0.12068933679413192, "y:21": 0.034637648504414635, "y:22": 0.11548956889479274, "y:23": 0.037369497888136545, "y:24": 0.11760363358442023, "y:25": 0.04356329597756502, "y:26": 0.12017468890100484, "y:27": 0.04262269612448472, "y:28": 0.11590691625912912, "y:29": 0.0439526809945831, "y:30": 0.12142914072297084, "y:31": 0.04844313571132248}, "6": {"y:0": 0.06128142876592436, "y:1": 0.043308542628245836, "y:2": 0.06039515584580109, "y:3": 0.06255229997037479, "y:4": 0.05327284164260972, "y:5": 0.07719183052461427, "y:6": 0.051012644879499344, "y:7": 0.07850062916661348, "y:8": 0.05206457449842497, "y:9": 0.08659122790166945, "y:10": 0.049050787589923726, "y:11": 0.08468594919200026, "y:12": 0.04567361167107561, "y:13": 0.09253656987703555, "y:14": 0.04279038765852417, "y:15": 0.10250813497163047, "y:16": 0.041602546500767786, "y:17": 0.09938315469616364, "y:18": 0.039557354821869915, "y:19": 0.10293968093982027, "y:20": 0.0381291122412417, "y:21": 0.10035641410505575, "y:22": 0.03875881407309116, "y:23": 0.10781676771519529, "y:24": 0.037156949948827, "y:25": 0.10820432266138699, "y:26": 0.03506554668218158, "y:27": 0.1170666892327882, "y:28": 0.033034734044838435, "y:29": 0.11953605066904087, "y:30": 0.032053189121034324, "y:31": 0.1296057582660887}, "7": {"y:0": 0.08634707214403495, "y:1": 0.06226722573648219, "y:2": 0.07489434115208625, "y:3": 0.07572859579412605, "y:4": 0.06968960862706858, "y:5": 0.0906130764109331, "y:6": 0.06804607044809806, "y:7": 0.10621692665610531, "y:8": 0.06024675243503294, "y:9": 0.10635346827302268, "y:10": 0.060637746222189086, "y:11": 0.11117589910400981, "y:12": 0.060403065515562036, "y:13": 0.11060240708321235, "y:14": 0.05649118151052321, "y:15": 0.11182656262024304, "y:16": 0.05522745027335785, "y:17": 0.11631103924772614, "y:18": 0.05101019703023086, "y:19": 0.11398150180150123, "y:20": 0.04802780709469071, "y:21": 0.11441109110270381, "y:22": 0.04820376939677895, "y:23": 0.11192276091534875, "y:24": 0.04090512749930663, "y:25": 0.12343254170622633, "y:26": 0.042653292153136416, "y:27": 0.12100035935406792, "y:28": 0.04140701691254898, "y:29": 0.12757314391145655, "y:30": 0.041703970547518045, "y:31": 0.12403546255117914}, "8": {"y:0": 0.059769977171251536, "y:1": 0.026221715958251266, "y:2": 0.05309867996641003, "y:3": 0.03977952429341598, "y:4": 0.050892136732571425, "y:5": 0.05263441666794591, "y:6": 0.04439308928307432, "y:7": 0.05991395883155261, "y:8": 0.042684138139309324, "y:9": 0.06451601180953512, "y:10": 0.038763314964766524, "y:11": 0.07646767463027979, "y:12": 0.03577288483208141, "y:13": 0.0809939935424851, "y:14": 0.0348851247988371, "y:15": 0.07839017215025174, "y:16": 0.035471200464779966, "y:17": 0.07966331026904508, "y:18": 0.033795199286256294,