{"0": {"s1": 0.015299173853508229, "s2": 1.5336008979435833}, "1": {"s1": 0.0156999974223448, "s2": 1.5148767091681181}, "2": {"s1": 0.03306208979070108, "s2": 1.5108300719432763}, "3": {"s1": 0.06521991406345877, "s2": 1.485306674461015}, "4": {"s1": 0.1309215778339817, "s2": 1.4654539606271626}, "5": {"s1": 0.255182235759514, "s2": 1.515729256020182}, "6": {"s1": 0.5067431311769417, "s2": 1.4734190723870015}, "7": {"s1": 0.9909362240321662, "s2": 1.49461798915275}}