{"0": {"s1": 0.9999004381993655, "s2": 9.956180063457497e-05}}