{"0": {"s1": 0.9667981287994222, "s2": 0.033201871200577826}}