{"9": {"y:0": 0.09030711305253974, "y:1": 0.4439304241314807, "y:2": 0.08250693362772453, "y:3": 0.12266081445814794, "y:4": 0.10152882751090249, "y:5": 0.5572370654778516, "y:6": 0.18947017943716976, "y:7": 0.7749690373863355, "y:8": 0.018415644187633064, "y:9": 0.30494253400676435, "y:10": 0.04909863479678912, "y:11": 0.34014314477552277, "y:12": 0.044040505652209794, "y:13": 0.1511104687346796, "y:14": 0.1328260951191092, "y:15": 0.11958642012694104, "y:16": 0.2466639681753906, "y:17": 0.8517778118204921, "y:18": 0.05262402723956884, "y:19": 0.13813307607402217, "y:20": 0.07204103418124541, "y:21": 0.3140877972575895, "y:22": 0.02787981745868015, "y:23": 0.17897945323776973, "y:24": 0.06532751740161868, "y:25": 0.037602756279650575, "y:26": 0.05144537582709641, "y:27": 0.10335646047122043, "y:28": 0.04653922323661523, "y:29": 0.18959194655909173, "y:30": 0.012931957254170755, "y:31": 0.08824393504397648}}