{"0": {"y:0": 0.07709289701779858, "y:1": 0.06803488418602419, "y:2": 0.04247737991683268, "y:3": 0.13467668366534924, "y:4": 0.08920212514885868, "y:5": 0.2198333277753854, "y:6": 0.05631766088417138, "y:7": 0.17760079523211764, "y:8": 0.09833273314753636, "y:9": 0.1362321538740614, "y:10": 0.059468199939719316, "y:11": 0.1354449269224475, "y:12": 0.038884273117853876, "y:13": 0.03125507560688137, "y:14": 0.049784534104823204, "y:15": 0.1434960467035458, "y:16": 0.05501361931026809, "y:17": 0.2947311204068434, "y:18": 0.05459955824749418, "y:19": 0.23703709829254815, "y:20": 0.03963031499608781, "y:21": 0.15451638811270507, "y:22": 0.01905208931945301, "y:23": 0.10247800370766538, "y:24": 0.07477636317151473, "y:25": 0.162374935303108, "y:26": 0.023377469941170802, "y:27": 0.0585230452095202, "y:28": 0.0065971728057392905, "y:29": 0.1061647403374935, "y:30": 0.006458289556919453, "y:31": 0.04653609403806226}}