{"0": {"y:0": 36.40515650392477, "y:1": 2.9113329005995596, "y:2": 2.276039407908237, "y:3": 1.7092241787757907, "y:4": 1.5507919059023028, "y:5": 1.4588697527724042, "y:6": 1.3866516984813797, "y:7": 1.3637232644479451, "y:8": 1.3260195080928752, "y:9": 1.3290397660181623}, "1": {"y:0": 38.12288660331545, "y:1": 2.908875549916329, "y:2": 2.2056924245378515, "y:3": 1.6729098262778006, "y:4": 1.547423402512661, "y:5": 1.4670376726242502, "y:6": 1.3731195191116516, "y:7": 1.3625887995260286, "y:8": 1.3159881680725187, "y:9": 1.3188615974792757}, "2": {"y:0": 73.1366668866416, "y:1": 14.444365137523782, "y:2": 10.867965491578971, "y:3": 8.98603816684103, "y:4": 7.917983317286717, "y:5": 7.652881075981499, "y:6": 7.282653224039475, "y:7": 6.677189080778893, "y:8": 6.425637305323169, "y:9": 6.231634582361785}, "3": {"y:0": 37.43262611459323, "y:1": 4.667035108827805, "y:2": 3.9281210761344116, "y:3": 3.2322233181965627, "y:4": 3.144444965533675, "y:5": 2.988538473103458, "y:6": 2.8370360865945656, "y:7": 2.825707369210387, "y:8": 2.7229725136625413, "y:9": 2.7542214296305203}, "4": {"y:0": 36.712642389316954, "y:1": 4.743113623171493, "y:2": 4.816990200156104, "y:3": 4.74480812045582, "y:4": 4.647328281634384, "y:5": 4.402929417263202, "y:6": 4.183620629366419, "y:7": 4.116988233411494, "y:8": 3.8590532407430613, "y:9": 3.8282007807313434}, "5": {"y:0": 37.274915014781755, "y:1": 5.079837676704664, "y:2": 5.38444835360841, "y:3": 5.776438679523309, "y:4": 6.001135184935167, "y:5": 6.024959700348327, "y:6": 5.5152308395952625, "y:7": 5.378965878258086, "y:8": 4.96294038122472, "y:9": 4.7807070459680645}, "6": {"y:0": 37.58172313276203, "y:1": 6.105419909498543, "y:2": 5.847034390255662, "y:3": 6.249599543503211, "y:4": 6.600963489276554, "y:5": 6.587191974039162, "y:6": 6.2173042722722665, "y:7": 6.164267321317456, "y:8": 5.971464659191465, "y:9": 5.805906247121579}, "7": {"y:0": 36.63031223264901, "y:1": 8.67724833439306, "y:2": 8.164714742907295, "y:3": 8.483846407779067, "y:4": 9.693063896188388, "y:5": 10.00670250033773, "y:6": 9.271123627210951, "y:7": 8.964353598400068, "y:8": 8.225448360286311, "y:9": 7.427981393088384}, "8": {"y:0": 37.49124306127265, "y:1": 11.932263902834936, "y:2": 11.273349808909373, "y:3": 12.063907409104047, "y:4": 14.988530703517823, "y:5": 16.750220803542323, "y:6": 15.21172269776246, "y:7": 13.528165200750488, "y:8": 12.337621927232743, "y:9": 10.482005734998335}, "9": {"y:0": 36.52602805124482, "y:1": 15.139952918835021, "y:2": 13.834366974620876, "y:3": 15.955856704494664, "y:4": 19.927921710431047, "y:5": 21.273476659138897, "y:6": 19.2294496458865, "y:7": 18.28731103840974, "y:8": 16.00187983554762, "y:9": 14.69003057972528}, "10": {"y:0": 37.34782272094028, "y:1": 17.90197075072147, "y:2": 16.358004316991547, "y:3": 18.08890947284722, "y:4": 22.843174145966014, "y:5": 23.77599889717295, "y:6": 23.031536022481855, "y:7": 22.681145428815842, "y:8": 19.41087247172599, "y:9": 18.121724919604443}, "11": {"y:0": 36.28760529345316, "y:1": 21.346835124528575, "y:2": 17.949565601544474, "y:3": 20.711308029592836, "y:4": 26.181264697212733, "y:5": 26.731757898580486, "y:6": 25.43819405696918, "y:7": 25.126434457855733, "y:8": 24.016233222388177, "y:9": 21.897356123684645}, "12": {"y:0": 35.825110001394044, "y:1": 22.343764182035102, "y:2": 19.694758334147366, "y:3": 21.62743163724912, "y:4": 27.798674275740034, "y:5": 28.099433534417713, "y:6": 25.548897059530866, "y:7": 27.689459972666704, "y:8": 24.928306034365043, "y:9": 23.930610086464828}, "13": {"y:0": 37.314848754015976, "y:1": 24.749914702358183, "y:2": 20.195562524009397, "y:3": 24.192298997482673, "y:4": 29.789582091977607, "y:5": 27.64073080255769, "y:6": 26.619253691351474, "y:7": 27.42109331471957, "y:8": 25.45213044973409, "y:9": 25.13626465623366}, "14": {"y:0": 37.651694960690726, "y:1": 24.80092864821855, "y:2": 20.862571573901196, "y:3": 23.893673525073126, "y:4": 30.127279208450272, "y:5": 29.32013108605279, "y:6": 27.5784698413089, "y:7": 29.720018194418426, "y:8": 27.333421779641082, "y:9": 26.614549012156825}, "15": {"y:0": 36.88966950084958, "y:1": 25.90242343714622, "y:2": 21.186144956119364, "y:3": 24.917292443874032, "y:4": 30.933567578830235, "y:5": 29.603331445054554, "y:6": 27.720143434839112, "y:7": 29.581870681642187, "y:8": 27.659649867338146, "y:9": 27.31756405009844}, "16": {"y:0": 37.09978779211657, "y:1": 25.431827246200882, "y:2": 21.745405517373733, "y:3": 25.53652365663952, "y:4": 31.836334741370887, "y:5": 28.91858052195615, "y:6": 27.822579380190483, "y:7": 27.504254931343805, "y:8": 26.169964639044835, "y:9": 24.82225576863892}}