{"0": {"s1": 0.014940733069769889, "s2": 1.4722203035331864}, "1": {"s1": 0.015662161327023777, "s2": 1.4948579417314924}, "2": {"s_theta_0": 1.056372595636915, "s_theta_1": 1.1848051255675303}, "3": {"s_theta_0": 1.392871636750889, "s_theta_1": 1.595547001209406}, "4": {"s_theta_0": 2.6645411691325696, "s_theta_1": 3.5919763823573096}, "5": {"s_theta_0": 5.379891859357635, "s_theta_1": 7.41835688624555}, "6": {"s_theta_0": 11.281721297256539, "s_theta_1": 14.441958577669665}, "7": {"s_theta_0": 20.862130279396272, "s_theta_1": 28.655263889712383}}