{"0": {"s1": 0.015280800704726148, "s2": 1.4238734753953382}, "1": {"s1": 0.014832363835317912, "s2": 1.5395670097141778}, "2": {"s1": 0.021513993987446824, "s2": 1.3858510500576706}, "3": {"s1": 0.027710236526789493, "s2": 1.4674791948961992}, "4": {"s1": 0.05114486796440886, "s2": 1.4202621980906294}}