{"0": {"s1": 0.014887142864972707, "s2": 1.4642682992070628}, "1": {"s1": 0.015244071060656356, "s2": 1.4685499869395855}, "2": {"s_theta": 1.3112801113898875}, "3": {"s_theta": 1.6513697957915772}, "4": {"s_theta": 3.2398961390090304}, "5": {"s_theta": 6.471847401280805}, "6": {"s_theta": 9.495529599320236}}