{"0": {"y:0": 0.124673743231205, "y:1": 0.026534386014224292, "y:2": 0.1075452176354354, "y:3": 0.016453872996520822, "y:4": 0.13034751547326934, "y:5": 0.01545208934480044, "y:6": 0.1282075176748864, "y:7": 0.019940834024826506, "y:8": 0.12684390559247224, "y:9": 0.02143777537549177, "y:10": 0.14681424023388628, "y:11": 0.028638491456323394, "y:12": 0.15020360053079104, "y:13": 0.029406426719356393, "y:14": 0.1256752869729249, "y:15": 0.032402498454880094, "y:16": 0.12383969558956817, "y:17": 0.041775645215501374, "y:18": 0.12130223652707307, "y:19": 0.039570948089428695, "y:20": 0.1264902326943022, "y:21": 0.047712446781829884, "y:22": 0.16105288414700847, "y:23": 0.044205896580291636, "y:24": 0.13617171895870384, "y:25": 0.04708599046097082, "y:26": 0.14477424154543295, "y:27": 0.05392839484046698, "y:28": 0.1278182517594474, "y:29": 0.05463897534613818, "y:30": 0.12596450250904245, "y:31": 0.06692247573694367}, "1": {"y:0": 0.1194316386809041, "y:1": 0.03635782233767523, "y:2": 0.13479105538124106, "y:3": 0.02580188396718655, "y:4": 0.1290550618740271, "y:5": 0.0199000862300719, "y:6": 0.14314646333066017, "y:7": 0.018005974538381663, "y:8": 0.12484820325444476, "y:9": 0.016980931933096483, "y:10": 0.12383417288334887, "y:11": 0.016208669163460847, "y:12": 0.12156756576690808, "y:13": 0.01620445874844685, "y:14": 0.13905441914706532, "y:15": 0.01757617482787383, "y:16": 0.11626659096063506, "y:17": 0.018652294799989713, "y:18": 0.14560111883196403, "y:19": 0.018979082981013768, "y:20": 0.11821141574466659, "y:21": 0.020647760114918794, "y:22": 0.1255392173225168, "y:23": 0.02437401006359305, "y:24": 0.12866850626014792, "y:25": 0.024545732836596865, "y:26": 0.12053760015150745, "y:27": 0.0251012267430266, "y:28": 0.13876338801679114, "y:29": 0.029580766977365336, "y:30": 0.1260205149710902, "y:31": 0.028540391631713218}, "2": {"y:0": 0.1171022040551726, "y:1": 0.08098640999339382, "y:2": 0.12563881047577435, "y:3": 0.06925855096116781, "y:4": 0.12414833197366205, "y:5": 0.05698948718751285, "y:6": 0.13688678533807044, "y:7": 0.049530166451444715, "y:8": 0.13417491671065593, "y:9": 0.048995324743822746, "y:10": 0.13285472640209134, "y:11": 0.04268249077089598, "y:12": 0.12733696909820433, "y:13": 0.03487023405939057, "y:14": 0.12610036853501258, "y:15": 0.033243494765928666, "y:16": 0.14009390383742795, "y:17": 0.03161700759787297, "y:18": 0.12345131737689571, "y:19": 0.029152202300157793, "y:20": 0.13047913815254414, "y:21": 0.028853753640734874, "y:22": 0.13481941918371362, "y:23": 0.027148043493304328, "y:24": 0.13133390074027326, "y:25": 0.026501707785014424, "y:26": 0.13341493455778977, "y:27": 0.025064403300539877, "y:28": 0.14342096501446, "y:29": 0.024365760993308408, "y:30": 0.13713956604764002, "y:31": 0.022530872026109587}, "3": {"y:0": 0.10268597079637284, "y:1": 0.0607207768633572, "y:2": 0.12082504920401389, "y:3": 0.05585018440351135, "y:4": 0.12219493906103088, "y:5": 0.045379825478700994, "y:6": 0.11741629881466138, "y:7": 0.04089840663464576, "y:8": 0.1200060213750812, "y:9": 0.03566679945336234, "y:10": 0.12011546760707434, "y:11": 0.032118679592548105, "y:12": 0.11907974166905395, "y:13": 0.029391858005434375, "y:14": 0.11023594265398245, "y:15": 0.028449395057693887, "y:16": 0.12080963574436186, "y:17": 0.026271133435066055, "y:18": 0.12830906623876098, "y:19": 0.024697762170546932, "y:20": 0.12193108505158812, "y:21": 0.023946256843638263, "y:22": 0.13023213559343075, "y:23": 0.02246631479568701, "y:24": 0.10509523470681512, "y:25": 0.022822994438905377, "y:26": 0.131284041657382, "y:27": 0.020849652592828772, "y:28": 0.12146710139044202, "y:29": 0.020091191339797226, "y:30": 0.11922287570030132, "y:31": 0.019129111745326683}, "4": {"y:0": 0.07844773458772222, "y:1": 0.059238255939500925, "y:2": 0.09374932870792513, "y:3": 0.04705555784084699, "y:4": 0.09876924533489742, "y:5": 0.04191236849461102, "y:6": 0.10101481690937784, "y:7": 0.034166999165807066, "y:8": 0.10921787172840315, "y:9": 0.03295665969469167, "y:10": 0.1025867258387141, "y:11": 0.029709281737633684, "y:12": 0.10234570961391279, "y:13": 0.028327209274583275, "y:14": 0.10683145948628398, "y:15": 0.02715792642116444, "y:16": 0.10852497991050736, "y:17": 0.025058149992955286, "y:18": 0.09614576090652406, "y:19": 0.024962352968434798, "y:20": 0.09666150593174534, "y:21": 0.022748238252682174, "y:22": 0.10520948033202641, "y:23": 0.022431853569099016, "y:24": 0.10694384462561592, "y:25": 0.021289575156473704, "y:26": 0.10509507578343738, "y:27": 0.02086560226105553, "y:28": 0.10447547360223897, "y:29": 0.019843951381321914, "y:30": 0.10653751307430147, "y:31": 0.019829976698041596}, "5": {"y:0": 0.05677040917452277, "y:1": 0.015235853738316776, "y:2": 0.05197937120793807, "y:3": 0.016264801342838364, "y:4": 0.05488235778786441, "y:5": 0.02006102818928346, "y:6": 0.05560867089554852, "y:7": 0.024395065183728075, "y:8": 0.050262377836632025, "y:9": 0.028542950883607265, "y:10": 0.049352136552356304, "y:11": 0.031785411574344065, "y:12": 0.049563712716007534, "y:13": 0.03163908536706443, "y:14": 0.04535518525338381, "y:15": 0.03364380864784901, "y:16": 0.047904137008623005, "y:17": 0.03795340847272933, "y:18": 0.04721881237117177, "y:19": 0.04066872372630468, "y:20": 0.0460453201547661, "y:21": 0.04315890107033475, "y:22": 0.043942943150223554, "y:23": 0.044186883167443174, "y:24": 0.04626145957592206, "y:25": 0.048481598030031436, "y:26": 0.04548316550936795, "y:27": 0.04336818271532585, "y:28": 0.04442056434581426, "y:29": 0.04727242345577675, "y:30": 0.04751523917592913, "y:31": 0.046124965679081836}, "6": {"y:0": 0.06814247553700878, "y:1": 0.03013132968097166, "y:2": 0.06342993230856452, "y:3": 0.04459069148765616, "y:4": 0.05369511239290433, "y:5": 0.05368496440269776, "y:6": 0.046818428246140145, "y:7": 0.05419847882938285, "y:8": 0.040766236443570275, "y:9": 0.06375335551197135, "y:10": 0.039460820671589375, "y:11": 0.06466255340437058, "y:12": 0.03370872026792946, "y:13": 0.07282603602014724, "y:14": 0.03111672849438328, "y:15": 0.06696710406611653, "y:16": 0.028907311222350098, "y:17": 0.07280566533950447, "y:18": 0.02676256600961719, "y:19": 0.07455314622288624, "y:20": 0.02475075553821431, "y:21": 0.08039485844527577, "y:22": 0.02348084601655268, "y:23": 0.07710077705830048, "y:24": 0.02338565642478344, "y:25": 0.08407033466199852, "y:26": 0.021890508305749755, "y:27": 0.0759596566232805, "y:28": 0.02078321998447914, "y:29": 0.07243519124168653, "y:30": 0.01953548797751169, "y:31": 0.08508169832215437}, "7": {"y:0": 0.06592260791030884, "y:1": 0.047197356701896565, "y:2": 0.06998217448112946, "y:3": 0.03012131012271893, "y:4": 0.08902804732485613, "y:5": 0.023344416027816655, "y:6": 0.09162733385309238, "y:7": 0.020089149064831727, "y:8": 0.08801984049272167, "y:9": 0.01987923108133872, "y:10": 0.09617889789264973, "y:11": 0.019064718675985356, "y:12": 0.09050079991963082, "y:13": 0.018819280180889332, "y:14": 0.10647477456328196, "y:15": 0.017880471271742446, "y:16": 0.0979560554929852, "y:17": 0.017804237412792388, "y:18": 0.09631655824500987, "y:19": 0.01814133812131602, "y:20": 0.09801790306524538, "y:21": 0.017725290127191328, "y:22": 0.09219388399336814, "y:23": 0.017022113288342106, "y:24": 0.09611244334867605, "y:25": 0.017501897925041456, "y:26": 0.0960795735366718, "y:27": 0.01663894666527109, "y:28": 0.09147905680986852, "y:29": 0.01685565780490091, "y:30": 0.09953797403964966, "y:31": 0.01693649205388332}, "8": {"y:0": 0.07202171532336431, "y:1": 0.08345513777879103, "y:2": 0.08964892797711096, "y:3": 0.0643003903495388, "y:4": 0.10811043580264237, "y:5": 0.0594184083618761, "y:6": 0.11777778979472245, "y:7": 0.04971285290296926, "y:8": 0.1272473827575722, "y:9": 0.05092779448832313, "y:10": 0.12807872820719765, "y:11": 0.04930447331353838, "y:12": 0.1376649260128842, "y:13": 0.044695726874076004, "y:14": 0.12126163517385895, "y:15": 0.046641734277617045, "y:16": 0.13206131417039002, "y:17": 0.043010371380277204, "y:18": 0.12636542768491654,