{"0": {"y:0": 0.13006728241462795, "y:1": 0.027511261020671935, "y:2": 0.14242111214646555, "y:3": 0.017758564712997207, "y:4": 0.15120513454144907, "y:5": 0.015898755577891915, "y:6": 0.16078688534702956, "y:7": 0.017654397625973282, "y:8": 0.13873695300863453, "y:9": 0.019768041071548042, "y:10": 0.15357613471706177, "y:11": 0.025640007834342227, "y:12": 0.12484136225489895, "y:13": 0.026403536515690777, "y:14": 0.15485034751068108, "y:15": 0.032765082736186946, "y:16": 0.14205784179653966, "y:17": 0.03492545939412974, "y:18": 0.15235040668449562, "y:19": 0.036253299876278844, "y:20": 0.13899260375901004, "y:21": 0.040939644134865893, "y:22": 0.14689750230853862, "y:23": 0.044565654181204346, "y:24": 0.12208475146538614, "y:25": 0.03991732699419047, "y:26": 0.1294586256063002, "y:27": 0.04807761200901113, "y:28": 0.11929204358780325, "y:29": 0.04403599412473013, "y:30": 0.13852276672360653, "y:31": 0.045319783981884305}, "1": {"y:0": 0.11894457398263955, "y:1": 0.026260043874002787, "y:2": 0.13280434545775915, "y:3": 0.017441064027920648, "y:4": 0.11837976233824196, "y:5": 0.015177403316501826, "y:6": 0.12784089632658197, "y:7": 0.01812002325890289, "y:8": 0.13821700190326505, "y:9": 0.020813975165331573, "y:10": 0.1414082384791571, "y:11": 0.024345650505490844, "y:12": 0.12544313534744786, "y:13": 0.031075699684286095, "y:14": 0.13348045891883512, "y:15": 0.03132672807340162, "y:16": 0.12021313590585374, "y:17": 0.038438531802125454, "y:18": 0.12997767277037703, "y:19": 0.03814485246242762, "y:20": 0.12854328151141872, "y:21": 0.04461949602626947, "y:22": 0.13003980403660761, "y:23": 0.0415383480536621, "y:24": 0.11991569888767735, "y:25": 0.04254449131839553, "y:26": 0.11977384111346162, "y:27": 0.048402493363700984, "y:28": 0.12845721099475252, "y:29": 0.05024014266466438, "y:30": 0.1348916715662973, "y:31": 0.049306629930952556}, "2": {"y:0": 0.10134420661580922, "y:1": 0.048433264648096254, "y:2": 0.12696390653047723, "y:3": 0.03737731205226899, "y:4": 0.1199005377642341, "y:5": 0.03095803777381333, "y:6": 0.1198848334738183, "y:7": 0.027184747000050243, "y:8": 0.130083430476549, "y:9": 0.02512950167654409, "y:10": 0.12979139386886382, "y:11": 0.022369943843939998, "y:12": 0.13440623465882945, "y:13": 0.020772989785827995, "y:14": 0.11427552244122584, "y:15": 0.019992685991851358, "y:16": 0.12930113456466932, "y:17": 0.018194188201385932, "y:18": 0.13100991251330854, "y:19": 0.01687570426181315, "y:20": 0.13333898269541686, "y:21": 0.017201967434000445, "y:22": 0.13638183134910478, "y:23": 0.016779559942542235, "y:24": 0.13611843788839173, "y:25": 0.017126007046389592, "y:26": 0.12472412877716682, "y:27": 0.016824080885863436, "y:28": 0.1243140517175183, "y:29": 0.017437525471388684, "y:30": 0.1295836676337874, "y:31": 0.018056764068829792}, "3": {"y:0": 0.09486311879233719, "y:1": 0.07121759070009444, "y:2": 0.11239615287696073, "y:3": 0.05763219191961541, "y:4": 0.1229420133861968, "y:5": 0.05316850473351032, "y:6": 0.11893370565546256, "y:7": 0.046066256258329386, "y:8": 0.12590775252747868, "y:9": 0.04080034960697401, "y:10": 0.11818676060839647, "y:11": 0.03895880735121036, "y:12": 0.11631421450846662, "y:13": 0.03795812441696131, "y:14": 0.13964859508374, "y:15": 0.0349207876739526, "y:16": 0.11786680967473846, "y:17": 0.03183658912339527, "y:18": 0.11909722076050809, "y:19": 0.030280576317432698, "y:20": 0.11738784738896567, "y:21": 0.032073106889666476, "y:22": 0.11438840230463782, "y:23": 0.029212610197580098, "y:24": 0.1102591121899378, "y:25": 0.027404797386701613, "y:26": 0.12292015447869784, "y:27": 0.025295769827726574, "y:28": 0.10898242895481632, "y:29": 0.02524712209132752, "y:30": 0.11767082398240657, "y:31": 0.024877373832429564}, "4": {"y:0": 0.06813836550867447, "y:1": 0.021455912309463098, "y:2": 0.07505208191952456, "y:3": 0.01638999118396983, "y:4": 0.08144405826991713, "y:5": 0.014725426530297691, "y:6": 0.09017418087694312, "y:7": 0.015026626288465007, "y:8": 0.07995336369308566, "y:9": 0.015596955719156421, "y:10": 0.07987995962642093, "y:11": 0.01753319763424414, "y:12": 0.08254507468905102, "y:13": 0.018681212955048373, "y:14": 0.07654389496232028, "y:15": 0.019725161706905293, "y:16": 0.0824777515924351, "y:17": 0.02014778973403693, "y:18": 0.08130597147132722, "y:19": 0.02317691880824579, "y:20": 0.08301335974905354, "y:21": 0.02737712722106351, "y:22": 0.0770624953666698, "y:23": 0.03014468946640079, "y:24": 0.07494273781204856, "y:25": 0.031653487849603465, "y:26": 0.08010992441449268, "y:27": 0.03097406712000389, "y:28": 0.07563640961152455, "y:29": 0.03588384926559379, "y:30": 0.07065531324841208, "y:31": 0.037129860079463055}, "5": {"y:0": 0.05531116175761075, "y:1": 0.03219673022723088, "y:2": 0.04921034258464826, "y:3": 0.05265821062447929, "y:4": 0.04926186562082197, "y:5": 0.07128688081104728, "y:6": 0.04744903235589105, "y:7": 0.07348109682696771, "y:8": 0.047245540475841924, "y:9": 0.08122330760890903, "y:10": 0.04388486554398817, "y:11": 0.0880419742169692, "y:12": 0.03878876238703454, "y:13": 0.09493594812629864, "y:14": 0.038111670305260706, "y:15": 0.08990083708365686, "y:16": 0.03727278499817299, "y:17": 0.08723944129339284, "y:18": 0.037022586159973433, "y:19": 0.0880475088821712, "y:20": 0.03541212874847643, "y:21": 0.09577894102964721, "y:22": 0.03483129286540341, "y:23": 0.09133299003798322, "y:24": 0.03252854855801457, "y:25": 0.10196429672053235, "y:26": 0.03222314125331523, "y:27": 0.09154756165983222, "y:28": 0.030763200964557005, "y:29": 0.0924900517337862, "y:30": 0.03143941483342228, "y:31": 0.0916153886646999}, "6": {"y:0": 0.0677082481037425, "y:1": 0.03273966716743212, "y:2": 0.05238410257026878, "y:3": 0.04979963464304271, "y:4": 0.04878598589302254, "y:5": 0.05566559618180124, "y:6": 0.04362981645367242, "y:7": 0.05873751229742533, "y:8": 0.037569789378573235, "y:9": 0.06764769502078635, "y:10": 0.03543745164228076, "y:11": 0.06487585649499783, "y:12": 0.03224019787823008, "y:13": 0.07281122747130324, "y:14": 0.028846844573731933, "y:15": 0.07946608102330337, "y:16": 0.027900583011750538, "y:17": 0.07178180035504102, "y:18": 0.027650292837876442, "y:19": 0.07599409372556044, "y:20": 0.024003877749052424, "y:21": 0.0867266970481116, "y:22": 0.02323551311150964, "y:23": 0.0829243672531266, "y:24": 0.02224358633854521, "y:25": 0.09356989428542332, "y:26": 0.02135603730830429, "y:27": 0.09384501778843211, "y:28": 0.020037836238033457, "y:29": 0.08969409586757678, "y:30": 0.019776758809685286, "y:31": 0.0973135141987984}, "7": {"y:0": 0.04882886074426584, "y:1": 0.024922024336613786, "y:2": 0.04756701283797057, "y:3": 0.016257107881148203, "y:4": 0.05401126432533671, "y:5": 0.014630554015154403, "y:6": 0.05987679371052582, "y:7": 0.014767662104063634, "y:8": 0.0614514789862553, "y:9": 0.014646022442030782, "y:10": 0.06288767590745184, "y:11": 0.014630778603106805, "y:12": 0.07071244072443904, "y:13": 0.015625958010772545, "y:14": 0.07248090338947324, "y:15": 0.015040392730143034, "y:16": 0.07871811010132743, "y:17": 0.017399860401917606, "y:18": 0.07308647756438903, "y:19": 0.0182621345071769, "y:20": 0.07955621457864712, "y:21": 0.019229256083849424, "y:22": 0.07424837930260354, "y:23": 0.020314979004913157, "y:24": 0.07002373302367468, "y:25": 0.024164913344033048, "y:26": 0.0735975917701759, "y:27": 0.025314603110705214, "y:28": 0.07080782489298762, "y:29": 0.02647518113770953, "y:30": 0.06987373798000984, "y:31": 0.026453034265969382}, "8": {"y:0": 0.042807647426092915, "y:1": 0.03469512019077294, "y:2": 0.047133322049333175, "y:3": 0.01867187539571671, "y:4": 0.06695579578327543, "y:5": 0.015787936172555778, "y:6": 0.08350426278185533, "y:7": 0.0169960850191286, "y:8": 0.09476046243567335, "y:9": 0.016840037045671975, "y:10": 0.08820486431826813, "y:11": 0.015431689597895835, "y:12": 0.09700100059582835, "y:13": 0.017729387936920395, "y:14": 0.08804150832061494, "y:15": 0.017033556854858852, "y:16": 0.09331281120182912, "y:17": 0.016657404951675774, "y:18": 0.08554191229584852,