{"0": {"y:0": 0.12281995618513536, "y:1": 0.02740105684496242, "y:2": 0.13367563134178195, "y:3": 0.019249322503998117, "y:4": 0.13841793205321118, "y:5": 0.01550010713674405, "y:6": 0.12578831314217828, "y:7": 0.014987099974122479, "y:8": 0.1336767161747744, "y:9": 0.015280419220879103, "y:10": 0.13793912717033657, "y:11": 0.017093346226432993, "y:12": 0.15425901052150562, "y:13": 0.018456636693008052, "y:14": 0.12036844034456921, "y:15": 0.020416619144060254, "y:16": 0.16062236884897116, "y:17": 0.0228824372023836, "y:18": 0.14971122271276718, "y:19": 0.024931571232168763, "y:20": 0.12428589565550498, "y:21": 0.02633333087851256, "y:22": 0.13512201780870248, "y:23": 0.02982088848583876, "y:24": 0.13262671143942617, "y:25": 0.030875757452220806, "y:26": 0.1403600191661232, "y:27": 0.0362111876747871, "y:28": 0.15082148785962357, "y:29": 0.037449740064449566, "y:30": 0.12749799953040006, "y:31": 0.0357817983620841}, "1": {"y:0": 0.11242746233926589, "y:1": 0.023879607848896915, "y:2": 0.12434819420512458, "y:3": 0.016620711588460898, "y:4": 0.12818507178844574, "y:5": 0.015286140384366206, "y:6": 0.13352804039601102, "y:7": 0.016800162756129677, "y:8": 0.12600081345340342, "y:9": 0.0218436574434798, "y:10": 0.1580484492869541, "y:11": 0.023717085274779618, "y:12": 0.12840107457634437, "y:13": 0.02785295132809329, "y:14": 0.1357267927910462, "y:15": 0.029225029360242565, "y:16": 0.13528094887844072, "y:17": 0.03309865555736338, "y:18": 0.14036457674274794, "y:19": 0.03793456167109537, "y:20": 0.13028056048441464, "y:21": 0.041679638110906574, "y:22": 0.12474832742860581, "y:23": 0.03875683474807916, "y:24": 0.13617253272341345, "y:25": 0.04606040798562512, "y:26": 0.13541594192793746, "y:27": 0.045706538100521575, "y:28": 0.13828647829776786, "y:29": 0.048314509491799044, "y:30": 0.13029241934568175, "y:31": 0.049949685791048394}, "2": {"y:0": 0.1006810618451549, "y:1": 0.06363657564356776, "y:2": 0.11187980132922812, "y:3": 0.05910078109286416, "y:4": 0.12242404887574293, "y:5": 0.04644315466742352, "y:6": 0.13040482336038692, "y:7": 0.043183543974987124, "y:8": 0.1309358973517661, "y:9": 0.03839998532150211, "y:10": 0.11786060353118807, "y:11": 0.03596576211320827, "y:12": 0.12093512689910711, "y:13": 0.0296406425103492, "y:14": 0.12827916252552252, "y:15": 0.02901947800837791, "y:16": 0.12451627491050749, "y:17": 0.026307903716866286, "y:18": 0.12492301010753529, "y:19": 0.02576609586054869, "y:20": 0.12777447465092714, "y:21": 0.024294370641608387, "y:22": 0.1256549631832354, "y:23": 0.022024963603749666, "y:24": 0.1365567669525313, "y:25": 0.023610912835502745, "y:26": 0.13044680394316602, "y:27": 0.022196110403564277, "y:28": 0.12466233305580875, "y:29": 0.019974261716001265, "y:30": 0.11984800550414847, "y:31": 0.018491380299455063}, "3": {"y:0": 0.09554906805403637, "y:1": 0.06444426152343774, "y:2": 0.09835452459750686, "y:3": 0.051518816033031226, "y:4": 0.10565750529203692, "y:5": 0.04811348101796849, "y:6": 0.10563891676421946, "y:7": 0.04456791724782511, "y:8": 0.10627936850912956, "y:9": 0.03962316500719915, "y:10": 0.10233608951087057, "y:11": 0.036546136589964064, "y:12": 0.1177831461321463, "y:13": 0.03331415585193388, "y:14": 0.11179186805834146, "y:15": 0.032395399553124246, "y:16": 0.10941691322575042, "y:17": 0.03085902931868321, "y:18": 0.1075359102026165, "y:19": 0.029914446045839628, "y:20": 0.10678646444582914, "y:21": 0.029729856428488997, "y:22": 0.12146024375076109, "y:23": 0.02885829444070819, "y:24": 0.10904644608254024, "y:25": 0.025770479188073268, "y:26": 0.10425140052991212, "y:27": 0.025047950458013935, "y:28": 0.1106503782872037, "y:29": 0.02420007718065963, "y:30": 0.11412070935440145, "y:31": 0.024163646213613853}, "4": {"y:0": 0.07212832235517785, "y:1": 0.020331674116335133, "y:2": 0.08405266778996064, "y:3": 0.015309861776311452, "y:4": 0.09427106070460817, "y:5": 0.014426856577735998, "y:6": 0.08696268988195027, "y:7": 0.015416722551679092, "y:8": 0.08777225411259404, "y:9": 0.01781071839475002, "y:10": 0.08747704350336756, "y:11": 0.020801488114843128, "y:12": 0.09131054805750347, "y:13": 0.02226152967153128, "y:14": 0.0892543069927506, "y:15": 0.024243221669213184, "y:16": 0.08556015006900758, "y:17": 0.028621964683625597, "y:18": 0.07670897170557056, "y:19": 0.02685159204161765, "y:20": 0.08163451687248315, "y:21": 0.03329333813272298, "y:22": 0.0880513881325381, "y:23": 0.031358416730572866, "y:24": 0.0904691180532565, "y:25": 0.03146045376316472, "y:26": 0.0925235986152054, "y:27": 0.03366037758757602, "y:28": 0.0829769389667381, "y:29": 0.03540596689390493, "y:30": 0.08406496406049375, "y:31": 0.037521601336643805}, "5": {"y:0": 0.05545666635890959, "y:1": 0.018837569329091017, "y:2": 0.0639253525650814, "y:3": 0.014114124438429201, "y:4": 0.06561009473658734, "y:5": 0.014018379753718564, "y:6": 0.06035083899313223, "y:7": 0.015266162536259316, "y:8": 0.06704685675045059, "y:9": 0.015148325568610947, "y:10": 0.06813324226521822, "y:11": 0.017931594465889548, "y:12": 0.06678345362260166, "y:13": 0.020007860305269166, "y:14": 0.06472643955670998, "y:15": 0.022161730953169218, "y:16": 0.06098217794215146, "y:17": 0.024373273395677998, "y:18": 0.06290224926846595, "y:19": 0.02473814107162355, "y:20": 0.060404188031959266, "y:21": 0.025391706843841223, "y:22": 0.06233495767229582, "y:23": 0.026051048040001808, "y:24": 0.05899254920380094, "y:25": 0.030959859603374967, "y:26": 0.06125818283633417, "y:27": 0.03089339951656733, "y:28": 0.06366507279047187, "y:29": 0.03463874949846751, "y:30": 0.06446447198692681, "y:31": 0.03390069306406702}, "6": {"y:0": 0.06379988954978766, "y:1": 0.02611818519326982, "y:2": 0.05382502341273808, "y:3": 0.03775287138280348, "y:4": 0.04447969085681367, "y:5": 0.04326616227656432, "y:6": 0.04434893741265865, "y:7": 0.049219933095563356, "y:8": 0.03856229835272413, "y:9": 0.05222327239255377, "y:10": 0.03554592204472798, "y:11": 0.06016337628196131, "y:12": 0.0335759019574451, "y:13": 0.05747576797218765, "y:14": 0.03087723001456507, "y:15": 0.056899843941351384, "y:16": 0.02914760754326697, "y:17": 0.0606887890734793, "y:18": 0.027417665555494578, "y:19": 0.06448087169852523, "y:20": 0.02486298046057368, "y:21": 0.06631646325626464, "y:22": 0.02343866135714793, "y:23": 0.0679990569016539, "y:24": 0.023960267308231677, "y:25": 0.06585044234210881, "y:26": 0.024414225435596563, "y:27": 0.07078990354595323, "y:28": 0.0228357951358342, "y:29": 0.07224040096764513, "y:30": 0.022476221145011285, "y:31": 0.0778289323607056}, "7": {"s_p1": 1.3442592907372295, "s_p2": 2.1233894746246604, "s_p3": 1.5454551785742288}, "8": {"s_p1": 2.588988209654486, "s_p2": 2.30451760740136, "s_p3": 1.7459575609500129}, "9": {"s_p1": 2.100731593520145, "s_p2": 2.1619792344313935, "s_p3": 2.6058078030960496}, "10": {"s_p1": 2.5710178463834965, "s_p2": 3.0290150591600487, "s_p3": 2.4526860395540027}, "11": {"s_p1": 2.259421543397062, "s_p2": 2.915596762452916, "s_p3": 3.7852371920608507}, "12": {"s_p1": 1.8698700191854585, "s_p2": 2.0326356638336533, "s_p3": 2.8909556352279835}, "13": {"s_p1": 1.5913444657961593, "s_p2": 2.059333507709345, "s_p3": 2.580579048710435}, "14": {"s_p1": 1.725892946900164, "s_p2": 1.840731035864125, "s_p3": 2.454085077749157}, "15": {"s_p1": 1.716288959796322, "s_p2": 1.8819754932661241, "s_p3": 2.423296253569361}, "16": {"s_p1": 1.7048889391332986, "s_p2": 1.7986861720272942, "s_p3": 2.296579603219455}}