{"0": {"y:0": 0.11165692004982747, "y:1": 0.02259178240406745, "y:2": 0.12230430544414947, "y:3": 0.015520410085737117, "y:4": 0.1423545551891279, "y:5": 0.01658076012066319, "y:6": 0.13066354485059542, "y:7": 0.020740595879645815, "y:8": 0.12179195590218285, "y:9": 0.02905984607192446, "y:10": 0.12001521292215839, "y:11": 0.02936327132842111, "y:12": 0.12835387376257396, "y:13": 0.035384343150479086, "y:14": 0.13311486256515762, "y:15": 0.04438813453925576, "y:16": 0.1320922616749524, "y:17": 0.040046312190819486, "y:18": 0.1344329103047761, "y:19": 0.0475825811964244, "y:20": 0.1447394761446577, "y:21": 0.04774047162602572, "y:22": 0.1225191256173002, "y:23": 0.047670885981514616, "y:24": 0.1334831925232204, "y:25": 0.0568029709018562, "y:26": 0.13802205978887136, "y:27": 0.0613367194531121, "y:28": 0.1250098633552687, "y:29": 0.05965479665984098, "y:30": 0.1417518476236201, "y:31": 0.05874133706832253}, "1": {"y:0": 0.12394315275030732, "y:1": 0.02734941482452896, "y:2": 0.1309689439530795, "y:3": 0.02026193282518546, "y:4": 0.13991909119509527, "y:5": 0.01663388479281765, "y:6": 0.1359452057133203, "y:7": 0.015323766563380291, "y:8": 0.1254666094236505, "y:9": 0.015240628068432516, "y:10": 0.12179910024045758, "y:11": 0.015429464786990792, "y:12": 0.1264745698431117, "y:13": 0.015372426544513514, "y:14": 0.13574881304519498, "y:15": 0.016268301312159242, "y:16": 0.14717585369979244, "y:17": 0.018291686267483766, "y:18": 0.13389233624505237, "y:19": 0.020239529309536153, "y:20": 0.13938765507241846, "y:21": 0.021509555742886256, "y:22": 0.13448626793176516, "y:23": 0.02528358142730764, "y:24": 0.1484079151969169, "y:25": 0.025949902379769026, "y:26": 0.17403456476474324, "y:27": 0.02948057181621072, "y:28": 0.12429635970264229, "y:29": 0.031495487596285746, "y:30": 0.13287422420858575, "y:31": 0.03485147018201657}, "2": {"y:0": 0.12263433644567048, "y:1": 0.07609251696597658, "y:2": 0.12576287454500681, "y:3": 0.05888753306383616, "y:4": 0.13558872077035658, "y:5": 0.057672833782982574, "y:6": 0.1497798060275158, "y:7": 0.044932249336384365, "y:8": 0.1539693628156304, "y:9": 0.042917789612980706, "y:10": 0.13755384178274818, "y:11": 0.0408296178863776, "y:12": 0.14418805941493457, "y:13": 0.03690031785624917, "y:14": 0.14643190949791624, "y:15": 0.03285154748084084, "y:16": 0.1346711903529798, "y:17": 0.03049864004392077, "y:18": 0.15342431631143605, "y:19": 0.029172643023566428, "y:20": 0.12809688189878377, "y:21": 0.02699273865404735, "y:22": 0.14518377959316017, "y:23": 0.02618194352071484, "y:24": 0.1323217897469362, "y:25": 0.02459025967323901, "y:26": 0.13531456749326684, "y:27": 0.02447526395144055, "y:28": 0.13670299771844685, "y:29": 0.024978076398741385, "y:30": 0.14711203419593719, "y:31": 0.02246107347180003}, "3": {"y:0": 0.10180595798148409, "y:1": 0.0743097109267503, "y:2": 0.11209173516034296, "y:3": 0.06943985447777946, "y:4": 0.11978514745552181, "y:5": 0.0632880272485836, "y:6": 0.11743532315287272, "y:7": 0.05302212471479881, "y:8": 0.12842768943659175, "y:9": 0.05293340768824881, "y:10": 0.12761419769695742, "y:11": 0.04778332284831634, "y:12": 0.13151467620315183, "y:13": 0.04465638749224603, "y:14": 0.12203964329428733, "y:15": 0.038673153564334144, "y:16": 0.12290274042531307, "y:17": 0.038213152683011106, "y:18": 0.11886232725665322, "y:19": 0.03785213517369382, "y:20": 0.12344124086256207, "y:21": 0.03499713939811279, "y:22": 0.12755328179247458, "y:23": 0.033029368014641215, "y:24": 0.12686951729108442, "y:25": 0.032977457816278796, "y:26": 0.11620190562311775, "y:27": 0.029505974746039963, "y:28": 0.12038676593198289, "y:29": 0.029117868363195562, "y:30": 0.11900453415247862, "y:31": 0.029730857769919693}, "4": {"y:0": 0.0733837408501064, "y:1": 0.034453094352339286, "y:2": 0.08857518726337499, "y:3": 0.029400272070003442, "y:4": 0.0885184088257087, "y:5": 0.023856373718216806, "y:6": 0.09526495052753121, "y:7": 0.021092753999635828, "y:8": 0.09356797632501218, "y:9": 0.02136704241794707, "y:10": 0.09734445065838476, "y:11": 0.017955727084542364, "y:12": 0.09182022209210886, "y:13": 0.017406544530498343, "y:14": 0.08911926430301598, "y:15": 0.017188115425334157, "y:16": 0.08922843036120948, "y:17": 0.01619861158387653, "y:18": 0.08930026968511662, "y:19": 0.016748008948660922, "y:20": 0.0922943481098511, "y:21": 0.015514157760225173, "y:22": 0.08920285070096678, "y:23": 0.015812754524118313, "y:24": 0.08776882480182356, "y:25": 0.01613802903628917, "y:26": 0.08539426103081342, "y:27": 0.016443024992316327, "y:28": 0.08879359423693307, "y:29": 0.016869625279735834, "y:30": 0.08978408900314742, "y:31": 0.016888668683352436}, "5": {"y:0": 0.054628465462070015, "y:1": 0.01982843690693435, "y:2": 0.05905627298200744, "y:3": 0.014576237636376749, "y:4": 0.06125780386281997, "y:5": 0.013746522091546821, "y:6": 0.07134834878610516, "y:7": 0.014378528607139757, "y:8": 0.0635987835104219, "y:9": 0.014939548859118162, "y:10": 0.06294777422822313, "y:11": 0.016349065928500585, "y:12": 0.0612066112348332, "y:13": 0.016564075662758505, "y:14": 0.06296985988980697, "y:15": 0.017748518630117307, "y:16": 0.067133987257768, "y:17": 0.018851299404965233, "y:18": 0.061331038816116804, "y:19": 0.02211288860727254, "y:20": 0.05627347634898425, "y:21": 0.021900323568848638, "y:22": 0.060448141973737095, "y:23": 0.022512024402921105, "y:24": 0.05971997853424895, "y:25": 0.022454618930104774, "y:26": 0.060619659176483924, "y:27": 0.02425405234713877, "y:28": 0.056824578782139264, "y:29": 0.026671235489035897, "y:30": 0.05612715717262179, "y:31": 0.029829234934537204}, "6": {"y:0": 0.07633582996515458, "y:1": 0.047284420561075985, "y:2": 0.06631855028880482, "y:3": 0.06700360398645297, "y:4": 0.060540070927990644, "y:5": 0.06972476444888492, "y:6": 0.057078359058153914, "y:7": 0.07429014378802049, "y:8": 0.05401528675409847, "y:9": 0.0776629120241242, "y:10": 0.04512059126241767, "y:11": 0.08623990907889484, "y:12": 0.04498985970262396, "y:13": 0.08820933571484735, "y:14": 0.04249691662356512, "y:15": 0.09245860214575709, "y:16": 0.04086936365850229, "y:17": 0.09406705062977413, "y:18": 0.03458111258511073, "y:19": 0.0853528172814001, "y:20": 0.0322428568052379, "y:21": 0.0963293012302756, "y:22": 0.03046368608753477, "y:23": 0.0857113631093909, "y:24": 0.03000382298773264, "y:25": 0.10972989495875705, "y:26": 0.027214634945534593, "y:27": 0.09777540077354122, "y:28": 0.024120327217231598, "y:29": 0.10279154621978154, "y:30": 0.02278375439043551, "y:31": 0.10598454893506953}, "7": {"s_p1_0": 3.223907715438297, "s_p2_0": 4.167365847495444, "s_p3_0": 2.4256229106361995, "s_p1_1": 1.9112132476384105, "s_p2_1": 4.545066095533301, "s_p3_1": 3.7957386809249316}, "8": {"s_p1_0": 6.181297905502362, "s_p2_0": 4.982719088552425, "s_p3_0": 7.640123593073897, "s_p1_1": 2.732723563278846, "s_p2_1": 12.265637249187549, "s_p3_1": 12.904520529290737}, "9": {"s_p1_0": 5.5589974787354395, "s_p2_0": 4.7376385371454965, "s_p3_0": 10.164294401976841, "s_p1_1": 2.7352054514344033, "s_p2_1": 12.013294716825788, "s_p3_1": 15.967654234239767}, "10": {"s_p1_0": 8.05751148154708, "s_p2_0": 6.931090006896832, "s_p3_0": 17.124824211228066, "s_p1_1": 4.600865629072643, "s_p2_1": 23.443140348186166, "s_p3_1": 22.08855545586594}, "11": {"s_p1_0": 9.498705878253164, "s_p2_0": 8.358874233515142, "s_p3_0": 23.528409558638536, "s_p1_1": 5.897059526418319, "s_p2_1": 26.655470994181552, "s_p3_1": 32.318178173812626}, "12": {"s_p1_0": 12.372657531032907, "s_p2_0": 9.121394559542088, "s_p3_0": 22.300144525697096, "s_p1_1": 6.945950991825217, "s_p2_1": 33.348704401083815, "s_p3_1": 32.763017572697}, "13": {"s_p1_0": 13.170281982054597, "s_p2_0": 8.167004262047769, "s_p3_0": 14.117901230456145, "s_p1_1": 6.809932540394048, "s_p2_1": 38.455439248752256, "s_p3_1": 22.93686284541562}, "14": {"s_p1_0": 12.2030086085225, "s_p2_0": 8.690885495520096, "s_p3_0": 14.727012561166678, "s_p1_1": 6.795352985855773, "s_p2_1": 35.467189096935286, "s_p3_1": 24.451839042243467},