{"0": {"y:0": 0.03927821143325518, "y:1": 0.042375157066967685, "y:2": 0.5143619517077788, "y:3": 0.09260086984563137, "y:4": 0.28604070421225813, "y:5": 0.06462905325967762, "y:6": 0.334551533139685, "y:7": 0.07669269727139319, "y:8": 0.25007205297044044, "y:9": 0.02891819244397533, "y:10": 0.15905367056293693, "y:11": 0.0719257659346699, "y:12": 0.16894581279416707, "y:13": 0.07587788135738671, "y:14": 0.14457000712379026, "y:15": 0.06165165555705279, "y:16": 0.116893011761192, "y:17": 0.017451439728214165, "y:18": 0.0574742125437746, "y:19": 0.06790254754691183, "y:20": 0.035372325039930964, "y:21": 0.0858197920568688, "y:22": 0.023845674308681494, "y:23": 0.030128586562008088, "y:24": 0.007485373741317364, "y:25": 0.03357913700610017, "y:26": 0.008336941385118014, "y:27": 0.022757381402339093, "y:28": 0.005580268574837717, "y:29": 0.046316146074685635, "y:30": 0.003072535012970166, "y:31": 0.026439410573983538}}