{"0": {"y:0": 71.6080472853635, "y:1": 6.85308905964321, "y:2": 5.02165630881409, "y:3": 4.1528849938481, "y:4": 3.7059996595196907, "y:5": 3.5143948865507464, "y:6": 3.2270192669673334, "y:7": 3.149694353036304, "y:8": 3.0384276099222074, "y:9": 2.93010382864894}, "1": {"y:0": 70.83888388839597, "y:1": 7.515790233582044, "y:2": 5.648955963893169, "y:3": 4.8288728356606665, "y:4": 4.417254759105844, "y:5": 4.216679259572186, "y:6": 3.9277874419439907, "y:7": 3.8838200590204837, "y:8": 3.6727631662217934, "y:9": 3.6526626795241097}, "2": {"y:0": 72.09982858141977, "y:1": 20.632551062875454, "y:2": 15.547295052957505, "y:3": 13.374423347819862, "y:4": 11.694048131245834, "y:5": 10.785799758747329, "y:6": 10.18237451006533, "y:7": 9.660416233402167, "y:8": 9.167522711884697, "y:9": 8.901239122220641}, "3": {"y:0": 73.0055172712949, "y:1": 11.91973648968149, "y:2": 9.317377313508873, "y:3": 8.470492725023004, "y:4": 7.583635831453524, "y:5": 7.087739545709844, "y:6": 6.893362393694458, "y:7": 6.542513998423378, "y:8": 6.348455239263311, "y:9": 6.12367114113553}, "4": {"y:0": 75.06977646856818, "y:1": 12.00950787739859, "y:2": 11.615220267973621, "y:3": 10.882050263699679, "y:4": 10.18121819277709, "y:5": 9.681200354711766, "y:6": 9.266596924105746, "y:7": 8.73833125708173, "y:8": 8.338586231218432, "y:9": 8.082804928865645}, "5": {"y:0": 77.25431136507065, "y:1": 11.181396309178279, "y:2": 12.997780030140982, "y:3": 13.613511040624068, "y:4": 13.405613653335598, "y:5": 13.079358540574548, "y:6": 12.105193433777469, "y:7": 11.463563288396939, "y:8": 10.944976543425925, "y:9": 10.48745964031348}, "6": {"y:0": 74.17736169664717, "y:1": 12.476316685455952, "y:2": 18.094434006945537, "y:3": 21.506452703644122, "y:4": 22.010775910343032, "y:5": 21.540780568580903, "y:6": 20.895322120828595, "y:7": 19.51311810862742, "y:8": 18.80234469722353, "y:9": 18.64213646377125}, "7": {"y:0": 76.48028604583054, "y:1": 14.763536580683716, "y:2": 23.560512991190198, "y:3": 27.500061964439467, "y:4": 28.695991824746176, "y:5": 28.820802091412304, "y:6": 27.757323960806133, "y:7": 27.647044715816055, "y:8": 26.779002708296012, "y:9": 26.9808153587971}, "8": {"y:0": 75.02699850091132, "y:1": 17.926339216185255, "y:2": 29.352786718637965, "y:3": 34.71866461770198, "y:4": 36.63064218546328, "y:5": 36.85976794931119, "y:6": 37.82624166779486, "y:7": 37.398122622864065, "y:8": 36.48599874890813, "y:9": 35.42462332391567}, "9": {"y:0": 73.02990537747942, "y:1": 18.872667728301078, "y:2": 30.123580686866585, "y:3": 36.52899009116139, "y:4": 38.220603201878845, "y:5": 38.97170056446938, "y:6": 38.305361319187035, "y:7": 39.474383531453654, "y:8": 38.5687148434237, "y:9": 38.481666399986885}, "10": {"y:0": 73.98188164107117, "y:1": 17.89361328221197, "y:2": 30.656359470162784, "y:3": 37.15791188315273, "y:4": 39.59777880606205, "y:5": 41.56779566013763, "y:6": 41.751978228184605, "y:7": 42.5323682820614, "y:8": 41.22211733629826, "y:9": 42.125262672829244}, "11": {"y:0": 75.5991037473744, "y:1": 17.8406341848646, "y:2": 32.49684883255204, "y:3": 39.5893740495772, "y:4": 42.88299556343116, "y:5": 43.81362924939014, "y:6": 43.912711318521076, "y:7": 43.89508995157555, "y:8": 43.87442270762425, "y:9": 43.96861568565349}, "12": {"y:0": 74.25775127074748, "y:1": 19.85510225821901, "y:2": 34.356907761560954, "y:3": 40.90980358454983, "y:4": 43.84776996427378, "y:5": 45.30126801446162, "y:6": 45.57456251871006, "y:7": 46.10997038348633, "y:8": 46.46323062884705, "y:9": 45.881666533369}}