{"0": {"y:0": 0.38941345585838394, "y:1": 0.3874496997946596, "y:2": 0.3926117653420024, "y:3": 0.3892596025749341, "y:4": 0.3875509851057824, "y:5": 0.3834950887974583, "y:6": 0.38883664570018817, "y:7": 0.39379671249911125, "y:8": 0.3886109836191549, "y:9": 0.3889834112504809}}