{"0": {"y:0": 0.40553704523308737, "y:1": 0.40766295265969854, "y:2": 0.40695396353643687, "y:3": 0.40806202857869883, "y:4": 0.4046961068972003, "y:5": 0.4192914830487007, "y:6": 0.40674131922537365, "y:7": 0.419669277448552, "y:8": 0.4032891948377426, "y:9": 0.41357147148704504}, "1": {"y:0": 0.3981986346349827, "y:1": 0.3945916589779414, "y:2": 0.39873910420625674, "y:3": 0.3975464696599646, "y:4": 0.3938184947609694, "y:5": 0.39726383406365545, "y:6": 0.4000988071887917, "y:7": 0.39565150726549025, "y:8": 0.39417659378815073, "y:9": 0.39506198031807305}, "2": {"y:0": 0.8296044261905843, "y:1": 0.823823173590185, "y:2": 0.8190764478863293, "y:3": 0.8356044349974925, "y:4": 0.8211760345703477, "y:5": 0.8167734452279224, "y:6": 0.8282268271825447, "y:7": 0.8206834152352099, "y:8": 0.8080785441398967, "y:9": 0.8225659853782824}, "3": {"y:0": 1.6315783624289566, "y:1": 1.6573038452382565, "y:2": 1.6407127135526167, "y:3": 1.6266277263851587, "y:4": 1.6361714252983308, "y:5": 1.6353636902566324, "y:6": 1.634301762333665, "y:7": 1.6421310680749523, "y:8": 1.6059328816851879, "y:9": 1.605234579490587}, "4": {"y:0": 3.1780165467109884, "y:1": 3.129821048169017, "y:2": 3.130519958647904, "y:3": 3.147679329999871, "y:4": 3.063679834452093, "y:5": 3.0798640111413067, "y:6": 3.1857523543711204, "y:7": 3.1174366363447383, "y:8": 3.179072676850665, "y:9": 3.1365384179271305}, "5": {"y:0": 5.111333290658786, "y:1": 5.05634815884368, "y:2": 5.129439241565927, "y:3": 5.347536311543313, "y:4": 5.201213430702378, "y:5": 4.969980466917137, "y:6": 4.923863968441395, "y:7": 5.047897436779314, "y:8": 5.110079129152399, "y:9": 5.138046881317115}, "6": {"y:0": 6.1749471818842885, "y:1": 6.148361791095238, "y:2": 5.906718142276164, "y:3": 6.0647423433152055, "y:4": 5.85588092315211, "y:5": 6.0208307322863845, "y:6": 6.372082797677222, "y:7": 6.112339490419438, "y:8": 6.018453697712464, "y:9": 6.141072973428971}, "7": {"y:0": 6.168552132684665, "y:1": 6.4276131868044635, "y:2": 6.209779506792855, "y:3": 6.247792080028865, "y:4": 6.433025571235101, "y:5": 6.343535038467957, "y:6": 6.109433525419962, "y:7": 6.181159942015202, "y:8": 6.2493384655767334, "y:9": 6.296877049029049}, "8": {"y:0": 6.631094075004591, "y:1": 6.650642954848175, "y:2": 6.6621582077511485, "y:3": 6.630770532155795, "y:4": 6.5761397747141555, "y:5": 6.672223684772709, "y:6": 6.767078999482046, "y:7": 6.704397207558643, "y:8": 6.692192374927137, "y:9": 6.793734819584343}, "9": {"y:0": 6.768153846891692, "y:1": 6.81608198486261, "y:2": 6.6812564143873745, "y:3": 6.828716899001317, "y:4": 6.746100017166304, "y:5": 6.748112414918629, "y:6": 6.770556814616779, "y:7": 6.886556376069839, "y:8": 6.812639942129406, "y:9": 6.716367483709669}, "10": {"y:0": 6.728803785356477, "y:1": 6.70302357433978, "y:2": 6.728474796929538, "y:3": 6.689002948488246, "y:4": 6.751044252234545, "y:5": 6.746746596719608, "y:6": 6.712928008620481, "y:7": 6.749259624243337, "y:8": 6.7739808083047635, "y:9": 6.783470974356989}, "11": {"y:0": 6.903308615655741, "y:1": 6.909779822754845, "y:2": 6.8203866234653505, "y:3": 6.832251009702441, "y:4": 6.843350924805632, "y:5": 6.861104878513807, "y:6": 6.8331253905658595, "y:7": 6.8427478519578, "y:8": 6.8916457073861155, "y:9": 6.897045623953852}}