{"14": {"y:0": 0.0, "y:1": 0.0, "y:2": 0.001050642400960226, "y:3": 0.0005302054795098741, "y:4": 0.0010717001273435772, "y:5": 0.0011911434921891642, "y:6": 0.001179623114583129, "y:7": 0.0011067052842494473, "y:8": 0.00269000517333703, "y:9": 0.0017025632811005582, "y:10": 0.004526975114738012, "y:11": 0.001062627397993988, "y:12": 0.0017923520358272505, "y:13": 0.0026182702344971086, "y:14": 0.0034533634666013362, "y:15": 0.00680567066532864, "y:16": 0.002858613095477308, "y:17": 0.006647675087768109, "y:18": 0.0026218205939730656, "y:19": 0.0029144867095887224, "y:20": 0.003294312741387354, "y:21": 0.0010969287113040075, "y:22": 0.0028953565479552298, "y:23": 0.003507900432274729, "y:24": 0.0037447269474584245, "y:25": 0.008827440689969924, "y:26": 0.004343573826198389, "y:27": 0.0033648831097696334, "y:28": 0.003524867611097483, "y:29": 0.004504034848107386, "y:30": 0.006059174389995163, "y:31": 0.0036811520046582716, "y:32": 0.009411750795644509, "y:33": 0.003292301701588318, "y:34": 0.007250768537139254, "y:35": 0.0033427140046034, "y:36": 0.003222741056581651, "y:37": 0.003155533510751372, "y:38": 0.005087940130863493, "y:39": 0.004407799095424454, "y:40": 0.009854848700194744, "y:41": 0.005393264673827604, "y:42": 0.0021149702697345245, "y:43": 0.005558663299349878, "y:44": 0.013427165103278477, "y:45": 0.007340593633032426, "y:46": 0.012427882925300619, "y:47": 0.010527593155829684, "y:48": 0.03672592087424977, "y:49": 0.012957330402214048, "y:50": 0.01626364651278795, "y:51": 0.003194136625427206, "y:52": 0.008869533756382615, "y:53": 0.007355261836983531, "y:54": 0.004364658212817261, "y:55": 0.004109258515526944, "y:56": 0.007855906410693102, "y:57": 0.006502325520141377, "y:58": 0.010388081523021828, "y:59": 0.0062280886863710395, "y:60": 0.00820279133995852, "y:61": 0.0037322597683999755, "y:62": 0.01567704273682352, "y:63": 0.007222432364569992, "y:64": 0.023484326170194157, "y:65": 0.012664829901469537, "y:66": 0.008791366328490988, "y:67": 0.012602882791933185, "y:68": 0.010770969435537396, "y:69": 0.007012420352014339, "y:70": 0.004971699210414374, "y:71": 0.012674047046082056, "y:72": 0.016503838917457887, "y:73": 0.019607369051158216, "y:74": 0.02414860565798793, "y:75": 0.007091537680898695, "y:76": 0.003231537682230122, "y:77": 0.00935391588401475, "y:78": 0.00926615035255231, "y:79": 0.007092104595159238, "y:80": 0.019538708422883633, "y:81": 0.011738918540067754, "y:82": 0.020316836587039505, "y:83": 0.014420894318016766, "y:84": 0.01640402569218284, "y:85": 0.007333200384016903, "y:86": 0.008437093312300116, "y:87": 0.0072759916852422725, "y:88": 0.03311941931611642, "y:89": 0.004157742144161609, "y:90": 0.03961621380462147, "y:91": 0.01248835748312768, "y:92": 0.020252682062897195, "y:93": 0.011153738474911416, "y:94": 0.012130208284366437, "y:95": 0.016878993587775223, "y:96": 0.011143161558320503, "y:97": 0.010814911639908244, "y:98": 0.009820914242710792, "y:99": 0.01899270784667334, "y:100": 0.017913939414038463, "y:101": 0.010258038782688264, "y:102": 0.014967737546404257, "y:103": 0.012179384587961846, "y:104": 0.02001615471847048, "y:105": 0.01662855134667839, "y:106": 0.0264983719392693, "y:107": 0.017415816745963847, "y:108": 0.015177703474970352, "y:109": 0.009367827810830518, "y:110": 0.016410450394248252, "y:111": 0.01929576463280482, "y:112": 0.0332570908117597, "y:113": 0.01671051692707762, "y:114": 0.015485854675067834, "y:115": 0.0247048614848722, "y:116": 0.0295208124764743, "y:117": 0.050257040873236306, "y:118": 0.042216137560274244, "y:119": 0.03970711192511395, "y:120": 0.021576133193001334, "y:121": 0.035158699197784644, "y:122": 0.015547863024342665, "y:123": 0.023906818856045613, "y:124": 0.016397813275168857, "y:125": 0.017442886059796842, "y:126": 0.015340788293881306, "y:127": 0.023881724334747716, "y:128": 0.0283661221602907, "y:129": 0.029176530723277277, "y:130": 0.0170232612595177, "y:131": 0.02190521807623593, "y:132": 0.019974090746036916, "y:133": 0.02765049585124931, "y:134": 0.01318781472201193, "y:135": 0.024435928901213516, "y:136": 0.004769811345144833, "y:137": 0.028511786677980364, "y:138": 0.02867958679463468, "y:139": 0.0434301193033315, "y:140": 0.02521325664900972, "y:141": 0.031027615602305235, "y:142": 0.018598831232856196, "y:143": 0.014687509324040941, "y:144": 0.01664318397851974, "y:145": 0.03715116223206248, "y:146": 0.014575730691890202, "y:147": 0.028810031418037164, "y:148": 0.016706522439540746, "y:149": 0.028257019510192164, "y:150": 0.02023051818453123, "y:151": 0.007025173624012172, "y:152": 0.01695091738006367, "y:153": 0.04080045962007432, "y:154": 0.004234417545520609, "y:155": 0.019952213718603774, "y:156": 0.012266962683792215, "y:157": 0.018998071005552137, "y:158": 0.014069566258029062, "y:159": 0.04115434886926658, "y:160": 0.0023192968746064495, "y:161": 0.035398604953624166, "y:162": 0.01087599504639558, "y:163": 0.015690286602906157, "y:164": 0.012081243637578626, "y:165": 0.024760017363335933, "y:166": 0.0036250685101459545, "y:167": 0.025675621880054962, "y:168": 0.013353643117377119, "y:169": 0.035041642351939226, "y:170": 0.012415357942491101, "y:171": 0.04717582383861507, "y:172": 0.009029344695290938, "y:173": 0.06373015436015704, "y:174": 0.006116628993813329, "y:175": 0.03173001337807997, "y:176": 0.020634441492252353, "y:177": 0.03304009087902832, "y:178": 0.006845711877415088, "y:179": 0.01365658811684558, "y:180": 0.0033564975109642518, "y:181": 0.012061466549361497, "y:182": 0.01165674535599627, "y:183": 0.031613369372058005, "y:184": 0.013092554345356923, "y:185": 0.024058447373517998, "y:186": 0.02229022489975462, "y:187": 0.026153510465123386, "y:188": 0.015001190530417721, "y:189": 0.013059398054694082, "y:190": 0.006946271720765272, "y:191": 0.046624446972760095, "y:192": 0.009011500165224, "y:193": 0.026986328109505166, "y:194": 0.012777477022589422, "y:195": 0.024424184993840227, "y:196": 0.011134838821338828, "y:197": 0.04584716556913495, "y:198": 0.004962027498222251, "y:199": 0.03256284744958577, "y:200": 0.01203946242253775, "y:201": 0.008939314155211342, "y:202": 0.010866679136743235, "y:203": 0.019361135085813462, "y:204": 0.0025541733354401074, "y:205": 0.019333796973826846, "y:206": 0.007096345970365904, "y:207": 0.013727477843944288, "y:208": 0.008149297755707358, "y:209": 0.012903543999285649, "y:210": 0.012393102943998183, "y:211": 0.028143040498536234, "y:212": 0.006515287128637536, "y:213": 0.014194825115071832, "y:214": 0.008600970015984545, "y:215": 0.01547320216099687, "y:216": 0.00970595063176537, "y:217": 0.018906002665631513, "y:218": 0.008632218351285656, "y:219": 0.013251632055831256, "y:220": 0.00638134033889357, "y:221": 0.03070546207403023, "y:222": 0.00450029070212989, "y:223": 0.022069125810992747, "y:224": 0.005215280722444342, "y:225": 0.007900704568956966, "y:226": 0.007813023028336325, "y:227": 0.013962062615452565, "y:228": 0.005444632440859384, "y:229": 0.0061542457348584614, "y:230": 0.014033197863665555, "y:231": 0.008496785374193612, "y:232": 0.014722576770359689, "y:233": 0.01573962830795033, "y:234": 0.024239352739900563, "y:235": 0.05280756591970555, "y:236": 0.02496398985580215, "y:237": 0.03842616331918648, "y:238": 0.00956026335657481, "y:239": 0.020607844377938136, "y:240": 0.0021635828117030635, "y:241": 0.02489294030165399, "y:242": 0.008262585569529267, "y:243": 0.026421837613645426, "y:244": 0.00970944725671575, "y:245": 0.03787898119638199, "y:246": 0.009571603410768787, "y:247": 0.024979373592921107, "y:248": 0.011747216457138446, "y:249": 0.0300943159267791, "y:250": 0.006274086873408932, "y:251": 0.04475138978587428, "y:252": 0.008221632630696139, "y:253": 0.02455070012445661, "y:254": 0.02026998053422395, "y:255": 0.025057341166300803, "y:256": 0.012493627023927534, "y:257": 0.01195054333263882, "y:258": 0.007385696496306768, "y:259": 0.007676787397117496, "y:260": 0.012133095015295142, "y:261": 0.005053678253197429, "y:262": 0.011205285188393282, "y:263": 0.009923455835987768,