{"0": {"y:0": 0.007039363217133075, "y:1": 0.10209030313425158, "y:2": 0.19630568308782392, "y:3": 0.20028148397628942, "y:4": 0.12042047949799846, "y:5": 0.02033458278245109, "y:6": 0.0009743309712752597}, "1": {"y:0": 0.009175079496444818, "y:1": 0.10600611219830826, "y:2": 0.20479212038223296, "y:3": 0.20705273517917513, "y:4": 0.1232346568953698, "y:5": 0.022668082604210132, "y:6": 0.001418795755229512}, "2": {"y:0": 0.03882709444759107, "y:1": 0.20447251404779265, "y:2": 0.24612535507829789, "y:3": 0.23996906977276367, "y:4": 0.15833395983925094, "y:5": 0.044447089734984874, "y:6": 0.005573339947340244}, "3": {"y:0": 0.0926581592935331, "y:1": 0.28561761878750364, "y:2": 0.3394851495841098, "y:3": 0.3404219103772878, "y:4": 0.2370409518065676, "y:5": 0.0707378673226224, "y:6": 0.013015458663057228}, "4": {"y:0": 0.17791331529248788, "y:1": 0.36071744748931817, "y:2": 0.4038620123544824, "y:3": 0.40911068327468975, "y:4": 0.30804443297972656, "y:5": 0.11333596261759472, "y:6": 0.026859593816171902}, "5": {"y:0": 0.27863234960817307, "y:1": 0.4941733244346776, "y:2": 0.5581887812719739, "y:3": 0.563606518600866, "y:4": 0.42187512595313365, "y:5": 0.1717640979902303, "y:6": 0.042384007297342846}, "6": {"y:0": 0.42519733082998407, "y:1": 0.6434816586053512, "y:2": 0.6697036113653055, "y:3": 0.6663498803431213, "y:4": 0.5263627090813349, "y:5": 0.26401756042152175, "y:6": 0.07221714390228001}, "7": {"y:0": 0.6726511342031853, "y:1": 0.9363412999561633, "y:2": 0.9976544827885521, "y:3": 1.0053465480933415, "y:4": 0.8334691309474854, "y:5": 0.39865622175641835, "y:6": 0.12163032566742749}, "8": {"y:0": 0.9826397342146422, "y:1": 1.2740368252255752, "y:2": 1.306113966404114, "y:3": 1.337177295523347, "y:4": 1.186028019748819, "y:5": 0.6316815059422523, "y:6": 0.2032295092338822}, "9": {"y:0": 1.3486259193300874, "y:1": 1.9459900033289796, "y:2": 2.039735431139747, "y:3": 1.9577998706644288, "y:4": 1.623127120772886, "y:5": 0.7674473272174496, "y:6": 0.2484856608370596}, "10": {"y:0": 1.783344124109745, "y:1": 2.3604957399243744, "y:2": 2.647282057517491, "y:3": 2.6661757525818035, "y:4": 2.248414921403046, "y:5": 1.0752934000359986, "y:6": 0.3665576688542783}, "11": {"y:0": 2.2200151723489423, "y:1": 3.0514172611126207, "y:2": 3.6790663861797976, "y:3": 3.6282748808750203, "y:4": 2.7095916577528367, "y:5": 1.2737613845887625, "y:6": 0.4407687793355021}, "12": {"y:0": 2.754849775285138, "y:1": 3.7172156538395984, "y:2": 4.6098453827565145, "y:3": 4.173015859263989, "y:4": 3.299170150816188, "y:5": 1.5651787797101449, "y:6": 0.6323895831842877}, "13": {"y:0": 3.1363220006651678, "y:1": 4.510058310788007, "y:2": 6.118512514375669, "y:3": 4.793389579156393, "y:4": 4.094576948686839, "y:5": 1.950330881940668, "y:6": 0.7854056986749154}, "14": {"y:0": 3.3039306874209977, "y:1": 5.335212044032843, "y:2": 7.677259972029581, "y:3": 5.121749042324473, "y:4": 4.879342215093378, "y:5": 2.456932382301646, "y:6": 1.0221673114115442}, "15": {"y:0": 3.1782415609075922, "y:1": 5.36362772917095, "y:2": 9.853034983036054, "y:3": 5.684741205595559, "y:4": 6.007540329406029, "y:5": 3.168433114141892, "y:6": 1.2454760151356923}, "16": {"y:0": 3.0536745874571483, "y:1": 5.572544582562886, "y:2": 11.170400160708091, "y:3": 6.499483360241458, "y:4": 6.985723502142174, "y:5": 3.4680138055369483, "y:6": 1.4299851634629175}, "17": {"y:0": 2.9394252801002154, "y:1": 6.058931143320897, "y:2": 12.053180052239302, "y:3": 8.419148704118475, "y:4": 8.375165788882253, "y:5": 4.638167826213112, "y:6": 1.528394589906984}, "18": {"y:0": 3.502261293304348, "y:1": 8.33000410381402, "y:2": 13.290761000129395, "y:3": 11.243348524278694, "y:4": 9.27426134695324, "y:5": 5.523505643193438, "y:6": 1.7142169713557545}, "19": {"y:0": 3.8889753452848774, "y:1": 9.181286199208905, "y:2": 16.392011319888113, "y:3": 14.302804655430545, "y:4": 11.729761295127679, "y:5": 6.44491523546302, "y:6": 1.8560666606863123}, "20": {"y:0": 4.995265755758363, "y:1": 12.585583241386473, "y:2": 18.47142034593802, "y:3": 15.855762300766829, "y:4": 12.597136605401198, "y:5": 7.465805826182724, "y:6": 2.141011975446545}, "21": {"y:0": 5.830034198439169, "y:1": 13.962765795569263, "y:2": 20.88415932099689, "y:3": 19.353176910953312, "y:4": 13.930857659959356, "y:5": 8.48254867564691, "y:6": 2.348367150689493}, "22": {"y:0": 7.189063748988254, "y:1": 19.51610574107162, "y:2": 24.075620530431006, "y:3": 22.210213164173762, "y:4": 15.159336915565152, "y:5": 8.849812642465489, "y:6": 2.5593315549715174}, "23": {"y:0": 8.38573405543285, "y:1": 22.37595427924404, "y:2": 28.904410164772475, "y:3": 25.8584609932116, "y:4": 17.075406820271986, "y:5": 9.98607987891678, "y:6": 3.0184269199030545}, "24": {"y:0": 10.72180346292304, "y:1": 29.172442922016348, "y:2": 30.284776023961808, "y:3": 27.07351884412731, "y:4": 19.364025553265495, "y:5": 11.369927013613932, "y:6": 3.202876196861151}, "25": {"y:0": 11.82866018956819, "y:1": 31.759773773986296, "y:2": 28.451925455192377, "y:3": 17.74485472331076, "y:4": 11.76846140755113, "y:5": 7.849674482082526, "y:6": 3.4601380734646274}, "26": {"y:0": 14.421946023062693, "y:1": 35.74250935889716, "y:2": 35.77834531290733, "y:3": 30.203508233268924, "y:4": 19.952364208300782, "y:5": 11.23960717941581, "y:6": 3.87012234957945}, "27": {"y:0": 19.70588985633842, "y:1": 46.73454644464499, "y:2": 41.15307175624663, "y:3": 30.62259553739023, "y:4": 19.126485588560982, "y:5": 11.746236101021498, "y:6": 4.533402937452088}, "28": {"y:0": 21.502216886255592, "y:1": 44.875976224892426, "y:2": 42.84149702934169, "y:3": 33.59755722020757, "y:4": 22.459745483534167, "y:5": 12.654160263616381, "y:6": 4.604327296815407}, "29": {"y:0": 26.916433466966744, "y:1": 53.4321309504399, "y:2": 49.54114913666562, "y:3": 36.06578138913233, "y:4": 22.881914524659088, "y:5": 13.781251410022087, "y:6": 5.564972439673377}, "30": {"y:0": 29.17237349334803, "y:1": 51.57192491292356, "y:2": 49.75809049711377, "y:3": 38.03818495555897, "y:4": 23.611908507595814, "y:5": 13.886119221937722, "y:6": 5.8194062526965675}, "31": {"y:0": 34.92002237439954, "y:1": 57.956700570313686, "y:2": 51.4539574900002, "y:3": 39.06836994725033, "y:4": 25.250170427689206, "y:5": 14.653194482573738, "y:6": 6.024090837311196}}