{"0": {"y:0": 1.9882321730252603, "y:1": 0.8863204126864013, "y:2": 0.5154883033079555, "y:3": 0.38282892887079367, "y:4": 0.3046324193298925, "y:5": 0.24941224223542008, "y:6": 0.21022448584539058, "y:7": 0.17778222298111857, "y:8": 0.1604494357988175, "y:9": 0.1451381280083795}, "1": {"y:0": 2.1180262505149896, "y:1": 0.8909795216220787, "y:2": 0.5458852452138576, "y:3": 0.3842197129280398, "y:4": 0.3054699155790945, "y:5": 0.2453223624945599, "y:6": 0.2092149165351856, "y:7": 0.1792487066371124, "y:8": 0.16003397210016113, "y:9": 0.1427618685194335}, "2": {"y:0": 3.6307601768454014, "y:1": 1.8293265786325024, "y:2": 1.2383233324427931, "y:3": 0.9042838186933327, "y:4": 0.703970636359068, "y:5": 0.588429842037151, "y:6": 0.5025022443642062, "y:7": 0.4333969923481417, "y:8": 0.38396352970065595, "y:9": 0.345548863650782}, "3": {"s_theta_0": 0.9699200858599343, "s_theta_1": 0.9673325586277289}, "4": {"s_theta_0": 1.2615833749656638, "s_theta_1": 1.2597628307418822}, "5": {"s_theta_0": 1.9478932678448442, "s_theta_1": 1.9527641581627253}, "6": {"s_theta_0": 2.7846415850288833, "s_theta_1": 2.787093507384373}}