{"0": {"y:0": 74.01437337204604, "y:1": 8.212639766322221, "y:2": 6.506850754434759, "y:3": 5.260349137461633, "y:4": 4.7183967333816605, "y:5": 4.4052819641831915, "y:6": 4.219490922483249, "y:7": 4.141889318737618, "y:8": 4.003427147994524, "y:9": 3.8484392623366768}}