{"0": {"y:0": 0.005904746067350372, "y:1": 0.008732555827913942, "y:2": 0.0033173552442697096, "y:3": 0.0036888565468220953, "y:4": 0.06811318116889097, "y:5": 0.00681744041315797, "y:6": 0.01689658457620253, "y:7": 0.005742269887283006, "y:8": 0.006362566121917328, "y:9": 0.008282148958485546, "y:10": 0.004553899274578446, "y:11": 0.0038131931076184435, "y:12": 0.009549588900031996, "y:13": 0.00285467997829816, "y:14": 0.013813895319619787, "y:15": 0.005282552725159815, "y:16": 0.0062472131052317866, "y:17": 0.00714820566945622, "y:18": 0.004834840670218463, "y:19": 0.0035490486603542972, "y:20": 0.016335499743872377, "y:21": 0.0031612544646639493, "y:22": 0.01455006792645367, "y:23": 0.0063801813613370405, "y:24": 0.007646679669439176, "y:25": 0.009723011599300668, "y:26": 0.003756385501333425, "y:27": 0.004732582503031525, "y:28": 0.07100057119780484, "y:29": 0.025689313254146782, "y:30": 0.011419270046004045, "y:31": 0.004684746257918889}, "1": {"y:0": 0.005829893012605638, "y:1": 0.010392610161178583, "y:2": 0.0033106091081312166, "y:3": 0.00427985450621266, "y:4": 0.06855572548944566, "y:5": 0.006964455421968011, "y:6": 0.016676244728725628, "y:7": 0.005972475105027105, "y:8": 0.00631470110861001, "y:9": 0.00826551939694601, "y:10": 0.00457203150659276, "y:11": 0.003957572898786947, "y:12": 0.009503526885809776, "y:13": 0.002865103427249609, "y:14": 0.014027660734179314, "y:15": 0.005305955932864418, "y:16": 0.006266597596128124, "y:17": 0.007110554570224947, "y:18": 0.004834402037150778, "y:19": 0.003568280657888722, "y:20": 0.01610409374892086, "y:21": 0.0031594394161967173, "y:22": 0.014698837888931377, "y:23": 0.006484950802016149, "y:24": 0.007556147130783303, "y:25": 0.009835258252536035, "y:26": 0.0037400534914568606, "y:27": 0.004782068680748067, "y:28": 0.06937374720358594, "y:29": 0.025717980259995887, "y:30": 0.011345751374358172, "y:31": 0.004713133705124839}, "2": {"y:0": 0.005875658038445272, "y:1": 0.012544724284969583, "y:2": 0.003297012105124512, "y:3": 0.006559131906311987, "y:4": 0.08159949551133228, "y:5": 0.006770665593518828, "y:6": 0.017294644197426382, "y:7": 0.017111164716698532, "y:8": 0.006334669765251293, "y:9": 0.014010985151150408, "y:10": 0.004625553469520481, "y:11": 0.006595635656869291, "y:12": 0.009545253635873616, "y:13": 0.003883258549613562, "y:14": 0.014034603349978813, "y:15": 0.009546053888585197, "y:16": 0.006246542907733224, "y:17": 0.014963564608938877, "y:18": 0.004822346153484398, "y:19": 0.004756425725202796, "y:20": 0.015948202380867197, "y:21": 0.0040034286857884675, "y:22": 0.014624588201445302, "y:23": 0.009927193114269907, "y:24": 0.0075546209943474765, "y:25": 0.012291483248652327, "y:26": 0.0037296470629556134, "y:27": 0.006016995158410584, "y:28": 0.07214520063663704, "y:29": 0.008211683535440233, "y:30": 0.0115064909521581, "y:31": 0.005710487748176356}, "3": {"y:0": 0.005887251706868646, "y:1": 0.012255514178635756, "y:2": 0.0033017118269907104, "y:3": 0.006962390048719881, "y:4": 0.06797680267156511, "y:5": 0.006663414245810886, "y:6": 0.017145102280729185, "y:7": 0.026609522025467035, "y:8": 0.006268522567293727, "y:9": 0.015677198945313872, "y:10": 0.004571714449231343, "y:11": 0.007850395571567378, "y:12": 0.00950068887314796, "y:13": 0.004428141997013129, "y:14": 0.014099151132573524, "y:15": 0.013989444470351954, "y:16": 0.006231528891064649, "y:17": 0.027363991689352447, "y:18": 0.004807054808576629, "y:19": 0.00576624997650005, "y:20": 0.016239948585690483, "y:21": 0.0047842138285748, "y:22": 0.014620733822956956, "y:23": 0.017520591552943093, "y:24": 0.007611186663176691, "y:25": 0.018460480564193634, "y:26": 0.0037481804306091137, "y:27": 0.008383558312121727, "y:28": 0.07059817960250636, "y:29": 0.007779249590593078, "y:30": 0.011351242315136416, "y:31": 0.007781572990815896}, "4": {"y:0": 0.005879120918101954, "y:1": 0.011746441099971708, "y:2": 0.0033015859370284038, "y:3": 0.007361407434340764, "y:4": 0.07229632964025863, "y:5": 0.006492648823543389, "y:6": 0.016972084760878834, "y:7": 0.03857941644019217, "y:8": 0.006322265207730299, "y:9": 0.014787801146013614, "y:10": 0.004583315097703881, "y:11": 0.008955915092006316, "y:12": 0.009491949236074182, "y:13": 0.004811248767423253, "y:14": 0.014008713600262408, "y:15": 0.02005609796980983, "y:16": 0.006240487814839776, "y:17": 0.0404298860393516, "y:18": 0.004827533843545504, "y:19": 0.006727287054344158, "y:20": 0.01653373509601261, "y:21": 0.0053889422256696165, "y:22": 0.014516765606760327, "y:23": 0.034505729090299565, "y:24": 0.007599816382098843, "y:25": 0.020285922374372514, "y:26": 0.0037525437437856057, "y:27": 0.011219381032325112, "y:28": 0.07390910808095515, "y:29": 0.007299490940951364, "y:30": 0.011337628929128651, "y:31": 0.010550686309562518}, "5": {"y:0": 0.005871551881302968, "y:1": 0.011687502107512928, "y:2": 0.0033086565539337527, "y:3": 0.007404776216768002, "y:4": 0.07562615793041128, "y:5": 0.00644444763317615, "y:6": 0.016948340672318176, "y:7": 0.04153603681412858, "y:8": 0.006294155174807406, "y:9": 0.014381561561940885, "y:10": 0.0045632364109806514, "y:11": 0.00921541111681832, "y:12": 0.009457004786461283, "y:13": 0.0048801449938859634, "y:14": 0.01397624516960421, "y:15": 0.021303661193364333, "y:16": 0.006245511827093588, "y:17": 0.044213682647970876, "y:18": 0.004799689333879528, "y:19": 0.006962733532376224, "y:20": 0.016086196050599348, "y:21": 0.005563588523098531, "y:22": 0.014733586832666741, "y:23": 0.04064213815095904, "y:24": 0.007571684009100454, "y:25": 0.01920224009006763, "y:26": 0.0037374153027643756, "y:27": 0.012163484829595207, "y:28": 0.07517302604466525, "y:29": 0.00719639062468782, "y:30": 0.01150668296389017, "y:31": 0.011363411312469339}, "6": {"y:0": 0.005869328052004659, "y:1": 0.011692134583729403, "y:2": 0.0033018954574877794, "y:3": 0.007397365203305548, "y:4": 0.07461849847165475, "y:5": 0.006435491714979489, "y:6": 0.016749931814665303, "y:7": 0.042415836581862064, "y:8": 0.006304946044393952, "y:9": 0.014184339985182785, "y:10": 0.004565955400723984, "y:11": 0.009358608423494721, "y:12": 0.009472096507736994, "y:13": 0.0049562089061900615, "y:14": 0.014013841302222938, "y:15": 0.02296950618701873, "y:16": 0.00621799572405617, "y:17": 0.04288011287994238, "y:18": 0.004800631576976295, "y:19": 0.0071093093712069995, "y:20": 0.01629301919059114, "y:21": 0.005682892740223464, "y:22": 0.014635402789987763, "y:23": 0.04573216732839059, "y:24": 0.0075601369075855435, "y:25": 0.01884880773758838, "y:26": 0.003742948546614844, "y:27": 0.012569689263280205, "y:28": 0.07569215150840411, "y:29": 0.007090869738843431, "y:30": 0.011380590271690548, "y:31": 0.011867011683717517}, "7": {"y:0": 0.0058649202777784305, "y:1": 0.011604534565801098, "y:2": 0.003309754487442908, "y:3": 0.00740386778112357, "y:4": 0.07449877382488496, "y:5": 0.006369376745360584, "y:6": 0.016961091858640184, "y:7": 0.04228218124814517, "y:8": 0.006297123797077951, "y:9": 0.013986449435159814, "y:10": 0.0045892322547852575, "y:11": 0.009427234963357598, "y:12": 0.009478594947174058, "y:13": 0.004964327247731846, "y:14": 0.013972287197044398, "y:15": 0.022671293155722593, "y:16": 0.006232775019298133, "y:17": 0.03987002528921846, "y:18": 0.004814549493896493, "y:19": 0.0071155049643573534, "y:20": 0.016107321476479978, "y:21": 0.005683729388297325, "y:22": 0.014578436986913338, "y:23": 0.04575558145713943, "y:24": 0.007582437781457848, "y:25": 0.018033666692434572, "y:26": 0.003743628523522274, "y:27": 0.012696926211658348, "y:28": 0.07369132367543185, "y:29": 0.007010211582455456, "y:30": 0.01136031812711691, "y:31": 0.012022311732262567}, "8": {"y:0": 0.005857991751460676, "y:1": 0.011777202180286635, "y:2": 0.0033037908106127597, "y:3": 0.0074344987645325634, "y:4": 0.07439300491678966, "y:5": 0.00640818773900347, "y:6": 0.01701857339986707, "y:7": 0.0461558224159315, "y:8": 0.006290334511590674, "y:9": 0.014015505714080737, "y:10": 0.004588379548080188, "y:11": 0.009555649519801262,