{"0": {"y:0": 0.11955341576221586, "y:1": 0.03339619302436392, "y:2": 0.1450375824666905, "y:3": 0.02139479093544767, "y:4": 0.12573141491863335, "y:5": 0.018657953216788047, "y:6": 0.12723327526218267, "y:7": 0.01728186725022526, "y:8": 0.14301919359332868, "y:9": 0.015551511477102107, "y:10": 0.13035413366028328, "y:11": 0.01615106664099582, "y:12": 0.13020017547028592, "y:13": 0.01633483959059239, "y:14": 0.12843486350316752, "y:15": 0.016504650314665387, "y:16": 0.1302824789051947, "y:17": 0.021388444871404472, "y:18": 0.12480661666979935, "y:19": 0.021340066233572368, "y:20": 0.14938452417728465, "y:21": 0.022932285248983254, "y:22": 0.14618759126180406, "y:23": 0.024887217690841505, "y:24": 0.15331957455977627, "y:25": 0.03145146158456428, "y:26": 0.13964965467775706, "y:27": 0.029354912338125937, "y:28": 0.1392466539899466, "y:29": 0.03485833125047049, "y:30": 0.11855210844481098, "y:31": 0.03474544294777704}}