{"0": {"y:0": 0.004275732159409089, "y:1": 0.009030569531067345, "y:2": 0.0064632833029417275, "y:3": 0.002806596077540144, "y:4": 0.01246907184124883, "y:5": 0.003489035321561832, "y:6": 0.012625469768189705, "y:7": 0.0054150809206151606, "y:8": 0.010338315313618224, "y:9": 0.007878150688600068, "y:10": 0.005166573673392672, "y:11": 0.006643845713239833, "y:12": 0.0658827092524435, "y:13": 0.022778860319398953, "y:14": 0.01250986228144282, "y:15": 0.00395221649573247, "y:16": 0.014169876618436238, "y:17": 0.005827572834319873, "y:18": 0.07508156991648353, "y:19": 0.026339025837625187, "y:20": 0.004607470383882365, "y:21": 0.004716258958309452, "y:22": 0.010064390221003944, "y:23": 0.003219589363896431, "y:24": 0.012917776990015211, "y:25": 0.005249979838644154, "y:26": 0.006718600192566785, "y:27": 0.008113687647444419, "y:28": 0.004714576624601003, "y:29": 0.0043024213171849275, "y:30": 0.01372054827537744, "y:31": 0.0033985900300884503}, "1": {"y:0": 0.004306376138450354, "y:1": 0.015031666666766383, "y:2": 0.006486081381264269, "y:3": 0.0035720272750553836, "y:4": 0.012199982035704701, "y:5": 0.004303901677802286, "y:6": 0.012710726338306312, "y:7": 0.00638350915738671, "y:8": 0.010330500974175821, "y:9": 0.007856347436432981, "y:10": 0.005155383099804104, "y:11": 0.00654737179082641, "y:12": 0.07345324306957997, "y:13": 0.009122000538043087, "y:14": 0.01234043415763475, "y:15": 0.003910514530463822, "y:16": 0.01448702019384778, "y:17": 0.005677544286699158, "y:18": 0.07301594859291524, "y:19": 0.013158462522819025, "y:20": 0.004600000787352958, "y:21": 0.004614781715103183, "y:22": 0.009936377684613206, "y:23": 0.0031943047575140604, "y:24": 0.012910413295224276, "y:25": 0.005255314520350963, "y:26": 0.006839827091980137, "y:27": 0.007888876026546877, "y:28": 0.004707402831836296, "y:29": 0.004273736719288224, "y:30": 0.013820367493692556, "y:31": 0.003390328673472849}, "2": {"y:0": 0.004307080192196101, "y:1": 0.017517155970291857, "y:2": 0.006478675304779538, "y:3": 0.003283978284553498, "y:4": 0.012305045730629599, "y:5": 0.004065406671656328, "y:6": 0.01326861504992246, "y:7": 0.0063032216567594146, "y:8": 0.010244746055918602, "y:9": 0.00911086101564923, "y:10": 0.005174508454462942, "y:11": 0.007121306295139273, "y:12": 0.07162204343798118, "y:13": 0.022069535251997067, "y:14": 0.01245108710070852, "y:15": 0.00401812409431116, "y:16": 0.014600270024928584, "y:17": 0.005986999304756468, "y:18": 0.0689867704804845, "y:19": 0.029963977714966096, "y:20": 0.004611366938513966, "y:21": 0.004824181791642706, "y:22": 0.009933101008164951, "y:23": 0.003273302976017411, "y:24": 0.012884292968148461, "y:25": 0.005337524254655405, "y:26": 0.006749363331778849, "y:27": 0.008327791754053558, "y:28": 0.004702650492316035, "y:29": 0.0043176146834891784, "y:30": 0.013699091235075771, "y:31": 0.0034097632700132246}, "3": {"y:0": 0.004288243382753243, "y:1": 0.027068246093419266, "y:2": 0.006517990801504442, "y:3": 0.004438962362003275, "y:4": 0.012176558631539235, "y:5": 0.006077320844834176, "y:6": 0.01311945839560771, "y:7": 0.013085950169228814, "y:8": 0.010170853690703894, "y:9": 0.01843512125328817, "y:10": 0.005149948224277651, "y:11": 0.014239803358954885, "y:12": 0.07516364158520361, "y:13": 0.007793474717104446, "y:14": 0.012455969659215787, "y:15": 0.00507972190625932, "y:16": 0.014438245455265092, "y:17": 0.008155498886197361, "y:18": 0.06819719709003833, "y:19": 0.008764118633731674, "y:20": 0.004606288460709956, "y:21": 0.005852576790309638, "y:22": 0.00982445731899714, "y:23": 0.0036969211755020397, "y:24": 0.012851407179122669, "y:25": 0.006264010217723567, "y:26": 0.006786403231643934, "y:27": 0.009827076367101971, "y:28": 0.004681545910797627, "y:29": 0.004781038488645212, "y:30": 0.013690608490680718, "y:31": 0.003660057191460432}, "4": {"y:0": 0.004269185788416741, "y:1": 0.01917432347006204, "y:2": 0.0064556150687455315, "y:3": 0.0033543553650911633, "y:4": 0.012280798726105671, "y:5": 0.004060126160370907, "y:6": 0.01277584154017561, "y:7": 0.006315044883334067, "y:8": 0.010277192473486537, "y:9": 0.009132706136213344, "y:10": 0.005119440077729438, "y:11": 0.007242405957122874, "y:12": 0.07331882827795982, "y:13": 0.022445599927348774, "y:14": 0.0123627220578368, "y:15": 0.004058206666587131, "y:16": 0.014482025517304596, "y:17": 0.006040778724361598, "y:18": 0.0819551782930881, "y:19": 0.029186501185991108, "y:20": 0.004600171212694732, "y:21": 0.004796175993990455, "y:22": 0.010046726716740752, "y:23": 0.003257808549607634, "y:24": 0.012835431227524187, "y:25": 0.0053735059523799715, "y:26": 0.006822107278402205, "y:27": 0.008303823518778146, "y:28": 0.004699882955722023, "y:29": 0.0043306469059381306, "y:30": 0.013734284908581529, "y:31": 0.003422784347759543}, "5": {"y:0": 0.004306973949680429, "y:1": 0.025599359016160117, "y:2": 0.006474484361040735, "y:3": 0.004504688368703327, "y:4": 0.012290926012353997, "y:5": 0.00655885653864861, "y:6": 0.012997543902602438, "y:7": 0.016214270621069345, "y:8": 0.010164347161972355, "y:9": 0.02044316638970232, "y:10": 0.0050966808876150935, "y:11": 0.0191854555960282, "y:12": 0.07317871952066873, "y:13": 0.00735585696373728, "y:14": 0.012532899323829125, "y:15": 0.00582415216648414, "y:16": 0.014421132401973787, "y:17": 0.010420443875698692, "y:18": 0.07384657029772751, "y:19": 0.007831791734843607, "y:20": 0.0045858895346103145, "y:21": 0.006541674438355545, "y:22": 0.009886608641663595, "y:23": 0.0038560185196114195, "y:24": 0.012811902329641758, "y:25": 0.006968502442643983, "y:26": 0.006806757462520158, "y:27": 0.011595310522302177, "y:28": 0.004686113421128601, "y:29": 0.00512532805363863, "y:30": 0.013741309200234635, "y:31": 0.00377093158427333}, "6": {"y:0": 0.00426305388516933, "y:1": 0.022333011510806508, "y:2": 0.006501144845020375, "y:3": 0.0037370648761019093, "y:4": 0.012417531056212629, "y:5": 0.004725123259945328, "y:6": 0.012902319901927686, "y:7": 0.0074682979406140715, "y:8": 0.010191890730738501, "y:9": 0.010517224838816407, "y:10": 0.005178544522959851, "y:11": 0.008139954895242992, "y:12": 0.07530300722803004, "y:13": 0.01151619557942938, "y:14": 0.012200634450644314, "y:15": 0.0041928431965060275, "y:16": 0.014339104267464492, "y:17": 0.0062380631110103895, "y:18": 0.06851564839818383, "y:19": 0.01690577172405951, "y:20": 0.0046205062871282135, "y:21": 0.004911622586819141, "y:22": 0.009885049612669424, "y:23": 0.003298678560448985, "y:24": 0.012836967170365348, "y:25": 0.0054616940339076705, "y:26": 0.006823632134714665, "y:27": 0.00839684513178034, "y:28": 0.004695435187442564, "y:29": 0.004373408246760634, "y:30": 0.01365032557219277, "y:31": 0.003428150252119149}, "7": {"y:0": 0.004282965537507998, "y:1": 0.028467626674728637, "y:2": 0.006548398722419539, "y:3": 0.004454540750648014, "y:4": 0.01212484159149472, "y:5": 0.006388542848751396, "y:6": 0.01292251380155201, "y:7": 0.01420241890536925, "y:8": 0.010344032355749119, "y:9": 0.024958834392333026, "y:10": 0.005172478975509339, "y:11": 0.01698843543233965, "y:12": 0.07000472203917381, "y:13": 0.008476227394440367, "y:14": 0.012581424935429854, "y:15": 0.005480789855330737, "y:16": 0.014460111395423072, "y:17": 0.00919535939273351, "y:18": 0.07953209248441348, "y:19": 0.009478164330485796, "y:20": 0.004576721783734721, "y:21": 0.00622902553632639, "y:22": 0.010006144967265483, "y:23": 0.00377985433887425, "y:24": 0.013021497279764357, "y:25": 0.006853343555528583, "y:26": 0.006794950373125491, "y:27": 0.011370717661186852, "y:28": 0.004664016430514834, "y:29": 0.00499161531255346, "y:30": 0.013723039736368592, "y:31": 0.0037751991632957627}, "8": {"y:0": 0.004295262043267427, "y:1": 0.027768331927504355, "y:2": 0.0064527427336193485, "y:3": 0.004539392559262608, "y:4": 0.012374517350508544, "y:5": 0.006534398270122424, "y:6": 0.012883157389008726, "y:7": 0.01500218467018251, "y:8": 0.010369086155599234, "y:9": 0.024698751529865986, "y:10": 0.005146118676742548, "y:11": 0.018351931068829836,