{"0": {"y:0": 74.04833853072506, "y:1": 8.07839424325659, "y:2": 6.1054556656072325, "y:3": 5.235969526898541, "y:4": 4.624148585975945, "y:5": 4.4115529887573715, "y:6": 4.069757372233816, "y:7": 3.9066856419527176, "y:8": 3.6836747406421786, "y:9": 3.6977849374997844}}