{"0": {"y:0": 0.007758189382678428, "y:1": 0.016281213441331398, "y:2": 0.01891401281498627, "y:3": 0.015984040371204912, "y:4": 0.006727510939414481, "y:5": 0.009949043042059506, "y:6": 0.029515372767749452, "y:7": 0.13270534878908555, "y:8": 0.06233303610340807, "y:9": 0.6998322323480819}}