{"0": {"y:0": 1.8335946091046793, "y:1": 0.7791767364049806, "y:2": 0.49146695726280787, "y:3": 0.3489665486210017, "y:4": 0.2736742310478481, "y:5": 0.22031791602050976, "y:6": 0.1875391155442729, "y:7": 0.162847134159872, "y:8": 0.1454394630437892, "y:9": 0.12943544271525384}, "1": {"y:0": 2.066406222489501, "y:1": 0.8603001149449028, "y:2": 0.5223750169631504, "y:3": 0.37664522370631076, "y:4": 0.3026180294142378, "y:5": 0.24368119309808756, "y:6": 0.20640874841420245, "y:7": 0.17787244397799504, "y:8": 0.15762975467625448, "y:9": 0.13850985967829657}, "2": {"y:0": 2.937404227917036, "y:1": 1.4142376215192078, "y:2": 0.9634698712655458, "y:3": 0.7311438743048742, "y:4": 0.5791640098321726, "y:5": 0.485232846643085, "y:6": 0.4102124884300708, "y:7": 0.3623259273111658, "y:8": 0.31973717961965115, "y:9": 0.28451991671177473}, "3": {"y:0": 2.137398130411933, "y:1": 1.221515811997259, "y:2": 0.8875352211794649, "y:3": 0.6992788346486645, "y:4": 0.5902523144074998, "y:5": 0.509661208422353, "y:6": 0.45416205925180275, "y:7": 0.40870004276420546, "y:8": 0.3679896547238249, "y:9": 0.3377218409566586}, "4": {"y:0": 2.011702952385273, "y:1": 1.217768977063457, "y:2": 0.9374673483722306, "y:3": 0.7810250049583974, "y:4": 0.6922829073829558, "y:5": 0.6283745942641068, "y:6": 0.5982763921429608, "y:7": 0.5547193177252974, "y:8": 0.5226561329837943, "y:9": 0.494810723920819}, "5": {"y:0": 2.123457069202072, "y:1": 1.3013587174050072, "y:2": 1.035838445187683, "y:3": 0.9467791782586974, "y:4": 0.8705935687300402, "y:5": 0.8336882764151808, "y:6": 0.8263797431146188, "y:7": 0.8511205833179253, "y:8": 0.8916897748751645, "y:9": 0.9160578590021}, "6": {"y:0": 2.079672816554268, "y:1": 1.2706667987628324, "y:2": 1.0493704288396004, "y:3": 0.949989218536861, "y:4": 0.9061937609513988, "y:5": 0.8773158649176708, "y:6": 0.8927703035782657, "y:7": 0.9268919096515469, "y:8": 1.0193815294166955, "y:9": 1.184104365910145}}