{"3": {"y:0": 0.0544082279096887, "y:1": 0.021619689069579288, "y:2": 0.06154392271957148, "y:3": 0.08147277526410499, "y:4": 0.0019257025393011838, "y:5": 0.061158449132974246, "y:6": 0.042371592975437945, "y:7": 0.015178196543631416, "y:8": 0.0963844114793892, "y:9": 0.5639370323663215}}