{"0": {"y:0": 0.11655086147837347, "y:1": 0.02864420563312213, "y:2": 0.12402028532058129, "y:3": 0.017888720934676867, "y:4": 0.13434467581742499, "y:5": 0.015390884922328723, "y:6": 0.11770902063747661, "y:7": 0.015415506740317232, "y:8": 0.12901450895310473, "y:9": 0.01823723849152645, "y:10": 0.13804665468717106, "y:11": 0.019184694315889678, "y:12": 0.14121503258410023, "y:13": 0.02618704894386324, "y:14": 0.15416297383048616, "y:15": 0.02492421515252602, "y:16": 0.1282931723664331, "y:17": 0.027260472471095802, "y:18": 0.12436113242297728, "y:19": 0.04103428528769429, "y:20": 0.14191072783070127, "y:21": 0.03724696221912049, "y:22": 0.12930672356229567, "y:23": 0.04003189943202023, "y:24": 0.1421170385962793, "y:25": 0.04271963836100758, "y:26": 0.13229777127509462, "y:27": 0.04906441807260592, "y:28": 0.12977623084631668, "y:29": 0.04830273700924411, "y:30": 0.12780946694276785, "y:31": 0.04499345919814663}, "1": {"y:0": 0.10938877753915834, "y:1": 0.032624831292070076, "y:2": 0.12650860985201684, "y:3": 0.02279386185057541, "y:4": 0.13837859826733745, "y:5": 0.018666755853523974, "y:6": 0.12749353904707728, "y:7": 0.016645868303902092, "y:8": 0.13787660545336727, "y:9": 0.016618212735652824, "y:10": 0.1379638378172195, "y:11": 0.017833324330367335, "y:12": 0.15507483381443565, "y:13": 0.02133800796565731, "y:14": 0.13810106073287942, "y:15": 0.02351984469138365, "y:16": 0.13976875112544174, "y:17": 0.02330077956148246, "y:18": 0.12575441633186932, "y:19": 0.025907032330790294, "y:20": 0.13679245608954513, "y:21": 0.030395152178422976, "y:22": 0.11896839843250222, "y:23": 0.029996451530639456, "y:24": 0.1293732347244456, "y:25": 0.03697175094886424, "y:26": 0.13202798859194498, "y:27": 0.037492960698472966, "y:28": 0.14367982180736455, "y:29": 0.03751835630037122, "y:30": 0.1379185504371101, "y:31": 0.04161777990515744}, "2": {"y:0": 0.12490401150143086, "y:1": 0.057867474899171906, "y:2": 0.13499836906519858, "y:3": 0.046652118547958636, "y:4": 0.14398355757033066, "y:5": 0.036069468673271106, "y:6": 0.14401605707176843, "y:7": 0.030164167252253116, "y:8": 0.13656171362171332, "y:9": 0.02626615482209062, "y:10": 0.13793646660194078, "y:11": 0.024257600452064116, "y:12": 0.130678492491142, "y:13": 0.023229663747066268, "y:14": 0.14479391474130313, "y:15": 0.02102147774308069, "y:16": 0.14437890613345988, "y:17": 0.0202817225513296, "y:18": 0.1381828978013753, "y:19": 0.019976350957117646, "y:20": 0.1281232197414969, "y:21": 0.020025107557186058, "y:22": 0.1362719996679345, "y:23": 0.021028283140251323, "y:24": 0.1399883678030849, "y:25": 0.02144192224039995, "y:26": 0.12482216072967069, "y:27": 0.022676772167412592, "y:28": 0.1282619694895586, "y:29": 0.02400729320818748, "y:30": 0.1349397342841414, "y:31": 0.02330591177435319}, "3": {"y:0": 0.10865725766427133, "y:1": 0.061153820461369315, "y:2": 0.12449919503050648, "y:3": 0.04920326504445686, "y:4": 0.12422702780012021, "y:5": 0.04026468043242716, "y:6": 0.12355957255189069, "y:7": 0.0315611261331667, "y:8": 0.13699188266042486, "y:9": 0.028083540412063502, "y:10": 0.13180162967566103, "y:11": 0.026617071782716308, "y:12": 0.12951616678912958, "y:13": 0.02430680312408678, "y:14": 0.12407980902795704, "y:15": 0.022959755325091074, "y:16": 0.12921151765274813, "y:17": 0.020925251027009262, "y:18": 0.12972966111443934, "y:19": 0.02026988875466872, "y:20": 0.1272050239278875, "y:21": 0.01983341792690889, "y:22": 0.13180618926697088, "y:23": 0.019638467352057203, "y:24": 0.13040504314985807, "y:25": 0.020046192849962927, "y:26": 0.12582827768031238, "y:27": 0.021399239192027925, "y:28": 0.12760563716049486, "y:29": 0.022643926761435836, "y:30": 0.13499103020633937, "y:31": 0.023181579285431887}, "4": {"y:0": 0.09751781570606385, "y:1": 0.05213657649559731, "y:2": 0.11818009454659417, "y:3": 0.04161501423972527, "y:4": 0.11316182968042349, "y:5": 0.03446547315461229, "y:6": 0.1141740843908435, "y:7": 0.02943206628232422, "y:8": 0.12005296238121503, "y:9": 0.024491633344617132, "y:10": 0.116308450390075, "y:11": 0.021507835921880568, "y:12": 0.12197987613980789, "y:13": 0.020683108963873723, "y:14": 0.11390976220078898, "y:15": 0.019526893850410898, "y:16": 0.11644170185191809, "y:17": 0.019107805963004147, "y:18": 0.12339928749820671, "y:19": 0.018579047207341964, "y:20": 0.1136948698327786, "y:21": 0.017855965026733173, "y:22": 0.11986205779899636, "y:23": 0.0186650637388359, "y:24": 0.11486439967910271, "y:25": 0.01949316236124432, "y:26": 0.11614715327434989, "y:27": 0.020440038834333298, "y:28": 0.11292823402005531, "y:29": 0.021176282322688558, "y:30": 0.11457683327610867, "y:31": 0.02179738401483153}, "5": {"y:0": 0.0687347207306365, "y:1": 0.031189362235444204, "y:2": 0.08400369736126145, "y:3": 0.024563696193739947, "y:4": 0.09290877518123122, "y:5": 0.019583843372007283, "y:6": 0.08608296619802992, "y:7": 0.01655592508337959, "y:8": 0.08940387348442295, "y:9": 0.015852467508523694, "y:10": 0.09622937838541816, "y:11": 0.016053000948751506, "y:12": 0.09239002684405545, "y:13": 0.017095897272423537, "y:14": 0.0839100344282202, "y:15": 0.019336665130663774, "y:16": 0.08896171401990441, "y:17": 0.02009889626640043, "y:18": 0.08982435259300672, "y:19": 0.02205515691296441, "y:20": 0.08807323306854818, "y:21": 0.023512930626015414, "y:22": 0.08680591947236012, "y:23": 0.026552022345458913, "y:24": 0.08672534991231166, "y:25": 0.027815470129270558, "y:26": 0.0860817142279474, "y:27": 0.030800284710439902, "y:28": 0.08459329778997357, "y:29": 0.03289977876690759, "y:30": 0.08581542840026339, "y:31": 0.033434404631264354}, "6": {"y:0": 0.0719492921326453, "y:1": 0.03459744049368221, "y:2": 0.06501872364655194, "y:3": 0.05575618425196565, "y:4": 0.059366144404297126, "y:5": 0.0627820864513639, "y:6": 0.05369815346719698, "y:7": 0.07529371227299025, "y:8": 0.057040302572353145, "y:9": 0.07863655735483698, "y:10": 0.04830108775272996, "y:11": 0.07889685393298855, "y:12": 0.046654433644251994, "y:13": 0.08882170576204884, "y:14": 0.04303887668832259, "y:15": 0.08792738325219494, "y:16": 0.04008123457296797, "y:17": 0.08923863624411042, "y:18": 0.04111666352694871, "y:19": 0.1049916619248438, "y:20": 0.037560959339125156, "y:21": 0.10129878689022342, "y:22": 0.03556508807314461, "y:23": 0.1043024620426634, "y:24": 0.03483267243738912, "y:25": 0.10840073867332334, "y:26": 0.03487083174504473, "y:27": 0.10005443417405818, "y:28": 0.03401528887606268, "y:29": 0.10363557728918792, "y:30": 0.03108285550029629, "y:31": 0.10733080677384825}, "7": {"y:0": 0.0855956163473435, "y:1": 0.0566503229824388, "y:2": 0.0830229169722454, "y:3": 0.07354681714455884, "y:4": 0.06998637924598543, "y:5": 0.07805017151166257, "y:6": 0.06594905206230245, "y:7": 0.08436859166017435, "y:8": 0.06255077907914319, "y:9": 0.08261362271640532, "y:10": 0.06117753162527079, "y:11": 0.08724537536926949, "y:12": 0.05457493896679052, "y:13": 0.09114436685479131, "y:14": 0.051262524060665914, "y:15": 0.09031192070409388, "y:16": 0.05042165214945578, "y:17": 0.0894155682969515, "y:18": 0.044747646466454245, "y:19": 0.0929679884099728, "y:20": 0.04295469889229339, "y:21": 0.09370758518320585, "y:22": 0.040983412937086995, "y:23": 0.09601691263330187, "y:24": 0.03983444140802177, "y:25": 0.09629745449469873, "y:26": 0.034505495277278884, "y:27": 0.10168187267055549, "y:28": 0.03380740822385342, "y:29": 0.09672989074904592, "y:30": 0.0337116153383604, "y:31": 0.10246733955985539}, "8": {"y:0": 0.06609231952280516, "y:1": 0.01983965846072118, "y:2": 0.05459400254023656, "y:3": 0.018894528672303058, "y:4": 0.05016081371193246, "y:5": 0.020065399503648326, "y:6": 0.04179060200724061, "y:7": 0.023362284796613786, "y:8": 0.04063584584554603, "y:9": 0.02471273382994331, "y:10": 0.03704081239767931, "y:11": 0.023021873425705178, "y:12": 0.035011981491843175, "y:13": 0.02623187475675088, "y:14": 0.0327771013842855, "y:15": 0.02991753113069854, "y:16": 0.02997887831549065, "y:17": 0.031328225010823274, "y:18": 0.02770286227479893,